timestamp_utc,case_file,case_name,run_name,family,dual_mode,seed_source,is_oracle,is_practical,blocks,num_blocks,seed_vm_policy,seed_qg_policy,termination,status,success,objective,objective_gap_vs_baseline_abs,objective_gap_vs_baseline_rel,objective_matches_baseline,shared_case_prep_time,build_time,solve_time,total_time,end_to_end_time,full_pipeline_time_including_shared_case_prep,log_path,hit_max_iter,iterations,dual_inf,constr_viol,var_bound_viol,compl_inf,overall_nlp_error,ipopt_reported_total_sec,ipopt_cpu_sec_no_func_eval,ipopt_cpu_sec_func_eval,ipopt_cpu_total_est,restoration_used,baseMVA,nb,nl,ng_total,ng_active,n_load_buses,n_ref_buses,n_pv_buses,n_pq_buses,total_pd_mw,total_qd_mvar,sum_pmax_mw,sum_pmin_mw,sum_qmax_mvar,sum_qmin_mvar,n_branch_with_limits,n_branch_out_of_service,gencost_any_pwl,gencost_max_poly_degree,gencost_any_quadratic,objective_value,total_pg_mw,total_qg_mvar,vm_min,vm_max,vm_mean,vm_std,va_min_rad,va_max_rad,va_mean_rad,va_std_rad,max_line_mva_from,max_line_mva_to,mean_line_mva_from,mean_line_mva_to,max_thermal_util_from,max_thermal_util_to,mean_thermal_util_from,mean_thermal_util_to,max_flow_limit_violation_sq_from,max_flow_limit_violation_sq_to,n_pg_at_lb,n_pg_at_ub,n_qg_at_lb,n_qg_at_ub,n_vm_at_lb,n_vm_at_ub,init_has_Pg,init_Pg_l2,init_Pg_linf,init_Pg_mean_abs,init_Pg_median_abs,init_Pg_max_abs,init_has_Qg,init_Qg_l2,init_Qg_linf,init_Qg_mean_abs,init_Qg_median_abs,init_Qg_max_abs,init_has_Vm,init_Vm_l2,init_Vm_linf,init_Vm_mean_abs,init_Vm_median_abs,init_Vm_max_abs,init_has_Va,init_Va_l2,init_Va_linf,init_Va_mean_abs,init_Va_median_abs,init_Va_max_abs,init_has_duals,init_has_constraint_duals,init_has_bound_mults,dist_to_baseline_Pg_l2,dist_to_baseline_Pg_linf,dist_to_baseline_Pg_mean_abs,dist_to_baseline_Pg_median_abs,dist_to_baseline_Pg_max_abs,dist_to_baseline_Qg_l2,dist_to_baseline_Qg_linf,dist_to_baseline_Qg_mean_abs,dist_to_baseline_Qg_median_abs,dist_to_baseline_Qg_max_abs,dist_to_baseline_Vm_l2,dist_to_baseline_Vm_linf,dist_to_baseline_Vm_mean_abs,dist_to_baseline_Vm_median_abs,dist_to_baseline_Vm_max_abs,dist_to_baseline_Va_l2,dist_to_baseline_Va_linf,dist_to_baseline_Va_mean_abs,dist_to_baseline_Va_median_abs,dist_to_baseline_Va_max_abs,dc_seed_mode,dc_solver,dc_solver_problem_type,dc_termination,dc_status,dc_build_time,dc_solve_time,dc_total_time,dc_objective
2026-03-22T09:59:03Z,test_cases/pglib_opf_case2000_goc.mat,pglib_opf_case2000_goc,baseline_default,baseline,none,case_default,0,1,,0,,,optimal,ok,1,8004.895632458177,,,,0.014426231384277344,0.2141587734222412,4.932375907897949,5.14653468132019,5.14653468132019,5.160960912704468,acopf_acdc_paper_study/cases/pglib_opf_case2000_goc/logs/baseline_default.log,0,43,1.2732467094478262e-07,1.6231377353292942e-09,1.0402856887026246e-07,8.806387669357557e-08,1.2732467094478262e-07,3.002,,,3.002,False,100.0,2000,3639,384,238,1010,1,177,1822,32972.9120006,8961.255528791,44578.846999999994,13166.993999999999,21683.502,-4939.474,3639,6,0,2,1,973432.4741164055,33750.01742423675,5583.801478601081,0.9000000063553094,1.1000000102959822,1.0582251327348038,0.034629448115584834,-1.2354838926411236,0.11717709497332934,-0.4746278997243492,0.2492633072430868,2008.2959251060086,1994.9137024025686,71.08533924384669,71.227985471248,0.9873122188552724,1.0000000187091302,0.27103810536387035,0.2717564801971043,0.0,8.51017015190969e-09,21,170,62,24,3,13,,,,,,,,,,,,,,,,,,,,,,,,,,,,,,,,,,,,,,,,,,,,,,,,,,,,,,,,
2026-03-22T09:59:09Z,test_cases/pglib_opf_case2000_goc.mat,pglib_opf_case2000_goc,oracle_ac_primal_only__Pg,oracle_ac_primal_only,none,ac_true,1,0,Pg,1,,,optimal,ok,1,9330.545378693809,965427.5784828855,120.60464280986734,0,0.014426231384277344,0.7413291931152344,5.599864959716797,6.341194152832031,6.341194152832031,6.355620384216309,acopf_acdc_paper_study/cases/pglib_opf_case2000_goc/logs/oracle_ac_primal_only__Pg.log,0,53,9.643085835687103e-08,1.0553662388446128e-09,1.0402856887026246e-07,9.721822962198307e-08,9.721822962198307e-08,3.746,,,3.746,False,100.0,2000,3639,384,238,1010,1,177,1822,32972.9120006,8961.255528791,44578.846999999994,13166.993999999999,21683.502,-4939.474,3639,6,0,2,1,973432.4741153436,33750.01742473525,5583.801453049273,0.900000006355268,1.1000000102959822,1.058225132835489,0.034629448421621856,-1.235483896073052,0.11717709451212899,-0.4746279005938833,0.24926330821886913,2008.2959256947881,1994.9137028940804,71.08533942519182,71.2279856228101,0.9873122177297479,1.0000000187090912,0.27103810525404354,0.27175647999811353,0.0,8.510152360585721e-09,21,170,62,24,3,13,1,0.0,0.0,0.0,0.0,0.0,0,,,,,,0,,,,,,0,,,,,,0,0,0,3.605996698153651e-08,1.836880025862797e-08,6.97072711068567e-10,2.7755575615628914e-17,1.836880025862797e-08,1.4684997035958892e-05,8.274809331465516e-06,2.2051688649505365e-07,1.7280301217725835e-09,8.274809331465516e-06,3.3647421591039804e-07,7.43509174228052e-08,3.3451045791665912e-09,6.882547864961452e-10,7.43509174228052e-08,7.199149614651285e-08,1.367215163305957e-08,1.0382159669110747e-09,5.223632915107856e-10,1.367215163305957e-08,,,,,,,,,
2026-03-22T09:59:15Z,test_cases/pglib_opf_case2000_goc.mat,pglib_opf_case2000_goc,oracle_ac_primal_only__Qg,oracle_ac_primal_only,none,ac_true,1,0,Qg,1,,,optimal,ok,1,8004.895632458219,965427.5784839522,120.6046428100006,0,0.014426231384277344,0.7723240852355957,4.889209032058716,5.6615331172943115,5.6615331172943115,5.675959348678589,acopf_acdc_paper_study/cases/pglib_opf_case2000_goc/logs/oracle_ac_primal_only__Qg.log,0,44,1.2732356081821048e-07,1.623125689409477e-09,1.0402856887026246e-07,8.80639990246418e-08,1.2732356081821048e-07,3.042,,,3.042,False,100.0,2000,3639,384,238,1010,1,177,1822,32972.9120006,8961.255528791,44578.846999999994,13166.993999999999,21683.502,-4939.474,3639,6,0,2,1,973432.4741164104,33750.01742423687,5583.801478602406,0.9000000063553094,1.1000000102959822,1.0582251327347938,0.03462944811557473,-1.2354838926410372,0.11717709497332461,-0.4746278997243307,0.24926330724305842,2008.2959251059983,1994.9137024025597,71.08533924384182,71.22798547124391,0.9873122188552967,1.0000000187091318,0.27103810536387285,0.27175648019710913,0.0,8.510170845799081e-09,21,170,62,24,3,13,0,,,,,,1,0.0,0.0,0.0,0.0,0.0,0,,,,,,0,,,,,,0,0,0,1.185113471320368e-12,5.269118474870993e-13,2.5441367033626644e-14,0.0,5.269118474870993e-13,1.7249090521955662e-09,8.972664625184201e-10,1.987780263649831e-11,7.716050021144838e-14,8.972664625184201e-10,8.809756293151532e-12,1.9557688801796758e-12,8.50651216133258e-14,1.63202784619898e-14,1.9557688801796758e-12,1.9743822423716786e-12,3.3978375668652916e-13,2.6399446864666666e-14,9.936496070395151e-15,3.3978375668652916e-13,,,,,,,,,
2026-03-22T09:59:20Z,test_cases/pglib_opf_case2000_goc.mat,pglib_opf_case2000_goc,oracle_ac_primal_only__Vm,oracle_ac_primal_only,none,ac_true,1,0,Vm,1,,,optimal,ok,1,8004.895632485699,965427.5784872939,120.60464281041806,0,0.014426231384277344,0.73067307472229,4.711339950561523,5.4420130252838135,5.4420130252838135,5.456439256668091,acopf_acdc_paper_study/cases/pglib_opf_case2000_goc/logs/oracle_ac_primal_only__Vm.log,0,40,2.6531648491336314e-07,3.3902167739796596e-09,1.0402856887026246e-07,1.0250871624774727e-07,2.6531648491336314e-07,2.854,,,2.854,False,100.0,2000,3639,384,238,1010,1,177,1822,32972.9120006,8961.255528791,44578.846999999994,13166.993999999999,21683.502,-4939.474,3639,6,0,2,1,973432.4741197521,33750.01742270349,5583.801561595064,0.9000000063553799,1.100000010295982,1.0582251323837013,0.034629447147985035,-1.2354838820134642,0.11717709641345342,-0.47462789702284186,0.24926330422044324,2008.295923250774,1994.9137008542639,71.08533868019767,71.22798500034355,0.9873122223418055,1.0000000187092695,0.27103810573732234,0.2717564808475842,0.0,8.510233490133245e-09,21,170,62,24,3,13,0,,,,,,0,,,,,,1,0.0,0.0,0.0,0.0,0.0,0,,,,,,0,0,0,1.1158048669230873e-07,5.682528270156695e-08,2.153465105211242e-09,1.1102230246251565e-16,5.682528270156695e-08,0.00017898489846141308,9.450332361458924e-05,2.154172896099388e-06,5.323492563436005e-09,9.450332361458924e-05,1.0416322006313653e-06,2.295777747907124e-07,1.0351639834316195e-08,2.0942995115902363e-09,2.295777747907124e-07,2.2310145619481434e-07,4.2210643425022454e-08,3.2240917071186732e-09,1.6451206230616577e-09,4.2210643425022454e-08,,,,,,,,,
2026-03-22T09:59:28Z,test_cases/pglib_opf_case2000_goc.mat,pglib_opf_case2000_goc,oracle_ac_primal_only__Va,oracle_ac_primal_only,none,ac_true,1,0,Va,1,,,optimal,ok,1,8004.895632483953,965427.5784870815,120.60464281039151,0,0.014426231384277344,0.7701389789581299,6.605069875717163,7.375208854675293,7.375208854675293,7.38963508605957,acopf_acdc_paper_study/cases/pglib_opf_case2000_goc/logs/oracle_ac_primal_only__Va.log,0,61,2.567335457547712e-07,3.2803283422921936e-09,1.0402856887026246e-07,1.0161052253864674e-07,2.567335457547712e-07,4.751,,,4.751,False,100.0,2000,3639,384,238,1010,1,177,1822,32972.9120006,8961.255528791,44578.846999999994,13166.993999999999,21683.502,-4939.474,3639,6,0,2,1,973432.4741195396,33750.017422797784,5583.801556618711,0.9000000063553758,1.100000010295982,1.0582251324017957,0.03462944720585606,-1.2354838826682009,0.11717709632477316,-0.4746278971891316,0.24926330440670516,2008.2959233642157,1994.9137009489443,71.0853387148898,71.22798502933243,0.9873122221260046,1.0000000187092624,0.2710381057165309,0.27175648080971,0.0,8.510230242730898e-09,21,170,62,24,3,13,0,,,,,,0,,,,,,0,,,,,,1,0.0,0.0,0.0,0.0,0.0,0,0,0,1.0470815662975114e-07,5.332713959305124e-08,2.0207388876990276e-09,1.1102230246251565e-16,5.332713959305124e-08,0.0001778962376325702,9.43376301030599e-05,2.11626771639867e-06,4.994853600170934e-09,9.43376301030599e-05,9.772648815371404e-07,2.1534053296079492e-07,9.712610668177745e-09,1.9677948159824155e-09,2.1534053296079492e-07,2.0934179997882882e-07,3.959180872037393e-08,3.025590860105803e-09,1.5432027045125807e-09,3.959180872037393e-08,,,,,,,,,
2026-03-22T09:59:34Z,test_cases/pglib_opf_case2000_goc.mat,pglib_opf_case2000_goc,oracle_ac_primal_only__Pg_Qg,oracle_ac_primal_only,none,ac_true,1,0,Pg+Qg,2,,,optimal,ok,1,9330.545378693954,965427.5784829005,120.60464280986922,0,0.014426231384277344,0.7450978755950928,5.110061168670654,5.855159044265747,5.855159044265747,5.869585275650024,acopf_acdc_paper_study/cases/pglib_opf_case2000_goc/logs/oracle_ac_primal_only__Pg_Qg.log,0,46,9.710667902077822e-08,1.0627775881566492e-09,1.0402856887026246e-07,9.728880439012827e-08,9.728880439012827e-08,3.196,,,3.196,False,100.0,2000,3639,384,238,1010,1,177,1822,32972.9120006,8961.255528791,44578.846999999994,13166.993999999999,21683.502,-4939.474,3639,6,0,2,1,973432.4741153587,33750.01742472885,5583.801453406198,0.9000000063552683,1.1000000102959822,1.058225132834093,0.0346294484175988,-1.235483896028306,0.11717709451821046,-0.4746279005825024,0.2492633082061424,2008.2959256869017,1994.913702887499,71.0853394228166,71.22798562082582,0.9873122177444558,1.0000000187090907,0.27103810525560224,0.2717564800008407,0.0,8.510152166296692e-09,21,170,62,24,3,13,1,0.0,0.0,0.0,0.0,0.0,1,0.0,0.0,0.0,0.0,0.0,0,,,,,,0,,,,,,0,0,0,3.559073454808144e-08,1.812973793313688e-08,6.88031122716363e-10,1.3877787807814457e-17,1.812973793313688e-08,1.4345094721644401e-05,8.167126040403705e-06,2.1239970431612334e-07,1.705583424493895e-09,8.167126040403705e-06,3.320900772367087e-07,7.338369645282228e-08,3.301550026924005e-09,6.791366358172013e-10,7.338369645282228e-08,7.105199743363925e-08,1.3494269479608079e-08,1.0246383017251104e-09,5.154369153714811e-10,1.3494269479608079e-08,,,,,,,,,
2026-03-22T09:59:38Z,test_cases/pglib_opf_case2000_goc.mat,pglib_opf_case2000_goc,oracle_ac_primal_only__Pg_Vm,oracle_ac_primal_only,none,ac_true,1,0,Pg+Vm,2,,,optimal,ok,1,9330.545378709074,965427.5784844783,120.60464281006631,0,0.014426231384277344,0.395643949508667,4.390106916427612,4.785750865936279,4.785750865936279,4.800177097320557,acopf_acdc_paper_study/cases/pglib_opf_case2000_goc/logs/oracle_ac_primal_only__Pg_Vm.log,0,36,1.7240834582306522e-07,1.8901665788106925e-09,1.0402856887026246e-07,1.0517237036039742e-07,1.7240834582306522e-07,2.537,,,2.537,False,100.0,2000,3639,384,238,1010,1,177,1822,32972.9120006,8961.255528791,44578.846999999994,13166.993999999999,21683.502,-4939.474,3639,6,0,2,1,973432.4741169364,33750.01742400923,5583.801493094365,0.9000000063553004,1.100000010295982,1.058225132662067,0.03462944795896486,-1.2354838910289958,0.11717709519763085,-0.4746278993102018,0.24926330678414585,2008.2959248089971,1994.913702154905,71.08533915728877,71.22798539901271,0.9873122193845711,1.0000000187091578,0.27103810543694185,0.27175648031265265,0.0,8.510182641918718e-09,21,170,62,24,3,13,1,0.0,0.0,0.0,0.0,0.0,0,,,,,,1,0.0,0.0,0.0,0.0,0.0,0,,,,,,0,0,0,1.68858944125413e-08,8.591744871111473e-09,3.2418233502343953e-10,0.0,8.591744871111473e-09,9.97294113537643e-05,5.4324878482510386e-05,9.987480385534435e-07,8.007167567880558e-10,5.4324878482510386e-05,1.5832353298139834e-07,3.4492076750325396e-08,1.5847686227754564e-09,3.3353664274926587e-10,3.4492076750325396e-08,3.395525782690208e-08,6.338969738006739e-09,4.936877350020686e-10,2.648739283461765e-10,6.338969738006739e-09,,,,,,,,,
2026-03-22T09:59:45Z,test_cases/pglib_opf_case2000_goc.mat,pglib_opf_case2000_goc,oracle_ac_primal_only__Pg_Va,oracle_ac_primal_only,none,ac_true,1,0,Pg+Va,2,,,optimal,ok,1,9330.545378713665,965427.5784849569,120.6046428101261,0,0.014426231384277344,0.7782020568847656,5.88434624671936,6.662548303604126,6.662548303604126,6.676974534988403,acopf_acdc_paper_study/cases/pglib_opf_case2000_goc/logs/oracle_ac_primal_only__Pg_Va.log,0,52,1.9548611945717483e-07,2.1439148789603735e-09,1.0402856887026246e-07,1.0758905744126689e-07,1.9548611945717483e-07,4.037,,,4.037,False,100.0,2000,3639,384,238,1010,1,177,1822,32972.9120006,8961.255528791,44578.846999999994,13166.993999999999,21683.502,-4939.474,3639,6,0,2,1,973432.474117415,33750.01742378859,5583.801504915722,0.9000000063553096,1.100000010295982,1.058225132615909,0.03462944782250536,-1.23548388950195,0.11717709540380265,-0.47462789892237994,0.2492633063497272,2008.2959245432803,1994.9137019331297,71.08533907645808,71.22798533147008,0.9873122198856933,1.0000000187091775,0.27103810548797314,0.2717564804034315,0.0,8.510191662480793e-09,21,170,62,24,3,13,1,0.0,0.0,0.0,0.0,0.0,0,,,,,,0,,,,,,1,0.0,0.0,0.0,0.0,0.0,0,0,0,3.291401305245944e-08,1.6753323839324707e-08,6.335814217606439e-10,0.0,1.6753323839324707e-08,0.00011488463838224433,6.21142826351187e-05,1.210685119185571e-06,1.5629990496313084e-09,6.21142826351187e-05,3.075933324634542e-07,6.750359604623668e-08,3.0657542111067747e-09,6.485676440348698e-10,6.750359604623668e-08,6.598644770279312e-08,1.241036556853814e-08,9.56255843410946e-10,5.056427221372672e-10,1.241036556853814e-08,,,,,,,,,
2026-03-22T09:59:50Z,test_cases/pglib_opf_case2000_goc.mat,pglib_opf_case2000_goc,oracle_ac_primal_only__Qg_Vm,oracle_ac_primal_only,none,ac_true,1,0,Qg+Vm,2,,,optimal,ok,1,8004.895632483987,965427.5784870859,120.60464281039206,0,0.014426231384277344,0.7522678375244141,4.521486043930054,5.273753881454468,5.273753881454468,5.288180112838745,acopf_acdc_paper_study/cases/pglib_opf_case2000_goc/logs/oracle_ac_primal_only__Qg_Vm.log,0,38,2.5670147409015106e-07,3.279878313389162e-09,1.0402856887026246e-07,1.0160688078364413e-07,2.5670147409015106e-07,2.673,,,2.673,False,100.0,2000,3639,384,238,1010,1,177,1822,32972.9120006,8961.255528791,44578.846999999994,13166.993999999999,21683.502,-4939.474,3639,6,0,2,1,973432.474119544,33750.01742279885,5583.801556601916,0.9000000063553758,1.100000010295982,1.0582251324019607,0.03462944720609182,-1.2354838826726626,0.11717709632461437,-0.4746278971900826,0.24926330440797076,2008.2959233646957,1994.913700949356,71.08533871505112,71.22798502947094,0.9873122221251445,1.0000000187092621,0.2710381057164931,0.2717564808096032,0.0,8.51023010395302e-09,21,170,62,24,3,13,0,,,,,,1,0.0,0.0,0.0,0.0,0.0,1,0.0,0.0,0.0,0.0,0.0,0,,,,,,0,0,0,1.0465950407076283e-07,5.3301968394592336e-08,2.0197284821209613e-09,1.1102230246251565e-16,5.3301968394592336e-08,0.00017787157894078606,9.432544568731271e-05,2.115921037950912e-06,4.994178584571962e-09,9.432544568731271e-05,9.770056563992605e-07,2.152829672308343e-07,9.710079839631013e-09,1.9673601636682747e-09,2.152829672308343e-07,2.092638016682871e-07,3.958118377500597e-08,3.0245005945584174e-09,1.5425618282716158e-09,3.958118377500597e-08,,,,,,,,,
2026-03-22T09:59:58Z,test_cases/pglib_opf_case2000_goc.mat,pglib_opf_case2000_goc,oracle_ac_primal_only__Qg_Va,oracle_ac_primal_only,none,ac_true,1,0,Qg+Va,2,,,optimal,ok,1,8004.895632480238,965427.5784866301,120.60464281033512,0,0.014426231384277344,0.7350962162017822,6.577661037445068,7.312757253646851,7.312757253646851,7.327183485031128,acopf_acdc_paper_study/cases/pglib_opf_case2000_goc/logs/oracle_ac_primal_only__Qg_Va.log,0,61,2.3773126237020673e-07,3.036844220538626e-09,1.0402856887026246e-07,9.9620861433511e-08,2.3773126237020673e-07,4.727,,,4.727,False,100.0,2000,3639,384,238,1010,1,177,1822,32972.9120006,8961.255528791,44578.846999999994,13166.993999999999,21683.502,-4939.474,3639,6,0,2,1,973432.4741190883,33750.01742300897,5583.80154543078,0.9000000063553666,1.100000010295982,1.058225132447777,0.034629447337566004,-1.2354838841270692,0.11717709612770211,-0.47462789755950285,0.24926330482159617,2008.295923617268,1994.9137011601558,71.0853387921462,71.22798509388508,0.9873122216474017,1.0000000187092426,0.2710381056670839,0.2717564807222837,0.0,8.51022130543555e-09,21,170,62,24,3,13,0,,,,,,1,0.0,0.0,0.0,0.0,0.0,0,,,,,,1,0.0,0.0,0.0,0.0,0.0,0,0,0,8.93862704827714e-08,4.5523821823323374e-08,1.7248238117447616e-09,1.1102230246251565e-16,4.5523821823323374e-08,0.000159890180400777,8.506862199178511e-05,1.882639445891927e-06,4.264667730069505e-09,8.506862199178511e-05,8.342665844720879e-07,1.8378729560453166e-07,8.291992743825194e-09,1.6844667882764952e-09,1.8378729560453166e-07,1.7872485421864407e-07,3.379002877501591e-08,2.5834727692245245e-09,1.3189712100292184e-09,3.379002877501591e-08,,,,,,,,,
2026-03-22T10:00:04Z,test_cases/pglib_opf_case2000_goc.mat,pglib_opf_case2000_goc,oracle_ac_primal_only__Vm_Va,oracle_ac_primal_only,none,ac_true,1,0,Vm+Va,2,,,optimal,ok,1,8004.895632483982,965427.5784870852,120.60464281039198,0,0.014426231384277344,0.7813477516174316,5.208430051803589,5.9897778034210205,5.9897778034210205,6.004204034805298,acopf_acdc_paper_study/cases/pglib_opf_case2000_goc/logs/oracle_ac_primal_only__Vm_Va.log,0,44,2.567315734975125e-07,3.280229032842641e-09,1.0402856887026246e-07,1.0160991650958898e-07,2.567315734975125e-07,3.357,,,3.357,False,100.0,2000,3639,384,238,1010,1,177,1822,32972.9120006,8961.255528791,44578.846999999994,13166.993999999999,21683.502,-4939.474,3639,6,0,2,1,973432.4741195433,33750.017422797915,5583.801556614587,0.9000000063553758,1.100000010295982,1.0582251324017997,0.03462944720589704,-1.2354838826684358,0.11717709632470873,-0.47462789718922455,0.24926330440679256,2008.2959233643155,1994.9137009490269,71.0853387149106,71.22798502934928,0.9873122221258558,1.0000000187092617,0.27103810571651465,0.2717564808096822,0.0,8.510229881908415e-09,21,170,62,24,3,13,0,,,,,,0,,,,,,1,0.0,0.0,0.0,0.0,0.0,1,0.0,0.0,0.0,0.0,0.0,0,0,0,1.0470562360489837e-07,5.33262134450041e-08,2.020677992432607e-09,1.1102230246251565e-16,5.33262134450041e-08,0.0001778921250953941,9.433559807202341e-05,2.1162095660045163e-06,4.994589339335498e-09,9.433559807202341e-05,9.772215697950708e-07,2.1533082894542588e-07,9.712179946219645e-09,1.9676917872857302e-09,2.1533082894542588e-07,2.0933399340225803e-07,3.9590060452177056e-08,3.0254751245404386e-09,1.5431466382498371e-09,3.9590060452177056e-08,,,,,,,,,
2026-03-22T10:00:09Z,test_cases/pglib_opf_case2000_goc.mat,pglib_opf_case2000_goc,oracle_ac_primal_only__Pg_Qg_Vm,oracle_ac_primal_only,none,ac_true,1,0,Pg+Qg+Vm,3,,,optimal,ok,1,9330.545378711387,965427.5784847194,120.60464281009644,0,0.014426231384277344,0.7620539665222168,4.456916093826294,5.218970060348511,5.218970060348511,5.233396291732788,acopf_acdc_paper_study/cases/pglib_opf_case2000_goc/logs/oracle_ac_primal_only__Pg_Qg_Vm.log,0,37,1.8444274160615818e-07,2.0224922847589255e-09,1.0402856887026246e-07,1.0643249707873032e-07,1.8444274160615818e-07,2.603,,,2.603,False,100.0,2000,3639,384,238,1010,1,177,1822,32972.9120006,8961.255528791,44578.846999999994,13166.993999999999,21683.502,-4939.474,3639,6,0,2,1,973432.4741171775,33750.01742389417,5583.80149926528,0.9000000063553052,1.100000010295982,1.0582251326377032,0.034629447887586276,-1.235483890233279,0.11717709530530518,-0.47462789910801395,0.24926330655778803,2008.2959246703656,1994.9137020392045,71.08533911512595,71.22798536378349,0.9873122196459403,1.000000018709168,0.271038105463771,0.2717564803602171,0.0,8.510187304855421e-09,21,170,62,24,3,13,1,0.0,0.0,0.0,0.0,0.0,1,0.0,0.0,0.0,0.0,0.0,1,0.0,0.0,0.0,0.0,0.0,0,,,,,,0,0,0,2.5237121612646134e-08,1.2844250774080024e-08,4.85293612317406e-10,0.0,1.2844250774080024e-08,0.00010864027725788633,5.8954713762555955e-05,1.118816403347356e-06,1.1987520698308884e-09,5.8954713762555955e-05,2.3615857041713323e-07,5.170876393734147e-08,2.3575357204763668e-09,5.002219749528081e-10,5.170876393734147e-08,5.065098227139333e-08,9.505248976804381e-09,7.348563565890852e-10,3.8878913977136165e-10,9.505248976804381e-09,,,,,,,,,
2026-03-22T10:00:15Z,test_cases/pglib_opf_case2000_goc.mat,pglib_opf_case2000_goc,oracle_ac_primal_only__Pg_Qg_Va,oracle_ac_primal_only,none,ac_true,1,0,Pg+Qg+Va,3,,,optimal,ok,1,9330.545378713638,965427.5784849543,120.60464281012578,0,0.014426231384277344,0.7420632839202881,5.715302228927612,6.4573655128479,6.4573655128479,6.471791744232178,acopf_acdc_paper_study/cases/pglib_opf_case2000_goc/logs/oracle_ac_primal_only__Pg_Qg_Va.log,0,50,1.954985073748941e-07,2.1440007547113282e-09,1.0402856887026246e-07,1.0758980393558965e-07,1.954985073748941e-07,3.861,,,3.861,False,100.0,2000,3639,384,238,1010,1,177,1822,32972.9120006,8961.255528791,44578.846999999994,13166.993999999999,21683.502,-4939.474,3639,6,0,2,1,973432.4741174125,33750.01742378845,5583.801504919615,0.9000000063553096,1.100000010295982,1.0582251326158911,0.034629447822462876,-1.2354838895014786,0.11717709540385497,-0.47462789892227086,0.2492633063495918,2008.2959245431907,1994.9137019330567,71.08533907643282,71.22798533144889,0.9873122198858449,1.0000000187091773,0.2710381054879884,0.27175648040345907,0.0,8.51019155145849e-09,21,170,62,24,3,13,1,0.0,0.0,0.0,0.0,0.0,1,0.0,0.0,0.0,0.0,0.0,0,,,,,,1,0.0,0.0,0.0,0.0,0.0,0,0,0,3.2919112294595585e-08,1.675584915261652e-08,6.336796109578464e-10,0.0,1.675584915261652e-08,0.00011488896121226804,6.211651053129874e-05,1.2107475726295542e-06,1.56324257705176e-09,6.211651053129874e-05,3.076393751315197e-07,6.751379744152075e-08,3.06620792844825e-09,6.484882630886091e-10,6.751379744152075e-08,6.599609776878926e-08,1.2412226135793958e-08,9.563948505740126e-10,5.057071705838467e-10,1.2412226135793958e-08,,,,,,,,,
2026-03-22T10:00:21Z,test_cases/pglib_opf_case2000_goc.mat,pglib_opf_case2000_goc,oracle_ac_primal_only__Pg_Vm_Va,oracle_ac_primal_only,none,ac_true,1,0,Pg+Vm+Va,3,,,optimal,ok,1,9330.545378713616,965427.5784849518,120.60464281012545,0,0.014426231384277344,0.7957918643951416,4.7036261558532715,5.499418020248413,5.499418020248413,5.51384425163269,acopf_acdc_paper_study/cases/pglib_opf_case2000_goc/logs/oracle_ac_primal_only__Pg_Vm_Va.log,0,37,1.9545431361407458e-07,2.143583754943279e-09,1.0402856887026246e-07,1.075858193156218e-07,1.9545431361407458e-07,2.844,,,2.844,False,100.0,2000,3639,384,238,1010,1,177,1822,32972.9120006,8961.255528791,44578.846999999994,13166.993999999999,21683.502,-4939.474,3639,6,0,2,1,973432.4741174099,33750.017423788726,5583.801504899361,0.9000000063553096,1.100000010295982,1.0582251326159529,0.03462944782268922,-1.2354838895038256,0.11717709540353584,-0.4746278989228782,0.2492633063502726,2008.2959245436755,1994.9137019334578,71.08533907656305,71.22798533155715,0.987312219885017,1.0000000187091782,0.2710381054879019,0.271756480403307,0.0,8.510192023303276e-09,21,170,62,24,3,13,1,0.0,0.0,0.0,0.0,0.0,0,,,,,,1,0.0,0.0,0.0,0.0,0.0,1,0.0,0.0,0.0,0.0,0.0,0,0,0,3.289440205985121e-08,1.67433822362284e-08,6.332006577129014e-10,0.0,1.67433822362284e-08,0.00011486545662214371,6.210438805823865e-05,1.2104099357913577e-06,1.5618210197354543e-09,6.210438805823865e-05,3.07393265607302e-07,6.745927283446917e-08,3.0637662184473946e-09,6.484660586281166e-10,6.745927283446917e-08,6.594508056023163e-08,1.2402239568665152e-08,9.55654177322684e-10,5.053182872138962e-10,1.2402239568665152e-08,,,,,,,,,
2026-03-22T10:00:27Z,test_cases/pglib_opf_case2000_goc.mat,pglib_opf_case2000_goc,oracle_ac_primal_only__Qg_Vm_Va,oracle_ac_primal_only,none,ac_true,1,0,Qg+Vm+Va,3,,,optimal,ok,1,8004.895632483974,965427.578487084,120.60464281039182,0,0.014426231384277344,0.7506978511810303,4.987542152404785,5.738240003585815,5.738240003585815,5.752666234970093,acopf_acdc_paper_study/cases/pglib_opf_case2000_goc/logs/oracle_ac_primal_only__Qg_Vm_Va.log,0,40,2.567043356184854e-07,3.279936433564501e-09,1.0402856887026246e-07,1.0160747834617594e-07,2.567043356184854e-07,3.079,,,3.079,False,100.0,2000,3639,384,238,1010,1,177,1822,32972.9120006,8961.255528791,44578.846999999994,13166.993999999999,21683.502,-4939.474,3639,6,0,2,1,973432.4741195422,33750.01742279815,5583.801556600956,0.9000000063553758,1.100000010295982,1.0582251324018626,0.034629447206055555,-1.2354838826701982,0.11717709632447416,-0.4746278971896693,0.24926330440729239,2008.2959233646104,1994.9137009492715,71.08533871500488,71.227985029428,0.9873122221252695,1.0000000187092601,0.2710381057164555,0.27175648080957643,0.0,8.510229299041328e-09,21,170,62,24,3,13,0,,,,,,1,0.0,0.0,0.0,0.0,0.0,1,0.0,0.0,0.0,0.0,0.0,1,0.0,0.0,0.0,0.0,0.0,0,0,0,1.0468696405839573e-07,5.3316706161155025e-08,2.0203197159988764e-09,1.1102230246251565e-16,5.3316706161155025e-08,0.00017787559407426225,9.432742813007822e-05,2.1159768901477746e-06,4.993634367123079e-09,9.432742813007822e-05,9.770466410428055e-07,2.1529218918736603e-07,9.71044467501514e-09,1.9673480622373063e-09,2.1529218918736603e-07,2.0929699190944654e-07,3.95829547472637e-08,3.0249421630590944e-09,1.542880184723927e-09,3.95829547472637e-08,,,,,,,,,
2026-03-22T10:00:31Z,test_cases/pglib_opf_case2000_goc.mat,pglib_opf_case2000_goc,oracle_ac_primal_only__Pg_Qg_Vm_Va,oracle_ac_primal_only,none,ac_true,1,0,Pg+Qg+Vm+Va,4,,,optimal,ok,1,9330.545378709056,965427.5784844763,120.60464281006607,0,0.014426231384277344,0.4087369441986084,4.077515125274658,4.486252069473267,4.486252069473267,4.500678300857544,acopf_acdc_paper_study/cases/pglib_opf_case2000_goc/logs/oracle_ac_primal_only__Pg_Qg_Vm_Va.log,0,30,1.7240531232459577e-07,1.890190726161478e-09,1.0402856887026246e-07,1.0517239874066902e-07,1.7240531232459577e-07,2.214,,,2.214,False,100.0,2000,3639,384,238,1010,1,177,1822,32972.9120006,8961.255528791,44578.846999999994,13166.993999999999,21683.502,-4939.474,3639,6,0,2,1,973432.4741169345,33750.0174240086,5583.801493090866,0.9000000063553004,1.100000010295982,1.0582251326619754,0.034629447958967656,-1.2354838910270112,0.11717709519741705,-0.4746278993099204,0.24926330678360029,2008.2959248090467,1994.9137021549373,71.0853391572653,71.22798539898889,0.9873122193845627,1.0000000187091576,0.27103810543689183,0.2717564803126026,0.0,8.51018255865199e-09,21,170,62,24,3,13,1,0.0,0.0,0.0,0.0,0.0,1,0.0,0.0,0.0,0.0,0.0,1,0.0,0.0,0.0,0.0,0.0,1,0.0,0.0,0.0,0.0,0.0,0,0,0,1.6908731990810377e-08,8.604098100661872e-09,3.2467236087713415e-10,0.0,8.604098100661872e-09,9.97295424354173e-05,5.432494712600405e-05,9.987495430713108e-07,8.000638068716981e-10,5.432494712600405e-05,1.5832309753941492e-07,3.449222019114018e-08,1.5847196335183611e-09,3.3353575457084617e-10,3.449222019114018e-08,3.397857897896055e-08,6.339031244362303e-09,4.939860290241471e-10,2.6499774596899783e-10,6.339031244362303e-09,,,,,,,,,
2026-03-22T10:00:49Z,test_cases/pglib_opf_case2000_goc.mat,pglib_opf_case2000_goc,oracle_ac_primal_dual__Pg,oracle_ac_primal_dual,full,ac_true,1,0,Pg,1,,,optimal,ok,1,9330.545378794557,965427.5784933965,120.60464281118041,0,0.014426231384277344,0.794090986251831,16.89040517807007,17.6844961643219,17.6844961643219,17.698922395706177,acopf_acdc_paper_study/cases/pglib_opf_case2000_goc/logs/oracle_ac_primal_dual__Pg.log,0,195,9.832000285273045e-07,1.3312234647955279e-08,1.0402858663383086e-07,1.80051460660204e-07,9.832000285273045e-07,15.014,,,15.014,True,100.0,2000,3639,384,238,1010,1,177,1822,32972.9120006,8961.255528791,44578.846999999994,13166.993999999999,21683.502,-4939.474,3639,6,0,2,1,973432.4741258547,33750.01741669276,5583.801626763244,0.9000000060299507,1.1000000102984693,1.0582251296790046,0.034629442356366016,-1.23548384670433,0.11717710087771376,-0.47462788835362035,0.24926329408811554,2008.295918944828,1994.9136972212038,71.08533671602007,71.2279833566041,0.9873122334817651,1.0000000187144813,0.27103810701343134,0.27175648308964967,0.0,8.512604204868879e-09,21,170,62,24,3,13,1,0.0,0.0,0.0,0.0,0.0,0,,,,,,0,,,,,,0,,,,,,1,1,1,5.119645775766563e-07,2.6204253478212536e-07,1.0036009454163615e-08,4.755362770225702e-13,2.6204253478212536e-07,0.0002005694908597602,0.00011635427850342772,2.8697929795469127e-06,7.043911373193906e-08,0.00011635427850342772,4.916392450244061e-06,1.0401339856080938e-06,4.953306335053753e-08,7.721873140908997e-09,1.0401339856080938e-06,9.843885323434026e-07,1.9031363451826877e-07,1.3979867506233551e-08,6.824185966314289e-09,1.9031363451826877e-07,,,,,,,,,
2026-03-22T10:01:05Z,test_cases/pglib_opf_case2000_goc.mat,pglib_opf_case2000_goc,oracle_ac_primal_dual__Qg,oracle_ac_primal_dual,full,ac_true,1,0,Qg,1,,,optimal,ok,1,8004.895632437253,965427.5784814025,120.60464280968208,0,0.014426231384277344,0.7598583698272705,15.494640827178955,16.254499197006226,16.254499197006226,16.268925428390503,acopf_acdc_paper_study/cases/pglib_opf_case2000_goc/logs/oracle_ac_primal_dual__Qg.log,0,190,2.1330204502635272e-08,2.725959458160787e-10,1.0402856887026246e-07,7.69893239777366e-08,7.69893239777366e-08,13.628,,,13.628,False,100.0,2000,3639,384,238,1010,1,177,1822,32972.9120006,8961.255528791,44578.846999999994,13166.993999999999,21683.502,-4939.474,3639,6,0,2,1,973432.4741138606,33750.01742542132,5583.801417295637,0.9000000063552178,1.1000000102959822,1.0582251329712256,0.034629448841869366,-1.2354839008103113,0.11717709387412599,-0.47462790179535547,0.24926330956623216,2008.2959265119364,1994.9137035761794,71.08533967570442,71.22798583217194,0.9873122161741513,1.0000000187090334,0.27103810510251114,0.27175647972336303,0.0,8.510126048300037e-09,21,170,62,24,3,13,0,,,,,,1,0.0,0.0,0.0,0.0,0.0,0,,,,,,0,,,,,,1,1,1,8.580824251365883e-08,4.3701651630811966e-08,1.6583642223592337e-09,1.1102230246251565e-16,4.3701651630811966e-08,3.421222220114628e-05,1.970032945036726e-05,4.947248724928222e-07,4.1075081669283975e-09,1.970032945036726e-05,8.009653509287028e-07,1.7701296539662792e-07,7.963960039492069e-09,1.6438991279343895e-09,1.7701296539662792e-07,1.7141496349570634e-07,3.255360953025033e-08,2.4722880080401593e-09,1.2454644260362357e-09,3.255360953025033e-08,,,,,,,,,
2026-03-22T10:01:18Z,test_cases/pglib_opf_case2000_goc.mat,pglib_opf_case2000_goc,oracle_ac_primal_dual__Vm,oracle_ac_primal_dual,full,ac_true,1,0,Vm,1,,,optimal,ok,1,8004.895632437079,965427.5784813816,120.60464280967948,0,0.014426231384277344,0.754234790802002,12.000909090042114,12.755143880844116,12.755143880844116,12.769570112228394,acopf_acdc_paper_study/cases/pglib_opf_case2000_goc/logs/oracle_ac_primal_dual__Vm.log,0,133,2.0458865644138723e-08,2.6140295483756404e-10,1.0402856887026246e-07,7.689781733623037e-08,7.689781733623037e-08,10.111,,,10.111,False,100.0,2000,3639,384,238,1010,1,177,1822,32972.9120006,8961.255528791,44578.846999999994,13166.993999999999,21683.502,-4939.474,3639,6,0,2,1,973432.4741138398,33750.01742543087,5583.8014167587235,0.9000000063552174,1.1000000102959822,1.0582251329730048,0.03462944884778477,-1.2354839008774199,0.11717709386495304,-0.4746279018124614,0.24926330958534618,2008.2959265239242,1994.9137035861745,71.08533967927637,71.22798583515429,0.9873122161518475,1.000000018709032,0.27103810510031656,0.27175647971940264,0.0,8.51012546543295e-09,21,170,62,24,3,13,0,,,,,,0,,,,,,1,0.0,0.0,0.0,0.0,0.0,0,,,,,,1,1,1,8.651308825698043e-08,4.4059874193536075e-08,1.6719378091020333e-09,1.1102230246251565e-16,4.4059874193536075e-08,3.448587466470805e-05,1.9863495840266587e-05,4.983071175970374e-07,4.140462750434892e-09,1.9863495840266587e-05,8.075950416543493e-07,1.784793202119772e-07,8.029918427410188e-09,1.6628552979014444e-09,1.784793202119772e-07,1.7282950648790125e-07,3.282338439936083e-08,2.492717378888785e-09,1.255893389284779e-09,3.282338439936083e-08,,,,,,,,,
2026-03-22T10:01:33Z,test_cases/pglib_opf_case2000_goc.mat,pglib_opf_case2000_goc,oracle_ac_primal_dual__Va,oracle_ac_primal_dual,full,ac_true,1,0,Va,1,,,optimal,ok,1,8004.895632442972,965427.5784820982,120.60464280976898,0,0.014426231384277344,0.6270527839660645,13.94572401046753,14.572776794433594,14.572776794433594,14.587203025817871,acopf_acdc_paper_study/cases/pglib_opf_case2000_goc/logs/oracle_ac_primal_dual__Va.log,0,152,4.927531839954516e-08,6.308187305847923e-10,1.0402856887026246e-07,7.991615237194435e-08,7.991615237194435e-08,12.068,,,12.068,True,100.0,2000,3639,384,238,1010,1,177,1822,32972.9120006,8961.255528791,44578.846999999994,13166.993999999999,21683.502,-4939.474,3639,6,0,2,1,973432.4741145563,33750.017425110505,5583.801434333225,0.9000000063552298,1.1000000102959822,1.0582251329125911,0.03462944865259682,-1.2354838986470031,0.11717709416709149,-0.4746279012451089,0.24926330895036863,2008.2959261327087,1994.9137032596936,71.0853395610992,71.2279857364041,0.9873122168864075,1.0000000187090636,0.27103810517228305,0.27175647984955636,0.0,8.510139815065543e-09,21,170,62,24,3,13,0,,,,,,0,,,,,,0,,,,,,1,0.0,0.0,0.0,0.0,0.0,1,1,1,6.312733745813209e-08,3.216254218507686e-08,1.220637192075903e-09,6.938893903907228e-17,3.216254218507686e-08,2.5459800793698833e-05,1.448506530149496e-05,3.7788008341386017e-07,3.027939246558198e-09,1.448506530149496e-05,5.89034304748683e-07,1.301529777286703e-07,5.855461645609683e-09,1.2022577378090205e-09,1.301529777286703e-07,1.25962689212667e-07,2.393091136365655e-08,1.816262910316074e-09,9.120718069688394e-10,2.393091136365655e-08,,,,,,,,,
2026-03-22T10:01:46Z,test_cases/pglib_opf_case2000_goc.mat,pglib_opf_case2000_goc,oracle_ac_primal_dual__Pg_Qg,oracle_ac_primal_dual,full,ac_true,1,0,Pg+Qg,2,,,optimal,ok,1,9330.545378799538,965427.5784939156,120.60464281124526,0,0.014426231384277344,0.7705583572387695,12.444512128829956,13.215070486068726,13.215070486068726,13.229496717453003,acopf_acdc_paper_study/cases/pglib_opf_case2000_goc/logs/oracle_ac_primal_dual__Pg_Qg.log,0,141,9.728348462882333e-07,1.1144990041955793e-08,1.0402858485747402e-07,1.8016152551066485e-07,9.728348462882333e-07,10.58,,,10.58,True,100.0,2000,3639,384,238,1010,1,177,1822,32972.9120006,8961.255528791,44578.846999999994,13166.993999999999,21683.502,-4939.474,3639,6,0,2,1,973432.4741263738,33750.017416870156,5583.801663757528,0.9000000060176122,1.1000000102996546,1.0582251297627683,0.034629442341578096,-1.2354838471322966,0.11717710108982755,-0.47462788824500335,0.24926329417306692,2008.2959191508203,1994.9136974099208,71.08533669907818,71.2279833440028,0.9873122334940426,1.0000000187144342,0.2710381070954415,0.27175648318423384,0.0,8.512582722053352e-09,21,170,62,24,3,13,1,0.0,0.0,0.0,0.0,0.0,1,0.0,0.0,0.0,0.0,0.0,0,,,,,,0,,,,,,1,1,1,5.07494909692112e-07,2.5807305137348635e-07,9.934744642698301e-09,4.887496657390855e-13,2.5807305137348635e-07,0.00020033033656150425,0.00011650860534184737,2.842692813108208e-06,6.941245284542569e-08,0.00011650860534184737,4.915164771221076e-06,1.040929399565016e-06,4.9609375112169564e-08,7.974574445235305e-09,1.040929399565016e-06,9.850194462444032e-07,1.907662585121095e-07,1.4008139193395856e-08,6.87015369593702e-09,1.907662585121095e-07,,,,,,,,,
2026-03-22T10:01:54Z,test_cases/pglib_opf_case2000_goc.mat,pglib_opf_case2000_goc,oracle_ac_primal_dual__Pg_Vm,oracle_ac_primal_dual,full,ac_true,1,0,Pg+Vm,2,,,optimal,ok,1,9330.54537879891,965427.5784938505,120.60464281123713,0,0.014426231384277344,0.781958818435669,7.460877180099487,8.242835998535156,8.242835998535156,8.257262229919434,acopf_acdc_paper_study/cases/pglib_opf_case2000_goc/logs/oracle_ac_primal_dual__Pg_Vm.log,0,73,9.849637458953185e-07,1.1227109686373637e-08,1.0402860795011293e-07,1.8011481337347586e-07,9.849637458953185e-07,5.591,,,5.591,False,100.0,2000,3639,384,238,1010,1,177,1822,32972.9120006,8961.255528791,44578.846999999994,13166.993999999999,21683.502,-4939.474,3639,6,0,2,1,973432.4741263087,33750.01741684976,5583.801663610076,0.9000000060302111,1.100000010298469,1.0582251297541907,0.03462944242224183,-1.2354838465544289,0.11717710111119853,-0.47462788814917006,0.24926329404862907,2008.2959190554889,1994.9136973245597,71.08533670198682,71.2279833466166,0.9873122335528245,1.0000000187160518,0.27103810710419435,0.2717564831919241,0.0,8.513318577874074e-09,21,170,62,24,3,13,1,0.0,0.0,0.0,0.0,0.0,0,,,,,,1,0.0,0.0,0.0,0.0,0.0,0,,,,,,1,1,1,5.117848971566981e-07,2.6084193138764533e-07,1.0098039947264152e-08,5.836893468558202e-13,2.6084193138764533e-07,0.0002002230290006819,0.00011644563539714436,2.8420285454120406e-06,6.959392195252795e-08,0.00011644563539714436,4.905682317702397e-06,1.040752510172993e-06,4.9500965376536585e-08,8.016120101039803e-09,1.040752510172993e-06,9.90275530337073e-07,1.907396272593509e-07,1.4112909710567148e-08,6.993520346165738e-09,1.907396272593509e-07,,,,,,,,,
2026-03-22T10:02:12Z,test_cases/pglib_opf_case2000_goc.mat,pglib_opf_case2000_goc,oracle_ac_primal_dual__Pg_Va,oracle_ac_primal_dual,full,ac_true,1,0,Pg+Va,2,,,optimal,ok,1,9330.545378677618,965427.5784811962,120.6046428096563,0,0.014426231384277344,0.414243221282959,17.59198498725891,18.00622820854187,18.00622820854187,18.020654439926147,acopf_acdc_paper_study/cases/pglib_opf_case2000_goc/logs/oracle_ac_primal_dual__Pg_Va.log,0,190,1.492335062839538e-08,1.6369511302016804e-10,1.0402856887026246e-07,8.869964451196639e-08,8.869964451196639e-08,15.669,,,15.669,False,100.0,2000,3639,384,238,1010,1,177,1822,32972.9120006,8961.255528791,44578.846999999994,13166.993999999999,21683.502,-4939.474,3639,6,0,2,1,973432.4741136543,33750.017425515834,5583.80141223394,0.9000000063552119,1.1000000102959822,1.0582251329895747,0.034629448900059125,-1.2354839014673094,0.11717709378487007,-0.47462790196240906,0.24926330975316635,2008.295926626508,1994.91370367179,71.0853397105673,71.22798586130045,0.9873122159573346,1.0000000187090257,0.2710381050813122,0.27175647968499234,0.0,8.510122495586359e-09,21,170,62,24,3,13,1,0.0,0.0,0.0,0.0,0.0,0,,,,,,0,,,,,,1,0.0,0.0,0.0,0.0,0.0,1,1,1,9.270291535684008e-08,4.721038093791208e-08,1.791434817562203e-09,1.1102230246251565e-16,4.721038093791208e-08,3.68983371821562e-05,2.1290809392449095e-05,5.30663594960951e-07,4.437614539720691e-09,2.1290809392449095e-05,8.656137445786452e-07,1.9130427841851372e-07,8.606983509018562e-09,1.7991553802332305e-09,1.9130427841851372e-07,1.8523116874624325e-07,3.518247515543749e-08,2.6716677000182292e-09,1.3464732939727497e-09,3.518247515543749e-08,,,,,,,,,
2026-03-22T10:02:27Z,test_cases/pglib_opf_case2000_goc.mat,pglib_opf_case2000_goc,oracle_ac_primal_dual__Qg_Vm,oracle_ac_primal_dual,full,ac_true,1,0,Qg+Vm,2,,,optimal,ok,1,8004.895632437565,965427.5784814407,120.60464280968684,0,0.014426231384277344,0.7915701866149902,13.951264142990112,14.742834329605103,14.742834329605103,14.75726056098938,acopf_acdc_paper_study/cases/pglib_opf_case2000_goc/logs/oracle_ac_primal_dual__Qg_Vm.log,0,171,2.265618054136764e-08,2.8952951147687145e-10,1.0402856887026246e-07,7.712796011018774e-08,7.712796011018774e-08,12.071,,,12.071,False,100.0,2000,3639,384,238,1010,1,177,1822,32972.9120006,8961.255528791,44578.846999999994,13166.993999999999,21683.502,-4939.474,3639,6,0,2,1,973432.4741138988,33750.01742540662,5583.80141810833,0.9000000063552184,1.1000000102959822,1.0582251329684305,0.03462944883291605,-1.2354839007074312,0.11717709388803423,-0.4746279017691871,0.24926330953694362,2008.2959264940012,1994.9137035612039,71.0853396702586,71.22798582761946,0.9873122162079152,1.0000000187090352,0.27103810510582643,0.27175647972935424,0.0,8.510126964234033e-09,21,170,62,24,3,13,0,,,,,,1,0.0,0.0,0.0,0.0,0.0,1,0.0,0.0,0.0,0.0,0.0,0,,,,,,1,1,1,8.473110448182907e-08,4.315345591976438e-08,1.637568311315319e-09,1.1102230246251565e-16,4.315345591976438e-08,3.379779779172505e-05,1.9453152932502604e-05,4.893035163066136e-07,4.055480146147872e-09,1.9453152932502604e-05,7.909200220022234e-07,1.747923255024375e-07,7.864008967128911e-09,1.620278355929372e-09,1.747923255024375e-07,1.6925543042717803e-07,3.214490584824148e-08,2.4411231198868977e-09,1.2296257345667527e-09,3.214490584824148e-08,,,,,,,,,
2026-03-22T10:02:42Z,test_cases/pglib_opf_case2000_goc.mat,pglib_opf_case2000_goc,oracle_ac_primal_dual__Qg_Va,oracle_ac_primal_dual,full,ac_true,1,0,Qg+Va,2,,,optimal,ok,1,8004.895632437134,965427.5784813882,120.60464280968029,0,0.014426231384277344,0.8103628158569336,14.382322788238525,15.192685604095459,15.192685604095459,15.207111835479736,acopf_acdc_paper_study/cases/pglib_opf_case2000_goc/logs/oracle_ac_primal_dual__Qg_Va.log,0,180,2.054171200888682e-08,2.623689598912904e-10,1.0402856887026246e-07,7.690637098642958e-08,7.690637098642958e-08,12.502,,,12.502,False,100.0,2000,3639,384,238,1010,1,177,1822,32972.9120006,8961.255528791,44578.846999999994,13166.993999999999,21683.502,-4939.474,3639,6,0,2,1,973432.4741138463,33750.017425429556,5583.801416809404,0.9000000063552178,1.1000000102959822,1.0582251329727708,0.03462944884726329,-1.2354839008692322,0.11717709386560246,-0.47462790181056896,0.24926330958301823,2008.2959265228055,1994.9137035852325,71.0853396789205,71.22798583485348,0.9873122161539464,1.0000000187090339,0.2710381051004805,0.27175647971973216,0.0,8.510126325855794e-09,21,170,62,24,3,13,0,,,,,,1,0.0,0.0,0.0,0.0,0.0,0,,,,,,1,0.0,0.0,0.0,0.0,0.0,1,1,1,8.64259513539541e-08,4.401478870263986e-08,1.6702022536585086e-09,1.1102230246251565e-16,4.401478870263986e-08,3.4460517783981786e-05,1.9848260448762645e-05,4.979870306709536e-07,4.1379285137255195e-09,1.9848260448762645e-05,8.069788947202808e-07,1.783423737578005e-07,8.023826110648002e-09,1.6608033837073322e-09,1.783423737578005e-07,1.7267388179985336e-07,3.279815841139566e-08,2.4905001927973493e-09,1.2548477534846114e-09,3.279815841139566e-08,,,,,,,,,
2026-03-22T10:02:57Z,test_cases/pglib_opf_case2000_goc.mat,pglib_opf_case2000_goc,oracle_ac_primal_dual__Vm_Va,oracle_ac_primal_dual,full,ac_true,1,0,Vm+Va,2,,,optimal,ok,1,8004.895632439533,965427.5784816799,120.60464280971672,0,0.014426231384277344,0.5868320465087891,14.372058153152466,14.958890199661255,14.958890199661255,14.973316431045532,acopf_acdc_paper_study/cases/pglib_opf_case2000_goc/logs/oracle_ac_primal_dual__Vm_Va.log,0,150,3.2641863476093756e-08,4.175490508906421e-10,1.0402856887026246e-07,7.817386273369006e-08,7.817386273369006e-08,12.434,,,12.434,False,100.0,2000,3639,384,238,1010,1,177,1822,32972.9120006,8961.255528791,44578.846999999994,13166.993999999999,21683.502,-4939.474,3639,6,0,2,1,973432.474114138,33750.01742529506,5583.801424236171,0.9000000063552228,1.1000000102959822,1.0582251329475372,0.03462944876535891,-1.2354838999329383,0.11717709399272969,-0.47462790157224755,0.24926330931644375,2008.2959263580917,1994.9137034477833,71.08533962926357,71.2279857933615,0.9873122164626282,1.0000000187090468,0.2710381051308068,0.2717564797745143,0.0,8.510132154526673e-09,21,170,62,24,3,13,0,,,,,,0,,,,,,1,0.0,0.0,0.0,0.0,0.0,1,0.0,0.0,0.0,0.0,0.0,1,1,1,7.661135249525325e-08,3.902256140442262e-08,1.4808669835437959e-09,1.1102230246251565e-16,3.902256140442262e-08,3.067859126240053e-05,1.7588849122451844e-05,4.4838516873288414e-07,3.6704241729301756e-09,1.7588849122451844e-05,7.151628556129334e-07,1.580413511170775e-07,7.110302336632568e-09,1.4632067779629665e-09,1.580413511170775e-07,1.5299122274824374e-07,2.9062370787702463e-08,2.206374169560609e-09,1.1100938501762414e-09,2.9062370787702463e-08,,,,,,,,,
2026-03-22T10:03:05Z,test_cases/pglib_opf_case2000_goc.mat,pglib_opf_case2000_goc,oracle_ac_primal_dual__Pg_Qg_Vm,oracle_ac_primal_dual,full,ac_true,1,0,Pg+Qg+Vm,3,,,optimal,ok,1,9330.54537879644,965427.5784935923,120.60464281120487,0,0.014426231384277344,0.7785627841949463,7.145028114318848,7.923590898513794,7.923590898513794,7.938017129898071,acopf_acdc_paper_study/cases/pglib_opf_case2000_goc/logs/oracle_ac_primal_dual__Pg_Qg_Vm.log,0,64,9.831038533668168e-07,1.1253085130391582e-08,1.0402858308111718e-07,1.8004515649718518e-07,9.831038533668168e-07,5.271,,,5.271,True,100.0,2000,3639,384,238,1010,1,177,1822,32972.9120006,8961.255528791,44578.846999999994,13166.993999999999,21683.502,-4939.474,3639,6,0,2,1,973432.4741260505,33750.017416821815,5583.801662833402,0.9000000060304588,1.100000010298468,1.0582251297560856,0.03462944242842328,-1.2354838466278721,0.11717710107001379,-0.4746278881759794,0.24926329406804096,2008.2959191129212,1994.9136973784605,71.08533670315913,71.22798334736137,0.9873122335477371,1.00000001871618,0.2710381071007681,0.27175648318722784,0.0,8.513376864582867e-09,21,170,62,24,3,13,1,0.0,0.0,0.0,0.0,0.0,1,0.0,0.0,0.0,0.0,0.0,1,0.0,0.0,0.0,0.0,0.0,0,,,,,,1,1,1,5.096708451772522e-07,2.6059391111665775e-07,9.957631617292354e-09,4.707345624410664e-13,2.6059391111665775e-07,0.00020005065901305635,0.00011634246347530519,2.839976029167184e-06,6.957170644444899e-08,0.00011634246347530519,4.901194873178599e-06,1.0398545549072935e-06,4.9453630183160514e-08,8.001494022913391e-09,1.0398545549072935e-06,9.886613532209194e-07,1.9050800981190719e-07,1.4075893815300097e-08,6.973418148481514e-09,1.9050800981190719e-07,,,,,,,,,
2026-03-22T10:03:13Z,test_cases/pglib_opf_case2000_goc.mat,pglib_opf_case2000_goc,oracle_ac_primal_dual__Pg_Qg_Va,oracle_ac_primal_dual,full,ac_true,1,0,Pg+Qg+Va,3,,,optimal,ok,1,9330.545378796593,965427.5784936087,120.60464281120693,0,0.014426231384277344,0.8198039531707764,6.905588865280151,7.725392818450928,7.725392818450928,7.739819049835205,acopf_acdc_paper_study/cases/pglib_opf_case2000_goc/logs/oracle_ac_primal_dual__Pg_Qg_Va.log,0,70,9.838718346188335e-07,1.1252991871657514e-08,1.0402858308111718e-07,1.8012199486915836e-07,9.838718346188335e-07,5.025,,,5.025,True,100.0,2000,3639,384,238,1010,1,177,1822,32972.9120006,8961.255528791,44578.846999999994,13166.993999999999,21683.502,-4939.474,3639,6,0,2,1,973432.4741260669,33750.01741681455,5583.801663207414,0.9000000060304516,1.100000010298468,1.0582251297547267,0.03462944242428278,-1.2354838465790683,0.11717710107621192,-0.47462788816373175,0.24926329405414116,2008.2959191046025,1994.9136973715079,71.0853367006387,71.2279833452514,0.9873122335632561,1.0000000187161793,0.2710381071022421,0.27175648318993195,0.0,8.513376559271535e-09,21,170,62,24,3,13,1,0.0,0.0,0.0,0.0,0.0,1,0.0,0.0,0.0,0.0,0.0,0,,,,,,1,0.0,0.0,0.0,0.0,0.0,1,1,1,5.1018424400131e-07,2.60855748557276e-07,9.9676394772626e-09,4.70762318016682e-13,2.60855748557276e-07,0.00020024345931350093,0.00011645622937112021,2.8424420448207382e-06,6.957141048327675e-08,0.00011645622937112021,4.905746318808046e-06,1.0408765678260323e-06,4.9498902435551886e-08,8.011921015516066e-09,1.0408765678260323e-06,9.896674529609651e-07,1.906961294984022e-07,1.409043008428486e-08,6.980611616524968e-09,1.906961294984022e-07,,,,,,,,,
2026-03-22T10:03:21Z,test_cases/pglib_opf_case2000_goc.mat,pglib_opf_case2000_goc,oracle_ac_primal_dual__Pg_Vm_Va,oracle_ac_primal_dual,full,ac_true,1,0,Pg+Vm+Va,3,,,optimal,ok,1,9330.54537879643,965427.5784935916,120.60464281120478,0,0.014426231384277344,0.7484009265899658,7.069724798202515,7.8181257247924805,7.8181257247924805,7.832551956176758,acopf_acdc_paper_study/cases/pglib_opf_case2000_goc/logs/oracle_ac_primal_dual__Pg_Vm_Va.log,0,66,9.83101194906268e-07,1.128937610062053e-08,1.0402858308111718e-07,1.8004506988213392e-07,9.83101194906268e-07,5.196,,,5.196,False,100.0,2000,3639,384,238,1010,1,177,1822,32972.9120006,8961.255528791,44578.846999999994,13166.993999999999,21683.502,-4939.474,3639,6,0,2,1,973432.4741260498,33750.01741681918,5583.801662186404,0.9000000060304582,1.100000010298468,1.0582251297546987,0.034629442427233446,-1.2354838466258597,0.11717710106792155,-0.47462788817728047,0.249263294067923,2008.295919118574,1994.9136973830946,71.08533670341436,71.22798334755402,0.987312233545852,1.0000000187161833,0.27103810709924014,0.2717564831855188,0.0,8.513378307872799e-09,21,170,62,24,3,13,1,0.0,0.0,0.0,0.0,0.0,0,,,,,,1,0.0,0.0,0.0,0.0,0.0,1,0.0,0.0,0.0,0.0,0.0,1,1,1,5.097302715043745e-07,2.606305997687741e-07,9.959465900936448e-09,4.70762318016682e-13,2.606305997687741e-07,0.00020005862065651406,0.00011634235665702874,2.8404948165447387e-06,6.961249924847951e-08,0.00011634235665702874,4.901426248035964e-06,1.039856582396581e-06,4.94547385098687e-08,7.995037187846776e-09,1.039856582396581e-06,9.886401538608271e-07,1.9050553906607703e-07,1.4074954617674122e-08,6.9703638971851944e-09,1.9050553906607703e-07,,,,,,,,,
2026-03-22T10:03:41Z,test_cases/pglib_opf_case2000_goc.mat,pglib_opf_case2000_goc,oracle_ac_primal_dual__Qg_Vm_Va,oracle_ac_primal_dual,full,ac_true,1,0,Qg+Vm+Va,3,,,optimal,ok,1,8004.89563243712,965427.5784813862,120.60464280968003,0,0.014426231384277344,0.8041384220123291,19.502243995666504,20.306382417678833,20.306382417678833,20.32080864906311,acopf_acdc_paper_study/cases/pglib_opf_case2000_goc/logs/oracle_ac_primal_dual__Qg_Vm_Va.log,0,236,2.0476146160179573e-08,2.6156388166498346e-10,1.0402856887026246e-07,7.689964662044602e-08,7.689964662044602e-08,17.625,,,17.625,True,100.0,2000,3639,384,238,1010,1,177,1822,32972.9120006,8961.255528791,44578.846999999994,13166.993999999999,21683.502,-4939.474,3639,6,0,2,1,973432.4741138443,33750.017425430204,5583.801416766653,0.9000000063552175,1.1000000102959822,1.0582251329728836,0.034629448847688794,-1.235483900874,0.11717709386490104,-0.47462790181183306,0.24926330958439338,2008.2959265237225,1994.9137035859987,71.08533967918163,71.22798583507088,0.9873122161522891,1.000000018709033,0.27103810510031157,0.27175647971943256,0.0,8.510125854011008e-09,21,170,62,24,3,13,0,,,,,,1,0.0,0.0,0.0,0.0,0.0,1,0.0,0.0,0.0,0.0,0.0,1,0.0,0.0,0.0,0.0,0.0,1,1,1,8.647561427595402e-08,4.403973941080608e-08,1.671165409946427e-09,1.1102230246251565e-16,4.403973941080608e-08,3.448045997205081e-05,1.986025331190966e-05,4.982393439564418e-07,4.140513328032558e-09,1.986025331190966e-05,8.074656150725668e-07,1.784501995061305e-07,8.028673070925584e-09,1.66242408727868e-09,1.784501995061305e-07,1.7277724750064312e-07,3.2818003647960836e-08,2.4920022903098037e-09,1.2556468920177366e-09,3.2818003647960836e-08,,,,,,,,,
2026-03-22T10:03:44Z,test_cases/pglib_opf_case2000_goc.mat,pglib_opf_case2000_goc,oracle_ac_primal_dual__Pg_Qg_Vm_Va,oracle_ac_primal_dual,full,ac_true,1,0,Pg+Qg+Vm+Va,4,,,optimal,ok,1,9330.545378679213,965427.5784813627,120.6046428096771,0,0.014426231384277344,0.7786130905151367,2.2702388763427734,3.04885196685791,3.04885196685791,3.0632781982421875,acopf_acdc_paper_study/cases/pglib_opf_case2000_goc/logs/oracle_ac_primal_dual__Pg_Qg_Vm_Va.log,0,3,2.274497013197629e-08,2.496396422912994e-10,1.0402856887026246e-07,8.951841604415899e-08,8.951841604415899e-08,0.38,,,0.38,False,100.0,2000,3639,384,238,1010,1,177,1822,32972.9120006,8961.255528791,44578.846999999994,13166.993999999999,21683.502,-4939.474,3639,6,0,2,1,973432.4741138208,33750.0174254415,5583.801416274524,0.9000000063552148,1.1000000102959822,1.0582251329777457,0.03462944885595958,-1.2354839009494338,0.11717709385495508,-0.4746279018307333,0.24926330960568852,2008.2959265359375,1994.9137035962028,71.08533968315939,71.22798583839406,0.9873122161283427,1.0000000187090325,0.27103810509675935,0.27175647971395095,0.0,8.510125742988706e-09,21,170,62,24,3,13,1,0.0,0.0,0.0,0.0,0.0,1,0.0,0.0,0.0,0.0,0.0,1,0.0,0.0,0.0,0.0,0.0,1,0.0,0.0,0.0,0.0,0.0,1,1,1,8.727538106876854e-08,4.445054191393183e-08,1.6866672737519355e-09,1.1102230246251565e-16,4.445054191393183e-08,3.664267219825044e-05,2.0038350411644146e-05,5.647925541146106e-07,4.179701390549795e-09,2.0038350411644146e-05,8.148133109594338e-07,1.8004657142967062e-07,8.100806005995053e-09,1.6693709747883645e-09,1.8004657142967062e-07,1.7434291200880034e-07,3.3110007235936934e-08,2.5147164377539677e-09,1.2674327143358255e-09,3.3110007235936934e-08,,,,,,,,,
2026-03-22T10:03:50Z,test_cases/pglib_opf_case2000_goc.mat,pglib_opf_case2000_goc,oracle_ac_constraint_dual__Pg,oracle_ac_constraint_dual,constraint_only,ac_true,1,0,Pg,1,,,optimal,ok,1,9330.54537879513,965427.5784934559,120.60464281118783,0,0.014426231384277344,0.7427380084991455,5.369611024856567,6.112349033355713,6.112349033355713,6.12677526473999,acopf_acdc_paper_study/cases/pglib_opf_case2000_goc/logs/oracle_ac_constraint_dual__Pg.log,0,46,9.830726252896582e-07,1.2616233391327114e-08,1.0402858485747402e-07,1.8005313854282925e-07,9.830726252896582e-07,3.445,,,3.445,False,100.0,2000,3639,384,238,1010,1,177,1822,32972.9120006,8961.255528791,44578.846999999994,13166.993999999999,21683.502,-4939.474,3639,6,0,2,1,973432.474125914,33750.017416741044,5583.80163884055,0.9000000060303859,1.1000000102984682,1.0582251297069434,0.03462944238176435,-1.2354838466190114,0.11717710100118295,-0.4746278882332326,0.24926329408189624,2008.2959193195577,1994.9136975481526,71.08533671316593,71.22798335509647,0.9873122334801736,1.0000000187162137,0.2710381070457716,0.27175648312553896,0.0,8.513392157905031e-09,21,170,62,24,3,13,1,0.0,0.0,0.0,0.0,0.0,0,,,,,,0,,,,,,0,,,,,,1,1,0,5.111668723245284e-07,2.615520318105524e-07,1.0009475964421486e-08,4.716504964363821e-13,2.615520318105524e-07,0.00020039564672508583,0.00011635590879677249,2.8597143644353143e-06,7.003368044170011e-08,0.00011635590879677249,4.911132746550112e-06,1.0400953007749791e-06,4.9503366068737174e-08,7.846613636619537e-09,1.0400953007749791e-06,9.871885668574185e-07,1.9044390336953043e-07,1.4032492969252798e-08,6.909502220375785e-09,1.9044390336953043e-07,,,,,,,,,
2026-03-22T10:03:58Z,test_cases/pglib_opf_case2000_goc.mat,pglib_opf_case2000_goc,oracle_ac_constraint_dual__Qg,oracle_ac_constraint_dual,constraint_only,ac_true,1,0,Qg,1,,,optimal,ok,1,8004.895632437181,965427.5784813936,120.60464280968097,0,0.014426231384277344,0.4131147861480713,7.544655799865723,7.957770586013794,7.957770586013794,7.972196817398071,acopf_acdc_paper_study/cases/pglib_opf_case2000_goc/logs/oracle_ac_constraint_dual__Qg.log,0,81,2.0630688143800996e-08,2.6357810378740965e-10,1.0402856887026246e-07,7.691568237613715e-08,7.691568237613715e-08,5.673,,,5.673,False,100.0,2000,3639,384,238,1010,1,177,1822,32972.9120006,8961.255528791,44578.846999999994,13166.993999999999,21683.502,-4939.474,3639,6,0,2,1,973432.4741138518,33750.01742542934,5583.801416864014,0.9000000063552175,1.1000000102959822,1.0582251329726968,0.03462944884662683,-1.235483900864667,0.11717709386673147,-0.47462790180920306,0.24926330958171472,2008.2959265214918,1994.9137035841534,71.08533967859026,71.22798583458327,0.9873122161562126,1.0000000187090337,0.2710381051007495,0.2717564797201802,0.0,8.510126214833491e-09,21,170,62,24,3,13,0,,,,,,1,0.0,0.0,0.0,0.0,0.0,0,,,,,,0,,,,,,1,1,0,8.637844237552724e-08,4.3991511544660966e-08,1.6693706170781796e-09,1.1102230246251565e-16,4.3991511544660966e-08,3.4432438023405157e-05,1.9831635325706642e-05,4.976056084295573e-07,4.134643689923667e-09,1.9831635325706642e-05,8.06300958284238e-07,1.78192768540697e-07,8.017043441388427e-09,1.6591042983904458e-09,1.78192768540697e-07,1.7255852354134764e-07,3.277071569662837e-08,2.4887958420338287e-09,1.2538738658474102e-09,3.277071569662837e-08,,,,,,,,,
2026-03-22T10:04:06Z,test_cases/pglib_opf_case2000_goc.mat,pglib_opf_case2000_goc,oracle_ac_constraint_dual__Vm,oracle_ac_constraint_dual,constraint_only,ac_true,1,0,Vm,1,,,optimal,ok,1,8004.895632437137,965427.5784813887,120.60464280968036,0,0.014426231384277344,0.794147253036499,7.333768844604492,8.127916097640991,8.127916097640991,8.142342329025269,acopf_acdc_paper_study/cases/pglib_opf_case2000_goc/logs/oracle_ac_constraint_dual__Vm.log,0,74,2.0626563756738566e-08,2.636236229314193e-10,1.0402856887026246e-07,7.691569971683916e-08,7.691569971683916e-08,5.462,,,5.462,False,100.0,2000,3639,384,238,1010,1,177,1822,32972.9120006,8961.255528791,44578.846999999994,13166.993999999999,21683.502,-4939.474,3639,6,0,2,1,973432.4741138469,33750.0174254288,5583.801416781745,0.9000000063552175,1.1000000102959822,1.0582251329724854,0.03462944884647364,-1.2354839008641838,0.11717709386649833,-0.4746279018093038,0.24926330958163417,2008.2959265223285,1994.9137035848353,71.08533967860963,71.22798583459489,0.987312216155965,1.0000000187090325,0.27103810510055776,0.27175647971996575,0.0,8.510125742988706e-09,21,170,62,24,3,13,0,,,,,,0,,,,,,1,0.0,0.0,0.0,0.0,0.0,0,,,,,,1,1,0,8.637018771691417e-08,4.3986070119572673e-08,1.6691125811886053e-09,1.1102230246251565e-16,4.3986070119572673e-08,3.443229331676369e-05,1.9831604707254424e-05,4.975631210526083e-07,4.133843725662167e-09,1.9831604707254424e-05,8.062980520991409e-07,1.7819236464156063e-07,8.017060875165071e-09,1.6594422502791417e-09,1.7819236464156063e-07,1.725584825250241e-07,3.2770954727645574e-08,2.4888720348756052e-09,1.2543561467293074e-09,3.2770954727645574e-08,,,,,,,,,
2026-03-22T10:04:17Z,test_cases/pglib_opf_case2000_goc.mat,pglib_opf_case2000_goc,oracle_ac_constraint_dual__Va,oracle_ac_constraint_dual,constraint_only,ac_true,1,0,Va,1,,,optimal,ok,1,8004.895632437129,965427.578481388,120.60464280968027,0,0.014426231384277344,0.7686271667480469,10.000802040100098,10.769429206848145,10.769429206848145,10.783855438232422,acopf_acdc_paper_study/cases/pglib_opf_case2000_goc/logs/oracle_ac_constraint_dual__Va.log,0,110,2.0456908115372683e-08,2.613893546055124e-10,1.0402856887026246e-07,7.689767312004267e-08,7.689767312004267e-08,8.135,,,8.135,True,100.0,2000,3639,384,238,1010,1,177,1822,32972.9120006,8961.255528791,44578.846999999994,13166.993999999999,21683.502,-4939.474,3639,6,0,2,1,973432.4741138462,33750.01742543052,5583.8014167548035,0.9000000063552174,1.1000000102959822,1.0582251329729229,0.03462944884779569,-1.2354839008757368,0.11717709386472278,-0.4746279018122345,0.2492633095848734,2008.2959265239485,1994.9137035861856,71.0853396792624,71.22798583513902,0.9873122161517967,1.0000000187090334,0.27103810510026377,0.27175647971934674,0.0,8.510126103811189e-09,21,170,62,24,3,13,0,,,,,,0,,,,,,0,,,,,,1,0.0,0.0,0.0,0.0,0.0,1,1,0,8.64935508064011e-08,4.404921694067809e-08,1.6715012582423794e-09,1.1102230246251565e-16,4.404921694067809e-08,3.448631499196184e-05,1.986377005713802e-05,4.983133550792159e-07,4.1410497392257994e-09,1.986377005713802e-05,8.076073103153579e-07,1.7848184152846613e-07,8.030082070842326e-09,1.6629608801110862e-09,1.7848184152846613e-07,1.7281036708695289e-07,3.282382143865448e-08,2.4924771372102107e-09,1.2558725448474917e-09,3.282382143865448e-08,,,,,,,,,
2026-03-22T10:04:25Z,test_cases/pglib_opf_case2000_goc.mat,pglib_opf_case2000_goc,oracle_ac_constraint_dual__Pg_Qg,oracle_ac_constraint_dual,constraint_only,ac_true,1,0,Pg+Qg,2,,,optimal,ok,1,9330.545378677643,965427.5784811989,120.60464280965664,0,0.014426231384277344,0.7425239086151123,7.236851930618286,7.979375839233398,7.979375839233398,7.993802070617676,acopf_acdc_paper_study/cases/pglib_opf_case2000_goc/logs/oracle_ac_constraint_dual__Pg_Qg.log,0,76,1.495629660370593e-08,1.6401480174010885e-10,1.0402856887026246e-07,8.870282067203108e-08,8.870282067203108e-08,5.312,,,5.312,True,100.0,2000,3639,384,238,1010,1,177,1822,32972.9120006,8961.255528791,44578.846999999994,13166.993999999999,21683.502,-4939.474,3639,6,0,2,1,973432.474113657,33750.0174255163,5583.801412253563,0.9000000063552119,1.1000000102959822,1.0582251329896366,0.03462944889987577,-1.235483901467562,0.11717709378536381,-0.4746279019622573,0.24926330975323854,2008.2959266260143,1994.9137036713958,71.08533971049418,71.2279858612452,0.9873122159580207,1.0000000187090254,0.27103810508143156,0.2717564796851644,0.0,8.510122467830783e-09,21,170,62,24,3,13,1,0.0,0.0,0.0,0.0,0.0,1,0.0,0.0,0.0,0.0,0.0,0,,,,,,0,,,,,,1,1,0,9.270618179262796e-08,4.721281610109429e-08,1.7915905151458805e-09,1.1102230246251565e-16,4.721281610109429e-08,3.689015610795483e-05,2.1285926519731824e-05,5.305537906871043e-07,4.436986056344239e-09,2.1285926519731824e-05,8.654149073059612e-07,1.912601039766315e-07,8.604971590220334e-09,1.7986895306520978e-09,1.912601039766315e-07,1.8521732145561157e-07,3.517440150258011e-08,2.671420842222279e-09,1.3464166448429182e-09,3.517440150258011e-08,,,,,,,,,
2026-03-22T10:04:31Z,test_cases/pglib_opf_case2000_goc.mat,pglib_opf_case2000_goc,oracle_ac_constraint_dual__Pg_Vm,oracle_ac_constraint_dual,constraint_only,ac_true,1,0,Pg+Vm,2,,,optimal,ok,1,9330.54537879674,965427.5784936239,120.60464281120882,0,0.014426231384277344,0.4135711193084717,5.866325855255127,6.279896974563599,6.279896974563599,6.294323205947876,acopf_acdc_paper_study/cases/pglib_opf_case2000_goc/logs/oracle_ac_constraint_dual__Pg_Vm.log,0,53,9.833751343545997e-07,1.1251563902803241e-08,1.040285884101877e-07,1.8004835428649157e-07,9.833751343545997e-07,3.998,,,3.998,True,100.0,2000,3639,384,238,1010,1,177,1822,32972.9120006,8961.255528791,44578.846999999994,13166.993999999999,21683.502,-4939.474,3639,6,0,2,1,973432.474126082,33750.01741682562,5583.801662850663,0.9000000060304082,1.1000000102984682,1.0582251297557783,0.03462944242770758,-1.2354838466228089,0.11717710107433273,-0.47462788817396795,0.24926329406673559,2008.2959191054044,1994.9136973714108,71.08533670320269,71.22798334742292,0.987312233547,1.0000000187161542,0.2710381071009395,0.2717564831874535,0.0,8.51336506846323e-09,21,170,62,24,3,13,1,0.0,0.0,0.0,0.0,0.0,0,,,,,,1,0.0,0.0,0.0,0.0,0.0,0,,,,,,1,1,0,5.09862182500958e-07,2.606074305244732e-07,9.97438625148908e-09,4.728439861878542e-13,2.606074305244732e-07,0.00020005905311502168,0.00011634719892555934,2.840097074956144e-06,6.958082788850045e-08,0.00011634719892555934,4.9014620180646e-06,1.0398928536048402e-06,4.945654712629199e-08,8.00197141881398e-09,1.0398928536048402e-06,9.887777825609402e-07,1.9052287597576267e-07,1.4079182398669884e-08,6.9773195554567735e-09,1.9052287597576267e-07,,,,,,,,,
2026-03-22T10:04:38Z,test_cases/pglib_opf_case2000_goc.mat,pglib_opf_case2000_goc,oracle_ac_constraint_dual__Pg_Va,oracle_ac_constraint_dual,constraint_only,ac_true,1,0,Pg+Va,2,,,optimal,ok,1,9330.545378796854,965427.5784936355,120.60464281121027,0,0.014426231384277344,0.8015749454498291,5.253018856048584,6.054593801498413,6.054593801498413,6.06902003288269,acopf_acdc_paper_study/cases/pglib_opf_case2000_goc/logs/oracle_ac_constraint_dual__Pg_Va.log,0,43,9.88504684809559e-07,1.1865535665123161e-08,1.0402858308111718e-07,1.8058371684453367e-07,9.88504684809559e-07,3.377,,,3.377,False,100.0,2000,3639,384,238,1010,1,177,1822,32972.9120006,8961.255528791,44578.846999999994,13166.993999999999,21683.502,-4939.474,3639,6,0,2,1,973432.4741260937,33750.017416738025,5583.801654638668,0.9000000060303793,1.1000000102984682,1.058225129725141,0.034629442378373725,-1.2354838462953148,0.11717710108332799,-0.47462788811817475,0.24926329398060837,2008.295919148755,1994.9136974071475,71.08533669022233,71.2279833362696,0.9873122336252816,1.0000000187161826,0.2710381070865416,0.27175648317856643,0.0,8.513378085828194e-09,21,170,62,24,3,13,1,0.0,0.0,0.0,0.0,0.0,0,,,,,,0,,,,,,1,0.0,0.0,0.0,0.0,0.0,1,1,0,5.137794260643382e-07,2.6278113796074365e-07,1.004674575484993e-08,4.71289673953379e-13,2.6278113796074365e-07,0.00020154271503840818,0.0001171406029236155,2.8660388394604845e-06,7.02519187085679e-08,0.0001171406029236155,4.937221119761168e-06,1.047078042937244e-06,4.9791790882824926e-08,7.972846272075174e-09,1.047078042937244e-06,9.948649696684474e-07,1.9178850518830615e-07,1.4155600947237545e-08,7.003584601150692e-09,1.9178850518830615e-07,,,,,,,,,
2026-03-22T10:04:46Z,test_cases/pglib_opf_case2000_goc.mat,pglib_opf_case2000_goc,oracle_ac_constraint_dual__Qg_Vm,oracle_ac_constraint_dual,constraint_only,ac_true,1,0,Qg+Vm,2,,,optimal,ok,1,8004.895632437346,965427.578481414,120.60464280968351,0,0.014426231384277344,0.7806978225708008,7.256627082824707,8.037324905395508,8.037324905395508,8.051751136779785,acopf_acdc_paper_study/cases/pglib_opf_case2000_goc/logs/oracle_ac_constraint_dual__Qg_Vm.log,0,77,2.152991157008441e-08,2.7511476430319703e-10,1.0402856887026246e-07,7.700979479602112e-08,7.700979479602112e-08,5.384,,,5.384,False,100.0,2000,3639,384,238,1010,1,177,1822,32972.9120006,8961.255528791,44578.846999999994,13166.993999999999,21683.502,-4939.474,3639,6,0,2,1,973432.4741138722,33750.017425419166,5583.801417415418,0.9000000063552178,1.1000000102959822,1.0582251329707806,0.03462944884054829,-1.2354839007947247,0.11717709387617417,-0.4746279017914146,0.24926330956179366,2008.2959265093805,1994.9137035740391,71.08533967488844,71.22798583148791,0.9873122161791258,1.000000018709033,0.271038105102997,0.27175647972424427,0.0,8.51012590952216e-09,21,170,62,24,3,13,0,,,,,,1,0.0,0.0,0.0,0.0,0.0,1,0.0,0.0,0.0,0.0,0.0,0,,,,,,1,1,0,8.564628804854263e-08,4.361892380622123e-08,1.6552199618303539e-09,1.1102230246251565e-16,4.361892380622123e-08,3.41510261136192e-05,1.966383593882126e-05,4.939268750655317e-07,4.099152101089132e-09,1.966383593882126e-05,7.994812565018888e-07,1.7668535279291575e-07,7.949187798172997e-09,1.639718694157466e-09,1.7668535279291575e-07,1.7109057299343443e-07,3.2493282675627455e-08,2.4676161769311766e-09,1.24312132809834e-09,3.2493282675627455e-08,,,,,,,,,
2026-03-22T10:04:54Z,test_cases/pglib_opf_case2000_goc.mat,pglib_opf_case2000_goc,oracle_ac_constraint_dual__Qg_Va,oracle_ac_constraint_dual,constraint_only,ac_true,1,0,Qg+Va,2,,,optimal,ok,1,8004.895632437129,965427.5784813878,120.60464280968024,0,0.014426231384277344,0.7631978988647461,7.730147838592529,8.493345737457275,8.493345737457275,8.507771968841553,acopf_acdc_paper_study/cases/pglib_opf_case2000_goc/logs/oracle_ac_constraint_dual__Qg_Va.log,0,83,2.0523366454647802e-08,2.6206575798326526e-10,1.0402856887026246e-07,7.690391769626061e-08,7.690391769626061e-08,5.857,,,5.857,False,100.0,2000,3639,384,238,1010,1,177,1822,32972.9120006,8961.255528791,44578.846999999994,13166.993999999999,21683.502,-4939.474,3639,6,0,2,1,973432.474113846,33750.01742542979,5583.801416787143,0.9000000063552177,1.1000000102959822,1.0582251329727883,0.034629448847412356,-1.2354839008709873,0.11717709386533558,-0.47462790181104497,0.2492633095835363,2008.2959265231966,1994.913703585559,71.08533967901977,71.22798583493615,0.987312216153328,1.0000000187090332,0.27103810510040377,0.2717564797196058,0.0,8.510125992788886e-09,21,170,62,24,3,13,0,,,,,,1,0.0,0.0,0.0,0.0,0.0,0,,,,,,1,0.0,0.0,0.0,0.0,0.0,1,1,0,8.644419040786098e-08,4.402378883661129e-08,1.6705494637809732e-09,1.1102230246251565e-16,4.402378883661129e-08,3.4467780859202115e-05,1.9852634037753614e-05,4.980749601805081e-07,4.138800011044275e-09,1.9852634037753614e-05,8.071571849744099e-07,1.783816254707915e-07,8.025612623974165e-09,1.6614132292147588e-09,1.783816254707915e-07,1.7271252481269462e-07,3.280541105432633e-08,2.4910634010000536e-09,1.255160309021619e-09,3.280541105432633e-08,,,,,,,,,
2026-03-22T10:05:07Z,test_cases/pglib_opf_case2000_goc.mat,pglib_opf_case2000_goc,oracle_ac_constraint_dual__Vm_Va,oracle_ac_constraint_dual,constraint_only,ac_true,1,0,Vm+Va,2,,,optimal,ok,1,8004.895632443292,965427.5784821372,120.60464280977385,0,0.014426231384277344,0.8098571300506592,12.135103940963745,12.944961071014404,12.944961071014404,12.959387302398682,acopf_acdc_paper_study/cases/pglib_opf_case2000_goc/logs/oracle_ac_constraint_dual__Vm_Va.log,0,119,5.107540534895498e-08,6.537400620842959e-10,1.0402856887026246e-07,8.010401704203353e-08,8.010401704203353e-08,10.264,,,10.264,False,100.0,2000,3639,384,238,1010,1,177,1822,32972.9120006,8961.255528791,44578.846999999994,13166.993999999999,21683.502,-4939.474,3639,6,0,2,1,973432.4741145953,33750.0174250908,5583.8014355439855,0.9000000063552305,1.1000000102959822,1.0582251329091656,0.034629448640742466,-1.2354838985083112,0.11717709418620308,-0.4746279012095542,0.24926330891080173,2008.2959261073577,1994.9137032385497,71.08533955370105,71.22798573022479,0.9873122169324298,1.000000018709066,0.2710381051769778,0.2717564798579026,0.0,8.510140980799719e-09,21,170,62,24,3,13,0,,,,,,0,,,,,,1,0.0,0.0,0.0,0.0,0.0,1,0.0,0.0,0.0,0.0,0.0,1,1,0,6.167895644652421e-08,3.142724414040288e-08,1.192793617546271e-09,5.551115123125783e-17,3.142724414040288e-08,2.4967410110811827e-05,1.4150561110648496e-05,3.728739719822412e-07,2.958810155218039e-09,1.4150561110648496e-05,5.754490314806911e-07,1.2714788555356904e-07,5.720175621948265e-09,1.1734589966394537e-09,1.2714788555356904e-07,1.2303899832307934e-07,2.337737065039036e-08,1.7739801131974685e-09,8.903356940592744e-10,2.337737065039036e-08,,,,,,,,,
2026-03-22T10:05:13Z,test_cases/pglib_opf_case2000_goc.mat,pglib_opf_case2000_goc,oracle_ac_constraint_dual__Pg_Qg_Vm,oracle_ac_constraint_dual,constraint_only,ac_true,1,0,Pg+Qg+Vm,3,,,optimal,ok,1,9330.545378796438,965427.5784935923,120.60464281120487,0,0.014426231384277344,0.7865829467773438,5.465031862258911,6.251614809036255,6.251614809036255,6.266041040420532,acopf_acdc_paper_study/cases/pglib_opf_case2000_goc/logs/oracle_ac_constraint_dual__Pg_Qg_Vm.log,0,50,9.831036220242935e-07,1.1253231901875438e-08,1.0402858308111718e-07,1.800451492964177e-07,9.831036220242935e-07,3.589,,,3.589,False,100.0,2000,3639,384,238,1010,1,177,1822,32972.9120006,8961.255528791,44578.846999999994,13166.993999999999,21683.502,-4939.474,3639,6,0,2,1,973432.4741260505,33750.017416821946,5583.801662807083,0.9000000060304612,1.100000010298468,1.0582251297562855,0.034629442428599604,-1.2354838466287836,0.11717710106991576,-0.47462788817619633,0.24926329406826128,2008.2959191131663,1994.9136973786628,71.08533670321023,71.22798334741576,0.9873122335476926,1.000000018716182,0.2710381071007366,0.27175648318722095,0.0,8.51337772500571e-09,21,170,62,24,3,13,1,0.0,0.0,0.0,0.0,0.0,1,0.0,0.0,0.0,0.0,0.0,1,0.0,0.0,0.0,0.0,0.0,0,,,,,,1,1,0,5.096634014226822e-07,2.6058847035770327e-07,9.957486351351679e-09,4.707345624410664e-13,2.6058847035770327e-07,0.0002000506238636991,0.00011634243419339496,2.839974544204504e-06,6.957146648362e-08,0.00011634243419339496,4.901206834300968e-06,1.0398533840660917e-06,4.94539239520031e-08,8.001169282678688e-09,1.0398533840660917e-06,9.886490891560942e-07,1.9050786265184527e-07,1.4075720960171937e-08,6.9734124030773614e-09,1.9050786265184527e-07,,,,,,,,,
2026-03-22T10:05:19Z,test_cases/pglib_opf_case2000_goc.mat,pglib_opf_case2000_goc,oracle_ac_constraint_dual__Pg_Qg_Va,oracle_ac_constraint_dual,constraint_only,ac_true,1,0,Pg+Qg+Va,3,,,optimal,ok,1,9330.545378800636,965427.57849403,120.60464281125955,0,0.014426231384277344,0.7573931217193604,4.908727169036865,5.666120290756226,5.666120290756226,5.680546522140503,acopf_acdc_paper_study/cases/pglib_opf_case2000_goc/logs/oracle_ac_constraint_dual__Pg_Qg_Va.log,0,42,9.2221056123436e-07,1.0612521972319655e-08,1.0402859373925821e-07,1.8073815946628712e-07,9.2221056123436e-07,3.035,,,3.035,False,100.0,2000,3639,384,238,1010,1,177,1822,32972.9120006,8961.255528791,44578.846999999994,13166.993999999999,21683.502,-4939.474,3639,6,0,2,1,973432.4741264882,33750.01741611627,5583.801668457255,0.9000000059535982,1.100000010305574,1.0582251298311764,0.034629444166452916,-1.2354838380418753,0.11717710093510904,-0.47462788670374345,0.2492632920378863,2008.295917951392,1994.9136964042882,71.08533668652031,71.2279833331128,0.9873122351143953,1.0000000187093252,0.2710381073292813,0.2717564834196638,0.0,8.510258858729358e-09,21,170,62,24,3,13,1,0.0,0.0,0.0,0.0,0.0,1,0.0,0.0,0.0,0.0,0.0,0,,,,,,1,0.0,0.0,0.0,0.0,0.0,1,1,0,5.569451225869588e-07,3.024912194060647e-07,1.0565895080896151e-08,6.851186284961841e-13,3.024912194060647e-07,0.0002018535379246043,0.00011746774116477843,2.8722478299982906e-06,7.461419344878539e-08,0.00011746774116477843,4.806510887102983e-06,1.0588950256629204e-06,4.808718181015248e-08,9.458484329094574e-09,1.0588950256629204e-06,1.0791740618994262e-06,1.9282487523364367e-07,1.5660369790718605e-08,8.214432273279115e-09,1.9282487523364367e-07,,,,,,,,,
2026-03-22T10:05:26Z,test_cases/pglib_opf_case2000_goc.mat,pglib_opf_case2000_goc,oracle_ac_constraint_dual__Pg_Vm_Va,oracle_ac_constraint_dual,constraint_only,ac_true,1,0,Pg+Vm+Va,3,,,optimal,ok,1,9330.545378681156,965427.5784815653,120.60464280970241,0,0.014426231384277344,0.8046789169311523,5.748091220855713,6.552770137786865,6.552770137786865,6.567196369171143,acopf_acdc_paper_study/cases/pglib_opf_case2000_goc/logs/oracle_ac_constraint_dual__Pg_Vm_Va.log,0,52,3.230708815877376e-08,3.5487363048147813e-10,1.0402856887026246e-07,9.052012144052445e-08,9.052012144052445e-08,3.875,,,3.875,True,100.0,2000,3639,384,238,1010,1,177,1822,32972.9120006,8961.255528791,44578.846999999994,13166.993999999999,21683.502,-4939.474,3639,6,0,2,1,973432.4741140235,33750.0174253501,5583.801421322422,0.9000000063552182,1.1000000102959822,1.0582251329583392,0.03462944879899953,-1.235483900313188,0.11717709394140245,-0.4746279016687785,0.24926330942462183,2008.295926424051,1994.9137035028336,71.08533964938984,71.22798581018058,0.9873122163376472,1.0000000187090423,0.27103810511854565,0.27175647975235045,0.0,8.510130183880804e-09,21,170,62,24,3,13,1,0.0,0.0,0.0,0.0,0.0,0,,,,,,1,0.0,0.0,0.0,0.0,0.0,1,0.0,0.0,0.0,0.0,0.0,1,1,0,8.060251172867487e-08,4.105434725509838e-08,1.5579452322570897e-09,1.1102230246251565e-16,4.105434725509838e-08,3.2228316235011935e-05,1.850590967295007e-05,4.6947763129093996e-07,3.861369043955953e-09,1.850590967295007e-05,7.524437854932246e-07,1.6628123788997584e-07,7.481053351021671e-09,1.5399261865667313e-09,1.6628123788997584e-07,1.6097469712340556e-07,3.057801628569834e-08,2.321558605407624e-09,1.1683878864410246e-09,3.057801628569834e-08,,,,,,,,,
2026-03-22T10:05:38Z,test_cases/pglib_opf_case2000_goc.mat,pglib_opf_case2000_goc,oracle_ac_constraint_dual__Qg_Vm_Va,oracle_ac_constraint_dual,constraint_only,ac_true,1,0,Qg+Vm+Va,3,,,optimal,ok,1,8004.89563243712,965427.5784813864,120.60464280968007,0,0.014426231384277344,0.7785699367523193,11.833308219909668,12.611878156661987,12.611878156661987,12.626304388046265,acopf_acdc_paper_study/cases/pglib_opf_case2000_goc/logs/oracle_ac_constraint_dual__Qg_Vm_Va.log,0,135,2.0458589048538458e-08,2.6136992570258144e-10,1.0402856887026246e-07,7.689768853651035e-08,7.689768853651035e-08,9.952,,,9.952,True,100.0,2000,3639,384,238,1010,1,177,1822,32972.9120006,8961.255528791,44578.846999999994,13166.993999999999,21683.502,-4939.474,3639,6,0,2,1,973432.4741138446,33750.01742543042,5583.801416753485,0.9000000063552174,1.1000000102959822,1.058225132972918,0.03462944884779271,-1.2354839008754928,0.11717709386470955,-0.4746279018122031,0.24926330958481605,2008.2959265239842,1994.9137035862143,71.08533967925867,71.22798583513521,0.987312216151798,1.0000000187090334,0.27103810510026055,0.27175647971934364,0.0,8.510126103811189e-09,21,170,62,24,3,13,0,,,,,,1,0.0,0.0,0.0,0.0,0.0,1,0.0,0.0,0.0,0.0,0.0,1,0.0,0.0,0.0,0.0,0.0,1,1,0,8.649102275032678e-08,4.4047762548515834e-08,1.6714576733587781e-09,1.1102230246251565e-16,4.4047762548515834e-08,3.448556198793146e-05,1.986374527451762e-05,4.98277185326682e-07,4.141178455707717e-09,1.986374527451762e-05,8.076060200144408e-07,1.7848165678735484e-07,8.0300694280111e-09,1.6630250510019096e-09,1.7848165678735484e-07,1.728079332605782e-07,3.282377830648997e-08,2.4924459165882026e-09,1.2558720730027062e-09,3.282377830648997e-08,,,,,,,,,
2026-03-22T10:05:41Z,test_cases/pglib_opf_case2000_goc.mat,pglib_opf_case2000_goc,oracle_ac_constraint_dual__Pg_Qg_Vm_Va,oracle_ac_constraint_dual,constraint_only,ac_true,1,0,Pg+Qg+Vm+Va,4,,,optimal,ok,1,9330.545378796594,965427.5784936085,120.60464281120689,0,0.014426231384277344,0.7626030445098877,2.388564109802246,3.151167154312134,3.151167154312134,3.165593385696411,acopf_acdc_paper_study/cases/pglib_opf_case2000_goc/logs/oracle_ac_constraint_dual__Pg_Qg_Vm_Va.log,0,5,9.836826833736486e-07,1.1252277332118865e-08,1.0402858485747402e-07,1.8009254816600853e-07,9.836826833736486e-07,0.515,,,0.515,False,100.0,2000,3639,384,238,1010,1,177,1822,32972.9120006,8961.255528791,44578.846999999994,13166.993999999999,21683.502,-4939.474,3639,6,0,2,1,973432.4741260667,33750.01741681735,5583.801663069006,0.9000000060304425,1.100000010298468,1.0582251297551861,0.03462944242580272,-1.2354838465972875,0.11717710107370184,-0.4746278881684872,0.24926329405929176,2008.2959191068976,1994.9136973733928,71.0853367015864,71.22798334604178,0.9873122335573375,1.0000000187163034,0.2710381071016617,0.27175648318888146,0.0,8.513432986356761e-09,21,170,62,24,3,13,1,0.0,0.0,0.0,0.0,0.0,1,0.0,0.0,0.0,0.0,0.0,1,0.0,0.0,0.0,0.0,0.0,1,0.0,0.0,0.0,0.0,0.0,1,1,0,5.099988158779368e-07,2.6076025250176826e-07,9.964239441815667e-09,4.715394741339196e-13,2.6076025250176826e-07,0.00020016940603816074,0.00011641261855216412,2.8414634001275547e-06,6.957190024688836e-08,0.00011641261855216412,4.9040069874597864e-06,1.040484169934075e-06,4.94816099057549e-08,8.007871921122955e-09,1.040484169934075e-06,9.892865229303696e-07,1.9062392037083598e-07,1.4084904141447348e-08,6.9776940336829796e-09,1.9062392037083598e-07,,,,,,,,,
2026-03-22T10:05:49Z,test_cases/pglib_opf_case2000_goc.mat,pglib_opf_case2000_goc,oracle_ac_bounds_dual__Pg,oracle_ac_bounds_dual,bounds_only,ac_true,1,0,Pg,1,,,optimal,ok,1,9330.545378797784,965427.5784937331,120.60464281122245,0,0.014426231384277344,0.7988178730010986,6.757800102233887,7.556617975234985,7.556617975234985,7.571044206619263,acopf_acdc_paper_study/cases/pglib_opf_case2000_goc/logs/oracle_ac_bounds_dual__Pg.log,0,74,9.838796540421163e-07,1.1234098762358258e-08,1.0402860084468557e-07,1.8004724499277016e-07,9.838796540421163e-07,4.893,,,4.893,False,100.0,2000,3639,384,238,1010,1,177,1822,32972.9120006,8961.255528791,44578.846999999994,13166.993999999999,21683.502,-4939.474,3639,6,0,2,1,973432.4741261912,33750.01741684296,5583.801663134511,0.9000000060302824,1.1000000102984688,1.0582251297557546,0.03462944242670756,-1.2354838466084597,0.1171771010909191,-0.4746278881660622,0.2492632940632988,2008.2959190792212,1994.91369734655,71.0853367037718,71.22798334802056,0.9873122335423756,1.0000000187160876,0.271038107102115,0.27175648318870893,0.0,8.513334814885809e-09,21,170,62,24,3,13,1,0.0,0.0,0.0,0.0,0.0,0,,,,,,0,,,,,,0,,,,,,0,0,1,5.106483225265074e-07,2.606090399037697e-07,1.004062171783043e-08,5.834534244630873e-13,2.606090399037697e-07,0.0002000541370839689,0.00011634556704659405,2.839912508193109e-06,6.958823872259962e-08,0.00011634556704659405,4.9015541704775955e-06,1.039863276819375e-06,4.945894447005994e-08,8.005225260454552e-09,1.039863276819375e-06,9.891257802901358e-07,1.9055130162648481e-07,1.4091175847258992e-08,6.982584621617605e-09,1.9055130162648481e-07,,,,,,,,,
2026-03-22T10:06:02Z,test_cases/pglib_opf_case2000_goc.mat,pglib_opf_case2000_goc,oracle_ac_bounds_dual__Qg,oracle_ac_bounds_dual,bounds_only,ac_true,1,0,Qg,1,,,optimal,ok,1,8004.8956324371175,965427.578481386,120.60464280968,0,0.014426231384277344,0.7707328796386719,12.51402997970581,13.284762859344482,13.284762859344482,13.29918909072876,acopf_acdc_paper_study/cases/pglib_opf_case2000_goc/logs/oracle_ac_bounds_dual__Qg.log,0,163,2.0470097686439635e-08,2.615071492684251e-10,1.0402856887026246e-07,7.689885630823853e-08,7.689885630823853e-08,10.656,,,10.656,False,100.0,2000,3639,384,238,1010,1,177,1822,32972.9120006,8961.255528791,44578.846999999994,13166.993999999999,21683.502,-4939.474,3639,6,0,2,1,973432.4741138441,33750.01742543103,5583.80141676515,0.9000000063552174,1.1000000102959822,1.0582251329730292,0.03462944884771219,-1.2354839008771226,0.11717709386505487,-0.47462790181236203,0.2492633095852588,2008.2959265237068,1994.9137035860026,71.08533967924937,71.22798583513398,0.9873122161521157,1.0000000187090332,0.2710381051003456,0.2717564797194515,0.0,8.510125992788886e-09,21,170,62,24,3,13,0,,,,,,1,0.0,0.0,0.0,0.0,0.0,0,,,,,,0,,,,,,0,0,1,8.650884306522867e-08,4.4057976156253176e-08,1.6718813703839552e-09,1.1102230246251565e-16,4.4057976156253176e-08,3.448276212584213e-05,1.98616383441097e-05,4.982638356373837e-07,4.1409723289254075e-09,1.98616383441097e-05,8.075201285752163e-07,1.7846236688434658e-07,8.029172245349604e-09,1.6625816279258743e-09,1.7846236688434658e-07,1.7281981441402298e-07,3.2820305695402396e-08,2.492566320870179e-09,1.2557872242080492e-09,3.2820305695402396e-08,,,,,,,,,
2026-03-22T10:06:16Z,test_cases/pglib_opf_case2000_goc.mat,pglib_opf_case2000_goc,oracle_ac_bounds_dual__Vm,oracle_ac_bounds_dual,bounds_only,ac_true,1,0,Vm,1,,,optimal,ok,1,8004.895632437129,965427.5784813875,120.6046428096802,0,0.014426231384277344,0.759005069732666,13.033469915390015,13.79247498512268,13.79247498512268,13.806901216506958,acopf_acdc_paper_study/cases/pglib_opf_case2000_goc/logs/oracle_ac_bounds_dual__Vm.log,0,165,2.0458598402855655e-08,2.6136814934574204e-10,1.0402856887026246e-07,7.689768241639683e-08,7.689768241639683e-08,11.159,,,11.159,False,100.0,2000,3639,384,238,1010,1,177,1822,32972.9120006,8961.255528791,44578.846999999994,13166.993999999999,21683.502,-4939.474,3639,6,0,2,1,973432.4741138456,33750.01742543104,5583.8014167574265,0.9000000063552174,1.1000000102959822,1.0582251329730061,0.03462944884779206,-1.2354839008775247,0.1171770938649309,-0.47462790181249437,0.2492633095853768,2008.2959265239424,1994.9137035861913,71.08533967928163,71.22798583515866,0.9873122161518155,1.000000018709033,0.27103810510031306,0.27175647971939654,0.0,8.51012590952216e-09,21,170,62,24,3,13,0,,,,,,0,,,,,,1,0.0,0.0,0.0,0.0,0.0,0,,,,,,0,0,1,8.651389340548298e-08,4.406028875081347e-08,1.6719581656009662e-09,1.1102230246251565e-16,4.406028875081347e-08,3.448627907012168e-05,1.9863737097725043e-05,4.983124041404295e-07,4.140426959620136e-09,1.9863737097725043e-05,8.07604675383336e-07,1.7848150513088967e-07,8.030013649851232e-09,1.6628901589044176e-09,1.7848150513088967e-07,1.728319198405622e-07,3.2823781193069834e-08,2.4927532168340807e-09,1.2559181195026525e-09,3.2823781193069834e-08,,,,,,,,,
2026-03-22T10:06:35Z,test_cases/pglib_opf_case2000_goc.mat,pglib_opf_case2000_goc,oracle_ac_bounds_dual__Va,oracle_ac_bounds_dual,bounds_only,ac_true,1,0,Va,1,,,optimal,ok,1,8004.895632437119,965427.5784813864,120.60464280968007,0,0.014426231384277344,0.6403181552886963,17.74713706970215,18.387455224990845,18.387455224990845,18.401881456375122,acopf_acdc_paper_study/cases/pglib_opf_case2000_goc/logs/oracle_ac_bounds_dual__Va.log,0,235,2.0562299693212183e-08,2.628282591565778e-10,1.0402856887026246e-07,7.690902627451976e-08,7.690902627451976e-08,15.888,,,15.888,True,100.0,2000,3639,384,238,1010,1,177,1822,32972.9120006,8961.255528791,44578.846999999994,13166.993999999999,21683.502,-4939.474,3639,6,0,2,1,973432.4741138446,33750.017425429214,5583.801416825816,0.900000006355218,1.1000000102959822,1.0582251329727184,0.034629448847080635,-1.2354839008673175,0.1171770938658657,-0.47462790181007947,0.24926330958247228,2008.2959265224504,1994.9137035849376,71.08533967881593,71.22798583476607,0.9873122161545811,1.0000000187090337,0.27103810510054344,0.2717564797198466,0.0,8.51012615932234e-09,21,170,62,24,3,13,0,,,,,,0,,,,,,0,,,,,,1,0.0,0.0,0.0,0.0,0.0,0,0,1,8.640580305957252e-08,4.40045606620032e-08,1.6698106203874108e-09,1.1102230246251565e-16,4.40045606620032e-08,3.4452650193850164e-05,1.9843526641749598e-05,4.978879926249201e-07,4.1368691944265734e-09,1.9843526641749598e-05,8.067853868087029e-07,1.7829992104978487e-07,8.02189875420689e-09,1.6601903185531341e-09,1.7829992104978487e-07,1.7263315093943516e-07,3.279033244929508e-08,2.4899149081366333e-09,1.2545482430681432e-09,3.279033244929508e-08,,,,,,,,,
2026-03-22T10:06:45Z,test_cases/pglib_opf_case2000_goc.mat,pglib_opf_case2000_goc,oracle_ac_bounds_dual__Pg_Qg,oracle_ac_bounds_dual,bounds_only,ac_true,1,0,Pg+Qg,2,,,optimal,ok,1,9330.545378797864,965427.5784937419,120.60464281122356,0,0.014426231384277344,0.7883090972900391,9.461743831634521,10.25005292892456,10.25005292892456,10.264479160308838,acopf_acdc_paper_study/cases/pglib_opf_case2000_goc/logs/oracle_ac_bounds_dual__Pg_Qg.log,0,103,9.115571755351661e-07,1.0502735570128152e-08,1.0402859551561505e-07,1.8085855563696387e-07,9.115571755351661e-07,7.595,,,7.595,True,100.0,2000,3639,384,238,1010,1,177,1822,32972.9120006,8961.255528791,44578.846999999994,13166.993999999999,21683.502,-4939.474,3639,6,0,2,1,973432.4741262001,33750.01741575156,5583.801669468247,0.900000005940244,1.10000001030681,1.0582251298530236,0.034629445020474076,-1.2354838337154006,0.11717710085010326,-0.4746278859873632,0.24926329103587486,2008.2959174095909,1994.913695950381,71.08533668556692,71.22798333210757,0.987312235848507,1.0000000187090134,0.27103810743276086,0.2717564835213834,0.0,8.510117055493538e-09,21,170,62,24,3,13,1,0.0,0.0,0.0,0.0,0.0,1,0.0,0.0,0.0,0.0,0.0,0,,,,,,0,,,,,,0,0,1,5.808847605943237e-07,3.2368750102484967e-07,1.0870286410935711e-08,7.247535904753022e-13,3.2368750102484967e-07,0.00020220194765688707,0.00011769654139082153,2.881802844987518e-06,7.356384001955263e-08,0.00011769654139082153,4.759589397382424e-06,1.0652983473136146e-06,4.7301437530677945e-08,9.818831081531698e-09,1.0652983473136146e-06,1.1256674389728789e-06,1.9341819040841202e-07,1.6431454387615335e-08,8.85121134719391e-09,1.9341819040841202e-07,,,,,,,,,
2026-03-22T10:06:53Z,test_cases/pglib_opf_case2000_goc.mat,pglib_opf_case2000_goc,oracle_ac_bounds_dual__Pg_Vm,oracle_ac_bounds_dual,bounds_only,ac_true,1,0,Pg+Vm,2,,,optimal,ok,1,9330.545378796514,965427.5784936002,120.60464281120586,0,0.014426231384277344,0.7445709705352783,7.022643804550171,7.767214775085449,7.767214775085449,7.781641006469727,acopf_acdc_paper_study/cases/pglib_opf_case2000_goc/logs/oracle_ac_bounds_dual__Pg_Vm.log,0,76,9.831730204670846e-07,1.1251553688751414e-08,1.0402858485747402e-07,1.800453527483948e-07,9.831730204670846e-07,5.151,,,5.151,False,100.0,2000,3639,384,238,1010,1,177,1822,32972.9120006,8961.255528791,44578.846999999994,13166.993999999999,21683.502,-4939.474,3639,6,0,2,1,973432.4741260584,33750.01741682283,5583.80166285428,0.9000000060304448,1.100000010298468,1.0582251297560459,0.03462944242830511,-1.2354838466270133,0.117177101071056,-0.47462788817554713,0.24926329406780592,2008.2959191108203,1994.9136973765158,71.08533670317819,71.22798334738309,0.9873122335474923,1.000000018716173,0.27103810710083964,0.27175648318730733,0.0,8.513373700447247e-09,21,170,62,24,3,13,1,0.0,0.0,0.0,0.0,0.0,0,,,,,,1,0.0,0.0,0.0,0.0,0.0,0,,,,,,0,0,1,5.097117800806686e-07,2.6059461544214457e-07,9.961606221420317e-09,4.704292511092945e-13,2.6059461544214457e-07,0.00020005100660426127,0.00011634275295091534,2.839971377714199e-06,6.957307715355077e-08,0.00011634275295091534,4.9012186930220835e-06,1.0398559995294931e-06,4.945395807692821e-08,8.001727280770865e-09,1.0398559995294931e-06,9.886835139678126e-07,1.905102461341457e-07,1.4076621590751925e-08,6.974384292313118e-09,1.905102461341457e-07,,,,,,,,,
2026-03-22T10:07:01Z,test_cases/pglib_opf_case2000_goc.mat,pglib_opf_case2000_goc,oracle_ac_bounds_dual__Pg_Va,oracle_ac_bounds_dual,bounds_only,ac_true,1,0,Pg+Va,2,,,optimal,ok,1,9330.545378796693,965427.578493619,120.60464281120821,0,0.014426231384277344,0.7951841354370117,7.77364706993103,8.568831205368042,8.568831205368042,8.58325743675232,acopf_acdc_paper_study/cases/pglib_opf_case2000_goc/logs/oracle_ac_bounds_dual__Pg_Va.log,0,90,9.819361211479914e-07,1.1236743757692125e-08,1.0402858308111718e-07,1.8002859605316185e-07,9.819361211479914e-07,5.907,,,5.907,False,100.0,2000,3639,384,238,1010,1,177,1822,32972.9120006,8961.255528791,44578.846999999994,13166.993999999999,21683.502,-4939.474,3639,6,0,2,1,973432.4741260771,33750.017416830815,5583.80166289127,0.9000000060293458,1.1000000102985703,1.0582251297572256,0.0346294424168526,-1.235483846716462,0.11717710107028244,-0.4746278881904882,0.24926329408815498,2008.2959191220477,1994.9136973860732,71.0853367035736,71.22798334771252,0.9873122335330176,1.0000000187160196,0.2710381070993447,0.27175648318564616,0.0,8.513303839663422e-09,21,170,62,24,3,13,1,0.0,0.0,0.0,0.0,0.0,0,,,,,,0,,,,,,1,0.0,0.0,0.0,0.0,0.0,0,0,1,5.091683790410074e-07,2.6014511345096025e-07,9.950648446153382e-09,4.643785356250874e-13,2.6014511345096025e-07,0.0002000063189408416,0.00011631701796782634,2.8392929458211834e-06,6.957214736345169e-08,0.00011631701796782634,4.9012798985643684e-06,1.0395591960588035e-06,4.9457297673916045e-08,7.989972683475344e-09,1.0395591960588035e-06,9.87749270727511e-07,1.9046353516571912e-07,1.4060405466836142e-08,6.958823628444577e-09,1.9046353516571912e-07,,,,,,,,,
2026-03-22T10:07:16Z,test_cases/pglib_opf_case2000_goc.mat,pglib_opf_case2000_goc,oracle_ac_bounds_dual__Qg_Vm,oracle_ac_bounds_dual,bounds_only,ac_true,1,0,Qg+Vm,2,,,optimal,ok,1,8004.895632437097,965427.5784813839,120.60464280967975,0,0.014426231384277344,0.7678561210632324,13.695518016815186,14.463374137878418,14.463374137878418,14.477800369262695,acopf_acdc_paper_study/cases/pglib_opf_case2000_goc/logs/oracle_ac_bounds_dual__Qg_Vm.log,0,169,2.045945772047082e-08,2.613755323288558e-10,1.0402856887026246e-07,7.689768136406189e-08,7.689768136406189e-08,11.829,,,11.829,False,100.0,2000,3639,384,238,1010,1,177,1822,32972.9120006,8961.255528791,44578.846999999994,13166.993999999999,21683.502,-4939.474,3639,6,0,2,1,973432.474113842,33750.017425430946,5583.801416757566,0.9000000063552174,1.1000000102959822,1.0582251329730092,0.03462944884779148,-1.235483900877526,0.11717709386493606,-0.47462790181249154,0.24926330958537463,2008.2959265239701,1994.9137035862154,71.08533967928172,71.22798583515876,0.9873122161518161,1.000000018709033,0.2710381051003128,0.27175647971939626,0.0,8.51012590952216e-09,21,170,62,24,3,13,0,,,,,,1,0.0,0.0,0.0,0.0,0.0,1,0.0,0.0,0.0,0.0,0.0,0,,,,,,0,0,1,8.651425512746182e-08,4.406039599835765e-08,1.6719636211167905e-09,1.1102230246251565e-16,4.406039599835765e-08,3.448628076586463e-05,1.986373863432922e-05,4.983123984023388e-07,4.140430207022483e-09,1.986373863432922e-05,8.076046153322658e-07,1.784815157890307e-07,8.030011469650767e-09,1.6628928234396767e-09,1.784815157890307e-07,1.7283170264485182e-07,3.282378868707525e-08,2.492749423306062e-09,1.2559143169887932e-09,3.282378868707525e-08,,,,,,,,,
2026-03-22T10:07:39Z,test_cases/pglib_opf_case2000_goc.mat,pglib_opf_case2000_goc,oracle_ac_bounds_dual__Qg_Va,oracle_ac_bounds_dual,bounds_only,ac_true,1,0,Qg+Va,2,,,optimal,ok,1,8004.89563243712,965427.5784813863,120.60464280968006,0,0.014426231384277344,0.7518179416656494,22.378124952316284,23.129942893981934,23.129942893981934,23.14436912536621,acopf_acdc_paper_study/cases/pglib_opf_case2000_goc/logs/oracle_ac_bounds_dual__Qg_Va.log,0,293,2.0457827965084847e-08,2.613932958972498e-10,1.0402856887026246e-07,7.68976501817882e-08,7.68976501817882e-08,20.455,,,20.455,True,100.0,2000,3639,384,238,1010,1,177,1822,32972.9120006,8961.255528791,44578.846999999994,13166.993999999999,21683.502,-4939.474,3639,6,0,2,1,973432.4741138445,33750.01742543051,5583.801416761791,0.9000000063552174,1.1000000102959822,1.058225132972935,0.034629448847809545,-1.2354839008757605,0.11717709386473735,-0.47462790181222475,0.24926330958487947,2008.2959265239172,1994.9137035861615,71.08533967926076,71.22798583513786,0.9873122161518102,1.0000000187090323,0.2710381051002789,0.2717564797193633,0.0,8.510125576455252e-09,21,170,62,24,3,13,0,,,,,,1,0.0,0.0,0.0,0.0,0.0,0,,,,,,1,0.0,0.0,0.0,0.0,0.0,0,0,1,8.649419456738195e-08,4.404952558267894e-08,1.6715233852671484e-09,1.1102230246251565e-16,4.404952558267894e-08,3.4486392997098685e-05,1.9863811504372553e-05,4.983179669420194e-07,4.141097575960373e-09,1.9863811504372553e-05,8.076091454438533e-07,1.7848224342920105e-07,8.030097690181481e-09,1.6629405630297356e-09,1.7848224342920105e-07,1.7281042650076967e-07,3.2823870066422955e-08,2.4924728204137784e-09,1.2558416251362559e-09,3.2823870066422955e-08,,,,,,,,,
2026-03-22T10:07:56Z,test_cases/pglib_opf_case2000_goc.mat,pglib_opf_case2000_goc,oracle_ac_bounds_dual__Vm_Va,oracle_ac_bounds_dual,bounds_only,ac_true,1,0,Vm+Va,2,,,optimal,ok,1,8004.895632437127,965427.578481387,120.60464280968014,0,0.014426231384277344,0.4226796627044678,16.635963916778564,17.058643579483032,17.058643579483032,17.07306981086731,acopf_acdc_paper_study/cases/pglib_opf_case2000_goc/logs/oracle_ac_bounds_dual__Vm_Va.log,0,213,2.0554950058389917e-08,2.625673567457909e-10,1.0402856887026246e-07,7.690776208855504e-08,7.690776208855504e-08,14.758,,,14.758,True,100.0,2000,3639,384,238,1010,1,177,1822,32972.9120006,8961.255528791,44578.846999999994,13166.993999999999,21683.502,-4939.474,3639,6,0,2,1,973432.4741138451,33750.017425429316,5583.801416810264,0.9000000063552176,1.1000000102959822,1.0582251329727121,0.034629448847150614,-1.2354839008680571,0.11717709386570978,-0.47462790181031916,0.24926330958270432,2008.2959265227096,1994.9137035851522,71.08533967886584,71.22798583480694,0.9873122161542494,1.0000000187090332,0.2710381051004936,0.2717564797197701,0.0,8.510125992788886e-09,21,170,62,24,3,13,0,,,,,,0,,,,,,1,0.0,0.0,0.0,0.0,0.0,1,0.0,0.0,0.0,0.0,0.0,0,0,1,8.641301634736419e-08,4.4007986366167984e-08,1.6699519690382153e-09,1.1102230246251565e-16,4.4007986366167984e-08,3.4456816066442696e-05,1.984578304670137e-05,4.979523447071276e-07,4.1376910092649766e-09,1.984578304670137e-05,8.068770636898664e-07,1.7832020349217714e-07,8.022818061115267e-09,1.660559245664217e-09,1.7832020349217714e-07,1.7265202736005628e-07,3.2794083337783775e-08,2.4901973926874396e-09,1.2547363981152415e-09,3.2794083337783775e-08,,,,,,,,,
2026-03-22T10:08:04Z,test_cases/pglib_opf_case2000_goc.mat,pglib_opf_case2000_goc,oracle_ac_bounds_dual__Pg_Qg_Vm,oracle_ac_bounds_dual,bounds_only,ac_true,1,0,Pg+Qg+Vm,3,,,optimal,ok,1,9330.54537879653,965427.5784936026,120.60464281120615,0,0.014426231384277344,0.6272711753845215,6.969393968582153,7.596665143966675,7.596665143966675,7.611091375350952,acopf_acdc_paper_study/cases/pglib_opf_case2000_goc/logs/oracle_ac_bounds_dual__Pg_Qg_Vm.log,0,69,9.83189992783239e-07,1.1251155562774784e-08,1.0402858485747402e-07,1.8004539599694086e-07,9.83189992783239e-07,5.107,,,5.107,True,100.0,2000,3639,384,238,1010,1,177,1822,32972.9120006,8961.255528791,44578.846999999994,13166.993999999999,21683.502,-4939.474,3639,6,0,2,1,973432.4741260607,33750.01741682314,5583.801662859651,0.9000000060304411,1.100000010298468,1.0582251297560379,0.03462944242827244,-1.2354838466267413,0.117177101071366,-0.47462788817543344,0.24926329406774503,2008.295919110262,1994.9136973759955,71.08533670318526,71.22798334739097,0.9873122335474177,1.0000000187161708,0.2710381071008593,0.27175648318732953,0.0,8.5133727290021e-09,21,170,62,24,3,13,1,0.0,0.0,0.0,0.0,0.0,1,0.0,0.0,0.0,0.0,0.0,1,0.0,0.0,0.0,0.0,0.0,0,,,,,,0,0,1,5.097237357513962e-07,2.605951174849963e-07,9.962735998772755e-09,4.703459843824476e-13,2.605951174849963e-07,0.000200051078101524,0.00011634281690109383,2.839970079539857e-06,6.957339344134533e-08,0.00011634281690109383,4.901225254173129e-06,1.0398562371172204e-06,4.945405237932743e-08,8.001778684096905e-09,1.0398562371172204e-06,9.886893001898255e-07,1.90510853370629e-07,1.4076820353532275e-08,6.974649052748916e-09,1.90510853370629e-07,,,,,,,,,
2026-03-22T10:08:11Z,test_cases/pglib_opf_case2000_goc.mat,pglib_opf_case2000_goc,oracle_ac_bounds_dual__Pg_Qg_Va,oracle_ac_bounds_dual,bounds_only,ac_true,1,0,Pg+Qg+Va,3,,,optimal,ok,1,9330.545378679602,965427.5784814027,120.6046428096821,0,0.014426231384277344,0.7742462158203125,6.66582989692688,7.440076112747192,7.440076112747192,7.45450234413147,acopf_acdc_paper_study/cases/pglib_opf_case2000_goc/logs/oracle_ac_bounds_dual__Pg_Qg_Va.log,0,73,2.4597026690669137e-08,2.7002006186549465e-10,1.0402856887026246e-07,8.971238898329896e-08,8.971238898329896e-08,4.799,,,4.799,True,100.0,2000,3639,384,238,1010,1,177,1822,32972.9120006,8961.255528791,44578.846999999994,13166.993999999999,21683.502,-4939.474,3639,6,0,2,1,973432.4741138609,33750.01742542381,5583.8014173303445,0.9000000063552155,1.1000000102959822,1.0582251329722812,0.03462944884390236,-1.2354839008253047,0.11717709387206968,-0.4746279017989685,0.24926330957037154,2008.2959265135382,1994.9137035775216,71.0853396765142,71.22798583284712,0.9873122161690466,1.0000000187090343,0.27103810510211834,0.2717564797225708,0.0,8.510126492389247e-09,21,170,62,24,3,13,1,0.0,0.0,0.0,0.0,0.0,1,0.0,0.0,0.0,0.0,0.0,0,,,,,,1,0.0,0.0,0.0,0.0,0.0,0,0,1,8.59735416839218e-08,4.378753404310487e-08,1.6616187395215352e-09,1.1102230246251565e-16,4.378753404310487e-08,3.429727777129542e-05,1.9741318264432373e-05,4.966492636723536e-07,4.117019170024605e-09,1.9741318264432373e-05,8.026471645056257e-07,1.7738188695659574e-07,7.980504587001836e-09,1.6436194627544864e-09,1.7738188695659574e-07,1.7173345152378544e-07,3.2620474932354426e-08,2.476815725671209e-09,1.2472582966438495e-09,3.2620474932354426e-08,,,,,,,,,
2026-03-22T10:08:19Z,test_cases/pglib_opf_case2000_goc.mat,pglib_opf_case2000_goc,oracle_ac_bounds_dual__Pg_Vm_Va,oracle_ac_bounds_dual,bounds_only,ac_true,1,0,Pg+Vm+Va,3,,,optimal,ok,1,9330.54537879641,965427.5784935897,120.60464281120454,0,0.014426231384277344,0.7553489208221436,7.5415778160095215,8.296926736831665,8.296926736831665,8.311352968215942,acopf_acdc_paper_study/cases/pglib_opf_case2000_goc/logs/oracle_ac_bounds_dual__Pg_Vm_Va.log,0,84,9.830785188503433e-07,1.126678861318453e-08,1.0402858308111718e-07,1.8004292843827718e-07,9.830785188503433e-07,5.603,,,5.603,False,100.0,2000,3639,384,238,1010,1,177,1822,32972.9120006,8961.255528791,44578.846999999994,13166.993999999999,21683.502,-4939.474,3639,6,0,2,1,973432.4741260478,33750.01741682054,5583.801662575918,0.9000000060304689,1.100000010298468,1.0582251297555199,0.034629442428204545,-1.2354838466268632,0.11717710106889964,-0.4746278881766106,0.24926329406798176,2008.295919115318,1994.9136973804216,71.08533670331951,71.2279833474842,0.9873122335465839,1.0000000187161833,0.2710381071001016,0.2717564831864606,0.0,8.513378335628374e-09,21,170,62,24,3,13,1,0.0,0.0,0.0,0.0,0.0,0,,,,,,1,0.0,0.0,0.0,0.0,0.0,1,0.0,0.0,0.0,0.0,0.0,0,0,1,5.096960718184888e-07,2.606108076008695e-07,9.95842744256195e-09,4.707345624410664e-13,2.606108076008695e-07,0.00020004813711322226,0.00011633915800579597,2.8400958016970637e-06,6.958702019905366e-08,0.00011633915800579597,4.901148504452111e-06,1.0398258729615861e-06,4.945264867245447e-08,7.998722018065507e-09,1.0398258729615861e-06,9.88641360106847e-07,1.9050167932022077e-07,1.4075348803430477e-08,6.9721272644152066e-09,1.9050167932022077e-07,,,,,,,,,
2026-03-22T10:08:36Z,test_cases/pglib_opf_case2000_goc.mat,pglib_opf_case2000_goc,oracle_ac_bounds_dual__Qg_Vm_Va,oracle_ac_bounds_dual,bounds_only,ac_true,1,0,Qg+Vm+Va,3,,,optimal,ok,1,8004.8956324371875,965427.5784813946,120.60464280968108,0,0.014426231384277344,0.41721296310424805,15.82066297531128,16.237875938415527,16.237875938415527,16.252302169799805,acopf_acdc_paper_study/cases/pglib_opf_case2000_goc/logs/oracle_ac_bounds_dual__Qg_Vm_Va.log,0,204,2.0675385704681475e-08,2.665542786495223e-10,1.0402856887026246e-07,7.69252243286402e-08,7.69252243286402e-08,13.956,,,13.956,True,100.0,2000,3639,384,238,1010,1,177,1822,32972.9120006,8961.255528791,44578.846999999994,13166.993999999999,21683.502,-4939.474,3639,6,0,2,1,973432.4741138527,33750.01742542771,5583.801416927282,0.9000000063552202,1.1000000102959822,1.0582251329723977,0.03462944884579094,-1.2354839008565104,0.11717709386752215,-0.47462790180722897,0.24926330957933016,2008.2959265204945,1994.9137035833055,71.08533967817436,71.22798583422966,0.9873122161583131,1.000000018709036,0.2710381051009081,0.27175647972052713,0.0,8.510127269545364e-09,21,170,62,24,3,13,0,,,,,,1,0.0,0.0,0.0,0.0,0.0,1,0.0,0.0,0.0,0.0,0.0,1,0.0,0.0,0.0,0.0,0.0,0,0,1,8.628518661637044e-08,4.394623664971675e-08,1.6674625835897362e-09,1.1102230246251565e-16,4.394623664971675e-08,3.440474114614467e-05,1.981466569034307e-05,4.972891753645916e-07,4.130423059134358e-09,1.981466569034307e-05,8.055912071845116e-07,1.7804202601112706e-07,8.009972282008171e-09,1.6568600935684685e-09,1.7804202601112706e-07,1.7239294750949005e-07,3.2742651867589956e-08,2.4864943231656826e-09,1.252823511599388e-09,3.2742651867589956e-08,,,,,,,,,
2026-03-22T10:08:40Z,test_cases/pglib_opf_case2000_goc.mat,pglib_opf_case2000_goc,oracle_ac_bounds_dual__Pg_Qg_Vm_Va,oracle_ac_bounds_dual,bounds_only,ac_true,1,0,Pg+Qg+Vm+Va,4,,,optimal,ok,1,9330.545378796452,965427.5784935936,120.60464281120503,0,0.014426231384277344,0.8065118789672852,3.103933095932007,3.910444974899292,3.910444974899292,3.9248712062835693,acopf_acdc_paper_study/cases/pglib_opf_case2000_goc/logs/oracle_ac_bounds_dual__Pg_Qg_Vm_Va.log,0,17,9.831061223901192e-07,1.125313908723058e-08,1.0402858308111718e-07,1.8004517928119465e-07,9.831061223901192e-07,1.239,,,1.239,False,100.0,2000,3639,384,238,1010,1,177,1822,32972.9120006,8961.255528791,44578.846999999994,13166.993999999999,21683.502,-4939.474,3639,6,0,2,1,973432.4741260518,33750.01741682144,5583.801662828917,0.9000000060304608,1.100000010298468,1.0582251297556857,0.03462944242819841,-1.2354838466267193,0.1171771010698137,-0.47462788817586654,0.24926329406769196,2008.2959191131908,1994.913697378675,71.08533670310705,71.22798334730757,0.9873122335475052,1.000000018716182,0.2710381071006241,0.2717564831870761,0.0,8.51337772500571e-09,21,170,62,24,3,13,1,0.0,0.0,0.0,0.0,0.0,1,0.0,0.0,0.0,0.0,0.0,1,0.0,0.0,0.0,0.0,0.0,1,0.0,0.0,0.0,0.0,0.0,0,0,1,5.096907020007065e-07,2.6060434454855397e-07,9.95804876655275e-09,4.706235401386039e-13,2.6060434454855397e-07,0.0002000507534496835,0.00011634247340236437,2.840046563912194e-06,6.957158468160612e-08,0.00011634247340236437,4.901203544678131e-06,1.039853753770359e-06,4.9453480744143796e-08,8.001222462361568e-09,1.039853753770359e-06,9.886772867370147e-07,1.9050794930475234e-07,1.4076009625507795e-08,6.97317451003876e-09,1.9050794930475234e-07,,,,,,,,,
2026-03-22T10:08:44Z,test_cases/pglib_opf_case2000_goc.mat,pglib_opf_case2000_goc,oracle_ac_primal_dual_all_bounds__Pg,oracle_ac_primal_dual_all_bounds,full_all_bounds,ac_true,1,0,Pg,1,,,optimal,ok,1,9330.545378796573,965427.5784936068,120.60464281120667,0,0.014426231384277344,0.7705211639404297,3.2147128582000732,3.985234022140503,3.985234022140503,3.9996602535247803,acopf_acdc_paper_study/cases/pglib_opf_case2000_goc/logs/oracle_ac_primal_dual_all_bounds__Pg.log,0,17,9.83110701540364e-07,1.1251026332814718e-08,1.0402858485747402e-07,1.8004546259674223e-07,9.83110701540364e-07,1.337,,,1.337,False,100.0,2000,3639,384,238,1010,1,177,1822,32972.9120006,8961.255528791,44578.846999999994,13166.993999999999,21683.502,-4939.474,3639,6,0,2,1,973432.4741260649,33750.01741682353,5583.80166286144,0.9000000060303861,1.1000000102984682,1.0582251297560716,0.034629442428318995,-1.2354838466276883,0.11717710107150062,-0.47462788817548857,0.24926329406790476,2008.2959191099148,1994.9136973756924,71.08533670319916,71.22798334740831,0.9873122335474113,1.0000000187161702,0.2710381071008782,0.27175648318735407,0.0,8.513372368179617e-09,21,170,62,24,3,13,1,0.0,0.0,0.0,0.0,0.0,0,,,,,,0,,,,,,0,,,,,,1,1,1,5.097227871870934e-07,2.6059103874764844e-07,9.963042599609036e-09,4.703459843824476e-13,2.6059103874764844e-07,0.00020005125255703155,0.00011634292039586214,2.8399791725786863e-06,6.957362849203952e-08,0.00011634292039586214,4.901231780677549e-06,1.039857300710878e-06,4.945420449042892e-08,8.001893148090744e-09,1.039857300710878e-06,9.886839137704342e-07,1.905112611000348e-07,1.4076804616494545e-08,6.97474708544199e-09,1.905112611000348e-07,,,,,,,,,
2026-03-22T10:08:49Z,test_cases/pglib_opf_case2000_goc.mat,pglib_opf_case2000_goc,oracle_ac_primal_dual_all_bounds__Qg,oracle_ac_primal_dual_all_bounds,full_all_bounds,ac_true,1,0,Qg,1,,,optimal,ok,1,8004.895632437089,965427.5784813829,120.60464280967963,0,0.014426231384277344,0.7657861709594727,4.822617769241333,5.588403940200806,5.588403940200806,5.602830171585083,acopf_acdc_paper_study/cases/pglib_opf_case2000_goc/logs/oracle_ac_primal_dual_all_bounds__Qg.log,0,39,2.04523613041322e-08,2.6138791131558037e-10,1.0402856887026246e-07,7.689767495683691e-08,7.689767495683691e-08,2.883,,,2.883,False,100.0,2000,3639,384,238,1010,1,177,1822,32972.9120006,8961.255528791,44578.846999999994,13166.993999999999,21683.502,-4939.474,3639,6,0,2,1,973432.4741138411,33750.01742543107,5583.801416758363,0.9000000063552174,1.1000000102959822,1.0582251329730488,0.034629448847789124,-1.235483900877947,0.1171770938649334,-0.4746279018125872,0.2492633095855001,2008.2959265238526,1994.913703586124,71.08533967929554,71.22798583517252,0.9873122161518276,1.0000000187090325,0.2710381051003171,0.2717564797194002,0.0,8.510125687477554e-09,21,170,62,24,3,13,0,,,,,,1,0.0,0.0,0.0,0.0,0.0,0,,,,,,0,,,,,,1,1,1,8.651752264899333e-08,4.406223497177564e-08,1.6720516410442716e-09,1.1102230246251565e-16,4.406223497177564e-08,3.448629505649088e-05,1.9863744241510606e-05,4.983100102252443e-07,4.141245915634251e-09,1.9863744241510606e-05,8.076057725244005e-07,1.7848129352238118e-07,8.030027559224883e-09,1.6628393106898898e-09,1.7848129352238118e-07,1.7283808761437174e-07,3.2823794793301886e-08,2.492829768524767e-09,1.2559252804411614e-09,3.2823794793301886e-08,,,,,,,,,
2026-03-22T10:08:53Z,test_cases/pglib_opf_case2000_goc.mat,pglib_opf_case2000_goc,oracle_ac_primal_dual_all_bounds__Vm,oracle_ac_primal_dual_all_bounds,full_all_bounds,ac_true,1,0,Vm,1,,,optimal,ok,1,8004.8956324377705,965427.5784814657,120.60464280968996,0,0.014426231384277344,0.4258909225463867,3.4613330364227295,3.887223958969116,3.887223958969116,3.9016501903533936,acopf_acdc_paper_study/cases/pglib_opf_case2000_goc/logs/oracle_ac_primal_dual_all_bounds__Vm.log,0,19,2.3792049791682677e-08,3.040309670687691e-10,1.0402856887026246e-07,7.724651935229713e-08,7.724651935229713e-08,1.499,,,1.499,False,100.0,2000,3639,384,238,1010,1,177,1822,32972.9120006,8961.255528791,44578.846999999994,13166.993999999999,21683.502,-4939.474,3639,6,0,2,1,973432.4741139238,33750.017425394,5583.801418802912,0.9000000063552189,1.1000000102959822,1.0582251329660777,0.03462944882524128,-1.2354839006198337,0.11717709389993997,-0.4746279017468885,0.2492633095119983,2008.2959264786048,1994.9137035483595,71.08533966561218,71.22798582373723,0.987312216236791,1.0000000187090368,0.2710381051086625,0.27175647973447825,0.0,8.510127630367847e-09,21,170,62,24,3,13,0,,,,,,0,,,,,,1,0.0,0.0,0.0,0.0,0.0,0,,,,,,1,1,1,8.381304574760724e-08,4.268643793992055e-08,1.6198625393593535e-09,1.1102230246251565e-16,4.268643793992055e-08,3.3443705855404574e-05,1.9241778753009697e-05,4.846722430830917e-07,4.0100787690455775e-09,1.9241778753009697e-05,7.823297196471118e-07,1.7289311560197973e-07,7.778537697511468e-09,1.6024739313280634e-09,1.7289311560197973e-07,1.6741362394321928e-07,3.1795412858137695e-08,2.4145377890306007e-09,1.2160972229224853e-09,3.1795412858137695e-08,,,,,,,,,
2026-03-22T10:08:56Z,test_cases/pglib_opf_case2000_goc.mat,pglib_opf_case2000_goc,oracle_ac_primal_dual_all_bounds__Va,oracle_ac_primal_dual_all_bounds,full_all_bounds,ac_true,1,0,Va,1,,,optimal,ok,1,8004.895632437164,965427.5784813919,120.60464280968075,0,0.014426231384277344,0.42709803581237793,2.4459588527679443,2.8730568885803223,2.8730568885803223,2.8874831199645996,acopf_acdc_paper_study/cases/pglib_opf_case2000_goc/logs/oracle_ac_primal_dual_all_bounds__Va.log,0,6,2.0858045198512592e-08,2.6647228867915373e-10,1.0402856887026246e-07,7.693903680298838e-08,7.693903680298838e-08,0.567,,,0.567,False,100.0,2000,3639,384,238,1010,1,177,1822,32972.9120006,8961.255528791,44578.846999999994,13166.993999999999,21683.502,-4939.474,3639,6,0,2,1,973432.47411385,33750.01742542508,5583.801417206319,0.9000000063552176,1.1000000102959822,1.0582251329628058,0.03462944883947202,-1.2354839008393534,0.11717709387024866,-0.4746279018026876,0.24926330957477108,2008.2959265166344,1994.9137035801054,71.08533967716059,71.22798583339967,0.9873122161621665,1.0000000187090343,0.27103810510670306,0.27175647972675404,0.0,8.510126492389247e-09,21,170,62,24,3,13,0,,,,,,0,,,,,,0,,,,,,1,0.0,0.0,0.0,0.0,0.0,1,1,1,8.610165510228097e-08,4.384389074019168e-08,1.6641356237190902e-09,1.1102230246251565e-16,4.384389074019168e-08,3.964965160589553e-05,1.9788765187378488e-05,6.25451329288205e-07,4.120686257491624e-09,1.9788765187378488e-05,8.041719528203882e-07,1.7782494521334513e-07,7.999053055818273e-09,1.6500424360188504e-09,1.7782494521334513e-07,1.7206822635424302e-07,3.270681714351298e-08,2.4809019073906393e-09,1.2507524183025254e-09,3.270681714351298e-08,,,,,,,,,
2026-03-22T10:09:02Z,test_cases/pglib_opf_case2000_goc.mat,pglib_opf_case2000_goc,oracle_ac_primal_dual_all_bounds__Pg_Qg,oracle_ac_primal_dual_all_bounds,full_all_bounds,ac_true,1,0,Pg+Qg,2,,,optimal,ok,1,9330.545378797928,965427.5784937479,120.6046428112243,0,0.014426231384277344,0.7892539501190186,4.781555891036987,5.570809841156006,5.570809841156006,5.585236072540283,acopf_acdc_paper_study/cases/pglib_opf_case2000_goc/logs/oracle_ac_primal_dual_all_bounds__Pg_Qg.log,0,40,9.830355065893825e-07,1.125196913420723e-08,1.0402858308111718e-07,1.800462703685466e-07,9.830355065893825e-07,2.9,,,2.9,False,100.0,2000,3639,384,238,1010,1,177,1822,32972.9120006,8961.255528791,44578.846999999994,13166.993999999999,21683.502,-4939.474,3639,6,0,2,1,973432.474126206,33750.01741683302,5583.801662702245,0.9000000060260599,1.1000000102984797,1.0582251297555871,0.0346294424425811,-1.2354838467644813,0.11717710107090995,-0.47462788818279217,0.2492632940821533,2008.2959191123916,1994.9136973780514,71.08533670288203,71.22798334776917,0.9873122335482714,1.0000000187161657,0.2710381071023622,0.271756483189872,0.0,8.513370342022597e-09,21,170,62,24,3,13,1,0.0,0.0,0.0,0.0,0.0,1,0.0,0.0,0.0,0.0,0.0,0,,,,,,0,,,,,,1,1,1,5.091472874325857e-07,2.600979160938266e-07,9.951595105913476e-09,4.730660307927792e-13,2.600979160938266e-07,0.00020005357000552336,0.00011634411680194745,2.8410691738157042e-06,7.042341854807121e-08,0.00011634411680194745,4.9014642731259384e-06,1.0398707239733795e-06,4.9470670839824036e-08,8.086248448613276e-09,1.0398707239733795e-06,9.881278041423513e-07,1.905119468847971e-07,1.40689881983973e-08,6.972554839057565e-09,1.905119468847971e-07,,,,,,,,,
2026-03-22T10:09:06Z,test_cases/pglib_opf_case2000_goc.mat,pglib_opf_case2000_goc,oracle_ac_primal_dual_all_bounds__Pg_Vm,oracle_ac_primal_dual_all_bounds,full_all_bounds,ac_true,1,0,Pg+Vm,2,,,optimal,ok,1,9330.545378797256,965427.5784936779,120.60464281121556,0,0.014426231384277344,0.7839248180389404,3.5195746421813965,4.303499460220337,4.303499460220337,4.317925691604614,acopf_acdc_paper_study/cases/pglib_opf_case2000_goc/logs/oracle_ac_primal_dual_all_bounds__Pg_Vm.log,0,21,9.870777741303506e-07,1.125275095326117e-08,1.0402858308111718e-07,1.8044005375100032e-07,9.870777741303506e-07,1.643,,,1.643,False,100.0,2000,3639,384,238,1010,1,177,1822,32972.9120006,8961.255528791,44578.846999999994,13166.993999999999,21683.502,-4939.474,3639,6,0,2,1,973432.474126136,33750.01741678746,5583.801664755389,0.9000000060304228,1.100000010298468,1.0582251297496112,0.0346294424070292,-1.2354838463866262,0.11717710110295239,-0.4746278881144618,0.2492632939992727,2008.2959190704128,1994.9136973429854,71.08533669031321,71.22798333663027,0.9873122336274238,1.0000000187161708,0.27103810710857457,0.27175648320136453,0.0,8.513372673490949e-09,21,170,62,24,3,13,1,0.0,0.0,0.0,0.0,0.0,0,,,,,,1,0.0,0.0,0.0,0.0,0.0,0,,,,,,1,1,1,5.121998609505162e-07,2.6188132418170085e-07,1.0006342814526786e-08,4.708178291679133e-13,2.6188132418170085e-07,0.00020104158254653063,0.00011692718780481615,2.852659761006426e-06,6.957050859013325e-08,0.00011692718780481615,4.92461158835444e-06,1.045107075769991e-06,4.968679355910055e-08,8.054940825452661e-09,1.045107075769991e-06,9.937192864444826e-07,1.9147476010283881e-07,1.4149095006693867e-08,7.0099782090160545e-09,1.9147476010283881e-07,,,,,,,,,
2026-03-22T10:09:09Z,test_cases/pglib_opf_case2000_goc.mat,pglib_opf_case2000_goc,oracle_ac_primal_dual_all_bounds__Pg_Va,oracle_ac_primal_dual_all_bounds,full_all_bounds,ac_true,1,0,Pg+Va,2,,,optimal,ok,1,9330.545378796434,965427.5784935922,120.60464281120485,0,0.014426231384277344,0.7611367702484131,2.4461510181427,3.2072877883911133,3.2072877883911133,3.2217140197753906,acopf_acdc_paper_study/cases/pglib_opf_case2000_goc/logs/oracle_ac_primal_dual_all_bounds__Pg_Va.log,0,5,9.94029238473699e-07,1.1322627280208053e-08,1.0402858308111718e-07,1.810995744072422e-07,9.94029238473699e-07,0.515,,,0.515,False,100.0,2000,3639,384,238,1010,1,177,1822,32972.9120006,8961.255528791,44578.846999999994,13166.993999999999,21683.502,-4939.474,3639,6,0,2,1,973432.4741260504,33750.017416711766,5583.801668245398,0.9000000060306529,1.1000000102984913,1.0582251296683203,0.03462944233125344,-1.2354838459263406,0.11717710116407049,-0.4746278879992562,0.2492632938712176,2008.295918993934,1994.9136972791578,71.08533666584913,71.22798331628071,0.9873122337609714,1.0000000187161864,0.2710381071589396,0.27175648326322727,0.0,8.513379778918306e-09,21,170,62,24,3,13,1,0.0,0.0,0.0,0.0,0.0,0,,,,,,0,,,,,,1,0.0,0.0,0.0,0.0,0.0,1,1,1,5.171104140359722e-07,2.6447595224965426e-07,1.0100624136145068e-08,4.733713421245511e-13,2.6447595224965426e-07,0.0002188382696782704,0.00011791277898831609,3.599592545735819e-06,6.972759959786995e-08,0.00011791277898831609,4.970208111598391e-06,1.0538521921787947e-06,5.015865001611886e-08,8.156777586698638e-09,1.0538521921787947e-06,1.0031865941019259e-06,1.930493523927268e-07,1.4289118649160604e-08,7.1047473737539946e-09,1.930493523927268e-07,,,,,,,,,
2026-03-22T10:09:15Z,test_cases/pglib_opf_case2000_goc.mat,pglib_opf_case2000_goc,oracle_ac_primal_dual_all_bounds__Qg_Vm,oracle_ac_primal_dual_all_bounds,full_all_bounds,ac_true,1,0,Qg+Vm,2,,,optimal,ok,1,8004.895632437147,965427.5784813897,120.60464280968047,0,0.014426231384277344,0.42902708053588867,5.68233323097229,6.111360311508179,6.111360311508179,6.125786542892456,acopf_acdc_paper_study/cases/pglib_opf_case2000_goc/logs/oracle_ac_primal_dual_all_bounds__Qg_Vm.log,0,49,2.0455951245715406e-08,2.6139074238429316e-10,1.0402856887026246e-07,7.689767331232615e-08,7.689767331232615e-08,3.803,,,3.803,True,100.0,2000,3639,384,238,1010,1,177,1822,32972.9120006,8961.255528791,44578.846999999994,13166.993999999999,21683.502,-4939.474,3639,6,0,2,1,973432.4741138478,33750.0174254311,5583.801416757832,0.9000000063552174,1.1000000102959822,1.0582251329730084,0.034629448847793155,-1.2354839008775522,0.11717709386490857,-0.47462790181250514,0.24926330958537618,2008.2959265239558,1994.913703586203,71.08533967928219,71.22798583515917,0.9873122161518098,1.000000018709033,0.271038105100313,0.27175647971939637,0.0,8.510125937277735e-09,21,170,62,24,3,13,0,,,,,,1,0.0,0.0,0.0,0.0,0.0,1,0.0,0.0,0.0,0.0,0.0,0,,,,,,1,1,1,8.651453582081016e-08,4.4060509907239975e-08,1.6719703862467966e-09,1.1102230246251565e-16,4.4060509907239975e-08,3.448630650015871e-05,1.9863752790671985e-05,4.983128046909119e-07,4.140476780878366e-09,1.9863752790671985e-05,8.076053039265316e-07,1.784816410221879e-07,8.030019100990771e-09,1.6628894927706028e-09,1.784816410221879e-07,1.72832097706456e-07,3.28238383695556e-08,2.4927565413031443e-09,1.255924586551771e-09,3.28238383695556e-08,,,,,,,,,
2026-03-22T10:09:19Z,test_cases/pglib_opf_case2000_goc.mat,pglib_opf_case2000_goc,oracle_ac_primal_dual_all_bounds__Qg_Va,oracle_ac_primal_dual_all_bounds,full_all_bounds,ac_true,1,0,Qg+Va,2,,,optimal,ok,1,8004.895632437122,965427.5784813869,120.60464280968013,0,0.014426231384277344,0.8152780532836914,2.7184619903564453,3.5337400436401367,3.5337400436401367,3.548166275024414,acopf_acdc_paper_study/cases/pglib_opf_case2000_goc/logs/oracle_ac_primal_dual_all_bounds__Qg_Va.log,0,10,2.045562877143614e-08,2.613906313619907e-10,1.0402856887026246e-07,7.689767353429967e-08,7.689767353429967e-08,0.846,,,0.846,False,100.0,2000,3639,384,238,1010,1,177,1822,32972.9120006,8961.255528791,44578.846999999994,13166.993999999999,21683.502,-4939.474,3639,6,0,2,1,973432.474113845,33750.017425430495,5583.801416754977,0.9000000063552174,1.1000000102959822,1.0582251329729253,0.034629448847797166,-1.2354839008757401,0.11717709386470838,-0.47462790181224107,0.2492633095848761,2008.2959265239624,1994.9137035861984,71.08533967926243,71.22798583513904,0.987312216151798,1.0000000187090325,0.2710381051002641,0.27175647971934697,0.0,8.510125687477554e-09,21,170,62,24,3,13,0,,,,,,1,0.0,0.0,0.0,0.0,0.0,0,,,,,,1,0.0,0.0,0.0,0.0,0.0,1,1,1,8.649368381339603e-08,4.40491900732809e-08,1.671507862203455e-09,1.1102230246251565e-16,4.40491900732809e-08,3.448631359219745e-05,1.986376908935661e-05,4.983133350452142e-07,4.141076037633695e-09,1.986376908935661e-05,8.076073211094421e-07,1.7848182132240709e-07,8.03008182997944e-09,1.6629471133455809e-09,1.7848182132240709e-07,1.7281065892177829e-07,3.282383470581962e-08,2.4924824554171583e-09,1.2558755979608094e-09,3.282383470581962e-08,,,,,,,,,
2026-03-22T10:09:22Z,test_cases/pglib_opf_case2000_goc.mat,pglib_opf_case2000_goc,oracle_ac_primal_dual_all_bounds__Vm_Va,oracle_ac_primal_dual_all_bounds,full_all_bounds,ac_true,1,0,Vm+Va,2,,,optimal,ok,1,8004.895632438999,965427.5784816149,120.60464280970861,0,0.014426231384277344,0.7807190418243408,2.3313050270080566,3.1120240688323975,3.1120240688323975,3.126450300216675,acopf_acdc_paper_study/cases/pglib_opf_case2000_goc/logs/oracle_ac_primal_dual_all_bounds__Vm_Va.log,0,4,2.9871880876035335e-08,3.820000982202032e-10,1.0402856887026246e-07,7.788345631147648e-08,7.788345631147648e-08,0.448,,,0.448,False,100.0,2000,3639,384,238,1010,1,177,1822,32972.9120006,8961.255528791,44578.846999999994,13166.993999999999,21683.502,-4939.474,3639,6,0,2,1,973432.4741140731,33750.01742532577,5583.801422569872,0.9000000063552216,1.1000000102959822,1.0582251329519037,0.03462944878326177,-1.235483900146481,0.11717709396383004,-0.47462790162655966,0.24926330937728403,2008.295926395516,1994.9137034790162,71.08533964056306,71.22798580280553,0.9873122163919615,1.000000018709043,0.2710381051246969,0.2717564797628291,0.0,8.51013046143656e-09,21,170,62,24,3,13,0,,,,,,0,,,,,,1,0.0,0.0,0.0,0.0,0.0,1,0.0,0.0,0.0,0.0,0.0,1,1,1,7.884815336341025e-08,4.0159294334429774e-08,1.5240500429203259e-09,1.1102230246251565e-16,4.0159294334429774e-08,3.1014359757941324e-05,1.8106224036251728e-05,4.24608736965518e-07,3.776780624353826e-09,1.8106224036251728e-05,7.361263593005382e-07,1.62692666227926e-07,7.319376288839052e-09,1.5278401876983594e-09,1.62692666227926e-07,1.5748404338799314e-07,2.991887793069026e-08,2.2711002982364917e-09,1.1432474411599003e-09,2.991887793069026e-08,,,,,,,,,
2026-03-22T10:09:30Z,test_cases/pglib_opf_case2000_goc.mat,pglib_opf_case2000_goc,oracle_ac_primal_dual_all_bounds__Pg_Qg_Vm,oracle_ac_primal_dual_all_bounds,full_all_bounds,ac_true,1,0,Pg+Qg+Vm,3,,,optimal,ok,1,9330.54537879644,965427.5784935923,120.60464281120487,0,0.014426231384277344,0.7645020484924316,7.217233896255493,7.981735944747925,7.981735944747925,7.996162176132202,acopf_acdc_paper_study/cases/pglib_opf_case2000_goc/logs/oracle_ac_primal_dual_all_bounds__Pg_Qg_Vm.log,0,64,9.831038533668168e-07,1.1253085130391582e-08,1.0402858308111718e-07,1.8004515649718518e-07,9.831038533668168e-07,5.284,,,5.284,True,100.0,2000,3639,384,238,1010,1,177,1822,32972.9120006,8961.255528791,44578.846999999994,13166.993999999999,21683.502,-4939.474,3639,6,0,2,1,973432.4741260505,33750.017416821815,5583.801662833402,0.9000000060304588,1.100000010298468,1.0582251297560856,0.03462944242842328,-1.2354838466278721,0.11717710107001379,-0.4746278881759794,0.24926329406804096,2008.2959191129212,1994.9136973784605,71.08533670315913,71.22798334736137,0.9873122335477371,1.00000001871618,0.2710381071007681,0.27175648318722784,0.0,8.513376864582867e-09,21,170,62,24,3,13,1,0.0,0.0,0.0,0.0,0.0,1,0.0,0.0,0.0,0.0,0.0,1,0.0,0.0,0.0,0.0,0.0,0,,,,,,1,1,1,5.096708451772522e-07,2.6059391111665775e-07,9.957631617292354e-09,4.707345624410664e-13,2.6059391111665775e-07,0.00020005065901305635,0.00011634246347530519,2.839976029167184e-06,6.957170644444899e-08,0.00011634246347530519,4.901194873178599e-06,1.0398545549072935e-06,4.9453630183160514e-08,8.001494022913391e-09,1.0398545549072935e-06,9.886613532209194e-07,1.9050800981190719e-07,1.4075893815300097e-08,6.973418148481514e-09,1.9050800981190719e-07,,,,,,,,,
2026-03-22T10:09:33Z,test_cases/pglib_opf_case2000_goc.mat,pglib_opf_case2000_goc,oracle_ac_primal_dual_all_bounds__Pg_Qg_Va,oracle_ac_primal_dual_all_bounds,full_all_bounds,ac_true,1,0,Pg+Qg+Va,3,,,optimal,ok,1,9330.545378796425,965427.578493591,120.60464281120471,0,0.014426231384277344,0.4225029945373535,2.7280821800231934,3.150585174560547,3.150585174560547,3.165011405944824,acopf_acdc_paper_study/cases/pglib_opf_case2000_goc/logs/oracle_ac_primal_dual_all_bounds__Pg_Qg_Va.log,0,9,9.83101695677038e-07,1.1253062703886485e-08,1.0402858308111718e-07,1.8004519388284553e-07,9.83101695677038e-07,0.789,,,0.789,False,100.0,2000,3639,384,238,1010,1,177,1822,32972.9120006,8961.255528791,44578.846999999994,13166.993999999999,21683.502,-4939.474,3639,6,0,2,1,973432.4741260492,33750.017416821225,5583.801662832788,0.9000000060304454,1.100000010298468,1.0582251297559968,0.03462944242844432,-1.2354838466260722,0.11717710106982283,-0.47462788817568957,0.2492632940675186,2008.295919112885,1994.91369737842,71.08533670313548,71.22798334733777,0.987312233547747,1.0000000187161813,0.271038107100724,0.27175648318718365,0.0,8.513377391938803e-09,21,170,62,24,3,13,1,0.0,0.0,0.0,0.0,0.0,1,0.0,0.0,0.0,0.0,0.0,0,,,,,,1,0.0,0.0,0.0,0.0,0.0,1,1,1,5.096921488934233e-07,2.606052573739248e-07,9.958154119713294e-09,4.707345624410664e-13,2.606052573739248e-07,0.00020005073795602353,0.00011634250385006428,2.8399767877540597e-06,6.957169035749083e-08,0.00011634250385006428,4.901193701443193e-06,1.0398549721291062e-06,4.945358619928841e-08,8.001512119548693e-09,1.0398549721291062e-06,9.886840310659146e-07,1.9050811517207222e-07,1.4076193318463442e-08,6.973498722917526e-09,1.9050811517207222e-07,,,,,,,,,
2026-03-22T10:09:36Z,test_cases/pglib_opf_case2000_goc.mat,pglib_opf_case2000_goc,oracle_ac_primal_dual_all_bounds__Pg_Vm_Va,oracle_ac_primal_dual_all_bounds,full_all_bounds,ac_true,1,0,Pg+Vm+Va,3,,,optimal,ok,1,9330.5453786787,965427.5784813088,120.60464280967037,0,0.014426231384277344,0.43250203132629395,2.3264830112457275,2.7589850425720215,2.7589850425720215,2.773411273956299,acopf_acdc_paper_study/cases/pglib_opf_case2000_goc/logs/oracle_ac_primal_dual_all_bounds__Pg_Vm_Va.log,0,4,2.018717694768068e-08,2.2152113476892055e-10,1.0402856887026246e-07,8.92505517065497e-08,8.92505517065497e-08,0.447,,,0.447,False,100.0,2000,3639,384,238,1010,1,177,1822,32972.9120006,8961.255528791,44578.846999999994,13166.993999999999,21683.502,-4939.474,3639,6,0,2,1,973432.4741137669,33750.01742546563,5583.80141503046,0.9000000063552139,1.1000000102959822,1.058225132979107,0.0346294488688762,-1.2354839011171994,0.1171770938324636,-0.47462790187327025,0.24926330965352095,2008.2959265648071,1994.9137036203042,71.0853396919835,71.22798584577394,0.9873122160725393,1.00000001870903,0.2710381050932502,0.2717564797060743,0.0,8.51012457725453e-09,21,170,62,24,3,13,1,0.0,0.0,0.0,0.0,0.0,0,,,,,,1,0.0,0.0,0.0,0.0,0.0,1,0.0,0.0,0.0,0.0,0.0,1,1,1,8.903170963866707e-08,4.534216202500829e-08,1.7206437119239732e-09,1.1102230246251565e-16,4.534216202500829e-08,3.507887256935506e-05,2.044771406078949e-05,4.851254399519749e-07,4.262786922060169e-09,2.044771406078949e-05,8.313079875178329e-07,1.8373092758317e-07,8.266033272474882e-09,1.7269420338195118e-09,1.8373092758317e-07,1.778750310695733e-07,3.378924856578536e-08,2.5653826003119464e-09,1.2924503411948507e-09,3.378924856578536e-08,,,,,,,,,
2026-03-22T10:09:39Z,test_cases/pglib_opf_case2000_goc.mat,pglib_opf_case2000_goc,oracle_ac_primal_dual_all_bounds__Qg_Vm_Va,oracle_ac_primal_dual_all_bounds,full_all_bounds,ac_true,1,0,Qg+Vm+Va,3,,,optimal,ok,1,8004.895632437011,965427.578481373,120.6046428096784,0,0.014426231384277344,0.7944550514221191,2.3410189151763916,3.1354739665985107,3.1354739665985107,3.149900197982788,acopf_acdc_paper_study/cases/pglib_opf_case2000_goc/logs/oracle_ac_primal_dual_all_bounds__Qg_Vm_Va.log,0,4,1.994309841134447e-08,2.54800402998967e-10,1.0402856887026246e-07,7.68439752590588e-08,7.68439752590588e-08,0.452,,,0.452,False,100.0,2000,3639,384,238,1010,1,177,1822,32972.9120006,8961.255528791,44578.846999999994,13166.993999999999,21683.502,-4939.474,3639,6,0,2,1,973432.4741138312,33750.017425435886,5583.801416493942,0.9000000063552172,1.1000000102959822,1.0582251329716634,0.034629448849864686,-1.2354839009137708,0.11717709385966844,-0.47462790182187753,0.24926330959577628,2008.2959265304598,1994.913703591625,71.08533968124284,71.22798583679742,0.9873122161387841,1.0000000187090334,0.2710381051003381,0.27175647971842753,0.0,8.510126103811189e-09,21,170,62,24,3,13,0,,,,,,1,0.0,0.0,0.0,0.0,0.0,1,0.0,0.0,0.0,0.0,0.0,1,0.0,0.0,0.0,0.0,0.0,1,1,1,8.688963878207083e-08,4.424896049570748e-08,1.679198216392583e-09,1.1102230246251565e-16,4.424896049570748e-08,3.4095937720138096e-05,1.9959210820430506e-05,4.5138461429581563e-07,4.159733557607126e-09,1.9959210820430506e-05,8.113875719554411e-07,1.793437054420366e-07,8.06850325968389e-09,1.6837782279566227e-09,1.793437054420366e-07,1.7361785535666214e-07,3.298338219215324e-08,2.5039243385789307e-09,1.261907495164749e-09,3.298338219215324e-08,,,,,,,,,
2026-03-22T10:09:42Z,test_cases/pglib_opf_case2000_goc.mat,pglib_opf_case2000_goc,oracle_ac_primal_dual_all_bounds__Pg_Qg_Vm_Va,oracle_ac_primal_dual_all_bounds,full_all_bounds,ac_true,1,0,Pg+Qg+Vm+Va,4,,,optimal,ok,1,9330.545378679213,965427.5784813627,120.6046428096771,0,0.014426231384277344,0.7879350185394287,2.2654829025268555,3.053417921066284,3.053417921066284,3.0678441524505615,acopf_acdc_paper_study/cases/pglib_opf_case2000_goc/logs/oracle_ac_primal_dual_all_bounds__Pg_Qg_Vm_Va.log,0,3,2.274497013197629e-08,2.496396422912994e-10,1.0402856887026246e-07,8.951841604415899e-08,8.951841604415899e-08,0.382,,,0.382,False,100.0,2000,3639,384,238,1010,1,177,1822,32972.9120006,8961.255528791,44578.846999999994,13166.993999999999,21683.502,-4939.474,3639,6,0,2,1,973432.4741138208,33750.0174254415,5583.801416274524,0.9000000063552148,1.1000000102959822,1.0582251329777457,0.03462944885595958,-1.2354839009494338,0.11717709385495508,-0.4746279018307333,0.24926330960568852,2008.2959265359375,1994.9137035962028,71.08533968315939,71.22798583839406,0.9873122161283427,1.0000000187090325,0.27103810509675935,0.27175647971395095,0.0,8.510125742988706e-09,21,170,62,24,3,13,1,0.0,0.0,0.0,0.0,0.0,1,0.0,0.0,0.0,0.0,0.0,1,0.0,0.0,0.0,0.0,0.0,1,0.0,0.0,0.0,0.0,0.0,1,1,1,8.727538106876854e-08,4.445054191393183e-08,1.6866672737519355e-09,1.1102230246251565e-16,4.445054191393183e-08,3.664267219825044e-05,2.0038350411644146e-05,5.647925541146106e-07,4.179701390549795e-09,2.0038350411644146e-05,8.148133109594338e-07,1.8004657142967062e-07,8.100806005995053e-09,1.6693709747883645e-09,1.8004657142967062e-07,1.7434291200880034e-07,3.3110007235936934e-08,2.5147164377539677e-09,1.2674327143358255e-09,3.3110007235936934e-08,,,,,,,,,
2026-03-22T10:09:50Z,test_cases/pglib_opf_case2000_goc.mat,pglib_opf_case2000_goc,oracle_ac_dual_only_constraint__none,oracle_ac_dual_only_constraint,constraint_only,ac_true,1,0,,0,,,optimal,ok,1,8004.895632437133,965427.5784813879,120.60464280968026,0,0.014426231384277344,0.751140832901001,6.864944934844971,7.616085767745972,7.616085767745972,7.630511999130249,acopf_acdc_paper_study/cases/pglib_opf_case2000_goc/logs/oracle_ac_dual_only_constraint__none.log,0,65,2.04577565491714e-08,2.613948502094843e-10,1.0402856887026246e-07,7.689779647034483e-08,7.689779647034483e-08,4.98,,,4.98,False,100.0,2000,3639,384,238,1010,1,177,1822,32972.9120006,8961.255528791,44578.846999999994,13166.993999999999,21683.502,-4939.474,3639,6,0,2,1,973432.4741138461,33750.01742543119,5583.801416759203,0.9000000063552174,1.1000000102959822,1.0582251329730452,0.034629448847781616,-1.2354839008778722,0.11717709386494495,-0.4746279018125572,0.24926330958547777,2008.2959265238326,1994.9137035861074,71.08533967929085,71.22798583516861,0.9873122161518562,1.0000000187090325,0.2710381051003195,0.271756479719405,0.0,8.510125687477554e-09,21,170,62,24,3,13,0,,,,,,0,,,,,,0,,,,,,0,,,,,,1,1,0,8.651672567526724e-08,4.406187992245236e-08,1.672036926390873e-09,1.1102230246251565e-16,4.406187992245236e-08,3.448593203233731e-05,1.9863527729424568e-05,4.983052503399243e-07,4.141269938084946e-09,1.9863527729424568e-05,8.07596943950216e-07,1.7847935396275716e-07,8.029938451281638e-09,1.6628112220473668e-09,1.7847935396275716e-07,1.7283613391102012e-07,3.282342403432281e-08,2.492802638473876e-09,1.2559054629601718e-09,3.282342403432281e-08,,,,,,,,,
2026-03-22T10:09:56Z,test_cases/pglib_opf_case2000_goc.mat,pglib_opf_case2000_goc,oracle_ac_dual_only_bounds__none,oracle_ac_dual_only_bounds,all_bounds_only,ac_true,1,0,,0,,,optimal,ok,1,8004.895632437094,965427.5784813833,120.60464280967967,0,0.014426231384277344,0.7979252338409424,5.5616209506988525,6.359546184539795,6.359546184539795,6.373972415924072,acopf_acdc_paper_study/cases/pglib_opf_case2000_goc/logs/oracle_ac_dual_only_bounds__none.log,0,49,2.0457754411549928e-08,2.613900762504784e-10,1.0402856887026246e-07,7.689767661192211e-08,7.689767661192211e-08,3.699,,,3.699,True,100.0,2000,3639,384,238,1010,1,177,1822,32972.9120006,8961.255528791,44578.846999999994,13166.993999999999,21683.502,-4939.474,3639,6,0,2,1,973432.4741138414,33750.01742543109,5583.80141675829,0.9000000063552174,1.1000000102959822,1.0582251329730457,0.034629448847787715,-1.2354839008780094,0.11717709386492572,-0.47462790181259934,0.24926330958551304,2008.29592652382,1994.913703586096,71.0853396792956,71.22798583517256,0.9873122161518246,1.000000018709034,0.27103810510031745,0.27175647971940065,0.0,8.510126436878096e-09,21,170,62,24,3,13,0,,,,,,0,,,,,,0,,,,,,0,,,,,,0,0,1,8.651810329826799e-08,4.406263509615371e-08,1.6720619232022165e-09,1.1102230246251565e-16,4.406263509615371e-08,3.4486290350415045e-05,1.986374154050452e-05,4.983099922591907e-07,4.141347785535654e-09,1.986374154050452e-05,8.076055443701911e-07,1.7848128308628475e-07,8.03002596155844e-09,1.6628426413589636e-09,1.7848128308628475e-07,1.7283874177483103e-07,3.282380212077385e-08,2.492841706642335e-09,1.2559344397811145e-09,3.282380212077385e-08,,,,,,,,,
2026-03-22T10:10:00Z,test_cases/pglib_opf_case2000_goc.mat,pglib_opf_case2000_goc,oracle_ac_dual_only_full__none,oracle_ac_dual_only_full,full_all_bounds,ac_true,1,0,,0,,,optimal,ok,1,8004.895632437139,965427.5784813885,120.60464280968033,0,0.014426231384277344,0.7742750644683838,3.348463773727417,4.122738838195801,4.122738838195801,4.137165069580078,acopf_acdc_paper_study/cases/pglib_opf_case2000_goc/logs/oracle_ac_dual_only_full__none.log,0,19,2.0457739959969296e-08,2.613879668267316e-10,1.0402856887026246e-07,7.689767388245578e-08,7.689767388245578e-08,1.459,,,1.459,False,100.0,2000,3639,384,238,1010,1,177,1822,32972.9120006,8961.255528791,44578.846999999994,13166.993999999999,21683.502,-4939.474,3639,6,0,2,1,973432.4741138467,33750.01742543123,5583.801416758093,0.9000000063552174,1.1000000102959822,1.0582251329730552,0.03462944884778658,-1.2354839008780254,0.1171770938649112,-0.47462790181260245,0.24926330958550888,2008.2959265238276,1994.9137035861042,71.08533967929574,71.22798583517267,0.987312216151822,1.0000000187090328,0.2710381051003175,0.27175647971940053,0.0,8.510125798499857e-09,21,170,62,24,3,13,0,,,,,,0,,,,,,0,,,,,,0,,,,,,1,1,1,8.651822321893939e-08,4.406269371592941e-08,1.672064704124301e-09,1.1102230246251565e-16,4.406269371592941e-08,3.4486298542964765e-05,1.9863746488824052e-05,4.983100758446183e-07,4.141261569778898e-09,1.9863746488824052e-05,8.076056882391262e-07,1.784813075111913e-07,8.030024931882096e-09,1.6628389776229824e-09,1.784813075111913e-07,1.728386662365713e-07,3.2823823215011316e-08,2.492840509044406e-09,1.2559384643395788e-09,3.2823823215011316e-08,,,,,,,,,
2026-03-22T10:10:07Z,test_cases/pglib_opf_case2000_goc.mat,pglib_opf_case2000_goc,dc_seed__Pg,dc_seed,none,dcopf,0,1,Pg,1,,,optimal,ok,1,9330.545378693945,965427.5784828995,120.60464280986908,0,0.014426231384277344,0.7899429798126221,5.211552619934082,6.001495599746704,6.252999544143677,6.267425775527954,acopf_acdc_paper_study/cases/pglib_opf_case2000_goc/logs/dc_seed__Pg.log,0,48,9.711162556702674e-08,1.0628763980058409e-09,1.0402856887026246e-07,9.728980724190186e-08,9.728980724190186e-08,3.359,,,3.359,False,100.0,2000,3639,384,238,1010,1,177,1822,32972.9120006,8961.255528791,44578.846999999994,13166.993999999999,21683.502,-4939.474,3639,6,0,2,1,973432.4741153576,33750.01742472872,5583.801453411364,0.9000000063552683,1.1000000102959822,1.0582251328340677,0.03462944841754204,-1.2354838960277075,0.11717709451829719,-0.47462790058234144,0.24926330820596387,2008.2959256868041,1994.9137028874197,71.08533942278274,71.22798562079753,0.9873122177446668,1.0000000187090914,0.2710381052556237,0.27175648000087876,0.0,8.510152471608023e-09,21,170,62,24,3,13,1,2.0837923220791623,0.8017217450137935,0.048897820697136836,1.1244387754238971e-08,0.8017217450137935,0,,,,,,0,,,,,,0,,,,,,0,0,0,3.5584052044218104e-08,1.812655403554686e-08,6.878970625864191e-10,1.3877787807814457e-17,1.812655403554686e-08,1.4340267512369358e-05,8.165595470954745e-06,2.1227793714487186e-07,1.7053245204845524e-09,8.165595470954745e-06,3.3202755822098806e-07,7.336997276397028e-08,3.300928761662547e-09,6.790125128830482e-10,7.336997276397028e-08,7.103869507555514e-08,1.3491736006177035e-08,1.024444317237539e-09,5.15337272855021e-10,1.3491736006177035e-08,native_only,ipopt,nlp,optimal,ok,0.026382923126220703,0.22512102127075195,0.25150394439697266,943643.9667304254
2026-03-22T10:10:14Z,test_cases/pglib_opf_case2000_goc.mat,pglib_opf_case2000_goc,dc_seed__Va,dc_seed,none,dcopf,0,1,Va,1,,,optimal,ok,1,8004.895632484017,965427.5784870897,120.60464281039255,0,0.014426231384277344,0.7410109043121338,6.668195962905884,7.409206867218018,7.66071081161499,7.675137042999268,acopf_acdc_paper_study/cases/pglib_opf_case2000_goc/logs/dc_seed__Va.log,0,61,2.567884948507186e-07,3.280977711739297e-09,1.0402856887026246e-07,1.0161598969896852e-07,2.567884948507186e-07,4.752,,,4.752,False,100.0,2000,3639,384,238,1010,1,177,1822,32972.9120006,8961.255528791,44578.846999999994,13166.993999999999,21683.502,-4939.474,3639,6,0,2,1,973432.4741195479,33750.01742279733,5583.801556648793,0.9000000063553758,1.100000010295982,1.058225132401669,0.03462944720550043,-1.2354838826639445,0.11717709632529968,-0.47462789718808135,0.24926330440550695,2008.2959233635438,1994.9137009483832,71.08533871467486,71.22798502915234,0.9873122221273228,1.0000000187092608,0.27103810571666065,0.27175648080994397,0.0,8.510229576597084e-09,21,170,62,24,3,13,0,,,,,,0,,,,,,0,,,,,,1,5.022971121318922,0.29328318580571333,0.08721574925568183,0.0679155836147006,0.29328318580571333,0,0,0,1.0475218324697906e-07,5.3350171835830906e-08,2.021586421001029e-09,1.1102230246251565e-16,5.3350171835830906e-08,0.00017793332048144392,9.435595967150628e-05,2.1167894310335934e-06,4.996993874240019e-09,9.435595967150628e-05,9.77657265232463e-07,2.154271581122913e-07,9.71650813347269e-09,1.9685401086988463e-09,2.154271581122913e-07,2.0942840902727246e-07,3.960775285527518e-08,3.026839398101883e-09,1.543857486296929e-09,3.960775285527518e-08,native_only,ipopt,nlp,optimal,ok,0.026382923126220703,0.22512102127075195,0.25150394439697266,943643.9667304254
2026-03-22T10:10:20Z,test_cases/pglib_opf_case2000_goc.mat,pglib_opf_case2000_goc,dc_seed__Pg_Va,dc_seed,none,dcopf,0,1,Pg+Va,2,,,optimal,ok,1,9330.545378713661,965427.5784849568,120.60464281012608,0,0.014426231384277344,0.41643691062927246,5.548001050949097,5.964437961578369,6.215941905975342,6.230368137359619,acopf_acdc_paper_study/cases/pglib_opf_case2000_goc/logs/dc_seed__Pg_Va.log,0,48,1.954601922356743e-07,2.1436092900728454e-09,1.0402856887026246e-07,1.0758590326372949e-07,1.954601922356743e-07,3.687,,,3.687,False,100.0,2000,3639,384,238,1010,1,177,1822,32972.9120006,8961.255528791,44578.846999999994,13166.993999999999,21683.502,-4939.474,3639,6,0,2,1,973432.4741174149,33750.01742378883,5583.801504899684,0.9000000063553096,1.100000010295982,1.0582251326159617,0.03462944782268583,-1.235483889503735,0.11717709540351917,-0.474627898922858,0.2492633063502402,2008.2959245436289,1994.9137019334191,71.08533907656022,71.22798533155485,0.987312219885035,1.0000000187091773,0.27103810548790314,0.27175648040330963,0.0,8.510191606969641e-09,21,170,62,24,3,13,1,2.0837923220791623,0.8017217450137935,0.048897820697136836,1.1244387754238971e-08,0.8017217450137935,0,,,,,,0,,,,,,1,5.022971121318922,0.29328318580571333,0.08721574925568183,0.0679155836147006,0.29328318580571333,0,0,0,3.289493030630995e-08,1.674392247075218e-08,6.332179163164112e-10,0.0,1.674392247075218e-08,0.00011486596975180989,6.210465303140705e-05,1.2104174020137843e-06,1.5619981280634576e-09,6.210465303140705e-05,3.073983567969816e-07,6.746048741845811e-08,3.0638201551358436e-09,6.484961456720839e-10,6.746048741845811e-08,6.594693302588363e-08,1.240243963085419e-08,9.556806808711991e-10,5.053362450713195e-10,1.240243963085419e-08,native_only,ipopt,nlp,optimal,ok,0.026382923126220703,0.22512102127075195,0.25150394439697266,943643.9667304254
