timestamp_utc,case_file,case_name,run_name,family,dual_mode,seed_source,is_oracle,is_practical,blocks,num_blocks,seed_vm_policy,seed_qg_policy,termination,status,success,objective,objective_gap_vs_baseline_abs,objective_gap_vs_baseline_rel,objective_matches_baseline,shared_case_prep_time,build_time,solve_time,total_time,end_to_end_time,full_pipeline_time_including_shared_case_prep,log_path,hit_max_iter,iterations,dual_inf,constr_viol,var_bound_viol,compl_inf,overall_nlp_error,ipopt_reported_total_sec,ipopt_cpu_sec_no_func_eval,ipopt_cpu_sec_func_eval,ipopt_cpu_total_est,restoration_used,baseMVA,nb,nl,ng_total,ng_active,n_load_buses,n_ref_buses,n_pv_buses,n_pq_buses,total_pd_mw,total_qd_mvar,sum_pmax_mw,sum_pmin_mw,sum_qmax_mvar,sum_qmin_mvar,n_branch_with_limits,n_branch_out_of_service,gencost_any_pwl,gencost_max_poly_degree,gencost_any_quadratic,objective_value,total_pg_mw,total_qg_mvar,vm_min,vm_max,vm_mean,vm_std,va_min_rad,va_max_rad,va_mean_rad,va_std_rad,max_line_mva_from,max_line_mva_to,mean_line_mva_from,mean_line_mva_to,max_thermal_util_from,max_thermal_util_to,mean_thermal_util_from,mean_thermal_util_to,max_flow_limit_violation_sq_from,max_flow_limit_violation_sq_to,n_pg_at_lb,n_pg_at_ub,n_qg_at_lb,n_qg_at_ub,n_vm_at_lb,n_vm_at_ub,init_has_Pg,init_Pg_l2,init_Pg_linf,init_Pg_mean_abs,init_Pg_median_abs,init_Pg_max_abs,init_has_Qg,init_Qg_l2,init_Qg_linf,init_Qg_mean_abs,init_Qg_median_abs,init_Qg_max_abs,init_has_Vm,init_Vm_l2,init_Vm_linf,init_Vm_mean_abs,init_Vm_median_abs,init_Vm_max_abs,init_has_Va,init_Va_l2,init_Va_linf,init_Va_mean_abs,init_Va_median_abs,init_Va_max_abs,init_has_duals,init_has_constraint_duals,init_has_bound_mults,dist_to_baseline_Pg_l2,dist_to_baseline_Pg_linf,dist_to_baseline_Pg_mean_abs,dist_to_baseline_Pg_median_abs,dist_to_baseline_Pg_max_abs,dist_to_baseline_Qg_l2,dist_to_baseline_Qg_linf,dist_to_baseline_Qg_mean_abs,dist_to_baseline_Qg_median_abs,dist_to_baseline_Qg_max_abs,dist_to_baseline_Vm_l2,dist_to_baseline_Vm_linf,dist_to_baseline_Vm_mean_abs,dist_to_baseline_Vm_median_abs,dist_to_baseline_Vm_max_abs,dist_to_baseline_Va_l2,dist_to_baseline_Va_linf,dist_to_baseline_Va_mean_abs,dist_to_baseline_Va_median_abs,dist_to_baseline_Va_max_abs,dc_seed_mode,dc_solver,dc_solver_problem_type,dc_termination,dc_status,dc_build_time,dc_solve_time,dc_total_time,dc_objective
2026-03-22T04:22:13Z,test_cases/pglib_opf_case10000_goc.mat,pglib_opf_case10000_goc,baseline_default,baseline,none,case_default,0,1,,0,,,optimal,ok,1,11061.68578362251,,,,0.19222211837768555,2.7100977897644043,30.325716018676758,33.03581380844116,33.03581380844116,33.22803592681885,acopf_acdc_paper_study/cases/pglib_opf_case10000_goc/logs/baseline_default.log,0,79,3.9096470156377826e-08,5.073064383905729e-07,3.636231049597427e-08,9.537704649720744e-08,5.073064383905729e-07,22.349,,,22.349,False,100.0,10000,13193,2089,2016,3984,1,1294,8705,73675.166,17836.098,184430.77000000002,56156.380000000005,85484.939,-23533.08,13193,0,0,2,1,1354031.3453040887,76037.58331039283,13328.153282461193,0.8999999901132826,1.10000001067332,1.060576419785498,0.03681781656247298,-0.4394338644687643,1.4966488517568142,0.194899960215699,0.4430576671449825,3293.3130454839934,3259.9858988163787,61.98071061051782,62.104892174060495,1.0000000042319352,1.0000000222006005,0.15919759518194562,0.15948361598233957,5.564230054488917e-08,8.019967051575705e-09,1259,748,809,187,6,180,,,,,,,,,,,,,,,,,,,,,,,,,,,,,,,,,,,,,,,,,,,,,,,,,,,,,,,,
2026-03-22T04:22:44Z,test_cases/pglib_opf_case10000_goc.mat,pglib_opf_case10000_goc,oracle_ac_primal_only__Pg,oracle_ac_primal_only,none,ac_true,1,0,Pg,1,,,optimal,ok,1,13107.412309472706,1342969.6595192784,121.40732305989252,0,0.19222211837768555,2.4265708923339844,29.01200580596924,31.438576698303223,31.438576698303223,31.630798816680908,acopf_acdc_paper_study/cases/pglib_opf_case10000_goc/logs/oracle_ac_primal_only__Pg.log,0,77,3.422826718517641e-08,4.2345969147872253e-07,3.636231049597427e-08,1.0704672913693941e-07,4.2345969147872253e-07,21.725,,,21.725,False,100.0,10000,13193,2089,2016,3984,1,1294,8705,73675.166,17836.098,184430.77000000002,56156.380000000005,85484.939,-23533.08,13193,0,0,2,1,1354031.345302901,76037.58330670669,13328.15326355382,0.8999999901132826,1.10000001067332,1.0605764209002688,0.03681781692221015,-0.4394338616020397,1.4966488557486777,0.19489996341975196,0.4430576666733946,3293.313044188921,3259.9858976621263,61.980711045170764,62.104892592174615,1.0000000042319188,1.0000000222005976,0.15919759579923287,0.15948361656443766,5.564207938846266e-08,8.019966024619407e-09,1259,748,809,187,6,180,1,0.0,0.0,0.0,0.0,0.0,0,,,,,,0,,,,,,0,,,,,,0,0,0,6.262039680054683e-08,3.0314919463592105e-08,7.754880501847533e-11,2.6020852139652106e-18,3.0314919463592105e-08,0.00011169610454215902,6.458139683641374e-05,2.796432824667583e-07,8.504308368628699e-12,6.458139683641374e-05,3.29177397302183e-06,1.4723240921998837e-06,5.09397083521268e-09,8.242816429415711e-10,1.4723240921998837e-06,4.166991648520095e-07,8.318408475926908e-08,3.3846792706125068e-09,2.9915818017256512e-09,8.318408475926908e-08,,,,,,,,,
2026-03-22T04:23:20Z,test_cases/pglib_opf_case10000_goc.mat,pglib_opf_case10000_goc,oracle_ac_primal_only__Qg,oracle_ac_primal_only,none,ac_true,1,0,Qg,1,,,optimal,ok,1,11061.685783622517,1342969.659520467,121.40732305999998,0,0.19222211837768555,4.087376832962036,31.48028802871704,35.56766486167908,35.56766486167908,35.75988698005676,acopf_acdc_paper_study/cases/pglib_opf_case10000_goc/logs/oracle_ac_primal_only__Qg.log,0,82,3.9095821792535014e-08,5.073064549120793e-07,3.636231049597427e-08,9.537704628733058e-08,5.073064549120793e-07,24.172,,,24.172,False,100.0,10000,13193,2089,2016,3984,1,1294,8705,73675.166,17836.098,184430.77000000002,56156.380000000005,85484.939,-23533.08,13193,0,0,2,1,1354031.3453040896,76037.58331039277,13328.153282460273,0.8999999901132826,1.10000001067332,1.0605764197854963,0.0368178165624801,-0.4394338644687078,1.4966488517568415,0.19489996021580355,0.4430576671449673,3293.313045483885,3259.985898816285,61.98071061051776,62.10489217406044,1.0000000042319364,1.0000000222005834,0.15919759518194673,0.15948361598234062,5.564231386756546e-08,8.019960834326767e-09,1259,748,809,187,6,180,0,,,,,,1,0.0,0.0,0.0,0.0,0.0,0,,,,,,0,,,,,,0,0,0,8.115897048399546e-12,4.714451051768265e-12,9.57691439654493e-15,0.0,4.714451051768265e-12,1.4603992472174614e-11,7.933653733971369e-12,8.796402868199382e-14,1.3877787807814457e-17,7.933653733971369e-12,2.112583260727997e-12,1.7041923427996153e-13,1.446096575818956e-14,9.325873406851315e-15,1.7041923427996153e-13,1.188981831087854e-11,3.3767433293974136e-13,1.0453912757961339e-13,9.564571357145724e-14,3.3767433293974136e-13,,,,,,,,,
2026-03-22T04:25:24Z,test_cases/pglib_opf_case10000_goc.mat,pglib_opf_case10000_goc,oracle_ac_primal_only__Vm,oracle_ac_primal_only,none,ac_true,1,0,Vm,1,,,maxIterations,warning,0,14544.88806697018,,,,0.19222211837768555,2.4171392917633057,121.93966889381409,124.35680818557739,124.35680818557739,124.54903030395508,acopf_acdc_paper_study/cases/pglib_opf_case10000_goc/logs/oracle_ac_primal_only__Vm.log,1,300,2763365.826985292,0.2501540359660416,0.0,346.2102343004287,1755.4782801625208,114.502,,,114.502,False,100.0,10000,13193,2089,2016,3984,1,1294,8705,73675.166,17836.098,184430.77000000002,56156.380000000005,85484.939,-23533.08,13193,0,0,2,1,,,,,,,,,,,,,,,,,,,,,,,,,,,,0,,,,,,0,,,,,,1,0.0,0.0,0.0,0.0,0.0,0,,,,,,0,0,0,,,,,,,,,,,,,,,,,,,,,,,,,,,,,
2026-03-22T04:25:56Z,test_cases/pglib_opf_case10000_goc.mat,pglib_opf_case10000_goc,oracle_ac_primal_only__Va,oracle_ac_primal_only,none,ac_true,1,0,Va,1,,,optimal,ok,1,11061.685783622539,1342969.65952047,121.40732306000025,0,0.19222211837768555,5.0590879917144775,26.693204879760742,31.75229287147522,31.75229287147522,31.944514989852905,acopf_acdc_paper_study/cases/pglib_opf_case10000_goc/logs/oracle_ac_primal_only__Va.log,0,65,3.909643464057095e-08,5.07305608153652e-07,3.636231049597427e-08,9.53770662703649e-08,5.07305608153652e-07,18.718,,,18.718,False,100.0,10000,13193,2089,2016,3984,1,1294,8705,73675.166,17836.098,184430.77000000002,56156.380000000005,85484.939,-23533.08,13193,0,0,2,1,1354031.3453040926,76037.58331038924,13328.153282426996,0.8999999901132826,1.10000001067332,1.0605764197854903,0.03681781656256436,-0.4394338644678592,1.4966488517585563,0.19489996021722525,0.4430576671450186,3293.313045481831,3259.9858988144797,61.98071061042751,62.10489217396948,1.0000000042319355,1.000000022200586,0.15919759518187282,0.15948361598226948,5.5642302321246007e-08,8.019961861283065e-09,1259,748,809,187,6,180,0,,,,,,0,,,,,,0,,,,,,1,0.0,0.0,0.0,0.0,0.0,0,0,0,1.8559833518477867e-10,1.389311998778453e-10,1.9850442166147137e-13,0.0,1.389311998778453e-10,2.548830601103507e-09,7.175078309273886e-10,1.4701445126727736e-11,3.767819389821625e-15,7.175078309273886e-10,1.2738523441859008e-10,2.2795099141603714e-11,6.12561534829581e-13,2.7189361873070084e-13,2.2795099141603714e-11,1.5766941636178182e-10,3.782640867200371e-12,1.5284115787231323e-12,1.6114887202434147e-12,3.782640867200371e-12,,,,,,,,,
2026-03-22T04:26:30Z,test_cases/pglib_opf_case10000_goc.mat,pglib_opf_case10000_goc,oracle_ac_primal_only__Pg_Qg,oracle_ac_primal_only,none,ac_true,1,0,Pg+Qg,2,,,optimal,ok,1,13107.412309472656,1342969.6595192736,121.40732305989208,0,0.19222211837768555,4.274283170700073,29.719309091567993,33.993592262268066,33.993592262268066,34.18581438064575,acopf_acdc_paper_study/cases/pglib_opf_case10000_goc/logs/oracle_ac_primal_only__Pg_Qg.log,0,78,3.422726772729504e-08,4.234582515697666e-07,3.636231049597427e-08,1.0704665938352256e-07,4.234582515697666e-07,21.988,,,21.988,False,100.0,10000,13193,2089,2016,3984,1,1294,8705,73675.166,17836.098,184430.77000000002,56156.380000000005,85484.939,-23533.08,13193,0,0,2,1,1354031.345302896,76037.58330670657,13328.1532635549,0.8999999901132826,1.10000001067332,1.0605764209002613,0.036817816922224356,-0.43943386160194464,1.4966488557489679,0.1948999634199199,0.4430576666734153,3293.313044188964,3259.985897662163,61.980711045175944,62.10489259217953,1.000000004231918,1.0000000222006151,0.1591975957992431,0.15948361656444732,5.5642070506678465e-08,8.019972297379496e-09,1259,748,809,187,6,180,1,0.0,0.0,0.0,0.0,0.0,1,0.0,0.0,0.0,0.0,0.0,0,,,,,,0,,,,,,0,0,0,6.262414754177082e-08,3.031616913062862e-08,7.755177614459687e-11,2.6020852139652106e-18,3.031616913062862e-08,0.00011169750662756686,6.458236312296278e-05,2.7964652019562816e-07,8.504287551946987e-12,6.458236312296278e-05,3.2918063623443074e-06,1.4723352637080467e-06,5.094010818496031e-09,8.242595495033811e-10,1.4723352637080467e-06,4.1671335833126054e-07,8.318490316017169e-08,3.3848450800662323e-09,2.991771441696045e-09,8.318490316017169e-08,,,,,,,,,
2026-03-22T04:27:36Z,test_cases/pglib_opf_case10000_goc.mat,pglib_opf_case10000_goc,oracle_ac_primal_only__Pg_Vm,oracle_ac_primal_only,none,ac_true,1,0,Pg+Vm,2,,,optimal,ok,1,13107.412309470259,1342969.659519026,121.40732305986971,0,0.19222211837768555,4.045993089675903,61.83259081840515,65.87858390808105,65.87858390808105,66.07080602645874,acopf_acdc_paper_study/cases/pglib_opf_case10000_goc/logs/oracle_ac_primal_only__Pg_Vm.log,0,169,2.830536996427385e-08,3.481666347691925e-07,3.636231049597427e-08,1.0525548697490117e-07,3.481666347691925e-07,54.44,,,54.44,False,100.0,10000,13193,2089,2016,3984,1,1294,8705,73675.166,17836.098,184430.77000000002,56156.380000000005,85484.939,-23533.08,13193,0,0,2,1,1354031.3453026486,76037.58330547916,13328.153274809463,0.8999999901132826,1.10000001067332,1.0605764212051905,0.03681781682052473,-0.4394338606666452,1.4966488605159252,0.19489996460677353,0.4430576665579468,3293.3130437782715,3259.9858972960583,61.98071128124359,62.10489281634587,1.0000000042319157,1.0000000222005772,0.1591975963828167,0.15948361712019044,5.5642038532255356e-08,8.019958558369567e-09,1259,748,809,187,6,180,1,0.0,0.0,0.0,0.0,0.0,0,,,,,,1,0.0,0.0,0.0,0.0,0.0,0,,,,,,0,0,0,8.790142585915618e-08,4.354517280091841e-08,1.098424268467512e-10,6.938893903907228e-18,4.354517280091841e-08,0.0001743633071648428,0.0001153308318795794,4.3423355569957883e-07,1.3113169621339904e-11,0.0001153308318795794,5.16981981366494e-06,2.5265103498206543e-06,7.687384727406154e-09,1.2458048481711614e-09,2.5265103498206543e-06,5.929645226533337e-07,1.1993315404690286e-07,4.659605337239996e-09,4.078291468423423e-09,1.1993315404690286e-07,,,,,,,,,
2026-03-22T04:28:35Z,test_cases/pglib_opf_case10000_goc.mat,pglib_opf_case10000_goc,oracle_ac_primal_only__Pg_Va,oracle_ac_primal_only,none,ac_true,1,0,Pg+Va,2,,,optimal,ok,1,13107.412309470292,1342969.6595190293,121.40732305987,0,0.19222211837768555,2.595254898071289,56.55416297912598,59.149417877197266,59.149417877197266,59.34163999557495,acopf_acdc_paper_study/cases/pglib_opf_case10000_goc/logs/oracle_ac_primal_only__Pg_Va.log,0,144,2.8306120052064125e-08,3.481666583909221e-07,3.636231049597427e-08,1.0525548765641946e-07,3.481666583909221e-07,47.271,,,47.271,True,100.0,10000,13193,2089,2016,3984,1,1294,8705,73675.166,17836.098,184430.77000000002,56156.380000000005,85484.939,-23533.08,13193,0,0,2,1,1354031.3453026519,76037.58330547856,13328.153274798007,0.8999999901132826,1.10000001067332,1.0605764212051578,0.03681781682060031,-0.4394338606661192,1.4966488605178287,0.19489996460736211,0.44305766655796697,3293.313043777155,3259.9858972950656,61.98071128123761,62.1048928163391,1.0000000042319137,1.0000000222006076,0.1591975963828077,0.15948361712018172,5.5642013663259604e-08,8.01996954957751e-09,1259,748,809,187,6,180,1,0.0,0.0,0.0,0.0,0.0,0,,,,,,0,,,,,,1,0.0,0.0,0.0,0.0,0.0,0,0,0,8.790504256117248e-08,4.357241767394271e-08,1.0981476672491868e-10,6.938893903907228e-18,4.357241767394271e-08,0.00017436340621385788,0.00011533097167889736,4.3423354825165264e-07,1.3113093293506961e-11,0.00011533097167889736,5.169822450294574e-06,2.5265134171448267e-06,7.68739808906238e-09,1.2456444209441031e-09,2.5265134171448267e-06,5.930076603943556e-07,1.199337490709329e-07,4.6601792126283796e-09,4.078923726558159e-09,1.199337490709329e-07,,,,,,,,,
2026-03-22T04:30:37Z,test_cases/pglib_opf_case10000_goc.mat,pglib_opf_case10000_goc,oracle_ac_primal_only__Qg_Vm,oracle_ac_primal_only,none,ac_true,1,0,Qg+Vm,2,,,maxIterations,warning,0,14550.874027723357,,,,0.19222211837768555,4.071687936782837,117.57427716255188,121.64596509933472,121.64596509933472,121.8381872177124,acopf_acdc_paper_study/cases/pglib_opf_case10000_goc/logs/oracle_ac_primal_only__Qg_Vm.log,1,300,1692219.3558484847,0.25712192373578246,0.0,1294.0248193820692,1052.4422505494906,108.198,,,108.198,False,100.0,10000,13193,2089,2016,3984,1,1294,8705,73675.166,17836.098,184430.77000000002,56156.380000000005,85484.939,-23533.08,13193,0,0,2,1,,,,,,,,,,,,,,,,,,,,,,,,,,,,0,,,,,,1,0.0,0.0,0.0,0.0,0.0,1,0.0,0.0,0.0,0.0,0.0,0,,,,,,0,0,0,,,,,,,,,,,,,,,,,,,,,,,,,,,,,
2026-03-22T04:31:07Z,test_cases/pglib_opf_case10000_goc.mat,pglib_opf_case10000_goc,oracle_ac_primal_only__Qg_Va,oracle_ac_primal_only,none,ac_true,1,0,Qg+Va,2,,,optimal,ok,1,11061.685783622512,1342969.6595204663,121.40732305999991,0,0.19222211837768555,2.562387228012085,27.305267095565796,29.86765432357788,29.86765432357788,30.059876441955566,acopf_acdc_paper_study/cases/pglib_opf_case10000_goc/logs/oracle_ac_primal_only__Qg_Va.log,0,63,3.90925935181706e-08,5.072400138857874e-07,3.636231049597427e-08,9.537893293854754e-08,5.072400138857874e-07,18.046,,,18.046,False,100.0,10000,13193,2089,2016,3984,1,1294,8705,73675.166,17836.098,184430.77000000002,56156.380000000005,85484.939,-23533.08,13193,0,0,2,1,1354031.345304089,76037.58331038842,13328.153282443995,0.8999999901132826,1.10000001067332,1.0605764197856176,0.0368178165623078,-0.439433864467036,1.496648851762753,0.19489996021827288,0.44305766714494343,3293.313045481647,3259.985898814319,61.980710610574455,62.10489217410757,1.0000000042319364,1.0000000222005823,0.15919759518244678,0.15948361598282812,5.564231386756546e-08,8.019960445748708e-09,1259,748,809,187,6,180,0,,,,,,1,0.0,0.0,0.0,0.0,0.0,0,,,,,,1,0.0,0.0,0.0,0.0,0.0,0,0,0,1.867903897856397e-10,1.4227075073591777e-10,2.0302796481487093e-13,0.0,1.4227075073591777e-10,6.518329845902393e-08,4.400143380212107e-08,1.5727753745477702e-10,8.271161533457416e-15,4.400143380212107e-08,1.7802425032997064e-09,9.638001507994431e-10,2.50789334854673e-12,4.588551760775772e-13,9.638001507994431e-10,2.87978460808323e-10,3.827649308618675e-11,2.62707936481008e-12,2.6022517474189044e-12,3.827649308618675e-11,,,,,,,,,
2026-03-22T04:31:38Z,test_cases/pglib_opf_case10000_goc.mat,pglib_opf_case10000_goc,oracle_ac_primal_only__Vm_Va,oracle_ac_primal_only,none,ac_true,1,0,Vm+Va,2,,,optimal,ok,1,11061.685783622539,1342969.6595204696,121.40732306000021,0,0.19222211837768555,4.060451030731201,27.229891777038574,31.290342807769775,31.290342807769775,31.48256492614746,acopf_acdc_paper_study/cases/pglib_opf_case10000_goc/logs/oracle_ac_primal_only__Vm_Va.log,0,62,3.90925459628407e-08,5.07239820833616e-07,3.636231049597427e-08,9.537893791782847e-08,5.07239820833616e-07,17.785,,,17.785,False,100.0,10000,13193,2089,2016,3984,1,1294,8705,73675.166,17836.098,184430.77000000002,56156.380000000005,85484.939,-23533.08,13193,0,0,2,1,1354031.3453040922,76037.58331038804,13328.153282434954,0.8999999901132826,1.10000001067332,1.0605764197856624,0.036817816562245795,-0.4394338644670595,1.496648851761701,0.19489996021829392,0.4430576671449312,3293.3130454814195,3259.9858988141127,61.98071061056205,62.1048921740952,1.0000000042319361,1.0000000222005725,0.15919759518243393,0.1594836159828153,5.5642309426673364e-08,8.019956920790605e-09,1259,748,809,187,6,180,0,,,,,,0,,,,,,1,0.0,0.0,0.0,0.0,0.0,1,0.0,0.0,0.0,0.0,0.0,0,0,0,2.0040294929401224e-10,1.5459744595602842e-10,2.1302743754288502e-13,0.0,1.5459744595602842e-10,6.549758550640031e-08,4.4230888552460046e-08,1.603716797788294e-10,8.230395531771961e-15,4.4230888552460046e-08,1.7869133442233739e-09,9.688296831456e-10,2.5378534940223572e-12,5.053735208093713e-13,9.688296831456e-10,2.9019715747573424e-10,3.851807761634518e-11,2.6481442816388883e-12,2.6264997121661082e-12,3.851807761634518e-11,,,,,,,,,
2026-03-22T04:32:20Z,test_cases/pglib_opf_case10000_goc.mat,pglib_opf_case10000_goc,oracle_ac_primal_only__Pg_Qg_Vm,oracle_ac_primal_only,none,ac_true,1,0,Pg+Qg+Vm,3,,,optimal,ok,1,13107.412309470268,1342969.659519027,121.4073230598698,0,0.19222211837768555,4.040041923522949,37.20246887207031,41.24251079559326,41.24251079559326,41.43473291397095,acopf_acdc_paper_study/cases/pglib_opf_case10000_goc/logs/oracle_ac_primal_only__Pg_Qg_Vm.log,0,93,2.830460653460335e-08,3.481666475645129e-07,3.636231049597427e-08,1.0525548699836117e-07,3.481666475645129e-07,27.794,,,27.794,False,100.0,10000,13193,2089,2016,3984,1,1294,8705,73675.166,17836.098,184430.77000000002,56156.380000000005,85484.939,-23533.08,13193,0,0,2,1,1354031.3453026495,76037.58330547916,13328.153274809716,0.8999999901132826,1.10000001067332,1.0605764212051791,0.03681781682053739,-0.4394338606666424,1.496648860515917,0.19489996460674294,0.44305766655794115,3293.313043778236,3259.985897296029,61.98071128124351,62.10489281634572,1.000000004231915,1.0000000222005785,0.15919759638281725,0.1594836171201909,5.5642031426828e-08,8.019959141236654e-09,1259,748,809,187,6,180,1,0.0,0.0,0.0,0.0,0.0,1,0.0,0.0,0.0,0.0,0.0,1,0.0,0.0,0.0,0.0,0.0,0,,,,,,0,0,0,8.790076505616772e-08,4.354454929966778e-08,1.0984159785544438e-10,6.938893903907228e-18,4.354454929966778e-08,0.0001743633073720459,0.00011533083153870971,4.342335615141729e-07,1.3113172223425118e-11,0.00011533083153870971,5.169819792754133e-06,2.5265103424931823e-06,7.68737753696902e-09,1.2457647691199725e-09,2.5265103424931823e-06,5.92962312893993e-07,1.1993311391234052e-07,4.659575709842896e-09,4.078271220731011e-09,1.1993311391234052e-07,,,,,,,,,
2026-03-22T04:33:23Z,test_cases/pglib_opf_case10000_goc.mat,pglib_opf_case10000_goc,oracle_ac_primal_only__Pg_Qg_Va,oracle_ac_primal_only,none,ac_true,1,0,Pg+Qg+Va,3,,,optimal,ok,1,13107.412309470286,1342969.6595190288,121.40732305986995,0,0.19222211837768555,2.4665138721466064,61.22522306442261,63.691736936569214,63.691736936569214,63.8839590549469,acopf_acdc_paper_study/cases/pglib_opf_case10000_goc/logs/oracle_ac_primal_only__Pg_Qg_Va.log,0,154,2.8306152910057795e-08,3.481666699198943e-07,3.636231049597427e-08,1.0525548758020699e-07,3.481666699198943e-07,52.397,,,52.397,False,100.0,10000,13193,2089,2016,3984,1,1294,8705,73675.166,17836.098,184430.77000000002,56156.380000000005,85484.939,-23533.08,13193,0,0,2,1,1354031.3453026514,76037.5833054788,13328.153274799808,0.8999999901132826,1.10000001067332,1.0605764212051472,0.036817816820608314,-0.43943386066613244,1.4966488605178705,0.1948999646073629,0.44305766655798645,3293.313043777252,3259.985897295146,61.98071128123837,62.104892816339856,1.000000004231914,1.000000022200597,0.15919759638280848,0.1594836171201825,5.5642015439616443e-08,8.019965747063651e-09,1259,748,809,187,6,180,1,0.0,0.0,0.0,0.0,0.0,1,0.0,0.0,0.0,0.0,0.0,0,,,,,,1,0.0,0.0,0.0,0.0,0.0,0,0,0,8.790364351741088e-08,4.357218053030465e-08,1.0981317484938132e-10,6.938893903907228e-18,4.357218053030465e-08,0.00017436340659806983,0.00011533097265940817,4.342335470476627e-07,1.3113091992464354e-11,0.00011533097265940817,5.169822455012987e-06,2.526513438905198e-06,7.687392414423843e-09,1.2456331521804032e-09,2.526513438905198e-06,5.930076038146416e-07,1.199337549828705e-07,4.6601800305386805e-09,4.078925724959603e-09,1.199337549828705e-07,,,,,,,,,
2026-03-22T04:33:52Z,test_cases/pglib_opf_case10000_goc.mat,pglib_opf_case10000_goc,oracle_ac_primal_only__Pg_Vm_Va,oracle_ac_primal_only,none,ac_true,1,0,Pg+Vm+Va,3,,,optimal,ok,1,13107.412309470265,1342969.6595190263,121.40732305986973,0,0.19222211837768555,4.103675127029419,23.9287588596344,28.03243398666382,28.03243398666382,28.224656105041504,acopf_acdc_paper_study/cases/pglib_opf_case10000_goc/logs/oracle_ac_primal_only__Pg_Vm_Va.log,0,50,2.8306647050546142e-08,3.481666949033818e-07,3.636231049597427e-08,1.0525548869517167e-07,3.481666949033818e-07,14.495,,,14.495,False,100.0,10000,13193,2089,2016,3984,1,1294,8705,73675.166,17836.098,184430.77000000002,56156.380000000005,85484.939,-23533.08,13193,0,0,2,1,1354031.3453026488,76037.58330547804,13328.153274794284,0.8999999901132826,1.10000001067332,1.060576421205176,0.036817816820563086,-0.4394338606661105,1.496648860516929,0.19489996460748865,0.4430576665579931,3293.3130437770947,3259.985897295021,61.98071128122607,62.10489281632754,1.0000000042319146,1.0000000222006131,0.15919759638279582,0.1594836171201699,5.564202432140064e-08,8.019971631245681e-09,1259,748,809,187,6,180,1,0.0,0.0,0.0,0.0,0.0,0,,,,,,1,0.0,0.0,0.0,0.0,0.0,1,0.0,0.0,0.0,0.0,0.0,0,0,0,8.790612953838551e-08,4.3570829610928286e-08,1.0981404759685057e-10,6.938893903907228e-18,4.3570829610928286e-08,0.00017436347541870082,0.00011533105562207789,4.3423365221564496e-07,1.3113084619889581e-11,0.00011533105562207789,5.169822863687042e-06,2.5265152590048245e-06,7.687381671761528e-09,1.2456600750887503e-09,2.5265152590048245e-06,5.930167504339073e-07,1.1993389525954967e-07,4.660302212938695e-09,4.079049681360303e-09,1.1993389525954967e-07,,,,,,,,,
2026-03-22T04:34:22Z,test_cases/pglib_opf_case10000_goc.mat,pglib_opf_case10000_goc,oracle_ac_primal_only__Qg_Vm_Va,oracle_ac_primal_only,none,ac_true,1,0,Qg+Vm+Va,3,,,optimal,ok,1,11061.685783622554,1342969.6595204715,121.40732306000038,0,0.19222211837768555,2.4916961193084717,28.01341414451599,30.505110263824463,30.505110263824463,30.69733238220215,acopf_acdc_paper_study/cases/pglib_opf_case10000_goc/logs/oracle_ac_primal_only__Qg_Vm_Va.log,0,64,3.909671158602293e-08,5.073053192389265e-07,3.636231049597427e-08,9.537707347474088e-08,5.073053192389265e-07,18.524,,,18.524,False,100.0,10000,13193,2089,2016,3984,1,1294,8705,73675.166,17836.098,184430.77000000002,56156.380000000005,85484.939,-23533.08,13193,0,0,2,1,1354031.345304094,76037.58331038932,13328.153282422458,0.8999999901132826,1.10000001067332,1.060576419785509,0.036817816562534994,-0.4394338644679174,1.4966488517574201,0.19489996021717496,0.4430576671450338,3293.313045481812,3259.9858988144747,61.980710610416665,62.10489217395861,1.0000000042319357,1.000000022200586,0.1591975951818629,0.1594836159822595,5.5642304985781266e-08,8.019961778016338e-09,1259,748,809,187,6,180,0,,,,,,1,0.0,0.0,0.0,0.0,0.0,1,0.0,0.0,0.0,0.0,0.0,1,0.0,0.0,0.0,0.0,0.0,0,0,0,1.9809438279887857e-10,1.4860923602810772e-10,2.139629035263859e-13,0.0,1.4860923602810772e-10,3.3797333182056692e-09,1.0696645791341552e-09,1.829191149773882e-11,4.166805789296291e-15,1.0696645791341552e-09,1.3982115705158717e-10,2.4963808797906495e-11,6.611888037078018e-13,2.9054536554440347e-13,2.4963808797906495e-11,1.525457489411892e-10,4.003797293705702e-12,1.4784272269309853e-12,1.580957587066223e-12,4.003797293705702e-12,,,,,,,,,
2026-03-22T04:34:50Z,test_cases/pglib_opf_case10000_goc.mat,pglib_opf_case10000_goc,oracle_ac_primal_only__Pg_Qg_Vm_Va,oracle_ac_primal_only,none,ac_true,1,0,Pg+Qg+Vm+Va,4,,,optimal,ok,1,13107.41230947028,1342969.6595190282,121.4073230598699,0,0.19222211837768555,4.106672286987305,23.84340238571167,27.950074672698975,27.950074672698975,28.14229679107666,acopf_acdc_paper_study/cases/pglib_opf_case10000_goc/logs/oracle_ac_primal_only__Pg_Qg_Vm_Va.log,0,50,2.8305764133793466e-08,3.4816670090725976e-07,3.636231049597427e-08,1.052554888033393e-07,3.4816670090725976e-07,14.433,,,14.433,False,100.0,10000,13193,2089,2016,3984,1,1294,8705,73675.166,17836.098,184430.77000000002,56156.380000000005,85484.939,-23533.08,13193,0,0,2,1,1354031.3453026507,76037.58330547821,13328.153274792536,0.8999999901132826,1.10000001067332,1.0605764212051731,0.03681781682056346,-0.4394338606660956,1.4966488605169412,0.1948999646075034,0.4430576665579816,3293.313043777083,3259.985897295006,61.9807112812258,62.10489281632727,1.0000000042319135,1.0000000222005725,0.1591975963827954,0.1594836171201695,5.5642010998724345e-08,8.019956920790605e-09,1259,748,809,187,6,180,1,0.0,0.0,0.0,0.0,0.0,1,0.0,0.0,0.0,0.0,0.0,1,0.0,0.0,0.0,0.0,0.0,1,0.0,0.0,0.0,0.0,0.0,0,0,0,8.790835436606504e-08,4.35720837188569e-08,1.098161914259463e-10,6.938893903907228e-18,4.35720837188569e-08,0.00017436347382950338,0.00011533105432720223,4.342336430789662e-07,1.3113074862070029e-11,0.00011533105432720223,5.169822847353044e-06,2.5265152308051597e-06,7.687382021914768e-09,1.2456862763521315e-09,2.5265152308051597e-06,5.930178813325456e-07,1.199338967028396e-07,4.6603166808093e-09,4.079050319738542e-09,1.199338967028396e-07,,,,,,,,,
2026-03-22T04:36:48Z,test_cases/pglib_opf_case10000_goc.mat,pglib_opf_case10000_goc,oracle_ac_primal_dual__Pg,oracle_ac_primal_dual,full,ac_true,1,0,Pg,1,,,maxIterations,warning,0,12991.409480463286,,,,0.19222211837768555,2.4955177307128906,114.9427170753479,117.43823480606079,117.43823480606079,117.63045692443848,acopf_acdc_paper_study/cases/pglib_opf_case10000_goc/logs/oracle_ac_primal_dual__Pg.log,1,300,28.083660383831095,1.0427380091104843,3.06207481592935e-08,15.525604758441832,28.083660383831095,105.77,,,105.77,True,100.0,10000,13193,2089,2016,3984,1,1294,8705,73675.166,17836.098,184430.77000000002,56156.380000000005,85484.939,-23533.08,13193,0,0,2,1,,,,,,,,,,,,,,,,,,,,,,,,,,,,1,0.0,0.0,0.0,0.0,0.0,0,,,,,,0,,,,,,0,,,,,,1,1,1,,,,,,,,,,,,,,,,,,,,,,,,,,,,,
2026-03-22T04:38:47Z,test_cases/pglib_opf_case10000_goc.mat,pglib_opf_case10000_goc,oracle_ac_primal_dual__Qg,oracle_ac_primal_dual,full,ac_true,1,0,Qg,1,,,maxIterations,warning,0,21873.654482049416,,,,0.19222211837768555,4.1016459465026855,115.44801902770996,119.54966497421265,119.54966497421265,119.74188709259033,acopf_acdc_paper_study/cases/pglib_opf_case10000_goc/logs/oracle_ac_primal_dual__Qg.log,1,300,1067.6855439123794,7.654175631993265,8.0756918097169e-09,39.16564699024564,1067.6855439123794,106.817,,,106.817,False,100.0,10000,13193,2089,2016,3984,1,1294,8705,73675.166,17836.098,184430.77000000002,56156.380000000005,85484.939,-23533.08,13193,0,0,2,1,,,,,,,,,,,,,,,,,,,,,,,,,,,,0,,,,,,1,0.0,0.0,0.0,0.0,0.0,0,,,,,,0,,,,,,1,1,1,,,,,,,,,,,,,,,,,,,,,,,,,,,,,
2026-03-22T04:40:44Z,test_cases/pglib_opf_case10000_goc.mat,pglib_opf_case10000_goc,oracle_ac_primal_dual__Vm,oracle_ac_primal_dual,full,ac_true,1,0,Vm,1,,,maxIterations,warning,0,20144.686023956892,,,,0.19222211837768555,2.6688919067382812,114.28643107414246,116.95532298088074,116.95532298088074,117.14754509925842,acopf_acdc_paper_study/cases/pglib_opf_case10000_goc/logs/oracle_ac_primal_dual__Vm.log,1,300,91.56566201022083,5.9801879129535696,7.623645714716076e-09,36.6839523721252,91.56566201022083,107.099,,,107.099,True,100.0,10000,13193,2089,2016,3984,1,1294,8705,73675.166,17836.098,184430.77000000002,56156.380000000005,85484.939,-23533.08,13193,0,0,2,1,,,,,,,,,,,,,,,,,,,,,,,,,,,,0,,,,,,0,,,,,,1,0.0,0.0,0.0,0.0,0.0,0,,,,,,1,1,1,,,,,,,,,,,,,,,,,,,,,,,,,,,,,
2026-03-22T04:42:43Z,test_cases/pglib_opf_case10000_goc.mat,pglib_opf_case10000_goc,oracle_ac_primal_dual__Va,oracle_ac_primal_dual,full,ac_true,1,0,Va,1,,,maxIterations,warning,0,14571.756478070864,,,,0.19222211837768555,4.29630184173584,114.11546325683594,118.41176509857178,118.41176509857178,118.60398721694946,acopf_acdc_paper_study/cases/pglib_opf_case10000_goc/logs/oracle_ac_primal_dual__Va.log,1,300,2036.3734136117193,1.6426027533386096,2.182588421106857e-08,1.7432279200805343,2036.3734136117193,106.767,,,106.767,False,100.0,10000,13193,2089,2016,3984,1,1294,8705,73675.166,17836.098,184430.77000000002,56156.380000000005,85484.939,-23533.08,13193,0,0,2,1,,,,,,,,,,,,,,,,,,,,,,,,,,,,0,,,,,,0,,,,,,0,,,,,,1,0.0,0.0,0.0,0.0,0.0,1,1,1,,,,,,,,,,,,,,,,,,,,,,,,,,,,,
2026-03-22T04:44:34Z,test_cases/pglib_opf_case10000_goc.mat,pglib_opf_case10000_goc,oracle_ac_primal_dual__Pg_Qg,oracle_ac_primal_dual,full,ac_true,1,0,Pg+Qg,2,,,maxIterations,warning,0,12781.739812283115,,,,0.19222211837768555,6.165467739105225,105.53640818595886,111.70187592506409,111.70187592506409,111.89409804344177,acopf_acdc_paper_study/cases/pglib_opf_case10000_goc/logs/oracle_ac_primal_dual__Pg_Qg.log,1,300,22.04294277056693,2.45168711547545,1.0985369280902546e-08,17.708387047891545,22.04294277056693,97.985,,,97.985,True,100.0,10000,13193,2089,2016,3984,1,1294,8705,73675.166,17836.098,184430.77000000002,56156.380000000005,85484.939,-23533.08,13193,0,0,2,1,,,,,,,,,,,,,,,,,,,,,,,,,,,,1,0.0,0.0,0.0,0.0,0.0,1,0.0,0.0,0.0,0.0,0.0,0,,,,,,0,,,,,,1,1,1,,,,,,,,,,,,,,,,,,,,,,,,,,,,,
2026-03-22T04:46:38Z,test_cases/pglib_opf_case10000_goc.mat,pglib_opf_case10000_goc,oracle_ac_primal_dual__Pg_Vm,oracle_ac_primal_dual,full,ac_true,1,0,Pg+Vm,2,,,maxIterations,warning,0,12861.817022978308,,,,0.19222211837768555,2.6056339740753174,121.30397605895996,123.90961003303528,123.90961003303528,124.10183215141296,acopf_acdc_paper_study/cases/pglib_opf_case10000_goc/logs/oracle_ac_primal_dual__Pg_Vm.log,1,300,25.9023110865926,2.441823562149392,0.0,28.430004879958304,28.430004879958304,113.017,,,113.017,True,100.0,10000,13193,2089,2016,3984,1,1294,8705,73675.166,17836.098,184430.77000000002,56156.380000000005,85484.939,-23533.08,13193,0,0,2,1,,,,,,,,,,,,,,,,,,,,,,,,,,,,1,0.0,0.0,0.0,0.0,0.0,0,,,,,,1,0.0,0.0,0.0,0.0,0.0,0,,,,,,1,1,1,,,,,,,,,,,,,,,,,,,,,,,,,,,,,
2026-03-22T04:48:33Z,test_cases/pglib_opf_case10000_goc.mat,pglib_opf_case10000_goc,oracle_ac_primal_dual__Pg_Va,oracle_ac_primal_dual,full,ac_true,1,0,Pg+Va,2,,,maxIterations,warning,0,13113.266732242551,,,,0.19222211837768555,2.5153820514678955,112.37459778785706,114.88997983932495,114.88997983932495,115.08220195770264,acopf_acdc_paper_study/cases/pglib_opf_case10000_goc/logs/oracle_ac_primal_dual__Pg_Va.log,1,300,153.91608306738348,0.007328035197865643,9.5741644499589e-09,0.03379355614929211,153.91608306738348,102.583,,,102.583,True,100.0,10000,13193,2089,2016,3984,1,1294,8705,73675.166,17836.098,184430.77000000002,56156.380000000005,85484.939,-23533.08,13193,0,0,2,1,,,,,,,,,,,,,,,,,,,,,,,,,,,,1,0.0,0.0,0.0,0.0,0.0,0,,,,,,0,,,,,,1,0.0,0.0,0.0,0.0,0.0,1,1,1,,,,,,,,,,,,,,,,,,,,,,,,,,,,,
2026-03-22T04:50:34Z,test_cases/pglib_opf_case10000_goc.mat,pglib_opf_case10000_goc,oracle_ac_primal_dual__Qg_Vm,oracle_ac_primal_dual,full,ac_true,1,0,Qg+Vm,2,,,maxIterations,warning,0,23183.248550297565,,,,0.19222211837768555,4.101454973220825,116.80633997917175,120.90779495239258,120.90779495239258,121.10001707077026,acopf_acdc_paper_study/cases/pglib_opf_case10000_goc/logs/oracle_ac_primal_dual__Qg_Vm.log,1,300,1102.5942641245865,7.605972606439081,8.886041930056265e-09,45.20547002126882,1102.5942641245865,107.008,,,107.008,False,100.0,10000,13193,2089,2016,3984,1,1294,8705,73675.166,17836.098,184430.77000000002,56156.380000000005,85484.939,-23533.08,13193,0,0,2,1,,,,,,,,,,,,,,,,,,,,,,,,,,,,0,,,,,,1,0.0,0.0,0.0,0.0,0.0,1,0.0,0.0,0.0,0.0,0.0,0,,,,,,1,1,1,,,,,,,,,,,,,,,,,,,,,,,,,,,,,
2026-03-22T04:52:30Z,test_cases/pglib_opf_case10000_goc.mat,pglib_opf_case10000_goc,oracle_ac_primal_dual__Qg_Va,oracle_ac_primal_dual,full,ac_true,1,0,Qg+Va,2,,,maxIterations,warning,0,21808.416771513068,,,,0.19222211837768555,2.622343063354492,113.15067076683044,115.77301383018494,115.77301383018494,115.96523594856262,acopf_acdc_paper_study/cases/pglib_opf_case10000_goc/logs/oracle_ac_primal_dual__Qg_Va.log,1,300,944.376611749464,4.913297593749912,7.839333893838729e-09,5.046163455292148,944.376611749464,105.598,,,105.598,False,100.0,10000,13193,2089,2016,3984,1,1294,8705,73675.166,17836.098,184430.77000000002,56156.380000000005,85484.939,-23533.08,13193,0,0,2,1,,,,,,,,,,,,,,,,,,,,,,,,,,,,0,,,,,,1,0.0,0.0,0.0,0.0,0.0,0,,,,,,1,0.0,0.0,0.0,0.0,0.0,1,1,1,,,,,,,,,,,,,,,,,,,,,,,,,,,,,
2026-03-22T04:54:25Z,test_cases/pglib_opf_case10000_goc.mat,pglib_opf_case10000_goc,oracle_ac_primal_dual__Vm_Va,oracle_ac_primal_dual,full,ac_true,1,0,Vm+Va,2,,,maxIterations,warning,0,19241.497749321614,,,,0.19222211837768555,2.7307090759277344,112.86293315887451,115.59364223480225,115.59364223480225,115.78586435317993,acopf_acdc_paper_study/cases/pglib_opf_case10000_goc/logs/oracle_ac_primal_dual__Vm_Va.log,1,300,95.05852306027317,2.286113026610622,9.87658642587555e-09,0.42410394813382746,95.05852306027317,105.654,,,105.654,False,100.0,10000,13193,2089,2016,3984,1,1294,8705,73675.166,17836.098,184430.77000000002,56156.380000000005,85484.939,-23533.08,13193,0,0,2,1,,,,,,,,,,,,,,,,,,,,,,,,,,,,0,,,,,,0,,,,,,1,0.0,0.0,0.0,0.0,0.0,1,0.0,0.0,0.0,0.0,0.0,1,1,1,,,,,,,,,,,,,,,,,,,,,,,,,,,,,
2026-03-22T04:56:31Z,test_cases/pglib_opf_case10000_goc.mat,pglib_opf_case10000_goc,oracle_ac_primal_dual__Pg_Qg_Vm,oracle_ac_primal_dual,full,ac_true,1,0,Pg+Qg+Vm,3,,,maxIterations,warning,0,12982.966015564629,,,,0.19222211837768555,5.150831937789917,120.127023935318,125.27785587310791,125.27785587310791,125.4700779914856,acopf_acdc_paper_study/cases/pglib_opf_case10000_goc/logs/oracle_ac_primal_dual__Pg_Qg_Vm.log,1,300,22.608623530622303,2.3893296604968404,0.0,23.698815683253503,23.698815683253503,111.767,,,111.767,True,100.0,10000,13193,2089,2016,3984,1,1294,8705,73675.166,17836.098,184430.77000000002,56156.380000000005,85484.939,-23533.08,13193,0,0,2,1,,,,,,,,,,,,,,,,,,,,,,,,,,,,1,0.0,0.0,0.0,0.0,0.0,1,0.0,0.0,0.0,0.0,0.0,1,0.0,0.0,0.0,0.0,0.0,0,,,,,,1,1,1,,,,,,,,,,,,,,,,,,,,,,,,,,,,,
2026-03-22T04:58:32Z,test_cases/pglib_opf_case10000_goc.mat,pglib_opf_case10000_goc,oracle_ac_primal_dual__Pg_Qg_Va,oracle_ac_primal_dual,full,ac_true,1,0,Pg+Qg+Va,3,,,maxIterations,warning,0,13037.289157949544,,,,0.19222211837768555,4.076210021972656,117.2024302482605,121.27864027023315,121.27864027023315,121.47086238861084,acopf_acdc_paper_study/cases/pglib_opf_case10000_goc/logs/oracle_ac_primal_dual__Pg_Qg_Va.log,1,300,570.9638948860612,2.502458274368742,7.818722114194543e-09,3.051161631206778,570.9638948860612,109.701,,,109.701,False,100.0,10000,13193,2089,2016,3984,1,1294,8705,73675.166,17836.098,184430.77000000002,56156.380000000005,85484.939,-23533.08,13193,0,0,2,1,,,,,,,,,,,,,,,,,,,,,,,,,,,,1,0.0,0.0,0.0,0.0,0.0,1,0.0,0.0,0.0,0.0,0.0,0,,,,,,1,0.0,0.0,0.0,0.0,0.0,1,1,1,,,,,,,,,,,,,,,,,,,,,,,,,,,,,
2026-03-22T05:00:31Z,test_cases/pglib_opf_case10000_goc.mat,pglib_opf_case10000_goc,oracle_ac_primal_dual__Pg_Vm_Va,oracle_ac_primal_dual,full,ac_true,1,0,Pg+Vm+Va,3,,,maxIterations,warning,0,13109.212816917037,,,,0.19222211837768555,2.6647801399230957,116.66732883453369,119.33210897445679,119.33210897445679,119.52433109283447,acopf_acdc_paper_study/cases/pglib_opf_case10000_goc/logs/oracle_ac_primal_dual__Pg_Vm_Va.log,1,300,28.921799031313867,0.07889391879852273,7.244821520480116e-09,0.021772011909260022,28.921799031313867,109.196,,,109.196,False,100.0,10000,13193,2089,2016,3984,1,1294,8705,73675.166,17836.098,184430.77000000002,56156.380000000005,85484.939,-23533.08,13193,0,0,2,1,,,,,,,,,,,,,,,,,,,,,,,,,,,,1,0.0,0.0,0.0,0.0,0.0,0,,,,,,1,0.0,0.0,0.0,0.0,0.0,1,0.0,0.0,0.0,0.0,0.0,1,1,1,,,,,,,,,,,,,,,,,,,,,,,,,,,,,
2026-03-22T05:02:29Z,test_cases/pglib_opf_case10000_goc.mat,pglib_opf_case10000_goc,oracle_ac_primal_dual__Qg_Vm_Va,oracle_ac_primal_dual,full,ac_true,1,0,Qg+Vm+Va,3,,,maxIterations,warning,0,22047.1401024259,,,,0.19222211837768555,2.751863956451416,114.7087287902832,117.46059274673462,117.46059274673462,117.6528148651123,acopf_acdc_paper_study/cases/pglib_opf_case10000_goc/logs/oracle_ac_primal_dual__Qg_Vm_Va.log,1,300,83.89306356969237,2.9051434917875576,1.0235962522031627e-08,0.7910030446779629,83.89306356969237,107.208,,,107.208,False,100.0,10000,13193,2089,2016,3984,1,1294,8705,73675.166,17836.098,184430.77000000002,56156.380000000005,85484.939,-23533.08,13193,0,0,2,1,,,,,,,,,,,,,,,,,,,,,,,,,,,,0,,,,,,1,0.0,0.0,0.0,0.0,0.0,1,0.0,0.0,0.0,0.0,0.0,1,0.0,0.0,0.0,0.0,0.0,1,1,1,,,,,,,,,,,,,,,,,,,,,,,,,,,,,
2026-03-22T05:02:46Z,test_cases/pglib_opf_case10000_goc.mat,pglib_opf_case10000_goc,oracle_ac_primal_dual__Pg_Qg_Vm_Va,oracle_ac_primal_dual,full,ac_true,1,0,Pg+Qg+Vm+Va,4,,,optimal,ok,1,13107.412309441397,1342969.6595160444,121.40732305960016,0,0.19222211837768555,6.012887954711914,11.308288097381592,17.321176052093506,17.321176052093506,17.51339817047119,acopf_acdc_paper_study/cases/pglib_opf_case10000_goc/logs/oracle_ac_primal_dual__Pg_Qg_Vm_Va.log,0,8,7.139859517313687e-10,1.2535588603604375e-08,3.636231049597427e-08,8.81395832509551e-08,8.81395832509551e-08,3.753,,,3.753,False,100.0,10000,13193,2089,2016,3984,1,1294,8705,73675.166,17836.098,184430.77000000002,56156.380000000005,85484.939,-23533.08,13193,0,0,2,1,1354031.345299667,76037.58329644719,13328.153290692302,0.8999999901132826,1.10000001067332,1.0605764231267343,0.03681781645725022,-0.43943385470596386,1.496648882111572,0.19489997213441604,0.4430576658027449,3293.313041279109,3259.985895088902,61.98071257646121,62.10489403974944,1.0000000042318695,1.0000000222006382,0.15919759888336368,0.15948361941370306,5.564143279457312e-08,8.019980679563332e-09,1259,748,809,187,6,180,1,0.0,0.0,0.0,0.0,0.0,1,0.0,0.0,0.0,0.0,0.0,1,0.0,0.0,0.0,0.0,0.0,1,0.0,0.0,0.0,0.0,0.0,1,1,1,2.5505382264390295e-07,1.2860636822153992e-07,3.2193199154808673e-10,3.469446951953614e-17,1.2860636822153992e-07,0.0005613628612600354,0.00036759838223817884,1.3514479202082844e-06,3.194484347185389e-11,0.00036759838223817884,1.5959771398679265e-05,8.053076297587225e-06,2.234689114559707e-08,3.625574951371391e-09,8.053076297587225e-06,1.6960254375173362e-06,3.600113715473974e-07,1.2669001580056094e-08,1.0902659503507495e-08,3.600113715473974e-07,,,,,,,,,
2026-03-22T05:04:12Z,test_cases/pglib_opf_case10000_goc.mat,pglib_opf_case10000_goc,oracle_ac_constraint_dual__Pg,oracle_ac_constraint_dual,constraint_only,ac_true,1,0,Pg,1,,,optimal,ok,1,13107.412309441352,1342969.6595160398,121.40732305959975,0,0.19222211837768555,4.057836055755615,81.43692207336426,85.49475812911987,85.49475812911987,85.68698024749756,acopf_acdc_paper_study/cases/pglib_opf_case10000_goc/logs/oracle_ac_constraint_dual__Pg.log,0,237,7.136345704503904e-10,1.2512039401085806e-08,3.636231049597427e-08,8.813960490891021e-08,8.813960490891021e-08,74.014,,,74.014,True,100.0,10000,13193,2089,2016,3984,1,1294,8705,73675.166,17836.098,184430.77000000002,56156.380000000005,85484.939,-23533.08,13193,0,0,2,1,1354031.3452996623,76037.58329643888,13328.153290801432,0.8999999901132826,1.10000001067332,1.0605764231218493,0.036817816453408404,-0.439433854706235,1.4966488821152923,0.19489997213622962,0.44305766580385403,3293.313041282382,3259.985895091989,61.98071257621103,62.104894039600666,1.0000000042318697,1.0000000222006422,0.1591975988862035,0.159483619417008,5.564143723546522e-08,8.019982095097689e-09,1259,748,809,187,6,180,1,0.0,0.0,0.0,0.0,0.0,0,,,,,,0,,,,,,0,,,,,,1,1,0,2.551464974830656e-07,1.2866171150704986e-07,3.221066567752495e-10,3.469446951953614e-17,1.2866171150704986e-07,0.0005613945378354655,0.0003676175890080964,1.3520143189653556e-06,3.1948537131815113e-11,0.0003676175890080964,1.5960347948702924e-05,8.053497112969765e-06,2.234636911643273e-08,3.621928756913917e-09,8.053497112969765e-06,1.6963680113689505e-06,3.60096488905004e-07,1.2670511328332122e-08,1.0903374471238239e-08,3.60096488905004e-07,,,,,,,,,
2026-03-22T05:06:07Z,test_cases/pglib_opf_case10000_goc.mat,pglib_opf_case10000_goc,oracle_ac_constraint_dual__Qg,oracle_ac_constraint_dual,constraint_only,ac_true,1,0,Qg,1,,,maxIterations,warning,0,18061.32575289276,,,,0.19222211837768555,2.662282943725586,112.61131286621094,115.27359580993652,115.27359580993652,115.46581792831421,acopf_acdc_paper_study/cases/pglib_opf_case10000_goc/logs/oracle_ac_constraint_dual__Qg.log,1,300,2915.7155209699563,4.909166941819235,1.3833015843900398e-08,34.65514156963853,2915.7155209699563,103.54,,,103.54,False,100.0,10000,13193,2089,2016,3984,1,1294,8705,73675.166,17836.098,184430.77000000002,56156.380000000005,85484.939,-23533.08,13193,0,0,2,1,,,,,,,,,,,,,,,,,,,,,,,,,,,,0,,,,,,1,0.0,0.0,0.0,0.0,0.0,0,,,,,,0,,,,,,1,1,0,,,,,,,,,,,,,,,,,,,,,,,,,,,,,
2026-03-22T05:08:03Z,test_cases/pglib_opf_case10000_goc.mat,pglib_opf_case10000_goc,oracle_ac_constraint_dual__Vm,oracle_ac_constraint_dual,constraint_only,ac_true,1,0,Vm,1,,,maxIterations,warning,0,12940.92243881449,,,,0.19222211837768555,4.1019370555877686,112.07019233703613,116.1721293926239,116.1721293926239,116.36435151100159,acopf_acdc_paper_study/cases/pglib_opf_case10000_goc/logs/oracle_ac_constraint_dual__Vm.log,1,300,73.68639126185067,1.260849987988885,9.351135865642846e-09,8934.820854742957,8934.820854742957,102.776,,,102.776,True,100.0,10000,13193,2089,2016,3984,1,1294,8705,73675.166,17836.098,184430.77000000002,56156.380000000005,85484.939,-23533.08,13193,0,0,2,1,,,,,,,,,,,,,,,,,,,,,,,,,,,,0,,,,,,0,,,,,,1,0.0,0.0,0.0,0.0,0.0,0,,,,,,1,1,0,,,,,,,,,,,,,,,,,,,,,,,,,,,,,
2026-03-22T05:10:01Z,test_cases/pglib_opf_case10000_goc.mat,pglib_opf_case10000_goc,oracle_ac_constraint_dual__Va,oracle_ac_constraint_dual,constraint_only,ac_true,1,0,Va,1,,,maxIterations,warning,0,13066.732939650945,,,,0.19222211837768555,4.057300090789795,113.43595695495605,117.49325704574585,117.49325704574585,117.68547916412354,acopf_acdc_paper_study/cases/pglib_opf_case10000_goc/logs/oracle_ac_constraint_dual__Va.log,1,300,236547.94951010062,0.9167527154033146,1.2929173509590441e-08,2.181721717143614,79563.65831912267,106.017,,,106.017,False,100.0,10000,13193,2089,2016,3984,1,1294,8705,73675.166,17836.098,184430.77000000002,56156.380000000005,85484.939,-23533.08,13193,0,0,2,1,,,,,,,,,,,,,,,,,,,,,,,,,,,,0,,,,,,0,,,,,,0,,,,,,1,0.0,0.0,0.0,0.0,0.0,1,1,0,,,,,,,,,,,,,,,,,,,,,,,,,,,,,
2026-03-22T05:11:59Z,test_cases/pglib_opf_case10000_goc.mat,pglib_opf_case10000_goc,oracle_ac_constraint_dual__Pg_Qg,oracle_ac_constraint_dual,constraint_only,ac_true,1,0,Pg+Qg,2,,,maxIterations,warning,0,14348.447037142818,,,,0.19222211837768555,2.6291251182556152,115.54721403121948,118.1763391494751,118.1763391494751,118.36856126785278,acopf_acdc_paper_study/cases/pglib_opf_case10000_goc/logs/oracle_ac_constraint_dual__Pg_Qg.log,1,300,989.6790369472255,6.987153557775584,5.404767300376534e-08,47.096481912818554,989.6790369472255,108.387,,,108.387,True,100.0,10000,13193,2089,2016,3984,1,1294,8705,73675.166,17836.098,184430.77000000002,56156.380000000005,85484.939,-23533.08,13193,0,0,2,1,,,,,,,,,,,,,,,,,,,,,,,,,,,,1,0.0,0.0,0.0,0.0,0.0,1,0.0,0.0,0.0,0.0,0.0,0,,,,,,0,,,,,,1,1,0,,,,,,,,,,,,,,,,,,,,,,,,,,,,,
2026-03-22T05:13:49Z,test_cases/pglib_opf_case10000_goc.mat,pglib_opf_case10000_goc,oracle_ac_constraint_dual__Pg_Vm,oracle_ac_constraint_dual,constraint_only,ac_true,1,0,Pg+Vm,2,,,maxIterations,warning,0,12976.82272633108,,,,0.19222211837768555,5.518299102783203,104.2886221408844,109.8069212436676,109.8069212436676,109.99914336204529,acopf_acdc_paper_study/cases/pglib_opf_case10000_goc/logs/oracle_ac_constraint_dual__Pg_Vm.log,1,300,86.25709436631317,5.993725634736658,0.0,49.83531513696562,86.25709436631317,96.788,,,96.788,True,100.0,10000,13193,2089,2016,3984,1,1294,8705,73675.166,17836.098,184430.77000000002,56156.380000000005,85484.939,-23533.08,13193,0,0,2,1,,,,,,,,,,,,,,,,,,,,,,,,,,,,1,0.0,0.0,0.0,0.0,0.0,0,,,,,,1,0.0,0.0,0.0,0.0,0.0,0,,,,,,1,1,0,,,,,,,,,,,,,,,,,,,,,,,,,,,,,
2026-03-22T05:15:13Z,test_cases/pglib_opf_case10000_goc.mat,pglib_opf_case10000_goc,oracle_ac_constraint_dual__Pg_Va,oracle_ac_constraint_dual,constraint_only,ac_true,1,0,Pg+Va,2,,,optimal,ok,1,13107.412309441374,1342969.659516042,121.40732305959995,0,0.19222211837768555,4.050668954849243,80.30606317520142,84.35673213005066,84.35673213005066,84.54895424842834,acopf_acdc_paper_study/cases/pglib_opf_case10000_goc/logs/oracle_ac_constraint_dual__Pg_Va.log,0,234,7.159314761580153e-10,1.2529014900217184e-08,3.636231049597427e-08,8.813978232464962e-08,8.813978232464962e-08,72.864,,,72.864,True,100.0,10000,13193,2089,2016,3984,1,1294,8705,73675.166,17836.098,184430.77000000002,56156.380000000005,85484.939,-23533.08,13193,0,0,2,1,1354031.3452996647,76037.58329643581,13328.153290762577,0.8999999901132826,1.10000001067332,1.0605764231217822,0.036817816453603526,-0.4394338547055912,1.4966488821155752,0.19489997213738217,0.44305766580393247,3293.3130412804426,3259.9858950902876,61.98071257606985,62.10489403946384,1.0000000042318682,1.0000000222006358,0.15919759888597787,0.15948361941680247,5.5641416807361566e-08,8.019979791384912e-09,1259,748,809,187,6,180,1,0.0,0.0,0.0,0.0,0.0,0,,,,,,0,,,,,,1,0.0,0.0,0.0,0.0,0.0,1,1,0,2.551582101275334e-07,1.2865397547301427e-07,3.220823092053435e-10,3.469446951953614e-17,1.2865397547301427e-07,0.0005613790502705883,0.0003676037347028326,1.3519799992126736e-06,3.19473484125532e-11,0.0003676037347028326,1.5959781528977914e-05,8.053193568446915e-06,2.234568255874425e-08,3.622185107410303e-09,8.053193568446915e-06,1.6964231869165962e-06,3.6008604559212287e-07,1.2671617228638235e-08,1.090459755214671e-08,3.6008604559212287e-07,,,,,,,,,
2026-03-22T05:17:09Z,test_cases/pglib_opf_case10000_goc.mat,pglib_opf_case10000_goc,oracle_ac_constraint_dual__Qg_Vm,oracle_ac_constraint_dual,constraint_only,ac_true,1,0,Qg+Vm,2,,,maxIterations,warning,0,15610.770630474986,,,,0.19222211837768555,4.219239950180054,111.14446210861206,115.36370205879211,115.36370205879211,115.5559241771698,acopf_acdc_paper_study/cases/pglib_opf_case10000_goc/logs/oracle_ac_constraint_dual__Qg_Vm.log,1,300,481.9897061869362,3.3231849471608608,1.2848788699670877e-08,25.90140941507457,481.9897061869362,103.498,,,103.498,False,100.0,10000,13193,2089,2016,3984,1,1294,8705,73675.166,17836.098,184430.77000000002,56156.380000000005,85484.939,-23533.08,13193,0,0,2,1,,,,,,,,,,,,,,,,,,,,,,,,,,,,0,,,,,,1,0.0,0.0,0.0,0.0,0.0,1,0.0,0.0,0.0,0.0,0.0,0,,,,,,1,1,0,,,,,,,,,,,,,,,,,,,,,,,,,,,,,
2026-03-22T05:19:05Z,test_cases/pglib_opf_case10000_goc.mat,pglib_opf_case10000_goc,oracle_ac_constraint_dual__Qg_Va,oracle_ac_constraint_dual,constraint_only,ac_true,1,0,Qg+Va,2,,,maxIterations,warning,0,14903.12190004431,,,,0.19222211837768555,4.068022727966309,112.79315996170044,116.86118268966675,116.86118268966675,117.05340480804443,acopf_acdc_paper_study/cases/pglib_opf_case10000_goc/logs/oracle_ac_constraint_dual__Qg_Va.log,1,300,414.0364278068212,2.149738091470808,1.9582638621784554e-08,2.689097696191001,414.0364278068212,103.278,,,103.278,False,100.0,10000,13193,2089,2016,3984,1,1294,8705,73675.166,17836.098,184430.77000000002,56156.380000000005,85484.939,-23533.08,13193,0,0,2,1,,,,,,,,,,,,,,,,,,,,,,,,,,,,0,,,,,,1,0.0,0.0,0.0,0.0,0.0,0,,,,,,1,0.0,0.0,0.0,0.0,0.0,1,1,0,,,,,,,,,,,,,,,,,,,,,,,,,,,,,
2026-03-22T05:21:04Z,test_cases/pglib_opf_case10000_goc.mat,pglib_opf_case10000_goc,oracle_ac_constraint_dual__Vm_Va,oracle_ac_constraint_dual,constraint_only,ac_true,1,0,Vm+Va,2,,,maxIterations,warning,0,12616.164531745395,,,,0.19222211837768555,4.059402942657471,114.44890117645264,118.50830411911011,118.50830411911011,118.7005262374878,acopf_acdc_paper_study/cases/pglib_opf_case10000_goc/logs/oracle_ac_constraint_dual__Vm_Va.log,1,300,78.85173612512372,0.6128848844997521,1.4323395358672997e-08,0.11993801120899648,78.85173612512372,105.207,,,105.207,False,100.0,10000,13193,2089,2016,3984,1,1294,8705,73675.166,17836.098,184430.77000000002,56156.380000000005,85484.939,-23533.08,13193,0,0,2,1,,,,,,,,,,,,,,,,,,,,,,,,,,,,0,,,,,,0,,,,,,1,0.0,0.0,0.0,0.0,0.0,1,0.0,0.0,0.0,0.0,0.0,1,1,0,,,,,,,,,,,,,,,,,,,,,,,,,,,,,
2026-03-22T05:22:11Z,test_cases/pglib_opf_case10000_goc.mat,pglib_opf_case10000_goc,oracle_ac_constraint_dual__Pg_Qg_Vm,oracle_ac_constraint_dual,constraint_only,ac_true,1,0,Pg+Qg+Vm,3,,,optimal,ok,1,13107.412309441354,1342969.65951604,121.40732305959976,0,0.19222211837768555,2.629469871520996,64.36712789535522,66.99659776687622,66.99659776687622,67.1888198852539,acopf_acdc_paper_study/cases/pglib_opf_case10000_goc/logs/oracle_ac_constraint_dual__Pg_Qg_Vm.log,0,184,7.056699126542542e-10,1.2354042700293832e-08,3.636231049597427e-08,8.813788037690309e-08,8.813788037690309e-08,56.902,,,56.902,True,100.0,10000,13193,2089,2016,3984,1,1294,8705,73675.166,17836.098,184430.77000000002,56156.380000000005,85484.939,-23533.08,13193,0,0,2,1,1354031.3452996626,76037.58329643293,13328.153290818951,0.8999999901132826,1.10000001067332,1.0605764231224253,0.036817816452478114,-0.4394338547039183,1.4966488821291701,0.19489997213989624,0.44305766580368117,3293.313041280509,3259.985895090358,61.98071257662516,62.10489403996641,1.0000000042318697,1.0000000222006444,0.15919759888762153,0.1594836194182587,5.564143723546522e-08,8.019982900009381e-09,1259,748,809,187,6,180,1,0.0,0.0,0.0,0.0,0.0,1,0.0,0.0,0.0,0.0,0.0,1,0.0,0.0,0.0,0.0,0.0,0,,,,,,1,1,0,2.552417920241233e-07,1.2867132159755101e-07,3.2221472595687573e-10,3.469446951953614e-17,1.2867132159755101e-07,0.0005615344431938336,0.0003677471726851178,1.3523271070108294e-06,3.1956177287684184e-11,0.0003677471726851178,1.5965860871511196e-05,8.056336276762721e-06,2.235300310717836e-08,3.623508493255656e-09,8.056336276762721e-06,1.6968656640364404e-06,3.602140400404963e-07,1.2674293385424274e-08,1.0906264164348145e-08,3.602140400404963e-07,,,,,,,,,
2026-03-22T05:24:08Z,test_cases/pglib_opf_case10000_goc.mat,pglib_opf_case10000_goc,oracle_ac_constraint_dual__Pg_Qg_Va,oracle_ac_constraint_dual,constraint_only,ac_true,1,0,Pg+Qg+Va,3,,,maxIterations,warning,0,13107.013121419302,,,,0.19222211837768555,2.5809171199798584,114.72819399833679,117.30911111831665,117.30911111831665,117.50133323669434,acopf_acdc_paper_study/cases/pglib_opf_case10000_goc/logs/oracle_ac_constraint_dual__Pg_Qg_Va.log,1,300,13.755215059452267,0.01768671945785667,1.32982682643501e-08,0.032060702024443714,13.755215059452267,105.218,,,105.218,False,100.0,10000,13193,2089,2016,3984,1,1294,8705,73675.166,17836.098,184430.77000000002,56156.380000000005,85484.939,-23533.08,13193,0,0,2,1,,,,,,,,,,,,,,,,,,,,,,,,,,,,1,0.0,0.0,0.0,0.0,0.0,1,0.0,0.0,0.0,0.0,0.0,0,,,,,,1,0.0,0.0,0.0,0.0,0.0,1,1,0,,,,,,,,,,,,,,,,,,,,,,,,,,,,,
2026-03-22T05:25:35Z,test_cases/pglib_opf_case10000_goc.mat,pglib_opf_case10000_goc,oracle_ac_constraint_dual__Pg_Vm_Va,oracle_ac_constraint_dual,constraint_only,ac_true,1,0,Pg+Vm+Va,3,,,optimal,ok,1,13107.41230944137,1342969.6595160416,121.4073230595999,0,0.19222211837768555,2.656558036804199,84.2624990940094,86.9190571308136,86.9190571308136,87.11127924919128,acopf_acdc_paper_study/cases/pglib_opf_case10000_goc/logs/oracle_ac_constraint_dual__Pg_Vm_Va.log,0,213,7.154549383187427e-10,1.2527253635472024e-08,3.636231049597427e-08,8.813977905624246e-08,8.813977905624246e-08,74.642,,,74.642,False,100.0,10000,13193,2089,2016,3984,1,1294,8705,73675.166,17836.098,184430.77000000002,56156.380000000005,85484.939,-23533.08,13193,0,0,2,1,1354031.3452996642,76037.58329643446,13328.153290741502,0.8999999901132826,1.10000001067332,1.0605764231219532,0.036817816453593846,-0.43943385470518653,1.4966488821149853,0.19489997213794544,0.4430576658038323,3293.31304128006,3259.985895089941,61.980712576078524,62.104894039472484,1.0000000042318686,1.0000000222006469,0.15919759888596458,0.15948361941678518,5.5641421248253664e-08,8.019983815943377e-09,1259,748,809,187,6,180,1,0.0,0.0,0.0,0.0,0.0,0,,,,,,1,0.0,0.0,0.0,0.0,0.0,1,0.0,0.0,0.0,0.0,0.0,1,1,0,2.5516879873662173e-07,1.2865633713943225e-07,3.220932141060617e-10,3.469446951953614e-17,1.2865633713943225e-07,0.0005613791536474296,0.0003676052055024224,1.351979513287661e-06,3.19477833944648e-11,0.0003676052055024224,1.5959818013699852e-05,8.053225794224517e-06,2.2345962260361674e-08,3.6225472621609356e-09,8.053225794224517e-06,1.6964674805645216e-06,3.600869032116538e-07,1.2672172729158637e-08,1.0905152223296757e-08,3.600869032116538e-07,,,,,,,,,
2026-03-22T05:27:31Z,test_cases/pglib_opf_case10000_goc.mat,pglib_opf_case10000_goc,oracle_ac_constraint_dual__Qg_Vm_Va,oracle_ac_constraint_dual,constraint_only,ac_true,1,0,Qg+Vm+Va,3,,,maxIterations,warning,0,13586.478961088653,,,,0.19222211837768555,2.5774879455566406,113.4949209690094,116.07240891456604,116.07240891456604,116.26463103294373,acopf_acdc_paper_study/cases/pglib_opf_case10000_goc/logs/oracle_ac_constraint_dual__Qg_Vm_Va.log,1,300,139.6651351007962,0.9667515158861661,1.1750361128548548e-08,0.32048167069722144,139.6651351007962,106.015,,,106.015,False,100.0,10000,13193,2089,2016,3984,1,1294,8705,73675.166,17836.098,184430.77000000002,56156.380000000005,85484.939,-23533.08,13193,0,0,2,1,,,,,,,,,,,,,,,,,,,,,,,,,,,,0,,,,,,1,0.0,0.0,0.0,0.0,0.0,1,0.0,0.0,0.0,0.0,0.0,1,0.0,0.0,0.0,0.0,0.0,1,1,0,,,,,,,,,,,,,,,,,,,,,,,,,,,,,
2026-03-22T05:27:46Z,test_cases/pglib_opf_case10000_goc.mat,pglib_opf_case10000_goc,oracle_ac_constraint_dual__Pg_Qg_Vm_Va,oracle_ac_constraint_dual,constraint_only,ac_true,1,0,Pg+Qg+Vm+Va,4,,,optimal,ok,1,13107.41230941456,1342969.6595132719,121.40732305934952,0,0.19222211837768555,2.6652050018310547,11.432042121887207,14.097247123718262,14.097247123718262,14.289469242095947,acopf_acdc_paper_study/cases/pglib_opf_case10000_goc/logs/oracle_ac_constraint_dual__Pg_Qg_Vm_Va.log,0,9,1.0872039185294129e-07,6.216796299713528e-07,3.636231049597427e-08,9.69932517631573e-08,6.216796299713528e-07,4.01,,,4.01,False,100.0,10000,13193,2089,2016,3984,1,1294,8705,73675.166,17836.098,184430.77000000002,56156.380000000005,85484.939,-23533.08,13193,0,0,2,1,1354031.3452968944,76037.58331744347,13328.152957201666,0.8999999901132826,1.10000001067332,1.0605764183181225,0.03681782107689003,-0.4394338724130926,1.496648809283621,0.19489995166022914,0.44305766801748714,3293.313048996952,3259.985901930241,61.98070905493887,62.10489075965577,1.0000000042318626,1.000000022200544,0.1591975899661827,0.1594836109445652,5.564134397673115e-08,8.019946678983203e-09,1259,748,809,187,6,180,1,0.0,0.0,0.0,0.0,0.0,1,0.0,0.0,0.0,0.0,0.0,1,0.0,0.0,0.0,0.0,0.0,1,0.0,0.0,0.0,0.0,0.0,1,1,0,1.1011581444304417e-07,5.43242670847377e-08,1.3623316845431884e-10,1.3877787807814457e-17,5.43242670847377e-08,0.00042233481939818663,0.00026935842347182437,1.2715673418611882e-06,4.349700374189913e-11,0.00026935842347182437,1.4904384935310466e-05,7.6289338415413965e-06,2.2721215026433315e-08,5.508009937038594e-09,7.6289338415413965e-06,1.3994664491103174e-06,4.4484459960081324e-07,9.460556797361817e-09,7.714698289917887e-09,4.4484459960081324e-07,,,,,,,,,
2026-03-22T05:29:28Z,test_cases/pglib_opf_case10000_goc.mat,pglib_opf_case10000_goc,oracle_ac_bounds_dual__Pg,oracle_ac_bounds_dual,bounds_only,ac_true,1,0,Pg,1,,,maxIterations,warning,0,12843.40054170925,,,,0.19222211837768555,4.689738988876343,97.2972059249878,101.98694491386414,101.98694491386414,102.17916703224182,acopf_acdc_paper_study/cases/pglib_opf_case10000_goc/logs/oracle_ac_bounds_dual__Pg.log,1,300,132.2778548604349,0.7598274559479917,2.578791485907672e-09,0.6856163172623058,132.2778548604349,89.693,,,89.693,True,100.0,10000,13193,2089,2016,3984,1,1294,8705,73675.166,17836.098,184430.77000000002,56156.380000000005,85484.939,-23533.08,13193,0,0,2,1,,,,,,,,,,,,,,,,,,,,,,,,,,,,1,0.0,0.0,0.0,0.0,0.0,0,,,,,,0,,,,,,0,,,,,,0,0,1,,,,,,,,,,,,,,,,,,,,,,,,,,,,,
2026-03-22T05:31:01Z,test_cases/pglib_opf_case10000_goc.mat,pglib_opf_case10000_goc,oracle_ac_bounds_dual__Qg,oracle_ac_bounds_dual,bounds_only,ac_true,1,0,Qg,1,,,maxIterations,warning,0,20378.74848110803,,,,0.19222211837768555,2.643864154815674,90.2665159702301,92.91038012504578,92.91038012504578,93.10260224342346,acopf_acdc_paper_study/cases/pglib_opf_case10000_goc/logs/oracle_ac_bounds_dual__Qg.log,1,300,92.1074761050088,8.011423568462856,9.851515270220546e-09,0.9018137868247394,92.1074761050088,81.042,,,81.042,False,100.0,10000,13193,2089,2016,3984,1,1294,8705,73675.166,17836.098,184430.77000000002,56156.380000000005,85484.939,-23533.08,13193,0,0,2,1,,,,,,,,,,,,,,,,,,,,,,,,,,,,0,,,,,,1,0.0,0.0,0.0,0.0,0.0,0,,,,,,0,,,,,,0,0,1,,,,,,,,,,,,,,,,,,,,,,,,,,,,,
2026-03-22T05:32:39Z,test_cases/pglib_opf_case10000_goc.mat,pglib_opf_case10000_goc,oracle_ac_bounds_dual__Vm,oracle_ac_bounds_dual,bounds_only,ac_true,1,0,Vm,1,,,maxIterations,warning,0,22422.197884661964,,,,0.19222211837768555,4.099455118179321,93.91589593887329,98.01535105705261,98.01535105705261,98.2075731754303,acopf_acdc_paper_study/cases/pglib_opf_case10000_goc/logs/oracle_ac_bounds_dual__Vm.log,1,300,651.8746790377982,7.792648071499995,1.0501346014990531e-08,0.9761180311410543,651.8746790377982,86.516,,,86.516,False,100.0,10000,13193,2089,2016,3984,1,1294,8705,73675.166,17836.098,184430.77000000002,56156.380000000005,85484.939,-23533.08,13193,0,0,2,1,,,,,,,,,,,,,,,,,,,,,,,,,,,,0,,,,,,0,,,,,,1,0.0,0.0,0.0,0.0,0.0,0,,,,,,0,0,1,,,,,,,,,,,,,,,,,,,,,,,,,,,,,
2026-03-22T05:34:13Z,test_cases/pglib_opf_case10000_goc.mat,pglib_opf_case10000_goc,oracle_ac_bounds_dual__Va,oracle_ac_bounds_dual,bounds_only,ac_true,1,0,Va,1,,,maxIterations,warning,0,22450.50016055662,,,,0.19222211837768555,2.596712827682495,91.4320809841156,94.0287938117981,94.0287938117981,94.22101593017578,acopf_acdc_paper_study/cases/pglib_opf_case10000_goc/logs/oracle_ac_bounds_dual__Va.log,1,300,97.92012688187107,5.66128221015137,7.300061777293365e-09,0.9750963539037905,97.92012688187107,81.817,,,81.817,False,100.0,10000,13193,2089,2016,3984,1,1294,8705,73675.166,17836.098,184430.77000000002,56156.380000000005,85484.939,-23533.08,13193,0,0,2,1,,,,,,,,,,,,,,,,,,,,,,,,,,,,0,,,,,,0,,,,,,0,,,,,,1,0.0,0.0,0.0,0.0,0.0,0,0,1,,,,,,,,,,,,,,,,,,,,,,,,,,,,,
2026-03-22T05:35:50Z,test_cases/pglib_opf_case10000_goc.mat,pglib_opf_case10000_goc,oracle_ac_bounds_dual__Pg_Qg,oracle_ac_bounds_dual,bounds_only,ac_true,1,0,Pg+Qg,2,,,maxIterations,warning,0,12854.340932861964,,,,0.19222211837768555,2.513568162918091,94.71688914299011,97.2304573059082,97.2304573059082,97.42267942428589,acopf_acdc_paper_study/cases/pglib_opf_case10000_goc/logs/oracle_ac_bounds_dual__Pg_Qg.log,1,300,389.05004158780395,1.4534905083385763,0.0,0.26050382370521585,389.05004158780395,85.137,,,85.137,True,100.0,10000,13193,2089,2016,3984,1,1294,8705,73675.166,17836.098,184430.77000000002,56156.380000000005,85484.939,-23533.08,13193,0,0,2,1,,,,,,,,,,,,,,,,,,,,,,,,,,,,1,0.0,0.0,0.0,0.0,0.0,1,0.0,0.0,0.0,0.0,0.0,0,,,,,,0,,,,,,0,0,1,,,,,,,,,,,,,,,,,,,,,,,,,,,,,
2026-03-22T05:37:27Z,test_cases/pglib_opf_case10000_goc.mat,pglib_opf_case10000_goc,oracle_ac_bounds_dual__Pg_Vm,oracle_ac_bounds_dual,bounds_only,ac_true,1,0,Pg+Vm,2,,,maxIterations,warning,0,12813.908283745144,,,,0.19222211837768555,2.6544010639190674,94.02605319023132,96.68045425415039,96.68045425415039,96.87267637252808,acopf_acdc_paper_study/cases/pglib_opf_case10000_goc/logs/oracle_ac_bounds_dual__Pg_Vm.log,1,300,398.8130158735294,2.4579742551315262,9.898802111329985e-09,0.4871491403629013,398.8130158735294,86.883,,,86.883,True,100.0,10000,13193,2089,2016,3984,1,1294,8705,73675.166,17836.098,184430.77000000002,56156.380000000005,85484.939,-23533.08,13193,0,0,2,1,,,,,,,,,,,,,,,,,,,,,,,,,,,,1,0.0,0.0,0.0,0.0,0.0,0,,,,,,1,0.0,0.0,0.0,0.0,0.0,0,,,,,,0,0,1,,,,,,,,,,,,,,,,,,,,,,,,,,,,,
2026-03-22T05:39:01Z,test_cases/pglib_opf_case10000_goc.mat,pglib_opf_case10000_goc,oracle_ac_bounds_dual__Pg_Va,oracle_ac_bounds_dual,bounds_only,ac_true,1,0,Pg+Va,2,,,maxIterations,warning,0,12967.044924529875,,,,0.19222211837768555,4.134006977081299,90.29824805259705,94.43225502967834,94.43225502967834,94.62447714805603,acopf_acdc_paper_study/cases/pglib_opf_case10000_goc/logs/oracle_ac_bounds_dual__Pg_Va.log,1,300,23.198129078245465,4.1400706515057655,9.98096265879267e-09,0.6790965020179498,23.198129078245465,80.595,,,80.595,False,100.0,10000,13193,2089,2016,3984,1,1294,8705,73675.166,17836.098,184430.77000000002,56156.380000000005,85484.939,-23533.08,13193,0,0,2,1,,,,,,,,,,,,,,,,,,,,,,,,,,,,1,0.0,0.0,0.0,0.0,0.0,0,,,,,,0,,,,,,1,0.0,0.0,0.0,0.0,0.0,0,0,1,,,,,,,,,,,,,,,,,,,,,,,,,,,,,
2026-03-22T05:40:53Z,test_cases/pglib_opf_case10000_goc.mat,pglib_opf_case10000_goc,oracle_ac_bounds_dual__Qg_Vm,oracle_ac_bounds_dual,bounds_only,ac_true,1,0,Qg+Vm,2,,,maxIterations,warning,0,22222.539742897025,,,,0.19222211837768555,2.606309175491333,108.8861756324768,111.49248480796814,111.49248480796814,111.68470692634583,acopf_acdc_paper_study/cases/pglib_opf_case10000_goc/logs/oracle_ac_bounds_dual__Qg_Vm.log,1,300,754.993301248863,7.700463307672241,1.507028657421472e-08,0.9687419832841553,754.993301248863,101.431,,,101.431,False,100.0,10000,13193,2089,2016,3984,1,1294,8705,73675.166,17836.098,184430.77000000002,56156.380000000005,85484.939,-23533.08,13193,0,0,2,1,,,,,,,,,,,,,,,,,,,,,,,,,,,,0,,,,,,1,0.0,0.0,0.0,0.0,0.0,1,0.0,0.0,0.0,0.0,0.0,0,,,,,,0,0,1,,,,,,,,,,,,,,,,,,,,,,,,,,,,,
2026-03-22T05:42:30Z,test_cases/pglib_opf_case10000_goc.mat,pglib_opf_case10000_goc,oracle_ac_bounds_dual__Qg_Va,oracle_ac_bounds_dual,bounds_only,ac_true,1,0,Qg+Va,2,,,maxIterations,warning,0,22725.821434362508,,,,0.19222211837768555,2.5362632274627686,95.14937925338745,97.68564248085022,97.68564248085022,97.8778645992279,acopf_acdc_paper_study/cases/pglib_opf_case10000_goc/logs/oracle_ac_bounds_dual__Qg_Va.log,1,300,98.49058284037213,5.695342783887454,9.970962028260644e-09,0.9852716431100583,98.49058284037213,86.271,,,86.271,False,100.0,10000,13193,2089,2016,3984,1,1294,8705,73675.166,17836.098,184430.77000000002,56156.380000000005,85484.939,-23533.08,13193,0,0,2,1,,,,,,,,,,,,,,,,,,,,,,,,,,,,0,,,,,,1,0.0,0.0,0.0,0.0,0.0,0,,,,,,1,0.0,0.0,0.0,0.0,0.0,0,0,1,,,,,,,,,,,,,,,,,,,,,,,,,,,,,
2026-03-22T05:44:13Z,test_cases/pglib_opf_case10000_goc.mat,pglib_opf_case10000_goc,oracle_ac_bounds_dual__Vm_Va,oracle_ac_bounds_dual,bounds_only,ac_true,1,0,Vm+Va,2,,,maxIterations,warning,0,22438.49975238735,,,,0.19222211837768555,4.780514240264893,97.40953993797302,102.19005417823792,102.19005417823792,102.3822762966156,acopf_acdc_paper_study/cases/pglib_opf_case10000_goc/logs/oracle_ac_bounds_dual__Vm_Va.log,1,300,637.1007402129139,3.247819430562935,9.994051808348559e-09,0.9702736144292273,637.1007402129139,89.99,,,89.99,False,100.0,10000,13193,2089,2016,3984,1,1294,8705,73675.166,17836.098,184430.77000000002,56156.380000000005,85484.939,-23533.08,13193,0,0,2,1,,,,,,,,,,,,,,,,,,,,,,,,,,,,0,,,,,,0,,,,,,1,0.0,0.0,0.0,0.0,0.0,1,0.0,0.0,0.0,0.0,0.0,0,0,1,,,,,,,,,,,,,,,,,,,,,,,,,,,,,
2026-03-22T05:45:58Z,test_cases/pglib_opf_case10000_goc.mat,pglib_opf_case10000_goc,oracle_ac_bounds_dual__Pg_Qg_Vm,oracle_ac_bounds_dual,bounds_only,ac_true,1,0,Pg+Qg+Vm,3,,,maxIterations,warning,0,12833.268281625787,,,,0.19222211837768555,5.121973991394043,100.70773005485535,105.82970404624939,105.82970404624939,106.02192616462708,acopf_acdc_paper_study/cases/pglib_opf_case10000_goc/logs/oracle_ac_bounds_dual__Pg_Qg_Vm.log,1,300,230.08162204283389,4.577281075485904,1.0982686537985842e-08,0.6434398502899054,230.08162204283389,91.948,,,91.948,True,100.0,10000,13193,2089,2016,3984,1,1294,8705,73675.166,17836.098,184430.77000000002,56156.380000000005,85484.939,-23533.08,13193,0,0,2,1,,,,,,,,,,,,,,,,,,,,,,,,,,,,1,0.0,0.0,0.0,0.0,0.0,1,0.0,0.0,0.0,0.0,0.0,1,0.0,0.0,0.0,0.0,0.0,0,,,,,,0,0,1,,,,,,,,,,,,,,,,,,,,,,,,,,,,,
2026-03-22T05:47:35Z,test_cases/pglib_opf_case10000_goc.mat,pglib_opf_case10000_goc,oracle_ac_bounds_dual__Pg_Qg_Va,oracle_ac_bounds_dual,bounds_only,ac_true,1,0,Pg+Qg+Va,3,,,maxIterations,warning,0,12997.248215054991,,,,0.19222211837768555,6.134574890136719,89.97105503082275,96.10562992095947,96.10562992095947,96.29785203933716,acopf_acdc_paper_study/cases/pglib_opf_case10000_goc/logs/oracle_ac_bounds_dual__Pg_Qg_Va.log,1,300,13.378021400889013,4.711418076348223,1.0644041870122578e-08,0.7698609590146749,13.378021400889013,82.011,,,82.011,False,100.0,10000,13193,2089,2016,3984,1,1294,8705,73675.166,17836.098,184430.77000000002,56156.380000000005,85484.939,-23533.08,13193,0,0,2,1,,,,,,,,,,,,,,,,,,,,,,,,,,,,1,0.0,0.0,0.0,0.0,0.0,1,0.0,0.0,0.0,0.0,0.0,0,,,,,,1,0.0,0.0,0.0,0.0,0.0,0,0,1,,,,,,,,,,,,,,,,,,,,,,,,,,,,,
2026-03-22T05:49:11Z,test_cases/pglib_opf_case10000_goc.mat,pglib_opf_case10000_goc,oracle_ac_bounds_dual__Pg_Vm_Va,oracle_ac_bounds_dual,bounds_only,ac_true,1,0,Pg+Vm+Va,3,,,maxIterations,warning,0,13089.796697568283,,,,0.19222211837768555,2.6806697845458984,93.91990423202515,96.60057401657104,96.60057401657104,96.79279613494873,acopf_acdc_paper_study/cases/pglib_opf_case10000_goc/logs/oracle_ac_bounds_dual__Pg_Vm_Va.log,1,300,290.4597659412626,0.7935626183066993,9.981181520180016e-09,0.3036035730720079,290.4597659412626,86.747,,,86.747,False,100.0,10000,13193,2089,2016,3984,1,1294,8705,73675.166,17836.098,184430.77000000002,56156.380000000005,85484.939,-23533.08,13193,0,0,2,1,,,,,,,,,,,,,,,,,,,,,,,,,,,,1,0.0,0.0,0.0,0.0,0.0,0,,,,,,1,0.0,0.0,0.0,0.0,0.0,1,0.0,0.0,0.0,0.0,0.0,0,0,1,,,,,,,,,,,,,,,,,,,,,,,,,,,,,
2026-03-22T05:50:50Z,test_cases/pglib_opf_case10000_goc.mat,pglib_opf_case10000_goc,oracle_ac_bounds_dual__Qg_Vm_Va,oracle_ac_bounds_dual,bounds_only,ac_true,1,0,Qg+Vm+Va,3,,,maxIterations,warning,0,23440.010183037128,,,,0.19222211837768555,4.119992733001709,94.9142746925354,99.03426742553711,99.03426742553711,99.2264895439148,acopf_acdc_paper_study/cases/pglib_opf_case10000_goc/logs/oracle_ac_bounds_dual__Qg_Vm_Va.log,1,300,652.1601624836211,3.3134359690607256,1.0894215307644117e-08,0.9949162496256163,652.1601624836211,85.43,,,85.43,False,100.0,10000,13193,2089,2016,3984,1,1294,8705,73675.166,17836.098,184430.77000000002,56156.380000000005,85484.939,-23533.08,13193,0,0,2,1,,,,,,,,,,,,,,,,,,,,,,,,,,,,0,,,,,,1,0.0,0.0,0.0,0.0,0.0,1,0.0,0.0,0.0,0.0,0.0,1,0.0,0.0,0.0,0.0,0.0,0,0,1,,,,,,,,,,,,,,,,,,,,,,,,,,,,,
2026-03-22T05:51:57Z,test_cases/pglib_opf_case10000_goc.mat,pglib_opf_case10000_goc,oracle_ac_bounds_dual__Pg_Qg_Vm_Va,oracle_ac_bounds_dual,bounds_only,ac_true,1,0,Pg+Qg+Vm+Va,4,,,optimal,ok,1,13107.412309441315,1342969.6595160363,121.40732305959942,0,0.19222211837768555,4.097224950790405,62.73171520233154,66.82894015312195,66.82894015312195,67.02116227149963,acopf_acdc_paper_study/cases/pglib_opf_case10000_goc/logs/oracle_ac_bounds_dual__Pg_Qg_Vm_Va.log,0,175,7.132200853639194e-10,1.2535500725982529e-08,3.636231049597427e-08,8.813915441109759e-08,8.813915441109759e-08,55.268,,,55.268,True,100.0,10000,13193,2089,2016,3984,1,1294,8705,73675.166,17836.098,184430.77000000002,56156.380000000005,85484.939,-23533.08,13193,0,0,2,1,1354031.3452996588,76037.58329643935,13328.15329078022,0.8999999901132826,1.10000001067332,1.0605764231222319,0.0368178164528659,-0.43943385470781476,1.4966488821111446,0.1948999721349859,0.4430576658041628,3293.313041281389,3259.9858950911234,61.98071257608092,62.10489403947779,1.0000000042318697,1.000000022200631,0.15919759888604457,0.15948361941680939,5.564143457092996e-08,8.019978015028073e-09,1259,748,809,187,6,180,1,0.0,0.0,0.0,0.0,0.0,1,0.0,0.0,0.0,0.0,0.0,1,0.0,0.0,0.0,0.0,0.0,1,0.0,0.0,0.0,0.0,0.0,0,0,1,2.5514456676356737e-07,1.2865167420272883e-07,3.2206205330225163e-10,3.469446951953614e-17,1.2865167420272883e-07,0.0005613723944544949,0.0003675982649985893,1.35194217457982e-06,3.1949153392329954e-11,0.0003675982649985893,1.5959576370956378e-05,8.05307372386821e-06,2.2345625385411515e-08,3.621799637976153e-09,8.05307372386821e-06,1.6962601457470211e-06,3.600748436916046e-07,1.2669347112410377e-08,1.0902117749149107e-08,3.600748436916046e-07,,,,,,,,,
2026-03-22T05:53:30Z,test_cases/pglib_opf_case10000_goc.mat,pglib_opf_case10000_goc,oracle_ac_primal_dual_all_bounds__Pg,oracle_ac_primal_dual_all_bounds,full_all_bounds,ac_true,1,0,Pg,1,,,optimal,ok,1,13107.41230944134,1342969.6595160386,121.40732305959963,0,0.19222211837768555,2.6784329414367676,89.73143005371094,92.4098629951477,92.4098629951477,92.60208511352539,acopf_acdc_paper_study/cases/pglib_opf_case10000_goc/logs/oracle_ac_primal_dual_all_bounds__Pg.log,0,250,7.148620676819219e-10,1.2527795861458357e-08,3.636231049597427e-08,8.813977823638789e-08,8.813977823638789e-08,80.317,,,80.317,True,100.0,10000,13193,2089,2016,3984,1,1294,8705,73675.166,17836.098,184430.77000000002,56156.380000000005,85484.939,-23533.08,13193,0,0,2,1,1354031.3452996612,76037.58329643882,13328.153290795974,0.8999999901132826,1.10000001067332,1.0605764231217751,0.036817816453544205,-0.43943385470641233,1.496648882113985,0.19489997213597116,0.4430576658038757,3293.313041282471,3259.985895092067,61.980712576167726,62.1048940395623,1.0000000042318693,1.0000000222006225,0.15919759888606885,0.15948361941688907,5.564143013003786e-08,8.019974989670331e-09,1259,748,809,187,6,180,1,0.0,0.0,0.0,0.0,0.0,0,,,,,,0,,,,,,0,,,,,,1,1,1,2.5514049020983534e-07,1.286586206461493e-07,3.2209958907016807e-10,3.469446951953614e-17,1.286586206461493e-07,0.0005613782906356027,0.00036760465524741937,1.3519767013913671e-06,3.1947699694057086e-11,0.00036760465524741937,1.5959796293504904e-05,8.053213735426112e-06,2.2345686169955582e-08,3.6216168952662997e-09,8.053213735426112e-06,1.6963265215808102e-06,3.6008489187611126e-07,1.2670241892306121e-08,1.0903209530992533e-08,3.6008489187611126e-07,,,,,,,,,
2026-03-22T05:55:23Z,test_cases/pglib_opf_case10000_goc.mat,pglib_opf_case10000_goc,oracle_ac_primal_dual_all_bounds__Qg,oracle_ac_primal_dual_all_bounds,full_all_bounds,ac_true,1,0,Qg,1,,,maxIterations,warning,0,12525.240854769523,,,,0.19222211837768555,6.405225038528442,106.91127300262451,113.31649804115295,113.31649804115295,113.50872015953064,acopf_acdc_paper_study/cases/pglib_opf_case10000_goc/logs/oracle_ac_primal_dual_all_bounds__Qg.log,1,300,136.86127698007655,0.9783894715063131,0.0,13.51510003174152,136.86127698007655,99.513,,,99.513,False,100.0,10000,13193,2089,2016,3984,1,1294,8705,73675.166,17836.098,184430.77000000002,56156.380000000005,85484.939,-23533.08,13193,0,0,2,1,,,,,,,,,,,,,,,,,,,,,,,,,,,,0,,,,,,1,0.0,0.0,0.0,0.0,0.0,0,,,,,,0,,,,,,1,1,1,,,,,,,,,,,,,,,,,,,,,,,,,,,,,
2026-03-22T05:56:50Z,test_cases/pglib_opf_case10000_goc.mat,pglib_opf_case10000_goc,oracle_ac_primal_dual_all_bounds__Vm,oracle_ac_primal_dual_all_bounds,full_all_bounds,ac_true,1,0,Vm,1,,,optimal,ok,1,11061.685783587298,1342969.659516156,121.40732305961025,0,0.19222211837768555,4.119448184967041,83.03505992889404,87.15450811386108,87.15450811386108,87.34673023223877,acopf_acdc_paper_study/cases/pglib_opf_case10000_goc/logs/oracle_ac_primal_dual_all_bounds__Vm.log,0,246,1.4977569780340235e-09,3.233308885387809e-08,3.636231049597427e-08,7.494634839016158e-08,7.494634839016158e-08,73.408,,,73.408,False,100.0,10000,13193,2089,2016,3984,1,1294,8705,73675.166,17836.098,184430.77000000002,56156.380000000005,85484.939,-23533.08,13193,0,0,2,1,1354031.3452997785,76037.58329697819,13328.153288212292,0.8999999901132826,1.10000001067332,1.0605764230337091,0.03681781652452848,-0.4394338550301546,1.4966488807494507,0.19489997170610687,0.44305766583971534,3293.3130414084685,3259.985895202078,61.98071250511253,62.10489397459396,1.0000000042318729,1.0000000222006402,0.15919759875765435,0.15948361931003438,5.5641478091672525e-08,8.019981345697147e-09,1259,748,809,187,6,180,0,,,,,,0,,,,,,1,0.0,0.0,0.0,0.0,0.0,0,,,,,,1,1,1,2.450660813173022e-07,1.2344610667014422e-07,3.092064293331495e-10,3.122502256758253e-17,1.2344610667014422e-07,0.0005384370201705464,0.0003516337784512727,1.3013147238842315e-06,2.9041156632270138e-11,0.0003516337784512727,1.525860996041683e-05,7.70330079746806e-06,2.1460186241217816e-08,3.475803644903408e-09,7.70330079746806e-06,1.6308728217503858e-06,3.4328586989706977e-07,1.2215669789213124e-08,1.052373965228226e-08,3.4328586989706977e-07,,,,,,,,,
2026-03-22T05:57:20Z,test_cases/pglib_opf_case10000_goc.mat,pglib_opf_case10000_goc,oracle_ac_primal_dual_all_bounds__Va,oracle_ac_primal_dual_all_bounds,full_all_bounds,ac_true,1,0,Va,1,,,optimal,ok,1,11061.685783588826,1342969.6595163434,121.40732305962719,0,0.19222211837768555,4.0578837394714355,25.780678272247314,29.83856201171875,29.83856201171875,30.030784130096436,acopf_acdc_paper_study/cases/pglib_opf_case10000_goc/logs/oracle_ac_primal_dual_all_bounds__Va.log,0,47,2.9126826882189868e-09,5.130832015851072e-08,3.636231049597427e-08,7.594140456979646e-08,7.594140456979646e-08,18.278,,,18.278,False,100.0,10000,13193,2089,2016,3984,1,1294,8705,73675.166,17836.098,184430.77000000002,56156.380000000005,85484.939,-23533.08,13193,0,0,2,1,1354031.345299966,76037.58329778656,13328.15328980035,0.8999999901132826,1.10000001067332,1.0605764228866075,0.03681781653782575,-0.43943385556989645,1.4966488796392716,0.19489997105932808,0.4430576659287734,3293.3130416499002,3259.9858954163237,61.980712425336186,62.104893899171564,1.0000000042318744,1.0000000222006447,0.15919759866503824,0.15948361923037951,5.564149851977618e-08,8.019982955520533e-09,1259,748,809,187,6,180,0,,,,,,0,,,,,,0,,,,,,1,0.0,0.0,0.0,0.0,0.0,1,1,1,2.3281121574092766e-07,1.1766999907791842e-07,2.937121835598701e-10,2.7755575615628914e-17,1.1766999907791842e-07,0.0005118835477277515,0.00033595774226951973,1.2390975174910167e-06,3.016127625432574e-11,0.00033595774226951973,1.4504495074433186e-05,7.3598372398731016e-06,2.0488489890757577e-08,3.2966536167577942e-09,7.3598372398731016e-06,1.5477495830299022e-06,3.224643584653908e-07,1.1540468491142232e-08,9.91757209689581e-09,3.224643584653908e-07,,,,,,,,,
2026-03-22T05:58:44Z,test_cases/pglib_opf_case10000_goc.mat,pglib_opf_case10000_goc,oracle_ac_primal_dual_all_bounds__Pg_Qg,oracle_ac_primal_dual_all_bounds,full_all_bounds,ac_true,1,0,Pg+Qg,2,,,optimal,ok,1,13107.412309441377,1342969.6595160423,121.40732305959997,0,0.19222211837768555,4.103821754455566,79.67708992958069,83.78091168403625,83.78091168403625,83.97313380241394,acopf_acdc_paper_study/cases/pglib_opf_case10000_goc/logs/oracle_ac_primal_dual_all_bounds__Pg_Qg.log,0,234,7.146032765092264e-10,1.2527809425261216e-08,3.636231049597427e-08,8.813977802528353e-08,8.813977802528353e-08,72.164,,,72.164,False,100.0,10000,13193,2089,2016,3984,1,1294,8705,73675.166,17836.098,184430.77000000002,56156.380000000005,85484.939,-23533.08,13193,0,0,2,1,1354031.345299665,76037.58329643913,13328.15329079468,0.8999999901132826,1.10000001067332,1.0605764231217942,0.036817816453522986,-0.4394338547064057,1.4966488821139305,0.19489997213598145,0.44305766580385386,3293.3130412823475,3259.9858950919584,61.98071257616922,62.10489403956378,1.0000000042318689,1.0000000222006422,0.15919759888606955,0.15948361941689,5.5641423024610503e-08,8.01998215060884e-09,1259,748,809,187,6,180,1,0.0,0.0,0.0,0.0,0.0,1,0.0,0.0,0.0,0.0,0.0,0,,,,,,0,,,,,,1,1,1,2.551430688790182e-07,1.2865992626842626e-07,3.221018600361664e-10,3.469446951953614e-17,1.2865992626842626e-07,0.0005613787649044514,0.0003676046427434007,1.351979683263092e-06,3.194768841835449e-11,0.0003676046427434007,1.595979967223616e-05,8.05321346142307e-06,2.2345705936022142e-08,3.621863253755464e-09,8.05321346142307e-06,1.6963273557717156e-06,3.600848540175061e-07,1.2670252660886723e-08,1.0903208117870526e-08,3.600848540175061e-07,,,,,,,,,
2026-03-22T06:00:29Z,test_cases/pglib_opf_case10000_goc.mat,pglib_opf_case10000_goc,oracle_ac_primal_dual_all_bounds__Pg_Vm,oracle_ac_primal_dual_all_bounds,full_all_bounds,ac_true,1,0,Pg+Vm,2,,,optimal,ok,1,13107.412309441313,1342969.659516036,121.4073230595994,0,0.19222211837768555,2.7042171955108643,101.73597073554993,104.44018793106079,104.44018793106079,104.63241004943848,acopf_acdc_paper_study/cases/pglib_opf_case10000_goc/logs/oracle_ac_primal_dual_all_bounds__Pg_Vm.log,1,300,7.100945305393326e-10,1.2439018670998281e-08,3.636231049597427e-08,8.813880073678683e-08,8.813880073678683e-08,91.367,,,91.367,True,100.0,10000,13193,2089,2016,3984,1,1294,8705,73675.166,17836.098,184430.77000000002,56156.380000000005,85484.939,-23533.08,13193,0,0,2,1,1354031.3452996586,76037.58329643855,13328.153290869694,0.8999999901132826,1.10000001067332,1.0605764231212962,0.03681781645301192,-0.4394338547069244,1.4966488821199293,0.19489997213610516,0.4430576658042464,3293.3130412821165,3259.9858950917856,61.98071257630063,62.10489403967549,1.0000000042318695,1.00000002220065,0.1591975988868332,0.15948361941757563,5.564143279457312e-08,8.019984926166401e-09,1259,748,809,187,6,180,1,0.0,0.0,0.0,0.0,0.0,0,,,,,,1,0.0,0.0,0.0,0.0,0.0,0,,,,,,1,1,1,2.551745491619492e-07,1.2864256504485638e-07,3.22129733203188e-10,3.469446951953614e-17,1.2864256504485638e-07,0.0005614557845852525,0.00036767740794097295,1.352148961817299e-06,3.195234615088749e-11,0.00036767740794097295,1.596288328617443e-05,8.05480773724554e-06,2.234798578353292e-08,3.6223710697669276e-09,8.05480773724554e-06,1.6964580693042136e-06,3.6014967813580157e-07,1.2670484155386099e-08,1.0902831992050041e-08,3.6014967813580157e-07,,,,,,,,,
2026-03-22T06:00:50Z,test_cases/pglib_opf_case10000_goc.mat,pglib_opf_case10000_goc,oracle_ac_primal_dual_all_bounds__Pg_Va,oracle_ac_primal_dual_all_bounds,full_all_bounds,ac_true,1,0,Pg+Va,2,,,optimal,ok,1,13107.412309441364,1342969.6595160412,121.40732305959986,0,0.19222211837768555,2.576961040496826,18.16792869567871,20.744889736175537,20.744889736175537,20.937111854553223,acopf_acdc_paper_study/cases/pglib_opf_case10000_goc/logs/oracle_ac_primal_dual_all_bounds__Pg_Va.log,0,26,7.20565639648584e-10,1.2548920534649621e-08,3.636231049597427e-08,8.81401804809654e-08,8.81401804809654e-08,8.841,,,8.841,False,100.0,10000,13193,2089,2016,3984,1,1294,8705,73675.166,17836.098,184430.77000000002,56156.380000000005,85484.939,-23533.08,13193,0,0,2,1,1354031.3452996637,76037.583296439,13328.153290718183,0.8999999901132826,1.10000001067332,1.0605764231234345,0.03681781645375725,-0.4394338547058359,1.4966488821128678,0.19489997213654534,0.44305766580357353,3293.3130412801875,3259.9858950899998,61.98071257619191,62.104894039589624,1.00000000423187,1.000000022200622,0.15919759888615936,0.15948361941698994,5.564143901182206e-08,8.019974850892453e-09,1259,748,809,187,6,180,1,0.0,0.0,0.0,0.0,0.0,0,,,,,,0,,,,,,1,0.0,0.0,0.0,0.0,0.0,1,1,1,2.551349413811123e-07,1.2864387066713334e-07,3.220480418714677e-10,3.469446951953614e-17,1.2864387066713334e-07,0.0005613613869628618,0.0003675873031684339,1.3519151086385679e-06,3.194749412932518e-11,0.0003675873031684339,1.5959130115343292e-05,8.052833552651961e-06,2.234566552880013e-08,3.622734334740585e-09,8.052833552651961e-06,1.6963045238005376e-06,3.6006066383986735e-07,1.267087997686563e-08,1.0904569039404954e-08,3.6006066383986735e-07,,,,,,,,,
2026-03-22T06:02:36Z,test_cases/pglib_opf_case10000_goc.mat,pglib_opf_case10000_goc,oracle_ac_primal_dual_all_bounds__Qg_Vm,oracle_ac_primal_dual_all_bounds,full_all_bounds,ac_true,1,0,Qg+Vm,2,,,maxIterations,warning,0,21074.86414767293,,,,0.19222211837768555,4.119560956954956,101.92111778259277,106.04067873954773,106.04067873954773,106.23290085792542,acopf_acdc_paper_study/cases/pglib_opf_case10000_goc/logs/oracle_ac_primal_dual_all_bounds__Qg_Vm.log,1,300,869.2857596929018,5.994368225261546,1.09996951547231e-08,91.55959455585838,869.2857596929018,94.444,,,94.444,False,100.0,10000,13193,2089,2016,3984,1,1294,8705,73675.166,17836.098,184430.77000000002,56156.380000000005,85484.939,-23533.08,13193,0,0,2,1,,,,,,,,,,,,,,,,,,,,,,,,,,,,0,,,,,,1,0.0,0.0,0.0,0.0,0.0,1,0.0,0.0,0.0,0.0,0.0,0,,,,,,1,1,1,,,,,,,,,,,,,,,,,,,,,,,,,,,,,
2026-03-22T06:03:22Z,test_cases/pglib_opf_case10000_goc.mat,pglib_opf_case10000_goc,oracle_ac_primal_dual_all_bounds__Qg_Va,oracle_ac_primal_dual_all_bounds,full_all_bounds,ac_true,1,0,Qg+Va,2,,,optimal,ok,1,11061.685783587307,1342969.6595161573,121.40732305961036,0,0.19222211837768555,2.6644392013549805,43.54111123085022,46.2055504322052,46.2055504322052,46.397772550582886,acopf_acdc_paper_study/cases/pglib_opf_case10000_goc/logs/oracle_ac_primal_dual_all_bounds__Qg_Va.log,0,96,1.4985637193570063e-09,3.233294627348615e-08,3.636231049597427e-08,7.494637780581577e-08,7.494637780581577e-08,35.932,,,35.932,False,100.0,10000,13193,2089,2016,3984,1,1294,8705,73675.166,17836.098,184430.77000000002,56156.380000000005,85484.939,-23533.08,13193,0,0,2,1,1354031.34529978,76037.58329697774,13328.153288204103,0.8999999901132826,1.10000001067332,1.0605764230336743,0.03681781652459733,-0.4394338550296656,1.4966488807513834,0.1948999717067122,0.4430576658397489,3293.313041407474,3259.9858952011914,61.9807125051071,62.10489397458769,1.000000004231872,1.0000000222006395,0.15919759875764924,0.15948361931002986,5.564146654535307e-08,8.019981123652542e-09,1259,748,809,187,6,180,0,,,,,,1,0.0,0.0,0.0,0.0,0.0,0,,,,,,1,0.0,0.0,0.0,0.0,0.0,1,1,1,2.450672355707187e-07,1.2347522027056357e-07,3.09180902755658e-10,3.122502256758253e-17,1.2347522027056357e-07,0.0005384369676665288,0.000351634032167876,1.3013146171769087e-06,2.9038696794381202e-11,0.000351634032167876,1.5258614400139411e-05,7.703306360129503e-06,2.1460187621324956e-08,3.4755430755595285e-09,7.703306360129503e-06,1.6309149692680096e-06,3.432865878782998e-07,1.2216260393984983e-08,1.0524452283625085e-08,3.432865878782998e-07,,,,,,,,,
2026-03-22T06:03:39Z,test_cases/pglib_opf_case10000_goc.mat,pglib_opf_case10000_goc,oracle_ac_primal_dual_all_bounds__Vm_Va,oracle_ac_primal_dual_all_bounds,full_all_bounds,ac_true,1,0,Vm+Va,2,,,optimal,ok,1,11061.685783587296,1342969.659516156,121.40732305961025,0,0.19222211837768555,2.769134044647217,13.953886985778809,16.723021030426025,16.723021030426025,16.91524314880371,acopf_acdc_paper_study/cases/pglib_opf_case10000_goc/logs/oracle_ac_primal_dual_all_bounds__Vm_Va.log,0,10,1.497998015945022e-09,3.233399460331188e-08,3.636231049597427e-08,7.494595067200431e-08,7.494595067200431e-08,6.668,,,6.668,False,100.0,10000,13193,2089,2016,3984,1,1294,8705,73675.166,17836.098,184430.77000000002,56156.380000000005,85484.939,-23533.08,13193,0,0,2,1,1354031.3452997785,76037.58329701725,13328.153288450503,0.8999999901132826,1.10000001067332,1.0605764230239358,0.03681781652426407,-0.439433855053375,1.4966488807292206,0.19489997168009712,0.44305766584568845,3293.3130414209318,3259.985895212954,61.98071250412526,62.10489397354825,1.0000000042318715,1.0000000222006409,0.15919759875756898,0.15948361931011434,5.564146032810413e-08,8.019981623252903e-09,1259,748,809,187,6,180,0,,,,,,0,,,,,,1,0.0,0.0,0.0,0.0,0.0,1,0.0,0.0,0.0,0.0,0.0,1,1,1,2.443166409784004e-07,1.2310362151879417e-07,3.082718364647571e-10,3.122502256758253e-17,1.2310362151879417e-07,0.0005383029193533949,0.00035163322429452616,1.300435471143718e-06,2.9220049990730246e-11,0.00035163322429452616,1.525677751288365e-05,7.703288660954044e-06,2.143863529245893e-08,3.4734169984673713e-09,7.703288660954044e-06,1.6288069743158112e-06,3.432623100763088e-07,1.2190091244161282e-08,1.0500054663416247e-08,3.432623100763088e-07,,,,,,,,,
2026-03-22T06:05:45Z,test_cases/pglib_opf_case10000_goc.mat,pglib_opf_case10000_goc,oracle_ac_primal_dual_all_bounds__Pg_Qg_Vm,oracle_ac_primal_dual_all_bounds,full_all_bounds,ac_true,1,0,Pg+Qg+Vm,3,,,maxIterations,warning,0,12982.966015564629,,,,0.19222211837768555,4.179792165756226,122.24697494506836,126.42676711082458,126.42676711082458,126.61898922920227,acopf_acdc_paper_study/cases/pglib_opf_case10000_goc/logs/oracle_ac_primal_dual_all_bounds__Pg_Qg_Vm.log,1,300,22.608623530622303,2.3893296604968404,0.0,23.698815683253503,23.698815683253503,112.679,,,112.679,True,100.0,10000,13193,2089,2016,3984,1,1294,8705,73675.166,17836.098,184430.77000000002,56156.380000000005,85484.939,-23533.08,13193,0,0,2,1,,,,,,,,,,,,,,,,,,,,,,,,,,,,1,0.0,0.0,0.0,0.0,0.0,1,0.0,0.0,0.0,0.0,0.0,1,0.0,0.0,0.0,0.0,0.0,0,,,,,,1,1,1,,,,,,,,,,,,,,,,,,,,,,,,,,,,,
2026-03-22T06:06:14Z,test_cases/pglib_opf_case10000_goc.mat,pglib_opf_case10000_goc,oracle_ac_primal_dual_all_bounds__Pg_Qg_Va,oracle_ac_primal_dual_all_bounds,full_all_bounds,ac_true,1,0,Pg+Qg+Va,3,,,optimal,ok,1,13107.412309441355,1342969.6595160402,121.40732305959978,0,0.19222211837768555,6.112840890884399,22.63189196586609,28.74473285675049,28.74473285675049,28.936954975128174,acopf_acdc_paper_study/cases/pglib_opf_case10000_goc/logs/oracle_ac_primal_dual_all_bounds__Pg_Qg_Va.log,0,47,7.111556631664122e-10,1.2516938149159662e-08,3.636231049597427e-08,8.813889174599316e-08,8.813889174599316e-08,14.901,,,14.901,False,100.0,10000,13193,2089,2016,3984,1,1294,8705,73675.166,17836.098,184430.77000000002,56156.380000000005,85484.939,-23533.08,13193,0,0,2,1,1354031.3452996628,76037.58329643476,13328.153290756543,0.8999999901132826,1.10000001067332,1.0605764231222834,0.036817816452941556,-0.43943385470531615,1.4966488821165687,0.19489997213802668,0.44305766580392275,3293.3130412804203,3259.985895090272,61.980712576165814,62.10489403953864,1.0000000042318697,1.0000000222006273,0.15919759888623544,0.159483619416972,5.564143457092996e-08,8.01997676602717e-09,1259,748,809,187,6,180,1,0.0,0.0,0.0,0.0,0.0,1,0.0,0.0,0.0,0.0,0.0,0,,,,,,1,0.0,0.0,0.0,0.0,0.0,1,1,1,2.5518902283309613e-07,1.2867162180185687e-07,3.221208232046731e-10,3.469446951953614e-17,1.2867162180185687e-07,0.0005613881208659032,0.0003676135918118037,1.3520061417623458e-06,3.1949639548584097e-11,0.0003676135918118037,1.5960288937190674e-05,8.053409535468958e-06,2.234747267404469e-08,3.621933530872923e-09,8.053409535468958e-06,1.6965298375706418e-06,3.60094509710418e-07,1.2672307408129423e-08,1.0904782327125773e-08,3.60094509710418e-07,,,,,,,,,
2026-03-22T06:06:30Z,test_cases/pglib_opf_case10000_goc.mat,pglib_opf_case10000_goc,oracle_ac_primal_dual_all_bounds__Pg_Vm_Va,oracle_ac_primal_dual_all_bounds,full_all_bounds,ac_true,1,0,Pg+Vm+Va,3,,,optimal,ok,1,13107.412309441406,1342969.6595160454,121.40732305960024,0,0.19222211837768555,2.6689350605010986,13.564485788345337,16.233420848846436,16.233420848846436,16.42564296722412,acopf_acdc_paper_study/cases/pglib_opf_case10000_goc/logs/oracle_ac_primal_dual_all_bounds__Pg_Vm_Va.log,0,9,7.187203921406641e-10,1.2552198608642429e-08,3.636231049597427e-08,8.814006199277969e-08,8.814006199277969e-08,4.074,,,4.074,False,100.0,10000,13193,2089,2016,3984,1,1294,8705,73675.166,17836.098,184430.77000000002,56156.380000000005,85484.939,-23533.08,13193,0,0,2,1,1354031.345299668,76037.58329656579,13328.153292474588,0.8999999901132826,1.10000001067332,1.0605764230938977,0.03681781645116287,-0.43943385477230623,1.4966488820499155,0.1948999720593675,0.4430576658202813,3293.313041318401,3259.985895123877,61.98071257340935,62.1048940367796,1.0000000042318693,1.0000000222006373,0.15919759888619692,0.1594836194175497,5.564143013003786e-08,8.019980402007576e-09,1259,748,809,187,6,180,1,0.0,0.0,0.0,0.0,0.0,0,,,,,,1,0.0,0.0,0.0,0.0,0.0,1,0.0,0.0,0.0,0.0,0.0,1,1,1,2.5359774384555224e-07,1.2800202853213705e-07,3.2018144439884675e-10,3.469446951953614e-17,1.2800202853213705e-07,0.0005611847199419923,0.00036758527010954077,1.3506842978350683e-06,3.1934752151713264e-11,0.00036758527010954077,1.595546270653811e-05,8.052789025825291e-06,2.2288533557812686e-08,3.606952181378631e-09,8.052789025825291e-06,1.6902665900059515e-06,3.5998832853545437e-07,1.2595024021709946e-08,1.08307609701701e-08,3.5998832853545437e-07,,,,,,,,,
2026-03-22T06:06:46Z,test_cases/pglib_opf_case10000_goc.mat,pglib_opf_case10000_goc,oracle_ac_primal_dual_all_bounds__Qg_Vm_Va,oracle_ac_primal_dual_all_bounds,full_all_bounds,ac_true,1,0,Qg+Vm+Va,3,,,optimal,ok,1,11061.685783587407,1342969.6595161697,121.40732305961149,0,0.19222211837768555,4.191420078277588,11.659556150436401,15.85097622871399,15.85097622871399,16.043198347091675,acopf_acdc_paper_study/cases/pglib_opf_case10000_goc/logs/oracle_ac_primal_dual_all_bounds__Qg_Vm_Va.log,0,8,1.4959582145372018e-09,3.2358409356517126e-08,3.636231049597427e-08,7.496657167626222e-08,7.496657167626222e-08,3.745,,,3.745,False,100.0,10000,13193,2089,2016,3984,1,1294,8705,73675.166,17836.098,184430.77000000002,56156.380000000005,85484.939,-23533.08,13193,0,0,2,1,1354031.3452997922,76037.58329700424,13328.153288084923,0.8999999901132826,1.10000001067332,1.0605764230437953,0.03681781653178083,-0.4394338550308891,1.49664888074088,0.194899971699422,0.44305766583715867,3293.3130414047873,3259.9858951983556,61.9807125054338,62.10489397470386,1.0000000042318709,1.0000000222006273,0.15919759875280734,0.1594836193042087,5.5641450558141514e-08,8.019976738271595e-09,1259,748,809,187,6,180,0,,,,,,1,0.0,0.0,0.0,0.0,0.0,1,0.0,0.0,0.0,0.0,0.0,1,0.0,0.0,0.0,0.0,0.0,1,1,1,2.4480810274338007e-07,1.2335732169077573e-07,3.088173725457068e-10,3.122502256758253e-17,1.2335732169077573e-07,0.0005382134273947386,0.000351612143338691,1.29988140003242e-06,2.9083041530597598e-11,0.000351612143338691,1.5257632839318129e-05,7.702826751110337e-06,2.1460818741314558e-08,3.4759756184499224e-09,7.702826751110337e-06,1.629863219189819e-06,3.431095054740041e-07,1.2209548704703347e-08,1.0521134963248358e-08,3.431095054740041e-07,,,,,,,,,
2026-03-22T06:07:04Z,test_cases/pglib_opf_case10000_goc.mat,pglib_opf_case10000_goc,oracle_ac_primal_dual_all_bounds__Pg_Qg_Vm_Va,oracle_ac_primal_dual_all_bounds,full_all_bounds,ac_true,1,0,Pg+Qg+Vm+Va,4,,,optimal,ok,1,13107.412309441397,1342969.6595160444,121.40732305960016,0,0.19222211837768555,6.549912929534912,11.200982093811035,17.750895023345947,17.750895023345947,17.943117141723633,acopf_acdc_paper_study/cases/pglib_opf_case10000_goc/logs/oracle_ac_primal_dual_all_bounds__Pg_Qg_Vm_Va.log,0,8,7.139859517313687e-10,1.2535588603604375e-08,3.636231049597427e-08,8.81395832509551e-08,8.81395832509551e-08,3.797,,,3.797,False,100.0,10000,13193,2089,2016,3984,1,1294,8705,73675.166,17836.098,184430.77000000002,56156.380000000005,85484.939,-23533.08,13193,0,0,2,1,1354031.345299667,76037.58329644719,13328.153290692302,0.8999999901132826,1.10000001067332,1.0605764231267343,0.03681781645725022,-0.43943385470596386,1.496648882111572,0.19489997213441604,0.4430576658027449,3293.313041279109,3259.985895088902,61.98071257646121,62.10489403974944,1.0000000042318695,1.0000000222006382,0.15919759888336368,0.15948361941370306,5.564143279457312e-08,8.019980679563332e-09,1259,748,809,187,6,180,1,0.0,0.0,0.0,0.0,0.0,1,0.0,0.0,0.0,0.0,0.0,1,0.0,0.0,0.0,0.0,0.0,1,0.0,0.0,0.0,0.0,0.0,1,1,1,2.5505382264390295e-07,1.2860636822153992e-07,3.2193199154808673e-10,3.469446951953614e-17,1.2860636822153992e-07,0.0005613628612600354,0.00036759838223817884,1.3514479202082844e-06,3.194484347185389e-11,0.00036759838223817884,1.5959771398679265e-05,8.053076297587225e-06,2.234689114559707e-08,3.625574951371391e-09,8.053076297587225e-06,1.6960254375173362e-06,3.600113715473974e-07,1.2669001580056094e-08,1.0902659503507495e-08,3.600113715473974e-07,,,,,,,,,
2026-03-22T06:09:04Z,test_cases/pglib_opf_case10000_goc.mat,pglib_opf_case10000_goc,oracle_ac_dual_only_constraint__none,oracle_ac_dual_only_constraint,constraint_only,ac_true,1,0,,0,,,maxIterations,warning,0,17252.80494292863,,,,0.19222211837768555,4.078331708908081,115.89359092712402,119.9719226360321,119.9719226360321,120.16414475440979,acopf_acdc_paper_study/cases/pglib_opf_case10000_goc/logs/oracle_ac_dual_only_constraint__none.log,1,300,312462.8232215685,3.9019040385675803,2.3920465164195548e-08,13.42979268219411,8287.435689805581,108.439,,,108.439,False,100.0,10000,13193,2089,2016,3984,1,1294,8705,73675.166,17836.098,184430.77000000002,56156.380000000005,85484.939,-23533.08,13193,0,0,2,1,,,,,,,,,,,,,,,,,,,,,,,,,,,,0,,,,,,0,,,,,,0,,,,,,0,,,,,,1,1,0,,,,,,,,,,,,,,,,,,,,,,,,,,,,,
2026-03-22T06:10:08Z,test_cases/pglib_opf_case10000_goc.mat,pglib_opf_case10000_goc,oracle_ac_dual_only_bounds__none,oracle_ac_dual_only_bounds,all_bounds_only,ac_true,1,0,,0,,,optimal,ok,1,11061.685783587303,1342969.6595161571,121.40732305961035,0,0.19222211837768555,2.600116014480591,61.61593508720398,64.21605110168457,64.21605110168457,64.40827322006226,acopf_acdc_paper_study/cases/pglib_opf_case10000_goc/logs/oracle_ac_dual_only_bounds__none.log,0,185,1.4983481383453053e-09,3.233301703285674e-08,3.636231049597427e-08,7.494638027467679e-08,7.494638027467679e-08,54.132,,,54.132,False,100.0,10000,13193,2089,2016,3984,1,1294,8705,73675.166,17836.098,184430.77000000002,56156.380000000005,85484.939,-23533.08,13193,0,0,2,1,1354031.3452997797,76037.58329698072,13328.15328823506,0.8999999901132826,1.10000001067332,1.0605764230336936,0.03681781652448905,-0.4394338550305318,1.4966488807497216,0.19489997170523923,0.4430576658396777,3293.3130414093866,3259.9858952028676,61.9807125051979,62.104893974679115,1.000000004231871,1.0000000222006296,0.1591975987577265,0.1594836193101041,5.564145322267677e-08,8.019977543183288e-09,1259,748,809,187,6,180,0,,,,,,0,,,,,,0,,,,,,0,,,,,,0,0,1,2.450498122115062e-07,1.2347971090065357e-07,3.091994788498988e-10,3.122502256758253e-17,1.2347971090065357e-07,0.0005384368756941968,0.0003516339296973283,1.3013149928272783e-06,3.098655663655303e-11,0.0003516339296973283,1.525861053671846e-05,7.70330411392628e-06,2.1460198048450786e-08,3.4760377909393014e-09,7.70330411392628e-06,1.6308124025938673e-06,3.4328502376834713e-07,1.2214821794650441e-08,1.052302968373997e-08,3.4328502376834713e-07,,,,,,,,,
2026-03-22T06:12:07Z,test_cases/pglib_opf_case10000_goc.mat,pglib_opf_case10000_goc,oracle_ac_dual_only_full__none,oracle_ac_dual_only_full,full_all_bounds,ac_true,1,0,,0,,,maxIterations,warning,0,15712.525909088612,,,,0.19222211837768555,2.5766451358795166,115.65032196044922,118.22696709632874,118.22696709632874,118.41918921470642,acopf_acdc_paper_study/cases/pglib_opf_case10000_goc/logs/oracle_ac_dual_only_full__none.log,1,300,7590.326043304689,2.080225190202189,1.6529470681092562e-08,226.39054862360248,7590.326043304689,106.871,,,106.871,False,100.0,10000,13193,2089,2016,3984,1,1294,8705,73675.166,17836.098,184430.77000000002,56156.380000000005,85484.939,-23533.08,13193,0,0,2,1,,,,,,,,,,,,,,,,,,,,,,,,,,,,0,,,,,,0,,,,,,0,,,,,,0,,,,,,1,1,1,,,,,,,,,,,,,,,,,,,,,,,,,,,,,
2026-03-22T06:12:45Z,test_cases/pglib_opf_case10000_goc.mat,pglib_opf_case10000_goc,dc_seed__Pg,dc_seed,none,dcopf,0,1,Pg,1,,,optimal,ok,1,13107.412309472687,1342969.6595192766,121.40732305989235,0,0.19222211837768555,1.7467231750488281,32.050133228302,33.79685640335083,38.287214279174805,38.47943639755249,acopf_acdc_paper_study/cases/pglib_opf_case10000_goc/logs/dc_seed__Pg.log,0,78,3.4226679874679606e-08,4.23458256366277e-07,3.636231049597427e-08,1.0704665937828198e-07,4.23458256366277e-07,22.439,,,22.439,False,100.0,10000,13193,2089,2016,3984,1,1294,8705,73675.166,17836.098,184430.77000000002,56156.380000000005,85484.939,-23533.08,13193,0,0,2,1,1354031.3453028991,76037.58330670651,13328.153263553239,0.8999999901132826,1.10000001067332,1.060576420900267,0.036817816922220456,-0.4394338616019343,1.4966488557489739,0.19489996341991833,0.44305766667340024,3293.313044188898,3259.9858976621113,61.98071104517584,62.10489259217943,1.0000000042319186,1.000000022200604,0.15919759579924228,0.15948361656444648,5.56420767239274e-08,8.019968272821032e-09,1259,748,809,187,6,180,1,5.861918765640773,3.1471235299150795,0.013894882234307855,9.387196464594183e-09,3.1471235299150795,0,,,,,,0,,,,,,0,,,,,,0,0,0,6.26263729810344e-08,3.031732553893107e-08,7.755475144145486e-11,2.6020852139652106e-18,3.031732553893107e-08,0.00011169750678294098,6.458236314160065e-05,2.7964653838362893e-07,8.504350001992123e-12,6.458236314160065e-05,3.2918063840154756e-06,1.472335279251169e-06,5.0940163024981725e-09,8.242580507022979e-10,1.472335279251169e-06,4.1671326286409855e-07,8.318489186365241e-08,3.3848432607235197e-09,2.9917619492891845e-09,8.318489186365241e-08,native_only,ipopt,nlp,optimal,ok,2.6328377723693848,1.8575201034545898,4.490357875823975,1347123.0208264282
2026-03-22T06:13:15Z,test_cases/pglib_opf_case10000_goc.mat,pglib_opf_case10000_goc,dc_seed__Va,dc_seed,none,dcopf,0,1,Va,1,,,optimal,ok,1,11061.685783622555,1342969.6595204717,121.4073230600004,0,0.19222211837768555,2.513730049133301,27.365476846694946,29.879206895828247,34.36956477165222,34.56178689002991,acopf_acdc_paper_study/cases/pglib_opf_case10000_goc/logs/dc_seed__Va.log,0,64,3.909217172494824e-08,5.072399890272e-07,3.636231049597427e-08,9.537893404887926e-08,5.072399890272e-07,18.404,,,18.404,False,100.0,10000,13193,2089,2016,3984,1,1294,8705,73675.166,17836.098,184430.77000000002,56156.380000000005,85484.939,-23533.08,13193,0,0,2,1,1354031.3453040943,76037.58331038854,13328.15328244396,0.8999999901132826,1.10000001067332,1.0605764197856369,0.036817816562265744,-0.43943386446722454,1.4966488517625116,0.1948999602179645,0.4430576671449553,3293.3130454816387,3259.9858988143005,61.980710610572515,62.104892174105764,1.0000000042319346,1.0000000222005745,0.15919759518244792,0.15948361598282973,5.564229077492655e-08,8.019957670191147e-09,1259,748,809,187,6,180,0,,,,,,0,,,,,,0,,,,,,1,9.132928871065939,0.22235245129100734,0.07547344557831216,0.05985950194715161,0.22235245129100734,0,0,0,1.849804710757874e-10,1.420917827843482e-10,1.949682085071626e-13,0.0,1.420917827843482e-10,6.52672477872545e-08,4.40764315323694e-08,1.5790372096491574e-10,7.91033905045424e-15,4.40764315323694e-08,1.7816547877296706e-09,9.654448351881229e-10,2.528608677998534e-12,5.047073869945962e-13,9.654448351881229e-10,2.599880667062118e-10,3.858913188992119e-11,2.322198341893388e-12,2.259484266353695e-12,3.858913188992119e-11,native_only,ipopt,nlp,optimal,ok,2.6328377723693848,1.8575201034545898,4.490357875823975,1347123.0208264282
2026-03-22T06:14:36Z,test_cases/pglib_opf_case10000_goc.mat,pglib_opf_case10000_goc,dc_seed__Pg_Va,dc_seed,none,dcopf,0,1,Pg+Va,2,,,optimal,ok,1,13107.412309470254,1342969.6595190251,121.40732305986963,0,0.19222211837768555,6.690392017364502,74.50239205360413,81.19278407096863,85.6831419467926,85.87536406517029,acopf_acdc_paper_study/cases/pglib_opf_case10000_goc/logs/dc_seed__Pg_Va.log,0,195,2.83055130811358e-08,3.4816668320093724e-07,3.636231049597427e-08,1.0525548816574256e-07,3.4816668320093724e-07,66.747,,,66.747,False,100.0,10000,13193,2089,2016,3984,1,1294,8705,73675.166,17836.098,184430.77000000002,56156.380000000005,85484.939,-23533.08,13193,0,0,2,1,1354031.3453026477,76037.58330547849,13328.153274800721,0.8999999901132826,1.10000001067332,1.060576421205161,0.03681781682058079,-0.4394338606662763,1.496648860517634,0.19489996460713344,0.4430576665580061,3293.313043777353,3259.9858972952356,61.98071128123671,62.104892816338314,1.0000000042319135,1.000000022200598,0.1591975963828107,0.15948361712018508,5.5642010998724345e-08,8.019966107886134e-09,1259,748,809,187,6,180,1,5.861918765640773,3.1471235299150795,0.013894882234307855,9.387196464594183e-09,3.1471235299150795,0,,,,,,0,,,,,,1,9.132928871065939,0.22235245129100734,0.07547344557831216,0.05985950194715161,0.22235245129100734,0,0,0,8.788682220384278e-08,4.3561143137083036e-08,1.0979619956265375e-10,6.938893903907228e-18,4.3561143137083036e-08,0.00017436344262464074,0.00011533101727229968,4.34233719425785e-07,1.3112997233194479e-11,0.00011533101727229968,5.169822614516245e-06,2.5265144176778165e-06,7.687402478429028e-09,1.2456735087873483e-09,2.5265144176778165e-06,5.929906772993929e-07,1.1993354026573755e-07,4.6599559790582015e-09,4.0786947846926935e-09,1.1993354026573755e-07,native_only,ipopt,nlp,optimal,ok,2.6328377723693848,1.8575201034545898,4.490357875823975,1347123.0208264282
