timestamp_utc,case_file,case_name,run_name,family,dual_mode,seed_source,is_oracle,is_practical,blocks,num_blocks,seed_vm_policy,seed_qg_policy,termination,status,success,objective,objective_gap_vs_baseline_abs,objective_gap_vs_baseline_rel,objective_matches_baseline,shared_case_prep_time,build_time,solve_time,total_time,end_to_end_time,full_pipeline_time_including_shared_case_prep,log_path,hit_max_iter,iterations,dual_inf,constr_viol,var_bound_viol,compl_inf,overall_nlp_error,ipopt_reported_total_sec,ipopt_cpu_sec_no_func_eval,ipopt_cpu_sec_func_eval,ipopt_cpu_total_est,restoration_used,baseMVA,nb,nl,ng_total,ng_active,n_load_buses,n_ref_buses,n_pv_buses,n_pq_buses,total_pd_mw,total_qd_mvar,sum_pmax_mw,sum_pmin_mw,sum_qmax_mvar,sum_qmin_mvar,n_branch_with_limits,n_branch_out_of_service,gencost_any_pwl,gencost_max_poly_degree,gencost_any_quadratic,objective_value,total_pg_mw,total_qg_mvar,vm_min,vm_max,vm_mean,vm_std,va_min_rad,va_max_rad,va_mean_rad,va_std_rad,max_line_mva_from,max_line_mva_to,mean_line_mva_from,mean_line_mva_to,max_thermal_util_from,max_thermal_util_to,mean_thermal_util_from,mean_thermal_util_to,max_flow_limit_violation_sq_from,max_flow_limit_violation_sq_to,n_pg_at_lb,n_pg_at_ub,n_qg_at_lb,n_qg_at_ub,n_vm_at_lb,n_vm_at_ub,init_has_Pg,init_Pg_l2,init_Pg_linf,init_Pg_mean_abs,init_Pg_median_abs,init_Pg_max_abs,init_has_Qg,init_Qg_l2,init_Qg_linf,init_Qg_mean_abs,init_Qg_median_abs,init_Qg_max_abs,init_has_Vm,init_Vm_l2,init_Vm_linf,init_Vm_mean_abs,init_Vm_median_abs,init_Vm_max_abs,init_has_Va,init_Va_l2,init_Va_linf,init_Va_mean_abs,init_Va_median_abs,init_Va_max_abs,init_has_duals,init_has_constraint_duals,init_has_bound_mults,dist_to_baseline_Pg_l2,dist_to_baseline_Pg_linf,dist_to_baseline_Pg_mean_abs,dist_to_baseline_Pg_median_abs,dist_to_baseline_Pg_max_abs,dist_to_baseline_Qg_l2,dist_to_baseline_Qg_linf,dist_to_baseline_Qg_mean_abs,dist_to_baseline_Qg_median_abs,dist_to_baseline_Qg_max_abs,dist_to_baseline_Vm_l2,dist_to_baseline_Vm_linf,dist_to_baseline_Vm_mean_abs,dist_to_baseline_Vm_median_abs,dist_to_baseline_Vm_max_abs,dist_to_baseline_Va_l2,dist_to_baseline_Va_linf,dist_to_baseline_Va_mean_abs,dist_to_baseline_Va_median_abs,dist_to_baseline_Va_max_abs,dc_seed_mode,dc_solver,dc_solver_problem_type,dc_termination,dc_status,dc_build_time,dc_solve_time,dc_total_time,dc_objective
2026-03-22T09:58:51Z,test_cases/pglib_opf_case14_ieee.mat,pglib_opf_case14_ieee,baseline_default,baseline,none,case_default,0,1,,0,,,optimal,ok,1,93.60239723247975,,,,0.0038280487060546875,0.0019559860229492188,0.035614013671875,0.03756999969482422,0.03756999969482422,0.041398048400878906,acopf_acdc_paper_study/cases/pglib_opf_case14_ieee/logs/baseline_default.log,0,14,2.6826409538216467e-08,8.549437269245175e-10,8.57084219445084e-09,1.11863305936605e-07,1.11863305936605e-07,0.005,,,0.005,False,100.0,14,20,5,5,11,1,4,9,259.0,73.5,399.0,0.0,128.0,-42.0,20,0,0,2,1,2178.080420786804,274.9771377126052,91.65130534457599,1.0066559184870014,1.0600000011870392,1.035859602930626,0.018034097244906105,-0.2977437970121776,-5.633794012718277e-35,-0.22657061077409213,0.0813264462599997,192.50430129393462,187.1038455026695,36.27222326731221,35.56094702988805,0.6480756267362185,0.6191558430631326,0.19774115437468315,0.19384607665024617,0.0,0.0,4,3,0,1,0,3,,,,,,,,,,,,,,,,,,,,,,,,,,,,,,,,,,,,,,,,,,,,,,,,,,,,,,,,
2026-03-22T09:58:51Z,test_cases/pglib_opf_case14_ieee.mat,pglib_opf_case14_ieee,oracle_ac_primal_only__Pg,oracle_ac_primal_only,none,ac_true,1,0,Pg,1,,,optimal,ok,1,93.6023972411376,2084.4780237557884,22.26949400215234,0,0.0038280487060546875,0.008048772811889648,0.03106689453125,0.03911566734313965,0.03911566734313965,0.042943716049194336,acopf_acdc_paper_study/cases/pglib_opf_case14_ieee/logs/oracle_ac_primal_only__Pg.log,0,14,7.260183565449552e-09,2.415993516358128e-10,8.570849652314978e-09,9.762966041316366e-08,9.762966041316366e-08,0.005,,,0.005,False,100.0,14,20,5,5,11,1,4,9,259.0,73.5,399.0,0.0,128.0,-42.0,20,0,0,2,1,2178.080420988268,274.97713773804094,91.6513045680513,1.006655955766723,1.0600000011973003,1.035859608975599,0.018034090501714988,-0.29774379603504414,1.4374074390935203e-35,-0.2265706106603486,0.08132644572825462,192.50430216170284,187.10384747269208,36.272223368439214,35.56094721713971,0.6480756211993326,0.6191558412673902,0.19774115440720852,0.19384607699212267,0.0,0.0,4,3,0,1,0,3,1,0.0,0.0,0.0,0.0,0.0,0,,,,,,0,,,,,,0,,,,,,0,0,0,2.543649736380396e-10,2.54364973528709e-10,5.0874486278569466e-11,0.0,2.54364973528709e-10,3.564759565161858e-07,2.906706884631127e-07,1.178213247743365e-07,6.281643660788205e-08,2.906706884631127e-07,4.2090843176728404e-08,3.7279721532001986e-08,6.229671984619196e-09,3.4509660684634014e-09,3.7279721532001986e-08,6.446083782422838e-09,5.099357269777727e-09,1.1564281764329743e-09,7.940997859279264e-10,5.099357269777727e-09,,,,,,,,,
2026-03-22T09:58:51Z,test_cases/pglib_opf_case14_ieee.mat,pglib_opf_case14_ieee,oracle_ac_primal_only__Qg,oracle_ac_primal_only,none,ac_true,1,0,Qg,1,,,optimal,ok,1,93.6023972328789,2084.4780235636126,22.269494000099233,0,0.0038280487060546875,0.0014710426330566406,0.0300748348236084,0.03154587745666504,0.03154587745666504,0.03537392616271973,acopf_acdc_paper_study/cases/pglib_opf_case14_ieee/logs/oracle_ac_primal_only__Qg.log,0,14,2.5877680442931705e-08,8.250204408533079e-10,8.570842478569609e-09,1.1118491199651026e-07,1.1118491199651026e-07,0.005,,,0.005,False,100.0,14,20,5,5,11,1,4,9,259.0,73.5,399.0,0.0,128.0,-42.0,20,0,0,2,1,2178.0804207960923,274.9771377137779,91.65130530731979,1.0066559202514964,1.0600000011874302,1.0358596032206244,0.018034096926316127,-0.2977437969650411,-2.5739269812884103e-35,-0.2265706107683471,0.0813264462345075,192.50430133513981,187.10384559645706,36.27222327204782,35.56094703873422,0.6480756264733639,0.6191558429785231,0.19774115437601358,0.19384607666638248,0.0,0.0,4,3,0,1,0,3,0,,,,,,1,0.0,0.0,0.0,0.0,0.0,0,,,,,,0,,,,,,0,0,0,1.1727063767952363e-11,1.1727063764510604e-11,2.3454695766559734e-12,0.0,1.1727063764510604e-11,1.687917167189069e-08,1.3726339842534685e-08,5.565048341593659e-09,2.9489799213688883e-09,1.3726339842534685e-08,1.9960816627221996e-09,1.7644949945605504e-09,2.9645760449678194e-10,1.683507777627824e-10,1.7644949945605504e-09,3.0532095821024086e-10,2.405238508362828e-10,5.5075943805604766e-11,3.844224938376328e-11,2.405238508362828e-10,,,,,,,,,
2026-03-22T09:58:55Z,test_cases/pglib_opf_case14_ieee.mat,pglib_opf_case14_ieee,oracle_ac_primal_only__Vm,oracle_ac_primal_only,none,ac_true,1,0,Vm,1,,,optimal,ok,1,93.60239723289958,2084.4780235640937,22.269494000104373,0,0.0038280487060546875,3.7436060905456543,0.03449296951293945,3.7780990600585938,3.7780990600585938,3.7819271087646484,acopf_acdc_paper_study/cases/pglib_opf_case14_ieee/logs/oracle_ac_primal_only__Vm.log,0,14,2.582601155154407e-08,8.235401527389996e-10,8.570842495054819e-09,1.1114840903456421e-07,1.1114840903456421e-07,0.006,,,0.006,False,100.0,14,20,5,5,11,1,4,9,259.0,73.5,399.0,0.0,128.0,-42.0,20,0,0,2,1,2178.0804207965734,274.9771377138386,91.65130530536456,1.0066559203444347,1.0600000011874529,1.0358596032358085,0.018034096909527977,-0.2977437969625796,0.0,-0.2265706107680539,0.08132644623317413,192.50430133730177,187.1038456013733,36.27222327229815,35.560947039200116,0.6480756264595519,0.6191558429740657,0.19774115437608947,0.19384607666723502,0.0,0.0,4,3,0,1,0,3,0,,,,,,0,,,,,,1,0.0,0.0,0.0,0.0,0.0,0,,,,,,0,0,0,1.2334577807248474e-11,1.2334577803585489e-11,2.4669756815129487e-12,0.0,1.2334577803585489e-11,1.7767772296332393e-08,1.4450314000935549e-08,5.858548463716362e-09,3.1046117898725356e-09,1.4450314000935549e-08,2.1011092104548075e-09,1.8574333182641567e-09,3.120297195228058e-10,1.771065516464887e-10,1.8574333182641567e-09,3.2139512382481866e-10,2.532185849890567e-10,5.7967511743076525e-11,4.044697909932893e-11,2.532185849890567e-10,,,,,,,,,
2026-03-22T09:58:55Z,test_cases/pglib_opf_case14_ieee.mat,pglib_opf_case14_ieee,oracle_ac_primal_only__Va,oracle_ac_primal_only,none,ac_true,1,0,Va,1,,,optimal,ok,1,93.60239723164132,2084.478023534815,22.26949399979157,0,0.0038280487060546875,0.0018529891967773438,0.03252220153808594,0.03437519073486328,0.03437519073486328,0.03820323944091797,acopf_acdc_paper_study/cases/pglib_opf_case14_ieee/logs/oracle_ac_primal_only__Va.log,0,15,2.8810879015850333e-08,9.185334159944603e-10,8.570841621138591e-09,1.1328247997644977e-07,1.1328247997644977e-07,0.008,,,0.008,False,100.0,14,20,5,5,11,1,4,9,259.0,73.5,399.0,0.0,128.0,-42.0,20,0,0,2,1,2178.0804207672945,274.977137710142,91.6513054228743,1.006655914784769,1.0600000011862503,1.035859602320871,0.01803409791320786,-0.29774379711137045,1.1825886176990153e-35,-0.22657061078626745,0.081326446313603,192.5043012074026,187.103845305641,36.27222325739028,35.560947011329304,0.6480756272880673,0.6191558432405689,0.197741154371961,0.19384607661640774,0.0,0.0,4,3,0,1,0,3,0,,,,,,0,,,,,,0,,,,,,1,0.0,0.0,0.0,0.0,0.0,0,0,0,2.4632296209425294e-11,2.4632296202753423e-11,4.926573903000399e-12,0.0,2.4632296202753423e-11,3.5419643733299535e-08,2.87885830729806e-08,1.1672029853401766e-08,6.181047285114261e-09,2.87885830729806e-08,4.18954496174817e-09,3.702232520552684e-09,6.225802096082589e-10,3.5485392402279103e-10,3.702232520552684e-09,6.407046681028016e-10,5.04353281360892e-10,1.1567760142629422e-10,8.093836711964286e-11,5.04353281360892e-10,,,,,,,,,
2026-03-22T09:58:55Z,test_cases/pglib_opf_case14_ieee.mat,pglib_opf_case14_ieee,oracle_ac_primal_only__Pg_Qg,oracle_ac_primal_only,none,ac_true,1,0,Pg+Qg,2,,,optimal,ok,1,93.60239724102293,2084.47802375312,22.26949400212383,0,0.0038280487060546875,0.0015039443969726562,0.028171062469482422,0.029675006866455078,0.029675006866455078,0.033503055572509766,acopf_acdc_paper_study/cases/pglib_opf_case14_ieee/logs/oracle_ac_primal_only__Pg_Qg.log,0,15,7.496314680111027e-09,2.490553319134392e-10,8.570849526489428e-09,9.780725332952738e-08,9.780725332952738e-08,0.006,,,0.006,False,100.0,14,20,5,5,11,1,4,9,259.0,73.5,399.0,0.0,128.0,-42.0,20,0,0,2,1,2178.0804209855996,274.97713773770414,91.65130457768112,1.0066559552944327,1.0600000011971338,1.0358596089005705,0.01803409058736241,-0.297743796047064,2.3885706762418187e-36,-0.22657061066164022,0.08132644573485709,192.5043021507706,187.10384744797184,36.272223367138494,35.56094721476187,0.6480756212691264,0.6191558412902698,0.1977411544067116,0.19384607698777118,0.0,0.0,4,3,0,1,0,3,1,0.0,0.0,0.0,0.0,0.0,1,0.0,0.0,0.0,0.0,0.0,0,,,,,,0,,,,,,0,0,0,2.5099611288987733e-10,2.5099611278278644e-10,5.020068896427498e-11,0.0,2.5099611278278644e-10,3.519627371725991e-07,2.8697492154838855e-07,1.1632375837948571e-07,6.201153363027956e-08,2.8697492154838855e-07,4.15591606039156e-08,3.6807431325058815e-08,6.151399691210559e-09,3.409239779372797e-09,3.6807431325058815e-08,6.364510679913857e-09,5.0344037827443344e-09,1.1419184486882727e-09,7.84385140173427e-10,5.0344037827443344e-09,,,,,,,,,
2026-03-22T09:58:55Z,test_cases/pglib_opf_case14_ieee.mat,pglib_opf_case14_ieee,oracle_ac_primal_only__Pg_Vm,oracle_ac_primal_only,none,ac_true,1,0,Pg+Vm,2,,,optimal,ok,1,93.602397231399,2084.478023529176,22.269493999731328,0,0.0038280487060546875,0.0013790130615234375,0.0343317985534668,0.035710811614990234,0.035710811614990234,0.03953886032104492,acopf_acdc_paper_study/cases/pglib_opf_case14_ieee/logs/oracle_ac_primal_only__Pg_Vm.log,0,15,2.9387237532318977e-08,9.36959204667076e-10,8.570841457891119e-09,1.1369400327686418e-07,1.1369400327686418e-07,0.008,,,0.008,False,100.0,14,20,5,5,11,1,4,9,259.0,73.5,399.0,0.0,128.0,-42.0,20,0,0,2,1,2178.0804207616557,274.9771377094302,91.65130544557451,1.0066559137124678,1.0600000011860256,1.035859602144116,0.018034098106748227,-0.2977437971401333,0.0,-0.22657061078980684,0.08132644632913992,192.50430118233655,187.10384524855795,36.272223254518586,35.560947005954844,0.6480756274479258,0.6191558432919416,0.1977411543711802,0.19384607660660802,0.0,0.0,4,3,0,1,0,3,1,0.0,0.0,0.0,0.0,0.0,0,,,,,,1,0.0,0.0,0.0,0.0,0.0,0,,,,,,0,0,0,3.175104624519327e-11,3.175104623664993e-11,6.350356559274118e-12,0.0,3.175104623664993e-11,4.567862610869784e-08,3.7125718166386434e-08,1.505228429503347e-08,7.970268528501023e-09,3.7125718166386434e-08,5.403133294827725e-09,4.774533657325719e-09,8.029609358369985e-10,4.578262213783546e-10,4.774533657325719e-09,8.262835989639144e-10,6.504036198506924e-10,1.4919415801990203e-10,1.0441300601904402e-10,6.504036198506924e-10,,,,,,,,,
2026-03-22T09:58:55Z,test_cases/pglib_opf_case14_ieee.mat,pglib_opf_case14_ieee,oracle_ac_primal_only__Pg_Va,oracle_ac_primal_only,none,ac_true,1,0,Pg+Va,2,,,optimal,ok,1,93.6023972166323,2084.4780231855625,22.269493996060337,0,0.0038280487060546875,0.0015339851379394531,0.028685808181762695,0.03021979331970215,0.03021979331970215,0.034047842025756836,acopf_acdc_paper_study/cases/pglib_opf_case14_ieee/logs/oracle_ac_primal_only__Pg_Va.log,0,13,6.539297459084992e-08,2.1104644976066567e-09,8.57083332971597e-09,1.3914204084738023e-07,1.3914204084738023e-07,0.005,,,0.005,False,100.0,14,20,5,5,11,1,4,9,259.0,73.5,399.0,0.0,128.0,-42.0,20,0,0,2,1,2178.080420418042,274.97713766604824,91.65130686120973,1.006655847453897,1.0600000011748076,1.035859591114613,0.018034110050346747,-0.29774379894193914,-2.2648239516808325e-34,-0.22657061101849388,0.08132644729827886,192.50429962928692,187.10384170526407,36.27222307843228,35.56094667426031,0.6480756373484746,0.6191558464560754,0.1977411543286754,0.19384607600231804,0.0,0.0,4,3,0,1,0,3,1,0.0,0.0,0.0,0.0,0.0,0,,,,,,0,,,,,,1,0.0,0.0,0.0,0.0,0.0,0,0,0,4.6557868679910056e-10,4.6557868671470715e-10,9.311751028991536e-11,0.0,4.6557868671470715e-10,6.798277126016157e-07,5.513968298620497e-07,2.2359199944206597e-07,1.178804351631424e-07,5.513968298620497e-07,8.050448275552381e-08,7.103310450951028e-08,1.1993607805317806e-08,6.959004816842196e-09,7.103310450951028e-08,1.2300099374901252e-08,9.651464627502548e-09,2.229714439868794e-09,1.5785600326889693e-09,9.651464627502548e-09,,,,,,,,,
2026-03-22T09:58:55Z,test_cases/pglib_opf_case14_ieee.mat,pglib_opf_case14_ieee,oracle_ac_primal_only__Qg_Vm,oracle_ac_primal_only,none,ac_true,1,0,Qg+Vm,2,,,optimal,ok,1,93.60239724126578,2084.478023758771,22.269494002184203,0,0.0038280487060546875,0.002246856689453125,0.029476165771484375,0.0317230224609375,0.0317230224609375,0.03555107116699219,acopf_acdc_paper_study/cases/pglib_opf_case14_ieee/logs/oracle_ac_primal_only__Qg_Vm.log,0,15,6.996726753527582e-09,2.333252202557645e-10,8.570849795452002e-09,9.743148690440957e-08,9.743148690440957e-08,0.006,,,0.006,False,100.0,14,20,5,5,11,1,4,9,259.0,73.5,399.0,0.0,128.0,-42.0,20,0,0,2,1,2178.080420991251,274.9771377384175,91.65130455732809,1.0066559562934447,1.0600000011974893,1.0358596090591328,0.018034090406172477,-0.2977437960216694,0.0,-0.22657061065891995,0.08132644572090195,192.50430217389177,187.10384750024556,36.27222336989126,35.56094721979184,0.6480756211215167,0.6191558412418555,0.19774115440776757,0.19384607699697437,0.0,0.0,4,3,0,1,0,3,0,,,,,,1,0.0,0.0,0.0,0.0,0.0,1,0.0,0.0,0.0,0.0,0.0,0,,,,,,0,0,0,2.5813085014014826e-10,2.5813085002823755e-10,5.1627690205879966e-11,0.0,2.5813085002823755e-10,3.615091707080575e-07,2.9479340435401014e-07,1.194918575506826e-07,6.371500615998116e-08,2.9479340435401014e-07,4.268367037708363e-08,3.780644330930727e-08,6.316909376532667e-09,3.4973168805407795e-09,3.780644330930727e-08,6.537051578614192e-09,5.171823802552211e-09,1.172598863246372e-09,8.049046429370321e-10,5.171823802552211e-09,,,,,,,,,
2026-03-22T09:58:55Z,test_cases/pglib_opf_case14_ieee.mat,pglib_opf_case14_ieee,oracle_ac_primal_only__Qg_Va,oracle_ac_primal_only,none,ac_true,1,0,Qg+Va,2,,,optimal,ok,1,93.60239723838124,2084.4780236916495,22.269494001467113,0,0.0038280487060546875,0.002268075942993164,0.028313159942626953,0.030581235885620117,0.030581235885620117,0.034409284591674805,acopf_acdc_paper_study/cases/pglib_opf_case14_ieee/logs/oracle_ac_primal_only__Qg_Va.log,0,14,1.3196569170759176e-08,4.265401087888421e-10,8.570846894326739e-09,1.0202287155767349e-07,1.0202287155767349e-07,0.006,,,0.006,False,100.0,14,20,5,5,11,1,4,9,259.0,73.5,399.0,0.0,128.0,-42.0,20,0,0,2,1,2178.080420924129,274.9771377299431,91.65130480606084,1.0066559441839504,1.0600000011934927,1.0358596071228785,0.01803409260070902,-0.2977437963328648,3.678168296748123e-36,-0.22657061069336745,0.08132644589139178,192.50430189286192,187.10384686394636,36.27222333668313,35.56094715884525,0.6480756229148912,0.6191558418281136,0.1977411543957714,0.19384607688565605,0.0,0.0,4,3,0,1,0,3,0,,,,,,1,0.0,0.0,0.0,0.0,0.0,0,,,,,,1,0.0,0.0,0.0,0.0,0.0,0,0,0,1.7338308573020035e-10,1.7338308566650085e-10,3.4677557108480086e-11,0.0,1.7338308566650085e-10,2.457570438254071e-07,2.0016070884087966e-07,8.114131384850953e-08,4.3135149341289036e-08,2.0016070884087966e-07,2.9038011070496132e-08,2.5696949013109815e-08,4.304485069970911e-09,2.4117413621738137e-09,2.5696949013109815e-08,4.444648818649501e-09,3.509701002046839e-09,7.993137689431076e-10,5.529537938642193e-10,3.509701002046839e-09,,,,,,,,,
2026-03-22T09:58:55Z,test_cases/pglib_opf_case14_ieee.mat,pglib_opf_case14_ieee,oracle_ac_primal_only__Vm_Va,oracle_ac_primal_only,none,ac_true,1,0,Vm+Va,2,,,optimal,ok,1,93.6023972341494,2084.478023593176,22.269494000415072,0,0.0038280487060546875,0.002324819564819336,0.03381490707397461,0.036139726638793945,0.036139726638793945,0.03996777534484863,acopf_acdc_paper_study/cases/pglib_opf_case14_ieee/logs/oracle_ac_primal_only__Vm_Va.log,0,13,2.288769884728481e-08,7.303399274238842e-10,8.570843404425377e-09,1.0904085246594153e-07,1.0904085246594153e-07,0.009,,,0.009,False,100.0,14,20,5,5,11,1,4,9,259.0,73.5,399.0,0.0,128.0,-42.0,20,0,0,2,1,2178.080420825656,274.9771377175104,91.65130518952502,1.0066559258399768,1.0600000011887032,1.0358596041376822,0.018034095917065323,-0.2977437968160799,0.0,-0.2265706107502862,0.08132644615388628,192.504301465606,187.1038458933193,36.272223287066126,35.56094706675909,0.6480756256411335,0.6191558427104061,0.19774115438030612,0.193846076717507,0.0,0.0,4,3,0,1,0,3,0,,,,,,0,,,,,,1,0.0,0.0,0.0,0.0,0.0,1,0.0,0.0,0.0,0.0,0.0,0,0,0,4.905320595654118e-11,4.9053205941618216e-11,9.810883183231232e-12,0.0,4.9053205941618216e-11,7.033655973578155e-08,5.721145363013491e-08,2.3194683376054347e-08,1.2298244783659484e-08,5.721145363013491e-08,8.316625673334662e-09,7.3529753397139075e-09,1.2348149487045085e-09,6.997041834821971e-10,7.3529753397139075e-09,1.272246645700649e-09,1.002607386002552e-09,2.2938654051626476e-10,1.5987819401708236e-10,1.002607386002552e-09,,,,,,,,,
2026-03-22T09:58:55Z,test_cases/pglib_opf_case14_ieee.mat,pglib_opf_case14_ieee,oracle_ac_primal_only__Pg_Qg_Vm,oracle_ac_primal_only,none,ac_true,1,0,Pg+Qg+Vm,3,,,optimal,ok,1,93.60239723179086,2084.4780235382946,22.269493999828747,0,0.0038280487060546875,0.0015749931335449219,0.03425788879394531,0.035832881927490234,0.035832881927490234,0.03966093063354492,acopf_acdc_paper_study/cases/pglib_opf_case14_ieee/logs/oracle_ac_primal_only__Pg_Qg_Vm.log,0,15,2.8454380185394257e-08,9.071944306882074e-10,8.570841723313135e-09,1.1302794967692894e-07,1.1302794967692894e-07,0.009,,,0.009,False,100.0,14,20,5,5,11,1,4,9,259.0,73.5,399.0,0.0,128.0,-42.0,20,0,0,2,1,2178.0804207707743,274.9771377105814,91.65130540885602,1.0066559154473174,1.0600000011863908,1.0358596024300148,0.018034097793614565,-0.2977437970936131,0.0,-0.22657061078408608,0.08132644630400868,192.5043012228867,187.10384534089982,36.27222325916536,35.56094701465018,0.6480756271893077,0.6191558432088184,0.19774115437244638,0.19384607662246287,0.0,0.0,4,3,0,1,0,3,1,0.0,0.0,0.0,0.0,0.0,1,0.0,0.0,0.0,0.0,0.0,1,0.0,0.0,0.0,0.0,0.0,0,,,,,,0,0,0,2.023847756598078e-11,2.0238477560496904e-11,4.047789739640353e-12,0.0,2.0238477560496904e-11,2.9081052464896506e-08,2.3636711865560045e-08,9.58324481124817e-09,5.0751320090913765e-09,2.3636711865560045e-08,3.4397704347129447e-09,3.0396840600133146e-09,5.111562918967496e-10,2.913179697472401e-10,3.0396840600133146e-09,5.260434694902388e-10,4.140977838407167e-10,9.497403558045292e-11,6.644779171338655e-11,4.140977838407167e-10,,,,,,,,,
2026-03-22T09:58:55Z,test_cases/pglib_opf_case14_ieee.mat,pglib_opf_case14_ieee,oracle_ac_primal_only__Pg_Qg_Va,oracle_ac_primal_only,none,ac_true,1,0,Pg+Qg+Va,3,,,optimal,ok,1,93.6023972314239,2084.4780235297553,22.269493999737517,0,0.0038280487060546875,0.0016219615936279297,0.03674602508544922,0.03836798667907715,0.03836798667907715,0.042196035385131836,acopf_acdc_paper_study/cases/pglib_opf_case14_ieee/logs/oracle_ac_primal_only__Pg_Qg_Va.log,0,14,2.93240205451184e-08,9.35181598826773e-10,8.57084147716888e-09,1.1364936407747093e-07,1.1364936407747093e-07,0.006,,,0.006,False,100.0,14,20,5,5,11,1,4,9,259.0,73.5,399.0,0.0,128.0,-42.0,20,0,0,2,1,2178.080420762235,274.9771377095033,91.65130544319182,1.0066559138254216,1.0600000011860518,1.0358596021626012,0.018034098086350845,-0.29774379713713484,5.9817300563643693e-36,-0.22657061078944793,0.0813264463275174,192.50430118496325,187.10384525453344,36.27222325482214,35.56094700652061,0.648075627431137,0.6191558432865298,0.19774115437127018,0.1938460766076433,0.0,0.0,4,3,0,1,0,3,1,0.0,0.0,0.0,0.0,0.0,1,0.0,0.0,0.0,0.0,0.0,0,,,,,,1,0.0,0.0,0.0,0.0,0.0,0,0,0,3.10196313163199e-11,3.1019631308026874e-11,6.204069717997145e-12,0.0,3.1019631308026874e-11,4.4598693759148666e-08,3.6245990264749395e-08,1.4695627766417308e-08,7.781424005148807e-09,3.6245990264749395e-08,5.275461094935847e-09,4.661579788844961e-09,7.840236238010334e-10,4.4714099090015225e-10,4.661579788844961e-09,8.067465983608538e-10,6.349792358584239e-10,1.4567757119657695e-10,1.0196976596432705e-10,6.349792358584239e-10,,,,,,,,,
2026-03-22T09:58:55Z,test_cases/pglib_opf_case14_ieee.mat,pglib_opf_case14_ieee,oracle_ac_primal_only__Pg_Vm_Va,oracle_ac_primal_only,none,ac_true,1,0,Pg+Vm+Va,3,,,optimal,ok,1,93.60239723167153,2084.478023535518,22.26949399979908,0,0.0038280487060546875,0.001737833023071289,0.03043508529663086,0.03217291831970215,0.03217291831970215,0.036000967025756836,acopf_acdc_paper_study/cases/pglib_opf_case14_ieee/logs/oracle_ac_primal_only__Pg_Vm_Va.log,0,13,2.8734307377931145e-08,9.163458880578901e-10,8.570841644506119e-09,1.1322846409663075e-07,1.1322846409663075e-07,0.005,,,0.005,False,100.0,14,20,5,5,11,1,4,9,259.0,73.5,399.0,0.0,128.0,-42.0,20,0,0,2,1,2178.0804207679976,274.97713771023086,91.65130541998114,1.0066559149219731,1.0600000011862822,1.0358596023433373,0.018034097888429912,-0.29774379710772403,0.0,-0.226570610785829,0.08132644631162983,192.50430121059605,187.1038453129068,36.27222325775897,35.5609470120167,0.6480756272676615,0.6191558432339902,0.19774115437206896,0.19384607661766423,0.0,0.0,4,3,0,1,0,3,1,0.0,0.0,0.0,0.0,0.0,0,,,,,,1,0.0,0.0,0.0,0.0,0.0,1,0.0,0.0,0.0,0.0,0.0,0,0,0,2.3744117789422017e-11,2.3744117783053298e-11,4.748933545554764e-12,0.0,2.3744117783053298e-11,3.410770185388307e-08,2.772024865205225e-08,1.1238909761179805e-08,5.951597936704189e-09,2.772024865205225e-08,4.034440723444193e-09,3.565028272589643e-09,5.995693782726416e-10,3.4186276032244223e-10,3.565028272589643e-09,6.169709341314302e-10,4.856246793583097e-10,1.114036591151216e-10,7.79666331496287e-11,4.856246793583097e-10,,,,,,,,,
2026-03-22T09:58:55Z,test_cases/pglib_opf_case14_ieee.mat,pglib_opf_case14_ieee,oracle_ac_primal_only__Qg_Vm_Va,oracle_ac_primal_only,none,ac_true,1,0,Qg+Vm+Va,3,,,optimal,ok,1,93.60239723269076,2084.4780235592348,22.26949400005246,0,0.0038280487060546875,0.0015349388122558594,0.030696868896484375,0.032231807708740234,0.032231807708740234,0.03605985641479492,acopf_acdc_paper_study/cases/pglib_opf_case14_ieee/logs/oracle_ac_primal_only__Qg_Vm_Va.log,0,13,2.6318751622511627e-08,8.392657402378489e-10,8.570842347880703e-09,1.1150133949837465e-07,1.1150133949837465e-07,0.005,,,0.005,False,100.0,14,20,5,5,11,1,4,9,259.0,73.5,399.0,0.0,128.0,-42.0,20,0,0,2,1,2178.0804207917145,274.97713771322515,91.65130532480501,1.0066559194238207,1.0600000011872504,1.0358596030844345,0.018034097075745853,-0.29774379698718845,0.0,-0.2265706107710583,0.081326446246482,192.50430131579506,187.10384555241868,36.27222326982772,35.56094703458429,0.6480756265967222,0.619155843018211,0.19774115437539883,0.1938460766588172,0.0,0.0,4,3,0,1,0,3,0,,,,,,1,0.0,0.0,0.0,0.0,0.0,1,0.0,0.0,0.0,0.0,0.0,1,0.0,0.0,0.0,0.0,0.0,0,0,0,6.1994853714054766e-12,6.199485369506874e-12,1.23992775987416e-12,0.0,6.199485369506874e-12,8.960735940881005e-09,7.28949678396873e-09,2.955340659693828e-09,1.5661211494322202e-09,7.28949678396873e-09,1.059578537901862e-09,9.368192888103977e-10,1.5732118782299916e-10,8.918854543793486e-11,9.368192888103977e-10,1.62089681961765e-10,1.277481176398254e-10,2.9224754560797095e-11,2.0375312548281954e-11,1.277481176398254e-10,,,,,,,,,
2026-03-22T09:58:55Z,test_cases/pglib_opf_case14_ieee.mat,pglib_opf_case14_ieee,oracle_ac_primal_only__Pg_Qg_Vm_Va,oracle_ac_primal_only,none,ac_true,1,0,Pg+Qg+Vm+Va,4,,,optimal,ok,1,93.60239724120163,2084.478023757278,22.269494002168255,0,0.0038280487060546875,0.001500844955444336,0.02913498878479004,0.030635833740234375,0.030635833740234375,0.03446388244628906,acopf_acdc_paper_study/cases/pglib_opf_case14_ieee/logs/oracle_ac_primal_only__Pg_Qg_Vm_Va.log,0,13,7.129461465638087e-09,2.3740770460634053e-10,8.570849722983529e-09,9.753120945237439e-08,9.753120945237439e-08,0.005,,,0.005,False,100.0,14,20,5,5,11,1,4,9,259.0,73.5,399.0,0.0,128.0,-42.0,20,0,0,2,1,2178.080420989758,274.9771377382291,91.65130456270352,1.006655956029148,1.0600000011973936,1.0358596090172711,0.01803409045411249,-0.29774379602836604,0.0,-0.2265706106596294,0.081326445724584,192.5043021677845,187.10384748644285,36.27222336916206,35.560947218461166,0.6480756211605285,0.6191558412546593,0.19774115440748166,0.19384607699453596,0.0,0.0,4,3,0,1,0,3,1,0.0,0.0,0.0,0.0,0.0,1,0.0,0.0,0.0,0.0,0.0,1,0.0,0.0,0.0,0.0,0.0,1,0.0,0.0,0.0,0.0,0.0,0,0,0,2.5624613553222834e-10,2.562461354216339e-10,5.125073279086465e-11,0.0,2.562461354216339e-10,3.5898405549186753e-07,2.927238570427093e-07,1.1865328775305384e-07,6.326412174684215e-08,2.927238570427093e-07,4.238627984888972e-08,3.754214650264487e-08,6.273165637742701e-09,3.474119769641959e-09,3.754214650264487e-08,6.491411685745142e-09,5.135439268277864e-09,1.1644920682491693e-09,7.994966355617805e-10,5.135439268277864e-09,,,,,,,,,
2026-03-22T09:58:55Z,test_cases/pglib_opf_case14_ieee.mat,pglib_opf_case14_ieee,oracle_ac_primal_dual__Pg,oracle_ac_primal_dual,full,ac_true,1,0,Pg,1,,,optimal,ok,1,93.6023972211135,2084.478023289838,22.26949399717436,0,0.0038280487060546875,0.001432657241821289,0.031068086624145508,0.0325007438659668,0.0325007438659668,0.036328792572021484,acopf_acdc_paper_study/cases/pglib_opf_case14_ieee/logs/oracle_ac_primal_dual__Pg.log,0,16,6.451137579688293e-08,2.0156895597089886e-09,8.570842685977703e-09,1.361179336406959e-07,1.361179336406959e-07,0.007,,,0.007,False,100.0,14,20,5,5,11,1,4,9,259.0,73.5,399.0,0.0,128.0,-42.0,20,0,0,2,1,2178.0804205223176,274.9771376792146,91.65130671767217,1.0066558582823,1.0600000011872213,1.035859592260985,0.01803410798818095,-0.29774379879704266,0.0,-0.22657061104025653,0.08132644719021313,192.50429987240446,187.10384221926515,36.27222311693169,35.56094673284146,0.6480756358185763,0.6191558458463607,0.19774115437011525,0.19384607610680668,0.0,0.0,4,3,0,1,0,3,1,0.0,0.0,0.0,0.0,0.0,0,,,,,,0,,,,,,0,,,,,,1,1,1,3.339057919053155e-10,3.3390579190495373e-10,6.678125668636339e-11,0.0,3.3390579190495373e-10,5.770191482881492e-07,4.6281458704333645e-07,1.880077852244727e-07,9.50924018139343e-08,4.6281458704333645e-07,6.89299450158802e-08,6.02047014464091e-08,1.0669666991195267e-08,6.759005355405634e-09,6.02047014464091e-08,1.0465517596894154e-08,8.055893868652575e-09,1.9440126750433097e-09,1.4833162753635776e-09,8.055893868652575e-09,,,,,,,,,
2026-03-22T09:58:55Z,test_cases/pglib_opf_case14_ieee.mat,pglib_opf_case14_ieee,oracle_ac_primal_dual__Qg,oracle_ac_primal_dual,full,ac_true,1,0,Qg,1,,,optimal,ok,1,93.6023972448747,2084.478023842749,22.26949400308138,0,0.0038280487060546875,0.001405954360961914,0.03895211219787598,0.04035806655883789,0.04035806655883789,0.04418611526489258,acopf_acdc_paper_study/cases/pglib_opf_case14_ieee/logs/oracle_ac_primal_dual__Qg.log,0,32,1.8410108992839014e-09,6.13439021801554e-11,8.570853608038006e-09,9.26313013215281e-08,9.26313013215281e-08,0.013,,,0.013,True,100.0,14,20,5,5,11,1,4,9,259.0,73.5,399.0,0.0,128.0,-42.0,20,0,0,2,1,2178.0804210752285,274.9771377490203,91.65130431598183,1.0066559693963484,1.06000000120211,1.035859610923056,0.018034087982123578,-0.2977437957354602,0.0,-0.22657061063992692,0.0813264455506417,192.50430248161945,187.1038481839534,36.27222340936149,35.56094728769424,0.6480756191787247,0.6191558405541354,0.19774115442959833,0.19384607711535615,0.0,0.0,4,3,0,1,0,3,0,,,,,,1,0.0,0.0,0.0,0.0,0.0,0,,,,,,0,,,,,,1,1,1,3.6416247812932065e-10,3.641624779504582e-10,7.283477830752494e-11,0.0,3.641624779504582e-10,4.87014828972464e-07,3.9819585312406147e-07,1.613355295644603e-07,8.810338186782118e-08,3.9819585312406147e-07,5.7279284550361276e-08,5.090934696028171e-08,8.46346251811728e-09,4.35784675012485e-09,5.090934696028171e-08,8.79513414506641e-09,7.001103946580045e-09,1.560367620826294e-09,1.0277545481329753e-09,7.001103946580045e-09,,,,,,,,,
2026-03-22T09:58:55Z,test_cases/pglib_opf_case14_ieee.mat,pglib_opf_case14_ieee,oracle_ac_primal_dual__Vm,oracle_ac_primal_dual,full,ac_true,1,0,Vm,1,,,optimal,ok,1,93.6023972449948,2084.4780238455437,22.269494003111237,0,0.0038280487060546875,0.0018067359924316406,0.03191089630126953,0.03371763229370117,0.03371763229370117,0.03754568099975586,acopf_acdc_paper_study/cases/pglib_opf_case14_ieee/logs/oracle_ac_primal_dual__Vm.log,0,10,1.591232035025314e-09,5.392966628825491e-11,8.5708537512562e-09,9.24439982748686e-08,9.24439982748686e-08,0.004,,,0.004,False,100.0,14,20,5,5,11,1,4,9,259.0,73.5,399.0,0.0,128.0,-42.0,20,0,0,2,1,2178.0804210780234,274.9771377493731,91.65130430598687,1.0066559698902742,1.0600000012023054,1.0358596110008251,0.018034087892464072,-0.2977437957230456,0.0,-0.22657061063864137,0.0813264455437997,192.5043024930119,187.1038482096728,36.272223410727904,35.5609472901805,0.6480756191059259,0.61915584053017,0.1977411544301502,0.19384607711991125,0.0,0.0,4,3,0,1,0,3,0,,,,,,0,,,,,,1,0.0,0.0,0.0,0.0,0.0,0,,,,,,1,1,1,3.676907669043366e-10,3.6769076672271694e-10,7.354046470561539e-11,0.0,3.6769076672271694e-10,4.917330796273279e-07,4.0206742157877784e-07,1.6290414688140132e-07,8.8948278131884e-08,4.0206742157877784e-07,5.7834657385995324e-08,5.1403272749439566e-08,8.545357056886717e-09,4.40060710094059e-09,5.1403272749439566e-08,8.880407821561925e-09,7.06920244564202e-09,1.57547816062983e-09,1.03776631732444e-09,7.06920244564202e-09,,,,,,,,,
2026-03-22T09:58:55Z,test_cases/pglib_opf_case14_ieee.mat,pglib_opf_case14_ieee,oracle_ac_primal_dual__Va,oracle_ac_primal_dual,full,ac_true,1,0,Va,1,,,optimal,ok,1,93.60239724460845,2084.4780238365533,22.26949400301519,0,0.0038280487060546875,0.0016148090362548828,0.035140037536621094,0.03675484657287598,0.03675484657287598,0.040582895278930664,acopf_acdc_paper_study/cases/pglib_opf_case14_ieee/logs/oracle_ac_primal_dual__Va.log,0,19,2.4082869032326926e-09,7.82917897179658e-11,8.570853309883069e-09,9.305300856620661e-08,9.305300856620661e-08,0.007,,,0.007,False,100.0,14,20,5,5,11,1,4,9,259.0,73.5,399.0,0.0,128.0,-42.0,20,0,0,2,1,2178.080421069033,274.977137748238,91.65130433857497,1.0066559682881604,1.0600000012017035,1.035859610747301,0.018034088183107994,-0.2977437957636056,0.0,-0.22657061064293113,0.08132644556610143,192.5043024560083,187.10384812605412,36.27222340631194,35.560947282120786,0.6480756193423403,0.6191558406077946,0.19774115442843024,0.1938460771051535,0.0,0.0,4,3,0,1,0,3,0,,,,,,0,,,,,,0,,,,,,1,0.0,0.0,0.0,0.0,0.0,1,1,1,3.5633940260310347e-10,3.563394024297395e-10,7.127010357239372e-11,0.0,3.563394024297395e-10,4.7642663442317295e-07,3.895202778658735e-07,1.5782011316654855e-07,8.621522556984118e-08,3.895202778658735e-07,5.603206760277792e-08,4.980115897446069e-08,8.279489237063485e-09,4.260278019252439e-09,4.980115897446069e-08,8.603749234819673e-09,6.848600520026338e-09,1.5263514896446395e-09,1.0050113519177728e-09,6.848600520026338e-09,,,,,,,,,
2026-03-22T09:58:55Z,test_cases/pglib_opf_case14_ieee.mat,pglib_opf_case14_ieee,oracle_ac_primal_dual__Pg_Qg,oracle_ac_primal_dual,full,ac_true,1,0,Pg+Qg,2,,,optimal,ok,1,93.60239722840899,2084.4780234596,22.269493998988015,0,0.0038280487060546875,0.0015480518341064453,0.03220105171203613,0.03374910354614258,0.03374910354614258,0.037577152252197266,acopf_acdc_paper_study/cases/pglib_opf_case14_ieee/logs/oracle_ac_primal_dual__Pg_Qg.log,0,17,4.4413230426698647e-08,1.3846039315090763e-09,8.570844955656129e-09,1.2234793357883815e-07,1.2234793357883815e-07,0.006,,,0.006,False,100.0,14,20,5,5,11,1,4,9,259.0,73.5,399.0,0.0,128.0,-42.0,20,0,0,2,1,2178.0804206920798,274.97713770064706,91.65130595299414,1.0066558932670988,1.0600000011903148,1.0358595982010563,0.018034101698044064,-0.29774379781822913,0.0,-0.22657061090803282,0.08132644666840896,192.5043006965618,187.10384410732874,36.27222320817322,35.56094690728962,0.6480756305645472,0.6191558441852641,0.19774115438520565,0.19384607642337232,0.0,0.0,4,3,0,1,0,3,1,0.0,0.0,0.0,0.0,0.0,1,0.0,0.0,0.0,0.0,0.0,0,,,,,,0,,,,,,1,1,1,1.1957901338978623e-10,1.1957901335790666e-10,2.3916354912639277e-11,0.0,1.1957901335790666e-10,2.420090336253087e-07,1.922757226768823e-07,7.931751634764061e-08,3.7786596296385255e-08,1.922757226768823e-07,2.9186651943531033e-08,2.521990261072915e-08,4.730037567972951e-09,3.176527152426445e-09,2.521990261072915e-08,4.40293956031555e-09,3.3297666013343274e-09,8.348026932423837e-10,6.783849038072276e-10,3.3297666013343274e-09,,,,,,,,,
2026-03-22T09:58:55Z,test_cases/pglib_opf_case14_ieee.mat,pglib_opf_case14_ieee,oracle_ac_primal_dual__Pg_Vm,oracle_ac_primal_dual,full,ac_true,1,0,Pg+Vm,2,,,optimal,ok,1,93.60239724494036,2084.478023844277,22.269494003097705,0,0.0038280487060546875,0.0015370845794677734,0.028516054153442383,0.030053138732910156,0.030053138732910156,0.033881187438964844,acopf_acdc_paper_study/cases/pglib_opf_case14_ieee/logs/oracle_ac_primal_dual__Pg_Vm.log,0,8,1.648652769858927e-09,5.136621683554665e-11,8.57085383154062e-09,9.25340772426211e-08,9.25340772426211e-08,0.003,,,0.003,False,100.0,14,20,5,5,11,1,4,9,259.0,73.5,399.0,0.0,128.0,-42.0,20,0,0,2,1,2178.0804210767565,274.9771377492133,91.65130431054641,1.0066559696683706,1.0600000012023412,1.0358596109628715,0.01803408793055309,-0.2977437957286495,0.0,-0.22657061063891287,0.08132644554655404,192.50430248891328,187.10384820031274,36.272223410069365,35.56094728903149,0.6480756191348883,0.619155840537986,0.19774115442918488,0.1938460771168784,0.0,0.0,4,3,0,1,0,3,1,0.0,0.0,0.0,0.0,0.0,0,,,,,,1,0.0,0.0,0.0,0.0,0.0,0,,,,,,1,1,1,3.6609204575221275e-10,3.660920455672567e-10,7.322073653140731e-11,0.0,3.660920455672567e-10,4.896648207154942e-07,4.002737767350162e-07,1.6217756984744647e-07,8.863175485207542e-08,4.002737767350162e-07,5.7586613910394695e-08,5.118136914283866e-08,8.509988364784654e-09,4.376088380553256e-09,5.118136914283866e-08,8.842401419235403e-09,7.037155969058517e-09,1.5689847377669303e-09,1.033227031710382e-09,7.037155969058517e-09,,,,,,,,,
2026-03-22T09:58:55Z,test_cases/pglib_opf_case14_ieee.mat,pglib_opf_case14_ieee,oracle_ac_primal_dual__Pg_Va,oracle_ac_primal_dual,full,ac_true,1,0,Pg+Va,2,,,optimal,ok,1,93.602397228674,2084.4780234657665,22.269493999053893,0,0.0038280487060546875,0.0014841556549072266,0.029871225357055664,0.03135538101196289,0.03135538101196289,0.03518342971801758,acopf_acdc_paper_study/cases/pglib_opf_case14_ieee/logs/oracle_ac_primal_dual__Pg_Va.log,0,13,4.371005779546522e-08,1.362291529583004e-09,8.570845040746639e-09,1.2186298852529738e-07,1.2186298852529738e-07,0.005,,,0.005,False,100.0,14,20,5,5,11,1,4,9,259.0,73.5,399.0,0.0,128.0,-42.0,20,0,0,2,1,2178.080420698246,274.9771377014256,91.65130592596634,1.006655894509344,1.0600000011904305,1.0358595984115577,0.01803410147478693,-0.2977437977836357,0.0,-0.2265706109034373,0.08132644664996931,192.50430072572027,187.1038441740839,36.272223211426024,35.56094691348966,0.6480756303784956,0.6191558441265079,0.19774115438584364,0.19384607643471002,0.0,0.0,4,3,0,1,0,3,1,0.0,0.0,0.0,0.0,0.0,0,,,,,,0,,,,,,1,0.0,0.0,0.0,0.0,0.0,1,1,1,1.1179368545625893e-10,1.1179368542002521e-10,2.2359306343164896e-11,0.0,1.1179368542002521e-10,2.3012648389260674e-07,1.8265821183360842e-07,7.547035706136073e-08,3.5753438293317785e-08,1.8265821183360842e-07,2.7778284987897365e-08,2.3977657415130693e-08,4.519552732062948e-09,3.0497309122523575e-09,2.3977657415130693e-08,4.187962087171061e-09,3.1616580742355183e-09,7.955079957861727e-10,6.499581706176372e-10,3.1616580742355183e-09,,,,,,,,,
2026-03-22T09:58:56Z,test_cases/pglib_opf_case14_ieee.mat,pglib_opf_case14_ieee,oracle_ac_primal_dual__Qg_Vm,oracle_ac_primal_dual,full,ac_true,1,0,Qg+Vm,2,,,optimal,ok,1,93.60239724499776,2084.4780238456124,22.269494003111973,0,0.0038280487060546875,0.0015649795532226562,0.035124778747558594,0.03668975830078125,0.03668975830078125,0.04051780700683594,acopf_acdc_paper_study/cases/pglib_opf_case14_ieee/logs/oracle_ac_primal_dual__Qg_Vm.log,0,21,1.5856862489727064e-09,5.375777600846732e-11,8.570853754630398e-09,9.243971261417463e-08,9.243971261417463e-08,0.008,,,0.008,True,100.0,14,20,5,5,11,1,4,9,259.0,73.5,399.0,0.0,128.0,-42.0,20,0,0,2,1,2178.080421078092,274.97713774938177,91.6513043057581,1.0066559699015907,1.0600000012023099,1.0358596110026022,0.01803408789040926,-0.2977437957227627,0.0,-0.22657061063861272,0.08132644554364347,192.50430249327292,187.1038482102616,36.27222341075932,35.560947290237536,0.64807561910426,0.6191558405296214,0.19774115443016332,0.19384607712001595,0.0,0.0,4,3,0,1,0,3,0,,,,,,1,0.0,0.0,0.0,0.0,0.0,1,0.0,0.0,0.0,0.0,0.0,0,,,,,,1,1,1,3.6777736430032064e-10,3.677773641186377e-10,7.35577848596393e-11,0.0,3.677773641186377e-10,4.918411723289483e-07,4.0215616442518254e-07,1.6294010155397387e-07,8.896767231258984e-08,4.0215616442518254e-07,5.7847377625658894e-08,5.141458925272957e-08,8.547232572502545e-09,4.401581099600094e-09,5.141458925272957e-08,8.882361006180494e-09,7.070763974326155e-09,1.5758236709565283e-09,1.0379941628446687e-09,7.070763974326155e-09,,,,,,,,,
2026-03-22T09:58:56Z,test_cases/pglib_opf_case14_ieee.mat,pglib_opf_case14_ieee,oracle_ac_primal_dual__Qg_Va,oracle_ac_primal_dual,full,ac_true,1,0,Qg+Va,2,,,optimal,ok,1,93.6023972450885,2084.4780238477238,22.26949400313453,0,0.0038280487060546875,0.0037300586700439453,0.031855106353759766,0.03558516502380371,0.03558516502380371,0.0394132137298584,acopf_acdc_paper_study/cases/pglib_opf_case14_ieee/logs/oracle_ac_primal_dual__Qg_Va.log,0,14,1.3960868017193206e-09,4.8296061594399475e-11,8.570853853892965e-09,9.229361121985568e-08,9.229361121985568e-08,0.006,,,0.006,False,100.0,14,20,5,5,11,1,4,9,259.0,73.5,399.0,0.0,128.0,-42.0,20,0,0,2,1,2178.0804210802035,274.9771377496484,91.65130429790779,1.0066559702872302,1.0600000012024864,1.0358596110635307,0.01803408782046102,-0.29774379571303095,0.0,-0.22657061063759137,0.08132644553829053,192.50430250216058,187.10384823034175,36.272223411828676,35.56094729218246,0.6480756190474266,0.619155840510952,0.1977411544306121,0.1938460771235992,0.0,0.0,4,3,0,1,0,3,0,,,,,,1,0.0,0.0,0.0,0.0,0.0,0,,,,,,1,0.0,0.0,0.0,0.0,0.0,1,1,1,3.7044367591806367e-10,3.704436757345775e-10,7.409106703534062e-11,0.0,3.704436757345775e-10,4.955243188526715e-07,4.0517756200175725e-07,1.6416436119451317e-07,8.962638592402428e-08,4.0517756200175725e-07,5.8281156899172736e-08,5.18002287730468e-08,8.611201117249477e-09,4.435239842059957e-09,5.18002287730468e-08,8.948944387039878e-09,7.123899581351623e-09,1.587634671546783e-09,1.0458468535645693e-09,7.123899581351623e-09,,,,,,,,,
2026-03-22T09:58:56Z,test_cases/pglib_opf_case14_ieee.mat,pglib_opf_case14_ieee,oracle_ac_primal_dual__Vm_Va,oracle_ac_primal_dual,full,ac_true,1,0,Vm+Va,2,,,optimal,ok,1,93.60239724499667,2084.478023845587,22.2694940031117,0,0.0038280487060546875,0.0015680789947509766,0.033064842224121094,0.03463292121887207,0.03463292121887207,0.03846096992492676,acopf_acdc_paper_study/cases/pglib_opf_case14_ieee/logs/oracle_ac_primal_dual__Vm_Va.log,0,9,1.5859846769217256e-09,5.3642035258150145e-11,8.570853757837497e-09,9.244133530673842e-08,9.244133530673842e-08,0.004,,,0.004,False,100.0,14,20,5,5,11,1,4,9,259.0,73.5,399.0,0.0,128.0,-42.0,20,0,0,2,1,2178.0804210780666,274.9771377493786,91.65130430583483,1.0066559698977813,1.060000001202312,1.035859611001918,0.0180340878910321,-0.29774379572285603,0.0,-0.2265706106386113,0.0813264455436848,192.5043024932179,187.10384821013514,36.27222341074716,35.56094729021724,0.6480756191046978,0.6191558405297116,0.19774115443013515,0.19384607711994872,0.0,0.0,4,3,0,1,0,3,0,,,,,,0,,,,,,1,0.0,0.0,0.0,0.0,0.0,1,0.0,0.0,0.0,0.0,0.0,1,1,1,3.6774538987732807e-10,3.677453896955285e-10,7.355139061643713e-11,0.0,3.677453896955285e-10,4.918064407247924e-07,4.021244404683877e-07,1.6292725850929057e-07,8.896312067574463e-08,4.021244404683877e-07,5.7843152521360915e-08,5.1410779855487476e-08,8.54664907100146e-09,4.40109626520524e-09,5.1410779855487476e-08,8.881714142561708e-09,7.070189184110731e-09,1.5757179618642552e-09,1.0379187231901454e-09,7.070189184110731e-09,,,,,,,,,
2026-03-22T09:58:56Z,test_cases/pglib_opf_case14_ieee.mat,pglib_opf_case14_ieee,oracle_ac_primal_dual__Pg_Qg_Vm,oracle_ac_primal_dual,full,ac_true,1,0,Pg+Qg+Vm,3,,,optimal,ok,1,93.60239724499422,2084.47802384553,22.26949400311109,0,0.0038280487060546875,0.0018198490142822266,0.02669215202331543,0.028512001037597656,0.028512001037597656,0.032340049743652344,acopf_acdc_paper_study/cases/pglib_opf_case14_ieee/logs/oracle_ac_primal_dual__Pg_Qg_Vm.log,0,9,1.5930012864373566e-09,5.397721158928448e-11,8.570853750273959e-09,9.244523402128343e-08,9.244523402128343e-08,0.004,,,0.004,False,100.0,14,20,5,5,11,1,4,9,259.0,73.5,399.0,0.0,128.0,-42.0,20,0,0,2,1,2178.0804210780097,274.9771377493714,91.65130430605168,1.0066559698870132,1.060000001202304,1.0358596110003133,0.01803408789305622,-0.2977437957231279,0.0,-0.22657061063865017,0.08132644554384492,192.50430249293706,187.10384820950344,36.27222341071893,35.56094729016413,0.6480756191064075,0.6191558405303295,0.1977411544301468,0.19384607711988142,0.0,0.0,4,3,0,1,0,3,1,0.0,0.0,0.0,0.0,0.0,1,0.0,0.0,0.0,0.0,0.0,1,0.0,0.0,0.0,0.0,0.0,0,,,,,,1,1,1,3.6767344742513016e-10,3.676734472435328e-10,7.353700061333045e-11,0.0,3.676734472435328e-10,4.917019305681597e-07,4.020418469252718e-07,1.6289378738411353e-07,8.894269498682661e-08,4.020418469252718e-07,5.7830992274673006e-08,5.140001180237164e-08,8.544816647899317e-09,4.40032665860457e-09,5.140001180237164e-08,8.879844417380128e-09,7.068752833072622e-09,1.575378175133757e-09,1.0376998704764162e-09,7.068752833072622e-09,,,,,,,,,
2026-03-22T09:58:56Z,test_cases/pglib_opf_case14_ieee.mat,pglib_opf_case14_ieee,oracle_ac_primal_dual__Pg_Qg_Va,oracle_ac_primal_dual,full,ac_true,1,0,Pg+Qg+Va,3,,,optimal,ok,1,93.60239724499932,2084.4780238456487,22.26949400311236,0,0.0038280487060546875,0.0022373199462890625,0.02850508689880371,0.030742406845092773,0.030742406845092773,0.03457045555114746,acopf_acdc_paper_study/cases/pglib_opf_case14_ieee/logs/oracle_ac_primal_dual__Pg_Qg_Va.log,0,12,1.5752448234707117e-09,5.371750266824904e-11,8.570853732628529e-09,9.242759171587295e-08,9.242759171587295e-08,0.005,,,0.005,False,100.0,14,20,5,5,11,1,4,9,259.0,73.5,399.0,0.0,128.0,-42.0,20,0,0,2,1,2178.0804210781284,274.97713774938643,91.6513043050125,1.006655969932664,1.0600000012023347,1.0358596110081495,0.018034087884887008,-0.29774379572184656,0.0,-0.22657061063847486,0.08132644554316477,192.5043024940016,187.10384821195157,36.27222341084444,35.56094729039841,0.6480756190995779,0.619155840528188,0.19774115443020218,0.19384607712033386,0.0,0.0,4,3,0,1,0,3,1,0.0,0.0,0.0,0.0,0.0,1,0.0,0.0,0.0,0.0,0.0,0,,,,,,1,0.0,0.0,0.0,0.0,0.0,1,1,1,3.6782354957743145e-10,3.678235493964621e-10,7.35670175148303e-11,0.0,3.678235493964621e-10,4.921380387212705e-07,4.023942126174518e-07,1.6303681202520237e-07,8.901761472390746e-08,4.023942126174518e-07,5.7882900981837285e-08,5.144566261883199e-08,8.552499660855314e-09,4.405110054506167e-09,5.144566261883199e-08,8.887754567505155e-09,7.074918151328546e-09,1.576825897036433e-09,1.0387517512810973e-09,7.074918151328546e-09,,,,,,,,,
2026-03-22T09:58:56Z,test_cases/pglib_opf_case14_ieee.mat,pglib_opf_case14_ieee,oracle_ac_primal_dual__Pg_Vm_Va,oracle_ac_primal_dual,full,ac_true,1,0,Pg+Vm+Va,3,,,optimal,ok,1,93.60239724495541,2084.478023844627,22.269494003101446,0,0.0038280487060546875,0.003300189971923828,0.027179718017578125,0.030479907989501953,0.030479907989501953,0.03430795669555664,acopf_acdc_paper_study/cases/pglib_opf_case14_ieee/logs/oracle_ac_primal_dual__Pg_Vm_Va.log,0,7,1.6276899827971647e-09,5.1529447375742166e-11,8.570853822859911e-09,9.25091844005278e-08,9.25091844005278e-08,0.003,,,0.003,False,100.0,14,20,5,5,11,1,4,9,259.0,73.5,399.0,0.0,128.0,-42.0,20,0,0,2,1,2178.0804210771066,274.97713774925745,91.65130430925475,1.0066559697311281,1.0600000012023432,1.0358596109733342,0.01803408791955656,-0.29774379572705645,0.0,-0.22657061063879894,0.08132644554573731,192.50430249018072,187.1038482031975,36.27222341025034,35.56094728935294,0.6480756191262902,0.6191558405354665,0.1977411544293798,0.19384607711763158,0.0,0.0,4,3,0,1,0,3,1,0.0,0.0,0.0,0.0,0.0,0,,,,,,1,0.0,0.0,0.0,0.0,0.0,1,0.0,0.0,0.0,0.0,0.0,1,1,1,3.665339145155151e-10,3.6653391433105753e-10,7.330910854802588e-11,0.0,3.6653391433105753e-10,4.902551831791714e-07,4.0077484186884504e-07,1.6238057921162675e-07,8.872768614276438e-08,4.0077484186884504e-07,5.76569621277523e-08,5.124412671975165e-08,8.520150442313325e-09,4.382523122181681e-09,5.124412671975165e-08,8.853184409929305e-09,7.04605471191222e-09,1.570856663992069e-09,1.0345169443315427e-09,7.04605471191222e-09,,,,,,,,,
2026-03-22T09:58:56Z,test_cases/pglib_opf_case14_ieee.mat,pglib_opf_case14_ieee,oracle_ac_primal_dual__Qg_Vm_Va,oracle_ac_primal_dual,full,ac_true,1,0,Qg+Vm+Va,3,,,optimal,ok,1,93.6023972449977,2084.478023845611,22.26949400311196,0,0.0038280487060546875,0.0014240741729736328,0.031135082244873047,0.03255915641784668,0.03255915641784668,0.03638720512390137,acopf_acdc_paper_study/cases/pglib_opf_case14_ieee/logs/oracle_ac_primal_dual__Qg_Vm_Va.log,0,6,1.5859118462913102e-09,5.3768461905079334e-11,8.57085375449666e-09,9.243987861851775e-08,9.243987861851775e-08,0.003,,,0.003,False,100.0,14,20,5,5,11,1,4,9,259.0,73.5,399.0,0.0,128.0,-42.0,20,0,0,2,1,2178.0804210780907,274.9771377493816,91.65130430576654,1.006655969901152,1.0600000012023099,1.0358596110025333,0.01803408789048884,-0.29774379572277393,0.0,-0.22657061063861408,0.08132644554364964,192.50430249326297,187.10384821023885,36.27222341075814,35.56094729023535,0.6480756191043254,0.6191558405296433,0.197741154430163,0.19384607712001203,0.0,0.0,4,3,0,1,0,3,0,,,,,,1,0.0,0.0,0.0,0.0,0.0,1,0.0,0.0,0.0,0.0,0.0,1,0.0,0.0,0.0,0.0,0.0,1,1,1,3.6777558794347793e-10,3.677755877617983e-10,7.355742956152371e-11,0.0,3.677755877617983e-10,4.918369793713655e-07,4.0215272179011663e-07,1.6293870759680197e-07,8.896691583437644e-08,4.0215272179011663e-07,5.784688437046076e-08,5.141415049259024e-08,8.54715988461509e-09,4.4015431299726515e-09,5.141415049259024e-08,8.882284895171516e-09,7.070703578193616e-09,1.575810090549888e-09,1.0379850867714424e-09,7.070703578193616e-09,,,,,,,,,
2026-03-22T09:58:56Z,test_cases/pglib_opf_case14_ieee.mat,pglib_opf_case14_ieee,oracle_ac_primal_dual__Pg_Qg_Vm_Va,oracle_ac_primal_dual,full,ac_true,1,0,Pg+Qg+Vm+Va,4,,,optimal,ok,1,93.60239724499526,2084.478023845554,22.26949400311135,0,0.0038280487060546875,0.0022759437561035156,0.027235031127929688,0.029510974884033203,0.029510974884033203,0.03333902359008789,acopf_acdc_paper_study/cases/pglib_opf_case14_ieee/logs/oracle_ac_primal_dual__Pg_Qg_Vm_Va.log,0,2,1.5909016326531855e-09,5.392922219904506e-11,8.570853751484725e-09,9.244360710915765e-08,9.244360710915765e-08,0.002,,,0.002,False,100.0,14,20,5,5,11,1,4,9,259.0,73.5,399.0,0.0,128.0,-42.0,20,0,0,2,1,2178.080421078034,274.9771377493745,91.65130430597192,1.006655969891182,1.0600000012023056,1.0358596110009382,0.01803408789229408,-0.2977437957230303,0.0,-0.2265706106386421,0.0813264455437894,192.50430249303307,187.10384820971854,36.272223410731094,35.560947290185524,0.6480756191057946,0.6191558405301207,0.19774115443015347,0.19384607711992058,0.0,0.0,4,3,0,1,0,3,1,0.0,0.0,0.0,0.0,0.0,1,0.0,0.0,0.0,0.0,0.0,1,0.0,0.0,0.0,0.0,0.0,1,0.0,0.0,0.0,0.0,0.0,1,1,1,3.677040895806327e-10,3.6770408939901245e-10,7.354312928657953e-11,0.0,3.6770408939901245e-10,4.917417547355306e-07,4.0207469648168015e-07,1.6290708672941913e-07,8.895011160969801e-08,4.0207469648168015e-07,5.783565586393051e-08,5.14041804677845e-08,8.545504573806032e-09,4.400645736701847e-09,5.14041804677845e-08,8.88056350603437e-09,7.069332952358565e-09,1.5755032635654332e-09,1.0377771975100814e-09,7.069332952358565e-09,,,,,,,,,
2026-03-22T09:58:56Z,test_cases/pglib_opf_case14_ieee.mat,pglib_opf_case14_ieee,oracle_ac_constraint_dual__Pg,oracle_ac_constraint_dual,constraint_only,ac_true,1,0,Pg,1,,,optimal,ok,1,93.60239724485224,2084.4780238422263,22.2694940030758,0,0.0038280487060546875,0.001583099365234375,0.03449606895446777,0.03607916831970215,0.03607916831970215,0.039907217025756836,acopf_acdc_paper_study/cases/pglib_opf_case14_ieee/logs/oracle_ac_constraint_dual__Pg.log,0,14,1.8878107965747404e-09,6.274389341420772e-11,8.570853581999558e-09,9.266639245270077e-08,9.266639245270077e-08,0.006,,,0.006,False,100.0,14,20,5,5,11,1,4,9,259.0,73.5,399.0,0.0,128.0,-42.0,20,0,0,2,1,2178.080421074706,274.97713774895436,91.6513043178557,1.0066559693039459,1.0600000012020745,1.0358596109084657,0.01803408799889113,-0.2977437957377923,0.0,-0.22657061064017125,0.08132644555192527,192.5043024794862,187.10384817913507,36.27222340910637,35.56094728722925,0.6480756191923525,0.619155840558615,0.19774115442949733,0.19384607711450458,0.0,0.0,4,3,0,1,0,3,1,0.0,0.0,0.0,0.0,0.0,0,,,,,,0,,,,,,0,,,,,,1,1,0,3.635025615629915e-10,3.63502561384621e-10,7.270278978666791e-11,0.0,3.63502561384621e-10,4.861320721375095e-07,3.974719271493399e-07,1.6104221141101384e-07,8.794557060376462e-08,3.974719271493399e-07,5.717534818870784e-08,5.081694443020979e-08,8.448134160486478e-09,4.349794191504941e-09,5.081694443020979e-08,8.779179364542001e-09,6.9883736575349076e-09,1.5575370715392722e-09,1.0258723592837526e-09,6.9883736575349076e-09,,,,,,,,,
2026-03-22T09:58:56Z,test_cases/pglib_opf_case14_ieee.mat,pglib_opf_case14_ieee,oracle_ac_constraint_dual__Qg,oracle_ac_constraint_dual,constraint_only,ac_true,1,0,Qg,1,,,optimal,ok,1,93.602397242855,2084.4780237957516,22.269494002579286,0,0.0038280487060546875,0.0034911632537841797,0.029104232788085938,0.03259539604187012,0.03259539604187012,0.036423444747924805,acopf_acdc_paper_study/cases/pglib_opf_case14_ieee/logs/oracle_ac_constraint_dual__Qg.log,0,14,6.447979927770575e-09,2.0104590214842233e-10,8.57085174147743e-09,9.597782903262071e-08,9.597782903262071e-08,0.005,,,0.005,False,100.0,14,20,5,5,11,1,4,9,259.0,73.5,399.0,0.0,128.0,-42.0,20,0,0,2,1,2178.0804210282313,274.97713774308664,91.65130449708161,1.0066559606818566,1.0600000011995647,1.0358596095147656,0.01803408955893378,-0.29774379596282463,2.246722352726638e-34,-0.22657061066604942,0.08132644567446796,192.50430227917957,187.10384772463306,36.27222338571684,35.56094724396637,0.6480756204712712,0.6191558409738814,0.19774115442186518,0.19384607703548895,0.0,0.0,4,3,0,1,0,3,0,,,,,,1,0.0,0.0,0.0,0.0,0.0,0,,,,,,0,,,,,,1,1,0,3.048237219690083e-10,3.048237218195027e-10,6.096665376921867e-11,0.0,3.048237218195027e-10,4.037070682461359e-07,3.3019669798406426e-07,1.3377366796032964e-07,7.340970759051046e-08,3.3019669798406426e-07,4.744779556082935e-08,4.2194855165433864e-08,7.0119558413596545e-09,3.556978711571901e-09,4.2194855165433864e-08,7.288858755637222e-09,5.80775455505389e-09,1.2905122010702691e-09,8.430944553605713e-10,5.80775455505389e-09,,,,,,,,,
2026-03-22T09:58:56Z,test_cases/pglib_opf_case14_ieee.mat,pglib_opf_case14_ieee,oracle_ac_constraint_dual__Vm,oracle_ac_constraint_dual,constraint_only,ac_true,1,0,Vm,1,,,optimal,ok,1,93.60239724202644,2084.478023776471,22.269494002373303,0,0.0038280487060546875,0.0015571117401123047,0.032753944396972656,0.03431105613708496,0.03431105613708496,0.03813910484313965,acopf_acdc_paper_study/cases/pglib_opf_case14_ieee/logs/oracle_ac_constraint_dual__Vm.log,0,13,8.46417336219929e-09,2.6297114485984707e-10,8.570851141424034e-09,9.741208989278755e-08,9.741208989278755e-08,0.006,,,0.006,False,100.0,14,20,5,5,11,1,4,9,259.0,73.5,399.0,0.0,128.0,-42.0,20,0,0,2,1,2178.080421008951,274.97713774065244,91.65130457542041,1.0066559569787097,1.0600000011987465,1.0358596089057641,0.018034090227489818,-0.29774379606186924,0.0,-0.22657061067815193,0.08132644572799125,192.50430219274367,187.10384752785055,36.27222337580416,35.560947225424734,0.6480756210228761,0.6191558411513332,0.19774115441915802,0.19384607700168915,0.0,0.0,4,3,0,1,0,3,0,,,,,,0,,,,,,1,0.0,0.0,0.0,0.0,0.0,0,,,,,,1,1,0,2.804809719242698e-10,2.804809717815715e-10,5.6097983750953164e-11,0.0,2.804809717815715e-10,3.682891084769577e-07,3.013903973059229e-07,1.2209447007444085e-07,6.722832168737369e-08,3.013903973059229e-07,4.3260894159381894e-08,3.84917082651981e-08,6.393235290375847e-09,3.203096232695657e-09,3.84917082651981e-08,6.648306327735886e-09,5.303011141322145e-09,1.1748921399260377e-09,7.622862063794145e-10,5.303011141322145e-09,,,,,,,,,
2026-03-22T09:58:56Z,test_cases/pglib_opf_case14_ieee.mat,pglib_opf_case14_ieee,oracle_ac_constraint_dual__Va,oracle_ac_constraint_dual,constraint_only,ac_true,1,0,Va,1,,,optimal,ok,1,93.60239724457985,2084.4780238358876,22.269494003008077,0,0.0038280487060546875,0.0035681724548339844,0.03301382064819336,0.036581993103027344,0.036581993103027344,0.04041004180908203,acopf_acdc_paper_study/cases/pglib_opf_case14_ieee/logs/oracle_ac_constraint_dual__Va.log,0,11,2.470276427857243e-09,8.014650054732897e-11,8.570853279099049e-09,9.309884375688387e-08,9.309884375688387e-08,0.004,,,0.004,False,100.0,14,20,5,5,11,1,4,9,259.0,73.5,399.0,0.0,128.0,-42.0,20,0,0,2,1,2178.0804210683673,274.977137748154,91.65130434103237,1.0066559681680796,1.0600000012016615,1.035859610728174,0.01803408820487486,-0.2977437957666748,-2.765228208896946e-32,-0.22657061064326478,0.08132644556778389,192.50430245322957,187.10384811976698,36.27222340598258,35.56094728151718,0.6480756193600892,0.619155840613603,0.19774115442830825,0.19384607710404916,0.0,0.0,4,3,0,1,0,3,0,,,,,,0,,,,,,0,,,,,,1,0.0,0.0,0.0,0.0,0.0,1,1,0,3.554991858175157e-10,3.554991856447032e-10,7.110205405858256e-11,0.0,3.554991856447032e-10,4.752791708654457e-07,3.885809344295055e-07,1.5743946101265395e-07,8.601111331496547e-08,3.885809344295055e-07,5.589684551871398e-08,4.9681078140295654e-08,8.259538941679523e-09,4.249600116246199e-09,4.9681078140295654e-08,8.583006904280925e-09,6.8320946955413575e-09,1.5226579233584836e-09,1.0025282826120474e-09,6.8320946955413575e-09,,,,,,,,,
2026-03-22T09:58:56Z,test_cases/pglib_opf_case14_ieee.mat,pglib_opf_case14_ieee,oracle_ac_constraint_dual__Pg_Qg,oracle_ac_constraint_dual,constraint_only,ac_true,1,0,Pg+Qg,2,,,optimal,ok,1,93.60239724474332,2084.4780238396916,22.269494003048717,0,0.0038280487060546875,0.0019958019256591797,0.034277915954589844,0.03627371788024902,0.03627371788024902,0.04010176658630371,acopf_acdc_paper_study/cases/pglib_opf_case14_ieee/logs/oracle_ac_constraint_dual__Pg_Qg.log,0,15,2.1187478438378093e-09,6.962874721239132e-11,8.570853457760187e-09,9.283840250059474e-08,9.283840250059474e-08,0.006,,,0.006,False,100.0,14,20,5,5,11,1,4,9,259.0,73.5,399.0,0.0,128.0,-42.0,20,0,0,2,1,2178.0804210721712,274.9771377486343,91.65130432706381,1.006655968851508,1.060000001201905,1.0358596108368459,0.018034088080966345,-0.2977437957492527,0.0,-0.22657061064138548,0.08132644555822569,192.5043024690351,187.10384815551666,36.27222340785967,35.56094728495333,0.6480756192591237,0.6191558405805357,0.19774115442901355,0.1938460771103379,0.0,0.0,4,3,0,1,0,3,1,0.0,0.0,0.0,0.0,0.0,1,0.0,0.0,0.0,0.0,0.0,0,,,,,,0,,,,,,1,1,0,3.6030201062528133e-10,3.603020104492316e-10,7.206265475171574e-11,0.0,3.603020104492316e-10,4.818094644665846e-07,3.939288419352316e-07,1.5960656114255567e-07,8.717386953960293e-08,3.939288419352316e-07,5.666627199638802e-08,5.036450656525915e-08,8.373047794789962e-09,4.310134360530071e-09,5.036450656525915e-08,8.70104893684691e-09,6.926081735914025e-09,1.5436610769398967e-09,1.0166164299274527e-09,6.926081735914025e-09,,,,,,,,,
2026-03-22T09:58:56Z,test_cases/pglib_opf_case14_ieee.mat,pglib_opf_case14_ieee,oracle_ac_constraint_dual__Pg_Vm,oracle_ac_constraint_dual,constraint_only,ac_true,1,0,Pg+Vm,2,,,optimal,ok,1,93.60239724381482,2084.478023818086,22.269494002817897,0,0.0038280487060546875,0.0014619827270507812,0.034194231033325195,0.03565621376037598,0.03565621376037598,0.039484262466430664,acopf_acdc_paper_study/cases/pglib_opf_case14_ieee/logs/oracle_ac_constraint_dual__Pg_Vm.log,0,11,4.185638502463007e-09,1.3197998249836473e-10,8.570852533764362e-09,9.435210572998306e-08,9.435210572998306e-08,0.005,,,0.005,False,100.0,14,20,5,5,11,1,4,9,259.0,73.5,399.0,0.0,128.0,-42.0,20,0,0,2,1,2178.0804210505657,274.9771377459065,91.651304408688,1.0066559648970095,1.060000001200645,1.0358596102020112,0.01803408879708792,-0.29774379585145255,0.0,-0.22657061065283582,0.08132644561405154,192.50430237734088,187.1038479477363,36.2722233970758,35.56094726509411,0.6480756198447001,0.619155840771363,0.19774115442526868,0.19384607707403498,0.0,0.0,4,3,0,1,0,3,1,0.0,0.0,0.0,0.0,0.0,0,,,,,,1,0.0,0.0,0.0,0.0,0.0,0,,,,,,1,1,0,3.330229427162734e-10,3.330229425557718e-10,6.660665637385879e-11,0.0,3.330229425557718e-10,4.44013019244613e-07,3.6303576833596196e-07,1.4708608330402107e-07,8.048131652782509e-08,3.6303576833596196e-07,5.2208670468908495e-08,4.641000805882811e-08,7.715152913359954e-09,3.952131510942536e-09,4.641000805882811e-08,8.01772681090227e-09,6.383604450599378e-09,1.4215866232197045e-09,9.337589312874428e-10,6.383604450599378e-09,,,,,,,,,
2026-03-22T09:58:56Z,test_cases/pglib_opf_case14_ieee.mat,pglib_opf_case14_ieee,oracle_ac_constraint_dual__Pg_Va,oracle_ac_constraint_dual,constraint_only,ac_true,1,0,Pg+Va,2,,,optimal,ok,1,93.60239724472545,2084.478023839276,22.269494003044276,0,0.0038280487060546875,0.0018351078033447266,0.03332400321960449,0.03515911102294922,0.03515911102294922,0.038987159729003906,acopf_acdc_paper_study/cases/pglib_opf_case14_ieee/logs/oracle_ac_constraint_dual__Pg_Va.log,0,11,2.156935963171236e-09,7.076372821046562e-11,8.570853437823911e-09,9.286681769411733e-08,9.286681769411733e-08,0.005,,,0.005,False,100.0,14,20,5,5,11,1,4,9,259.0,73.5,399.0,0.0,128.0,-42.0,20,0,0,2,1,2178.0804210717556,274.9771377485818,91.65130432858516,1.006655968776895,1.0600000012018778,1.0358596108250129,0.018034088094497962,-0.29774379575114734,0.0,-0.22657061064158762,0.08132644555926641,192.50430246731122,187.1038481516191,36.272223407654245,35.56094728457798,0.6480756192701396,0.6191558405841487,0.19774115442893436,0.1938460771096504,0.0,0.0,4,3,0,1,0,3,1,0.0,0.0,0.0,0.0,0.0,0,,,,,,0,,,,,,1,0.0,0.0,0.0,0.0,0.0,1,1,0,3.5977709717887186e-10,3.5977709700318883e-10,7.195766807525211e-11,0.0,3.5977709700318883e-10,4.810965897615395e-07,3.933447172976834e-07,1.5936986857388592e-07,8.704672779802358e-08,3.933447172976834e-07,5.6582298908390054e-08,5.0289893582800005e-08,8.360661195107509e-09,4.303565503960272e-09,5.0289893582800005e-08,8.688163481957949e-09,6.915813671737325e-09,1.541371011976838e-09,1.0150855989099483e-09,6.915813671737325e-09,,,,,,,,,
2026-03-22T09:58:56Z,test_cases/pglib_opf_case14_ieee.mat,pglib_opf_case14_ieee,oracle_ac_constraint_dual__Qg_Vm,oracle_ac_constraint_dual,constraint_only,ac_true,1,0,Qg+Vm,2,,,optimal,ok,1,93.60239724478521,2084.4780238406665,22.269494003059133,0,0.0038280487060546875,0.0016009807586669922,0.03495311737060547,0.03655409812927246,0.03655409812927246,0.04038214683532715,acopf_acdc_paper_study/cases/pglib_opf_case14_ieee/logs/oracle_ac_constraint_dual__Qg_Vm.log,0,16,2.0294841363011074e-09,6.696132537342692e-11,8.57085350516241e-09,9.27719549063386e-08,9.27719549063386e-08,0.007,,,0.007,False,100.0,14,20,5,5,11,1,4,9,259.0,73.5,399.0,0.0,128.0,-42.0,20,0,0,2,1,2178.080421073146,274.9771377487574,91.65130432350554,1.0066559690261845,1.0600000012019697,1.0358596108645293,0.018034088049282936,-0.29774379574482024,0.0,-0.22657061064091327,0.0813264455557902,192.5043024730716,187.10384816464088,36.27222340834056,35.56094728583188,0.6480756192333358,0.6191558405720742,0.19774115442919826,0.19384607711194574,0.0,0.0,4,3,0,1,0,3,0,,,,,,1,0.0,0.0,0.0,0.0,0.0,1,0.0,0.0,0.0,0.0,0.0,0,,,,,,1,1,0,3.6153302591586613e-10,3.61533025738936e-10,7.230886729010133e-11,0.0,3.61533025738936e-10,4.834783995230218e-07,3.952964514608581e-07,1.601607214626183e-07,8.747162380529083e-08,3.952964514608581e-07,5.68628460647288e-08,5.053918306074934e-08,8.402043394362124e-09,4.325486968603798e-09,5.053918306074934e-08,8.731215486877777e-09,6.950123393467678e-09,1.5490215409966597e-09,1.0201975653156836e-09,6.950123393467678e-09,,,,,,,,,
2026-03-22T09:58:56Z,test_cases/pglib_opf_case14_ieee.mat,pglib_opf_case14_ieee,oracle_ac_constraint_dual__Qg_Va,oracle_ac_constraint_dual,constraint_only,ac_true,1,0,Qg+Va,2,,,optimal,ok,1,93.60239724464705,2084.4780238374515,22.269494003024786,0,0.0038280487060546875,0.0015571117401123047,0.029452085494995117,0.031009197235107422,0.031009197235107422,0.03483724594116211,acopf_acdc_paper_study/cases/pglib_opf_case14_ieee/logs/oracle_ac_constraint_dual__Qg_Va.log,0,10,2.324515691043416e-09,7.577991012475138e-11,8.570853356841306e-09,9.299116785964049e-08,9.299116785964049e-08,0.004,,,0.004,False,100.0,14,20,5,5,11,1,4,9,259.0,73.5,399.0,0.0,128.0,-42.0,20,0,0,2,1,2178.080421069931,274.9771377483515,91.65130433525964,1.006655968450438,1.060000001201761,1.0358596107730675,0.01803408815366885,-0.29774379575947374,7.76062545907225e-33,-0.22657061064248415,0.08132644556383048,192.5043024597688,187.10384813455883,36.27222340675854,35.56094728293758,0.6480756193183344,0.6191558405999138,0.19774115442859652,0.19384607710664298,0.0,0.0,4,3,0,1,0,3,0,,,,,,1,0.0,0.0,0.0,0.0,0.0,0,,,,,,1,0.0,0.0,0.0,0.0,0.0,1,1,0,3.574736064459737e-10,3.5747360627169655e-10,7.149695373243269e-11,0.0,3.5747360627169655e-10,4.779776276905873e-07,3.907897334065602e-07,1.5833452604759046e-07,8.649211710731741e-08,3.907897334065602e-07,5.6214769341525226e-08,4.9963436499211866e-08,8.306452684411373e-09,4.274590459374394e-09,4.9963436499211866e-08,8.631781101443647e-09,6.870908231260131e-09,1.531339563090991e-09,1.0083509305314209e-09,6.870908231260131e-09,,,,,,,,,
2026-03-22T09:58:56Z,test_cases/pglib_opf_case14_ieee.mat,pglib_opf_case14_ieee,oracle_ac_constraint_dual__Vm_Va,oracle_ac_constraint_dual,constraint_only,ac_true,1,0,Vm+Va,2,,,optimal,ok,1,93.6023972425094,2084.4780237877094,22.269494002493367,0,0.0038280487060546875,0.0014920234680175781,0.0288851261138916,0.03037714958190918,0.03037714958190918,0.03420519828796387,acopf_acdc_paper_study/cases/pglib_opf_case14_ieee/logs/oracle_ac_constraint_dual__Vm_Va.log,0,10,7.258989853653475e-09,2.2711485470061632e-10,8.570851499652311e-09,9.655987674865147e-08,9.655987674865147e-08,0.004,,,0.004,False,100.0,14,20,5,5,11,1,4,9,259.0,73.5,399.0,0.0,128.0,-42.0,20,0,0,2,1,2178.080421020189,274.9771377420713,91.65130452924075,1.006655959160282,1.060000001199233,1.0358596092643002,0.018034089833600123,-0.29774379600355816,0.0,-0.22657061067103437,0.08132644569647858,192.5043022436393,187.1038476437194,36.27222338164083,35.5609472363426,0.648075620697964,0.6191558410467636,0.19774115442074328,0.19384607702158257,0.0,0.0,4,3,0,1,0,3,0,,,,,,0,,,,,,1,0.0,0.0,0.0,0.0,0.0,1,0.0,0.0,0.0,0.0,0.0,1,1,0,2.946700662724124e-10,2.9467006612549085e-10,5.893587426539254e-11,0.0,2.9467006612549085e-10,3.8915303541551377e-07,3.18362422702112e-07,1.289756395513736e-07,7.087014189388618e-08,3.18362422702112e-07,4.57271519472007e-08,4.067328052137498e-08,6.757672009273717e-09,3.4112855873402737e-09,4.067328052137498e-08,7.025643633625108e-09,5.600409941353135e-09,1.2429893721442399e-09,8.098586246063633e-10,5.600409941353135e-09,,,,,,,,,
2026-03-22T09:58:56Z,test_cases/pglib_opf_case14_ieee.mat,pglib_opf_case14_ieee,oracle_ac_constraint_dual__Pg_Qg_Vm,oracle_ac_constraint_dual,constraint_only,ac_true,1,0,Pg+Qg+Vm,3,,,optimal,ok,1,93.60239724479311,2084.4780238408503,22.269494003061098,0,0.0038280487060546875,0.0014772415161132812,0.03050398826599121,0.03198122978210449,0.03198122978210449,0.03580927848815918,acopf_acdc_paper_study/cases/pglib_opf_case14_ieee/logs/oracle_ac_constraint_dual__Pg_Qg_Vm.log,0,15,2.0128858579937514e-09,6.64686639062495e-11,8.5708535140122e-09,9.275965496677299e-08,9.275965496677299e-08,0.006,,,0.006,False,100.0,14,20,5,5,11,1,4,9,259.0,73.5,399.0,0.0,128.0,-42.0,20,0,0,2,1,2178.08042107333,274.9771377487806,91.65130432284678,1.0066559690585304,1.060000001201982,1.035859610869651,0.018034088043415546,-0.29774379574400067,0.0,-0.22657061064082656,0.08132644555533973,192.50430247381917,187.10384816632995,36.272223408429724,35.560947285994644,0.6480756192285628,0.6191558405705079,0.19774115442923307,0.193846077112244,0.0,0.0,4,3,0,1,0,3,1,0.0,0.0,0.0,0.0,0.0,1,0.0,0.0,0.0,0.0,0.0,1,0.0,0.0,0.0,0.0,0.0,0,,,,,,1,1,0,3.6176484048357134e-10,3.617648403064777e-10,7.235523197356774e-11,0.0,3.617648403064777e-10,4.83787438186741e-07,3.9554974556876843e-07,1.6026335664248715e-07,8.752678365420152e-08,3.9554974556876843e-07,5.689924253127256e-08,5.057152896448258e-08,8.407411750915067e-09,4.328324365587832e-09,5.057152896448258e-08,8.736800948788578e-09,6.9545766090417516e-09,1.5500135004873984e-09,1.0208593692606627e-09,6.9545766090417516e-09,,,,,,,,,
2026-03-22T09:58:56Z,test_cases/pglib_opf_case14_ieee.mat,pglib_opf_case14_ieee,oracle_ac_constraint_dual__Pg_Qg_Va,oracle_ac_constraint_dual,constraint_only,ac_true,1,0,Pg+Qg+Va,3,,,optimal,ok,1,93.60239724499831,2084.478023845625,22.269494003112108,0,0.0038280487060546875,0.0015878677368164062,0.029945850372314453,0.03153371810913086,0.03153371810913086,0.03536176681518555,acopf_acdc_paper_study/cases/pglib_opf_case14_ieee/logs/oracle_ac_constraint_dual__Pg_Qg_Va.log,0,10,1.584268716214865e-09,5.372796652025613e-11,8.570853755529942e-09,9.243919796706621e-08,9.243919796706621e-08,0.004,,,0.004,False,100.0,14,20,5,5,11,1,4,9,259.0,73.5,399.0,0.0,128.0,-42.0,20,0,0,2,1,2178.080421078105,274.9771377493834,91.65130430574317,1.0066559699025934,1.0600000012023107,1.0358596110027358,0.01803408789022503,-0.297743795722744,0.0,-0.22657061063861347,0.08132644554363234,192.5043024932946,187.1038482103081,36.27222341076238,35.560947290242595,0.6480756191041239,0.6191558405295752,0.19774115443016624,0.19384607712002605,0.0,0.0,4,3,0,1,0,3,1,0.0,0.0,0.0,0.0,0.0,1,0.0,0.0,0.0,0.0,0.0,0,,,,,,1,0.0,0.0,0.0,0.0,0.0,1,1,0,3.6779379560110525e-10,3.6779379541940216e-10,7.3561071299701e-11,0.0,3.6779379541940216e-10,4.918506842100729e-07,4.0216433627726644e-07,1.629434001684804e-07,8.896945530301181e-08,4.0216433627726644e-07,5.784847830518621e-08,5.141559200616541e-08,8.54739230187513e-09,4.4016381650635594e-09,5.141559200616541e-08,8.882532107967523e-09,7.070910384987528e-09,1.5758513383090644e-09,1.0380082626770815e-09,7.070910384987528e-09,,,,,,,,,
2026-03-22T09:58:56Z,test_cases/pglib_opf_case14_ieee.mat,pglib_opf_case14_ieee,oracle_ac_constraint_dual__Pg_Vm_Va,oracle_ac_constraint_dual,constraint_only,ac_true,1,0,Pg+Vm+Va,3,,,optimal,ok,1,93.60239724601539,2084.478023869292,22.269494003364954,0,0.0038280487060546875,0.001558065414428711,0.030701875686645508,0.03225994110107422,0.03225994110107422,0.036087989807128906,acopf_acdc_paper_study/cases/pglib_opf_case14_ieee/logs/oracle_ac_constraint_dual__Pg_Vm_Va.log,0,7,2.1190516008573468e-10,4.361233596483771e-12,8.570855397297354e-09,9.10081576715624e-08,9.10081576715624e-08,0.003,,,0.003,False,100.0,14,20,5,5,11,1,4,9,259.0,73.5,399.0,0.0,128.0,-42.0,20,0,0,2,1,2178.0804211017717,274.9771377523716,91.65130423117475,1.006655973761291,1.060000001204493,1.0358596115833225,0.018034087186021112,-0.2977437956319596,0.0,-0.22657061063116885,0.08132644549253461,192.5043025811465,187.10384840692436,36.27222342174611,35.56094730972959,0.6480756185418517,0.6191558403403378,0.1977411544358676,0.19384607715588925,0.0,0.0,4,3,0,1,0,3,1,0.0,0.0,0.0,0.0,0.0,0,,,,,,1,0.0,0.0,0.0,0.0,0.0,1,0.0,0.0,0.0,0.0,0.0,1,1,0,3.976774467477991e-10,3.9767744652863257e-10,7.953812987502945e-11,0.0,3.9767744652863257e-10,5.286621594814603e-07,4.326458005743383e-07,1.752851227086044e-07,9.571807896291418e-08,4.326458005743383e-07,6.216211799546487e-08,5.527428958984615e-08,9.182045536602703e-09,4.7012495008047495e-09,5.527428958984615e-08,9.547303787174952e-09,7.60912557962179e-09,1.6914381621514961e-09,1.1102766761528216e-09,7.60912557962179e-09,,,,,,,,,
2026-03-22T09:58:56Z,test_cases/pglib_opf_case14_ieee.mat,pglib_opf_case14_ieee,oracle_ac_constraint_dual__Qg_Vm_Va,oracle_ac_constraint_dual,constraint_only,ac_true,1,0,Qg+Vm+Va,3,,,optimal,ok,1,93.60239724499772,2084.4780238456115,22.269494003111962,0,0.0038280487060546875,0.001554250717163086,0.03104400634765625,0.032598257064819336,0.032598257064819336,0.03642630577087402,acopf_acdc_paper_study/cases/pglib_opf_case14_ieee/logs/oracle_ac_constraint_dual__Qg_Vm_Va.log,0,7,1.585897635436595e-09,5.376710188187417e-11,8.570853754490489e-09,9.24398905091676e-08,9.24398905091676e-08,0.003,,,0.003,False,100.0,14,20,5,5,11,1,4,9,259.0,73.5,399.0,0.0,128.0,-42.0,20,0,0,2,1,2178.080421078091,274.97713774938165,91.65130430576798,1.0066559699011142,1.0600000012023099,1.0358596110025278,0.018034087890495907,-0.29774379572277465,0.0,-0.2265706106386141,0.08132644554365014,192.50430249326217,187.10384821023683,36.272223410757995,35.56094729023511,0.6480756191043313,0.6191558405296455,0.19774115443016282,0.19384607712001156,0.0,0.0,4,3,0,1,0,3,0,,,,,,1,0.0,0.0,0.0,0.0,0.0,1,0.0,0.0,0.0,0.0,0.0,1,0.0,0.0,0.0,0.0,0.0,1,1,0,3.6777603203268737e-10,3.6777603185100816e-10,7.355751837813152e-11,0.0,3.6777603185100816e-10,4.91836618122029e-07,4.0215243035657267e-07,1.6293858816178453e-07,8.896684261516796e-08,4.0215243035657267e-07,5.784684194387945e-08,5.14141127450074e-08,8.547153524623191e-09,4.401540576459695e-09,5.14141127450074e-08,8.882278491958517e-09,7.070698415656551e-09,1.575808983300675e-09,1.0379844761487789e-09,7.070698415656551e-09,,,,,,,,,
2026-03-22T09:58:56Z,test_cases/pglib_opf_case14_ieee.mat,pglib_opf_case14_ieee,oracle_ac_constraint_dual__Pg_Qg_Vm_Va,oracle_ac_constraint_dual,constraint_only,ac_true,1,0,Pg+Qg+Vm+Va,4,,,optimal,ok,1,93.60239724499911,2084.4780238456437,22.269494003112307,0,0.0038280487060546875,0.0015943050384521484,0.028264999389648438,0.029859304428100586,0.029859304428100586,0.03368735313415527,acopf_acdc_paper_study/cases/pglib_opf_case14_ieee/logs/oracle_ac_constraint_dual__Pg_Qg_Vm_Va.log,0,3,1.5843788503389078e-09,5.3309995307060376e-11,8.570853740634514e-09,9.244132430842129e-08,9.244132430842129e-08,0.002,,,0.002,False,100.0,14,20,5,5,11,1,4,9,259.0,73.5,399.0,0.0,128.0,-42.0,20,0,0,2,1,2178.0804210781234,274.97713774938575,91.65130430570815,1.0066559699009734,1.0600000012023119,1.0358596110033162,0.01803408789069724,-0.2977437957226119,0.0,-0.2265706106385552,0.08132644554360205,192.50430249325777,187.10384821026503,36.27222341075101,35.5609472902335,0.6480756191043521,0.6191558405298353,0.19774115443015203,0.19384607712003715,0.0,0.0,4,3,0,1,0,3,1,0.0,0.0,0.0,0.0,0.0,1,0.0,0.0,0.0,0.0,0.0,1,0.0,0.0,0.0,0.0,0.0,1,0.0,0.0,0.0,0.0,0.0,1,1,0,3.6781688823953816e-10,3.6781688805831436e-10,7.356568684839776e-11,0.0,3.6781688805831436e-10,4.918348952943495e-07,4.021476648907729e-07,1.6293680164120028e-07,8.89603779807846e-08,4.021476648907729e-07,5.784728356480521e-08,5.141397196872788e-08,8.547213127739286e-09,4.4026153833698345e-09,5.141397196872788e-08,8.882280352784858e-09,7.070568935896304e-09,1.5758594558236615e-09,1.0381421833294269e-09,7.070568935896304e-09,,,,,,,,,
2026-03-22T09:58:56Z,test_cases/pglib_opf_case14_ieee.mat,pglib_opf_case14_ieee,oracle_ac_bounds_dual__Pg,oracle_ac_bounds_dual,bounds_only,ac_true,1,0,Pg,1,,,optimal,ok,1,93.60239724499777,2084.478023845613,22.269494003111976,0,0.0038280487060546875,0.0014951229095458984,0.03147101402282715,0.03296613693237305,0.03296613693237305,0.036794185638427734,acopf_acdc_paper_study/cases/pglib_opf_case14_ieee/logs/oracle_ac_bounds_dual__Pg.log,0,13,1.5855263768571604e-09,5.37582756088284e-11,8.570853754659029e-09,9.243967150245948e-08,9.243967150245948e-08,0.005,,,0.005,False,100.0,14,20,5,5,11,1,4,9,259.0,73.5,399.0,0.0,128.0,-42.0,20,0,0,2,1,2178.0804210780925,274.9771377493819,91.65130430575668,1.0066559699016988,1.06000000120231,1.035859611002619,0.018034087890389624,-0.2977437957227599,9.045574727144006e-37,-0.22657061063861236,0.08132644554364192,192.50430249327556,187.10384821026724,36.27222341075962,35.56094729023807,0.6480756191042445,0.6191558405296161,0.19774115443016343,0.19384607712001692,0.0,0.0,4,3,0,1,0,3,1,0.0,0.0,0.0,0.0,0.0,0,,,,,,0,,,,,,0,,,,,,0,0,1,3.6777825247874086e-10,3.677782522970574e-10,7.355796250104932e-11,0.0,3.677782522970574e-10,4.918422043968274e-07,4.021570147449971e-07,1.6294044453135647e-07,8.896785350098746e-08,4.021570147449971e-07,5.784749881418654e-08,5.141469738845217e-08,8.547250367791598e-09,4.401589981384291e-09,5.141469738845217e-08,8.88238001728426e-09,7.07077907335929e-09,1.5758270769621647e-09,1.0379964665574448e-09,7.07077907335929e-09,,,,,,,,,
2026-03-22T09:58:56Z,test_cases/pglib_opf_case14_ieee.mat,pglib_opf_case14_ieee,oracle_ac_bounds_dual__Qg,oracle_ac_bounds_dual,bounds_only,ac_true,1,0,Qg,1,,,optimal,ok,1,93.60239724543591,2084.478023855808,22.269494003220895,0,0.0038280487060546875,0.0015418529510498047,0.0342869758605957,0.03582882881164551,0.03582882881164551,0.039656877517700195,acopf_acdc_paper_study/cases/pglib_opf_case14_ieee/logs/oracle_ac_bounds_dual__Qg.log,0,22,8.017567505468662e-10,2.844055546624702e-11,8.570854292720125e-09,9.177218604126962e-08,9.177218604126962e-08,0.008,,,0.008,False,100.0,14,20,5,5,11,1,4,9,259.0,73.5,399.0,0.0,128.0,-42.0,20,0,0,2,1,2178.0804210882875,274.9771377506691,91.65130427035221,1.0066559716737535,1.0600000012031863,1.0358596112778657,0.018034087568201435,-0.29774379567906006,0.0,-0.2265706106343282,0.08132644551941327,192.50430253398744,187.1038483019427,36.272223415713576,35.56094729917504,0.6480756188439221,0.6191558404432972,0.19774115443236573,0.19384607713642227,0.0,0.0,4,3,0,1,0,3,0,,,,,,1,0.0,0.0,0.0,0.0,0.0,0,,,,,,0,,,,,,0,0,1,3.8065062232603177e-10,3.806506221337713e-10,7.613254408061138e-11,0.0,3.806506221337713e-10,5.087622468837395e-07,4.1607864609272127e-07,1.6857990599826456e-07,9.202223333337756e-08,4.1607864609272127e-07,5.983656700256208e-08,5.3186752113631997e-08,8.840390721052773e-09,4.55015647382595e-09,5.3186752113631997e-08,9.188137173776472e-09,7.315903660654044e-09,1.629714978048012e-09,1.0731049659984393e-09,7.315903660654044e-09,,,,,,,,,
2026-03-22T09:58:56Z,test_cases/pglib_opf_case14_ieee.mat,pglib_opf_case14_ieee,oracle_ac_bounds_dual__Vm,oracle_ac_bounds_dual,bounds_only,ac_true,1,0,Vm,1,,,optimal,ok,1,93.60239724454831,2084.478023835154,22.26949400300024,0,0.0038280487060546875,0.0015659332275390625,0.03222393989562988,0.033789873123168945,0.033789873123168945,0.03761792182922363,acopf_acdc_paper_study/cases/pglib_opf_case14_ieee/logs/oracle_ac_bounds_dual__Vm.log,0,17,2.538920185202187e-09,8.222886260789153e-11,8.570853245577163e-09,9.31493907933129e-08,9.31493907933129e-08,0.007,,,0.007,False,100.0,14,20,5,5,11,1,4,9,259.0,73.5,399.0,0.0,128.0,-42.0,20,0,0,2,1,2178.080421067634,274.9771377480614,91.65130434375689,1.0066559680353597,1.0600000012016157,1.0358596107069953,0.018034088228931426,-0.2977437957700763,0.0,-0.22657061064363795,0.08132644556964773,192.50430245015423,187.10384811280647,36.272223405619094,35.560947280850165,0.6480756193797237,0.6191558406200243,0.19774115442817722,0.19384607710283103,0.0,0.0,4,3,0,1,0,3,0,,,,,,0,,,,,,1,0.0,0.0,0.0,0.0,0.0,0,,,,,,0,0,1,3.545728157251736e-10,3.5457281555295594e-10,7.091677333585584e-11,0.0,3.5457281555295594e-10,4.7401073436643303e-07,3.8754321624034915e-07,1.5701892470201818e-07,8.578561436212162e-08,3.8754321624034915e-07,5.5747345830689616e-08,4.954835830517368e-08,8.237476954521737e-09,4.2377524822612145e-09,4.954835830517368e-08,8.560079064358262e-09,6.813864555921256e-09,1.5185713648859155e-09,9.997750127777039e-10,6.813864555921256e-09,,,,,,,,,
2026-03-22T09:58:56Z,test_cases/pglib_opf_case14_ieee.mat,pglib_opf_case14_ieee,oracle_ac_bounds_dual__Va,oracle_ac_bounds_dual,bounds_only,ac_true,1,0,Va,1,,,optimal,ok,1,93.60239724499772,2084.4780238456115,22.269494003111962,0,0.0038280487060546875,0.0015921592712402344,0.036746978759765625,0.03833913803100586,0.03833913803100586,0.04216718673706055,acopf_acdc_paper_study/cases/pglib_opf_case14_ieee/logs/oracle_ac_bounds_dual__Va.log,0,24,1.5858017121672674e-09,5.3759191542823714e-11,8.570853754603437e-09,9.243974345048508e-08,9.243974345048508e-08,0.01,,,0.01,False,100.0,14,20,5,5,11,1,4,9,259.0,73.5,399.0,0.0,128.0,-42.0,20,0,0,2,1,2178.080421078091,274.97713774938165,91.65130430575945,1.0066559699015087,1.0600000012023099,1.0358596110025895,0.018034087890424093,-0.297743795722765,0.0,-0.2265706106386131,0.08132644554364471,192.50430249327096,187.10384821025724,36.27222341075908,35.56094729023711,0.6480756191042722,0.6191558405296252,0.1977411544301632,0.19384607712001517,0.0,0.0,4,3,0,1,0,3,0,,,,,,0,,,,,,0,,,,,,1,0.0,0.0,0.0,0.0,0.0,0,0,1,3.6777603203269093e-10,3.6777603185100816e-10,7.355751840072116e-11,0.0,3.6777603185100816e-10,4.918403934926133e-07,4.021555245481423e-07,1.6293984290254027e-07,8.896752926035312e-08,4.021555245481423e-07,5.784728532062097e-08,5.141450731827035e-08,8.547219011921316e-09,4.401573883150434e-09,5.141450731827035e-08,8.88234655375919e-09,7.070752816584758e-09,1.5758210222815983e-09,1.0379922754655269e-09,7.070752816584758e-09,,,,,,,,,
2026-03-22T09:58:56Z,test_cases/pglib_opf_case14_ieee.mat,pglib_opf_case14_ieee,oracle_ac_bounds_dual__Pg_Qg,oracle_ac_bounds_dual,bounds_only,ac_true,1,0,Pg+Qg,2,,,optimal,ok,1,93.60239724499354,2084.478023845514,22.26949400311092,0,0.0038280487060546875,0.0015239715576171875,0.03206920623779297,0.033593177795410156,0.033593177795410156,0.037421226501464844,acopf_acdc_paper_study/cases/pglib_opf_case14_ieee/logs/oracle_ac_bounds_dual__Pg_Qg.log,0,15,1.5943371067805856e-09,5.401995517573255e-11,8.570853749413772e-09,9.244633587403415e-08,9.244633587403415e-08,0.006,,,0.006,False,100.0,14,20,5,5,11,1,4,9,259.0,73.5,399.0,0.0,128.0,-42.0,20,0,0,2,1,2178.080421077994,274.9771377493694,91.65130430611154,1.0066559698840967,1.060000001202303,1.0358596109998548,0.018034087893585852,-0.2977437957232011,1.0193572044932932e-36,-0.2265706106386578,0.08132644554388531,192.50430249286987,187.10384820935184,36.27222341071085,35.56094729014946,0.6480756191068378,0.6191558405304712,0.19774115443014353,0.19384607711985463,0.0,0.0,4,3,0,1,0,3,1,0.0,0.0,0.0,0.0,0.0,1,0.0,0.0,0.0,0.0,0.0,0,,,,,,0,,,,,,0,0,1,3.676534634106697e-10,3.6765346322908954e-10,7.353300363840444e-11,0.0,3.6765346322908954e-10,4.916740715595942e-07,4.0201898277025805e-07,1.6288452201820846e-07,8.893770081508379e-08,4.0201898277025805e-07,5.782771337018986e-08,5.1397095246485947e-08,8.544333240934066e-09,4.400075415134097e-09,5.1397095246485947e-08,8.879340809824205e-09,7.0683506825375275e-09,1.5752889439319645e-09,1.0376408066115062e-09,7.0683506825375275e-09,,,,,,,,,
2026-03-22T09:58:56Z,test_cases/pglib_opf_case14_ieee.mat,pglib_opf_case14_ieee,oracle_ac_bounds_dual__Pg_Vm,oracle_ac_bounds_dual,bounds_only,ac_true,1,0,Pg+Vm,2,,,optimal,ok,1,93.60239723535496,2084.478023621229,22.269494000714776,0,0.0038280487060546875,0.0014688968658447266,0.034709930419921875,0.0361788272857666,0.0361788272857666,0.04000687599182129,acopf_acdc_paper_study/cases/pglib_opf_case14_ieee/logs/oracle_ac_bounds_dual__Pg_Vm.log,0,15,2.5687569404908572e-08,7.979506222444144e-10,8.570847594732169e-09,1.094404135937826e-07,1.094404135937826e-07,0.006,,,0.006,False,100.0,14,20,5,5,11,1,4,9,259.0,73.5,399.0,0.0,128.0,-42.0,20,0,0,2,1,2178.080420853709,274.9771377210528,91.6513052378032,1.006655926160329,1.060000001193911,1.0358596037581234,0.018034095780268336,-0.29774379690445163,0.0,-0.22657061078645713,0.0813264461802746,192.50430147021774,187.10384587793232,36.272223294329166,35.5609470714218,0.648075625631515,0.6191558426214936,0.19774115440105583,0.19384607672153292,0.0,0.0,4,3,0,1,0,3,1,0.0,0.0,0.0,0.0,0.0,0,,,,,,1,0.0,0.0,0.0,0.0,0.0,0,,,,,,0,0,1,8.44813110084272e-11,8.448131083582666e-11,1.6897342223431162e-11,0.0,8.448131083582666e-11,7.374710124445164e-08,6.233733240712525e-08,2.5148478552047825e-08,1.62515363111293e-08,6.233733240712525e-08,8.496952420054772e-09,7.673327528934237e-09,1.2735364033186362e-09,7.451139705239029e-10,7.673327528934237e-09,1.3272611247310778e-09,1.1203652727775903e-09,2.0780203549960622e-10,8.219093461381277e-11,1.1203652727775903e-09,,,,,,,,,
2026-03-22T09:58:57Z,test_cases/pglib_opf_case14_ieee.mat,pglib_opf_case14_ieee,oracle_ac_bounds_dual__Pg_Va,oracle_ac_bounds_dual,bounds_only,ac_true,1,0,Pg+Va,2,,,optimal,ok,1,93.60239724499465,2084.47802384554,22.2694940031112,0,0.0038280487060546875,0.0015537738800048828,0.03330802917480469,0.03486180305480957,0.03486180305480957,0.03868985176086426,acopf_acdc_paper_study/cases/pglib_opf_case14_ieee/logs/oracle_ac_bounds_dual__Pg_Va.log,0,21,1.5917596130066158e-09,5.39477629235563e-11,8.570853750647816e-09,9.244439127120838e-08,9.244439127120838e-08,0.007,,,0.007,False,100.0,14,20,5,5,11,1,4,9,259.0,73.5,399.0,0.0,128.0,-42.0,20,0,0,2,1,2178.0804210780198,274.9771377493727,91.65130430600908,1.0066559698891633,1.060000001202305,1.0358596110006482,0.01803408789266536,-0.29774379572307424,-2.0762348313387266e-37,-0.22657061063864473,0.08132644554381531,192.50430249298654,187.103848209615,36.272223410724884,35.56094729017493,0.6480756191060915,0.619155840530225,0.1977411544301491,0.19384607711990104,0.0,0.0,4,3,0,1,0,3,1,0.0,0.0,0.0,0.0,0.0,0,,,,,,0,,,,,,1,0.0,0.0,0.0,0.0,0.0,0,0,1,3.676863260122212e-10,3.6768632583061844e-10,7.353957640551908e-11,0.0,3.6768632583061844e-10,4.91722466102663e-07,4.020587253683594e-07,1.6290062394459793e-07,8.89463972753024e-08,4.020587253683594e-07,5.783340663444198e-08,5.1402161860281126e-08,8.54517260126134e-09,4.400508402113701e-09,5.1402161860281126e-08,8.880215947644321e-09,7.069050095287466e-09,1.5754438408605814e-09,1.0377430859076497e-09,7.069050095287466e-09,,,,,,,,,
2026-03-22T09:58:57Z,test_cases/pglib_opf_case14_ieee.mat,pglib_opf_case14_ieee,oracle_ac_bounds_dual__Qg_Vm,oracle_ac_bounds_dual,bounds_only,ac_true,1,0,Qg+Vm,2,,,optimal,ok,1,93.60239724324263,2084.4780238047715,22.26949400267565,0,0.0038280487060546875,0.0015571117401123047,0.030213117599487305,0.03177022933959961,0.03177022933959961,0.0355982780456543,acopf_acdc_paper_study/cases/pglib_opf_case14_ieee/logs/oracle_ac_bounds_dual__Qg_Vm.log,0,14,5.522711177263773e-09,1.7272738794815723e-10,8.570852046831734e-09,9.531552360184185e-08,9.531552360184185e-08,0.005,,,0.005,False,100.0,14,20,5,5,11,1,4,9,259.0,73.5,399.0,0.0,128.0,-42.0,20,0,0,2,1,2178.080421037251,274.9771377442255,91.65130446100788,1.006655962396239,1.060000001199981,1.0358596097952082,0.018034089249205604,-0.297743795917313,0.0,-0.22657061066058612,0.08132644564981516,192.5043023191408,187.10384781551676,36.27222339032474,35.56094725255578,0.6480756202162199,0.619155840891589,0.19774115442319706,0.19384607705115242,0.0,0.0,4,3,0,1,0,3,0,,,,,,1,0.0,0.0,0.0,0.0,0.0,1,0.0,0.0,0.0,0.0,0.0,0,,,,,,0,0,1,3.162123897595952e-10,3.1621238960610754e-10,6.32444483974004e-11,0.0,3.1621238960610754e-10,4.2010183726019926e-07,3.4354502009836807e-07,1.391851442579528e-07,7.628044293439551e-08,3.4354502009836807e-07,4.938493810801315e-08,4.39092375792427e-08,7.298130163694136e-09,3.7188830903645e-09,4.39092375792427e-08,7.585346155902271e-09,6.041753541907724e-09,1.3439068617869333e-09,8.801759598942027e-10,6.041753541907724e-09,,,,,,,,,
2026-03-22T09:58:57Z,test_cases/pglib_opf_case14_ieee.mat,pglib_opf_case14_ieee,oracle_ac_bounds_dual__Qg_Va,oracle_ac_bounds_dual,bounds_only,ac_true,1,0,Qg+Va,2,,,optimal,ok,1,93.60239724499775,2084.478023845612,22.26949400311197,0,0.0038280487060546875,0.002084016799926758,0.035035133361816406,0.037119150161743164,0.037119150161743164,0.04094719886779785,acopf_acdc_paper_study/cases/pglib_opf_case14_ieee/logs/oracle_ac_bounds_dual__Qg_Va.log,0,21,1.5857590796031218e-09,5.376366019049783e-11,8.570853754610488e-09,9.243973353455917e-08,9.243973353455917e-08,0.011,,,0.011,False,100.0,14,20,5,5,11,1,4,9,259.0,73.5,399.0,0.0,128.0,-42.0,20,0,0,2,1,2178.0804210780916,274.97713774938177,91.65130430575748,1.0066559699015367,1.0600000012023099,1.0358596110025948,0.018034087890419184,-0.29774379572276366,0.0,-0.2265706106386127,0.08132644554364409,192.5043024932717,187.10384821025877,36.27222341075911,35.5609472902372,0.648075619104268,0.6191558405296241,0.19774115443016296,0.19384607712001511,0.0,0.0,4,3,0,1,0,3,0,,,,,,1,0.0,0.0,0.0,0.0,0.0,0,,,,,,1,0.0,0.0,0.0,0.0,0.0,0,0,1,3.6777692021111043e-10,3.6777692002942786e-10,7.355769603781528e-11,0.0,3.6777692002942786e-10,4.918406568835546e-07,4.0215573537949467e-07,1.629399311829649e-07,8.896757211496187e-08,4.0215573537949467e-07,5.784731753976315e-08,5.141453529589057e-08,8.547223770019992e-09,4.40157776893102e-09,5.141453529589057e-08,8.882352011516102e-09,7.070756397054012e-09,1.575822201893562e-09,1.037993413444127e-09,7.070756397054012e-09,,,,,,,,,
2026-03-22T09:58:57Z,test_cases/pglib_opf_case14_ieee.mat,pglib_opf_case14_ieee,oracle_ac_bounds_dual__Vm_Va,oracle_ac_bounds_dual,bounds_only,ac_true,1,0,Vm+Va,2,,,optimal,ok,1,93.6023972449038,2084.478023843426,22.269494003088614,0,0.0038280487060546875,0.001577138900756836,0.0376589298248291,0.03923606872558594,0.03923606872558594,0.043064117431640625,acopf_acdc_paper_study/cases/pglib_opf_case14_ieee/logs/oracle_ac_bounds_dual__Vm_Va.log,0,29,1.7802719298742886e-09,5.95410110104666e-11,8.570853642078298e-09,9.258583378419189e-08,9.258583378419189e-08,0.015,,,0.015,True,100.0,14,20,5,5,11,1,4,9,259.0,73.5,399.0,0.0,128.0,-42.0,20,0,0,2,1,2178.0804210759056,274.97713774910574,91.65130431355315,1.0066559695161357,1.0600000012021564,1.0358596109419533,0.018034087960385033,-0.2977437957324414,0.0,-0.2265706106396119,0.08132644554897946,192.5043024843834,187.10384819019566,36.27222340969242,35.56094728829709,0.6480756191610626,0.6191558405483274,0.19774115442973045,0.1938460771164607,0.0,0.0,4,3,0,1,0,3,0,,,,,,0,,,,,,1,0.0,0.0,0.0,0.0,0.0,1,0.0,0.0,0.0,0.0,0.0,0,0,1,3.6501690576971944e-10,3.650169055902097e-10,7.300567064353365e-11,0.0,3.650169055902097e-10,4.881591477578554e-07,3.9913450322615063e-07,1.6171584694794905e-07,8.830805850457146e-08,3.9913450322615063e-07,5.7414006195609086e-08,5.1029134251479036e-08,8.483329673657027e-09,4.368264638898722e-09,5.1029134251479036e-08,8.815816326229022e-09,7.01761176946647e-09,1.5640352782738835e-09,1.0301903774490029e-09,7.01761176946647e-09,,,,,,,,,
2026-03-22T09:58:57Z,test_cases/pglib_opf_case14_ieee.mat,pglib_opf_case14_ieee,oracle_ac_bounds_dual__Pg_Qg_Vm,oracle_ac_bounds_dual,bounds_only,ac_true,1,0,Pg+Qg+Vm,3,,,optimal,ok,1,93.60239722412577,2084.4780233599317,22.26949399792321,0,0.0038280487060546875,0.0016932487487792969,0.03374004364013672,0.035433292388916016,0.035433292388916016,0.0392613410949707,acopf_acdc_paper_study/cases/pglib_opf_case14_ieee/logs/oracle_ac_bounds_dual__Pg_Qg_Vm.log,0,12,5.618336906820787e-08,1.7538018537432976e-09,8.570843575787313e-09,1.3041864231947091e-07,1.3041864231947091e-07,0.005,,,0.005,False,100.0,14,20,5,5,11,1,4,9,259.0,73.5,399.0,0.0,128.0,-42.0,20,0,0,2,1,2178.0804205924114,274.97713768806386,91.65130640092688,1.00665587275801,1.0600000011884336,1.0358595947215543,0.01803410538589943,-0.2977437983914143,0.0,-0.226570610985292,0.08132644697407505,192.50430021351946,187.10384300089294,36.272223154650476,35.560946805013096,0.6480756336440345,0.619155845159307,0.19774115437621506,0.19384607623776312,0.0,0.0,4,3,0,1,0,3,1,0.0,0.0,0.0,0.0,0.0,1,0.0,0.0,0.0,0.0,0.0,1,0.0,0.0,0.0,0.0,0.0,0,,,,,,0,0,1,2.454121350620193e-10,2.4541213505813175e-10,4.908270327892099e-11,0.0,2.4541213505813175e-10,4.383765307843327e-07,3.5089588812375894e-07,1.4302078129892205e-07,7.139741997619353e-08,3.5089588812375894e-07,5.247509269226659e-08,4.572899148236331e-08,8.209270675939097e-09,5.273154468632413e-09,4.572899148236331e-08,7.956120195290405e-09,6.100953409138299e-09,1.4848121769804402e-09,1.1496581742154177e-09,6.100953409138299e-09,,,,,,,,,
2026-03-22T09:58:57Z,test_cases/pglib_opf_case14_ieee.mat,pglib_opf_case14_ieee,oracle_ac_bounds_dual__Pg_Qg_Va,oracle_ac_bounds_dual,bounds_only,ac_true,1,0,Pg+Qg+Va,3,,,optimal,ok,1,93.60239724498352,2084.478023845281,22.26949400310843,0,0.0038280487060546875,0.001432180404663086,0.03728604316711426,0.038718223571777344,0.038718223571777344,0.04254627227783203,acopf_acdc_paper_study/cases/pglib_opf_case14_ieee/logs/oracle_ac_bounds_dual__Pg_Qg_Va.log,0,25,1.5895480487415625e-09,5.309266914999e-11,8.570853749361969e-09,9.244929500133784e-08,9.244929500133784e-08,0.009,,,0.009,False,100.0,14,20,5,5,11,1,4,9,259.0,73.5,399.0,0.0,128.0,-42.0,20,0,0,2,1,2178.0804210777605,274.97713774934,91.65130430601052,1.006655969878566,1.06000000120235,1.035859611002853,0.01803408789596997,-0.29774379572281434,7.905603422344324e-38,-0.22657061063848913,0.08132644554380279,192.50430249262502,187.10384820894603,36.27222341083598,35.56094729028406,0.6480756191078444,0.6191558405315316,0.19774115443079926,0.19384607712066793,0.0,0.0,4,3,0,1,0,3,1,0.0,0.0,0.0,0.0,0.0,1,0.0,0.0,0.0,0.0,0.0,0,,,,,,1,0.0,0.0,0.0,0.0,0.0,0,0,1,3.6735903226468303e-10,3.6735903208295895e-10,7.347411739881772e-11,0.0,3.6735903208295895e-10,4.916130551742423e-07,4.019652352083014e-07,1.6286322502799543e-07,8.892339220523127e-08,4.019652352083014e-07,5.782440132729588e-08,5.1391564559466474e-08,8.543863410410374e-09,4.404721365425246e-09,5.1391564559466474e-08,8.878704278915368e-09,7.067296470264495e-09,1.575300444652975e-09,1.0379360981804808e-09,7.067296470264495e-09,,,,,,,,,
2026-03-22T09:58:57Z,test_cases/pglib_opf_case14_ieee.mat,pglib_opf_case14_ieee,oracle_ac_bounds_dual__Pg_Vm_Va,oracle_ac_bounds_dual,bounds_only,ac_true,1,0,Pg+Vm+Va,3,,,optimal,ok,1,93.60239724500316,2084.478023845738,22.269494003113312,0,0.0038280487060546875,0.0015969276428222656,0.031738996505737305,0.03333592414855957,0.03333592414855957,0.03716397285461426,acopf_acdc_paper_study/cases/pglib_opf_case14_ieee/logs/oracle_ac_bounds_dual__Pg_Vm_Va.log,0,18,1.5770318384511484e-09,5.380482170913581e-11,8.570853753097067e-09,9.243080999636696e-08,9.243080999636696e-08,0.007,,,0.007,False,100.0,14,20,5,5,11,1,4,9,259.0,73.5,399.0,0.0,128.0,-42.0,20,0,0,2,1,2178.0804210782176,274.9771377493976,91.65130430531286,1.0066559699236537,1.0600000012023127,1.035859611006203,0.018034087886533764,-0.2977437957222206,0.0,-0.22657061063858053,0.08132644554336362,192.5043024937145,187.10384821126087,36.272223410823585,35.56094729035043,0.6480756191012615,0.6191558405287336,0.19774115443023527,0.19384607712028104,0.0,0.0,4,3,0,1,0,3,1,0.0,0.0,0.0,0.0,0.0,0,,,,,,1,0.0,0.0,0.0,0.0,0.0,1,0.0,0.0,0.0,0.0,0.0,0,0,1,3.679359041481107e-10,3.679359039665542e-10,7.35894925225563e-11,0.0,3.679359039665542e-10,4.920485570412561e-07,4.0233312603721316e-07,1.6301177666599997e-07,8.900171363790399e-08,4.0233312603721316e-07,5.787203173762956e-08,5.1436652270808736e-08,8.550787855554631e-09,4.403746145520415e-09,5.1436652270808736e-08,8.886147297942542e-09,7.073912566823992e-09,1.5764742705703938e-09,1.0384306192712245e-09,7.073912566823992e-09,,,,,,,,,
2026-03-22T09:58:57Z,test_cases/pglib_opf_case14_ieee.mat,pglib_opf_case14_ieee,oracle_ac_bounds_dual__Qg_Vm_Va,oracle_ac_bounds_dual,bounds_only,ac_true,1,0,Qg+Vm+Va,3,,,optimal,ok,1,93.60239724500605,2084.478023845805,22.269494003114033,0,0.0038280487060546875,0.0015568733215332031,0.03299403190612793,0.03455090522766113,0.03455090522766113,0.03837895393371582,acopf_acdc_paper_study/cases/pglib_opf_case14_ieee/logs/oracle_ac_bounds_dual__Qg_Vm_Va.log,0,18,1.5691021815200656e-09,5.3256343779395365e-11,8.570853764353418e-09,9.242701205914353e-08,9.242701205914353e-08,0.007,,,0.007,False,100.0,14,20,5,5,11,1,4,9,259.0,73.5,399.0,0.0,128.0,-42.0,20,0,0,2,1,2178.080421078285,274.9771377494062,91.65130430507983,1.0066559699351696,1.0600000012023236,1.035859611007891,0.018034087884314074,-0.29774379572191867,0.0,-0.2265706106385255,0.08132644554317824,192.50430249404812,187.10384821201103,36.272223410852284,35.56094729040664,0.648075619099312,0.6191558405279934,0.19774115443020113,0.19384607712032587,0.0,0.0,4,3,0,1,0,3,0,,,,,,1,0.0,0.0,0.0,0.0,0.0,1,0.0,0.0,0.0,0.0,0.0,1,0.0,0.0,0.0,0.0,0.0,0,0,1,3.6802161336592315e-10,3.6802161318405524e-10,7.360663661732682e-11,0.0,3.6802161318405524e-10,4.921619428029469e-07,4.0241934173845806e-07,1.6304672902471561e-07,8.90251120044816e-08,4.0241934173845806e-07,5.788513598676001e-08,5.144816817015396e-08,8.552800674037947e-09,4.404489772902309e-09,5.144816817015396e-08,8.88815814161494e-09,7.075393271271935e-09,1.5768509018362513e-09,1.0386747573143396e-09,7.075393271271935e-09,,,,,,,,,
2026-03-22T09:58:57Z,test_cases/pglib_opf_case14_ieee.mat,pglib_opf_case14_ieee,oracle_ac_bounds_dual__Pg_Qg_Vm_Va,oracle_ac_bounds_dual,bounds_only,ac_true,1,0,Pg+Qg+Vm+Va,4,,,optimal,ok,1,93.60239724499728,2084.478023845601,22.269494003111852,0,0.0038280487060546875,0.0015668869018554688,0.028652191162109375,0.030219078063964844,0.030219078063964844,0.03404712677001953,acopf_acdc_paper_study/cases/pglib_opf_case14_ieee/logs/oracle_ac_bounds_dual__Pg_Qg_Vm_Va.log,0,5,1.5865175839735457e-09,5.378392176069724e-11,8.57085375413115e-09,9.24403445882943e-08,9.24403445882943e-08,0.002,,,0.002,False,100.0,14,20,5,5,11,1,4,9,259.0,73.5,399.0,0.0,128.0,-42.0,20,0,0,2,1,2178.0804210780807,274.97713774938035,91.6513043057917,1.0066559698999231,1.0600000012023092,1.0358596110023406,0.018034087890711977,-0.2977437957228044,0.0,-0.22657061063861691,0.0813264455436665,192.50430249323435,187.10384821017462,36.27222341075463,35.56094729022907,0.6480756191045055,0.6191558405297022,0.1977411544301611,0.1938460771200002,0.0,0.0,4,3,0,1,0,3,1,0.0,0.0,0.0,0.0,0.0,1,0.0,0.0,0.0,0.0,0.0,1,0.0,0.0,0.0,0.0,0.0,1,0.0,0.0,0.0,0.0,0.0,0,0,1,3.677631534455968e-10,3.677631532639225e-10,7.355494258884663e-11,0.0,3.677631532639225e-10,4.91825243698071e-07,4.0214308827390965e-07,1.6293480389478755e-07,8.8964814431991e-08,4.0214308827390965e-07,5.7845503162188086e-08,5.141292169774658e-08,8.546956206271058e-09,4.40143754776301e-09,5.141292169774658e-08,8.882073084232452e-09,7.070533852848726e-09,1.575772761283226e-09,1.0379606618649007e-09,7.070533852848726e-09,,,,,,,,,
2026-03-22T09:58:57Z,test_cases/pglib_opf_case14_ieee.mat,pglib_opf_case14_ieee,oracle_ac_primal_dual_all_bounds__Pg,oracle_ac_primal_dual_all_bounds,full_all_bounds,ac_true,1,0,Pg,1,,,optimal,ok,1,93.60239724483853,2084.478023841907,22.26949400307239,0,0.0038280487060546875,0.0015201568603515625,0.029697895050048828,0.03121805191040039,0.03121805191040039,0.03504610061645508,acopf_acdc_paper_study/cases/pglib_opf_case14_ieee/logs/oracle_ac_primal_dual_all_bounds__Pg.log,0,7,1.856955478274358e-09,6.611652891841402e-11,8.570853662817185e-09,9.267329737745275e-08,9.267329737745275e-08,0.004,,,0.004,False,100.0,14,20,5,5,11,1,4,9,259.0,73.5,399.0,0.0,128.0,-42.0,20,0,0,2,1,2178.080421074387,274.97713774891406,91.65130431760046,1.0066559692813621,1.0600000012001634,1.035859610910761,0.018034088004364002,-0.2977437957377372,0.0,-0.22657061064044928,0.08132644555206908,192.5043024788055,187.10384817800906,36.27222340892043,35.56094728704356,0.648075619195631,0.6191558405613012,0.19774115442916276,0.19384607711435892,0.0,0.0,4,3,0,1,0,3,1,0.0,0.0,0.0,0.0,0.0,0,,,,,,0,,,,,,0,,,,,,1,1,1,3.6309977265239897e-10,3.63099772471287e-10,7.262224816752652e-11,0.0,3.63099772471287e-10,4.859177768854404e-07,3.972797183449117e-07,1.609658384017082e-07,8.7834426398814e-08,3.972797183449117e-07,5.7153187550907786e-08,5.079436071753207e-08,8.444287190125164e-09,4.3562806695263134e-09,5.079436071753207e-08,8.775238248566663e-09,6.985495903943928e-09,1.5568770439511326e-09,1.0260484406554582e-09,6.985495903943928e-09,,,,,,,,,
2026-03-22T09:58:57Z,test_cases/pglib_opf_case14_ieee.mat,pglib_opf_case14_ieee,oracle_ac_primal_dual_all_bounds__Qg,oracle_ac_primal_dual_all_bounds,full_all_bounds,ac_true,1,0,Qg,1,,,optimal,ok,1,93.60239724300511,2084.4780237992445,22.2694940026166,0,0.0038280487060546875,0.0016219615936279297,0.03427410125732422,0.03589606285095215,0.03589606285095215,0.039724111557006836,acopf_acdc_paper_study/cases/pglib_opf_case14_ieee/logs/oracle_ac_primal_dual_all_bounds__Qg.log,0,6,5.054339169419109e-09,3.8749667363724427e-10,8.57085321714217e-09,9.581338990140229e-08,9.581338990140229e-08,0.003,,,0.003,False,100.0,14,20,5,5,11,1,4,9,259.0,73.5,399.0,0.0,128.0,-42.0,20,0,0,2,1,2178.080421031724,274.9771377435279,91.651304523593,1.0066559611172823,1.0600000012036754,1.0358596091201075,0.018034089393493585,-0.29774379604422596,0.0,-0.22657061069554546,0.08132644569369392,192.5043022959293,187.10384773496597,36.2722233980371,35.56094725403002,0.6480756203974478,0.6191558408358229,0.19774115445128193,0.1938460770469474,0.0,0.0,4,3,0,1,0,3,0,,,,,,1,0.0,0.0,0.0,0.0,0.0,0,,,,,,0,,,,,,1,1,1,3.0923796876186253e-10,3.092379685654123e-10,6.184979825134871e-11,0.0,3.092379685654123e-10,4.086181802901735e-07,3.358481494575294e-07,1.3598122575834982e-07,7.97282264652921e-08,3.358481494575294e-07,4.76888063935876e-08,4.263028086093357e-08,7.05460667660418e-09,3.042898821803419e-09,4.263028086093357e-08,7.378311196335273e-09,5.929894658640578e-09,1.277393965405858e-09,7.567418358611633e-10,5.929894658640578e-09,,,,,,,,,
2026-03-22T09:58:57Z,test_cases/pglib_opf_case14_ieee.mat,pglib_opf_case14_ieee,oracle_ac_primal_dual_all_bounds__Vm,oracle_ac_primal_dual_all_bounds,full_all_bounds,ac_true,1,0,Vm,1,,,optimal,ok,1,93.6023972449285,2084.4780238440007,22.269494003094753,0,0.0038280487060546875,0.0016849040985107422,0.033614158630371094,0.035299062728881836,0.035299062728881836,0.03912711143493652,acopf_acdc_paper_study/cases/pglib_opf_case14_ieee/logs/oracle_ac_primal_dual_all_bounds__Vm.log,0,6,1.729789644855373e-09,5.800471214456593e-11,8.570853663116532e-09,9.254810468963945e-08,9.254810468963945e-08,0.003,,,0.003,False,100.0,14,20,5,5,11,1,4,9,259.0,73.5,399.0,0.0,128.0,-42.0,20,0,0,2,1,2178.0804210764804,274.9771377491783,91.65130431154678,1.0066559696152708,1.0600000012022093,1.0358596109576375,0.018034087942413794,-0.2977437957299362,0.0,-0.22657061063934933,0.08132644554760395,192.5043024866672,187.10384819535076,36.27222340996728,35.56094728879694,0.6480756191464823,0.6191558405435538,0.19774115442984802,0.19384607711738516,0.0,0.0,4,3,0,1,0,3,0,,,,,,0,,,,,,1,0.0,0.0,0.0,0.0,0.0,0,,,,,,1,1,1,3.657425475389174e-10,3.657425473591047e-10,7.315080320495941e-11,0.0,3.657425473591047e-10,4.891057776295589e-07,3.9991155925678257e-07,1.62030682125322e-07,8.847696461589116e-08,3.9991155925678257e-07,5.752551510362917e-08,5.112826939601689e-08,8.49976861910002e-09,4.3769512458879944e-09,5.112826939601689e-08,8.83293317114946e-09,7.0312776712100344e-09,1.5670715340444984e-09,1.0322127874662357e-09,7.0312776712100344e-09,,,,,,,,,
2026-03-22T09:58:57Z,test_cases/pglib_opf_case14_ieee.mat,pglib_opf_case14_ieee,oracle_ac_primal_dual_all_bounds__Va,oracle_ac_primal_dual_all_bounds,full_all_bounds,ac_true,1,0,Va,1,,,optimal,ok,1,93.60239724485994,2084.4780238424055,22.26949400307771,0,0.0038280487060546875,0.0017888545989990234,0.03392314910888672,0.03571200370788574,0.03571200370788574,0.03954005241394043,acopf_acdc_paper_study/cases/pglib_opf_case14_ieee/logs/oracle_ac_primal_dual_all_bounds__Va.log,0,7,1.8719887862062023e-09,6.227016124960016e-11,8.570853586931758e-09,9.265475917667224e-08,9.265475917667224e-08,0.004,,,0.004,False,100.0,14,20,5,5,11,1,4,9,259.0,73.5,399.0,0.0,128.0,-42.0,20,0,0,2,1,2178.080421074885,274.97713774897693,91.6513043172456,1.0066559693340218,1.060000001202095,1.0358596109132527,0.018034087993446284,-0.29774379573702536,0.0,-0.22657061064008915,0.08132644555150671,192.50430248017793,187.1038481806968,36.27222340918909,35.560947287380344,0.64807561918794,0.6191558405571808,0.19774115442953194,0.19384607711478524,0.0,0.0,4,3,0,1,0,3,0,,,,,,0,,,,,,0,,,,,,1,0.0,0.0,0.0,0.0,0.0,1,1,1,3.6372860297084875e-10,3.637286027924347e-10,7.274799905467066e-11,0.0,3.637286027924347e-10,4.864191319448282e-07,3.9770765181135204e-07,1.6113772152021033e-07,8.79964098809971e-08,3.9770765181135204e-07,5.720919188044431e-08,5.084702037194688e-08,8.453121028547831e-09,4.352470162061195e-09,5.084702037194688e-08,8.784371967214591e-09,6.992517787018926e-09,1.5584600336428421e-09,1.0264931404879718e-09,6.992517787018926e-09,,,,,,,,,
2026-03-22T09:58:57Z,test_cases/pglib_opf_case14_ieee.mat,pglib_opf_case14_ieee,oracle_ac_primal_dual_all_bounds__Pg_Qg,oracle_ac_primal_dual_all_bounds,full_all_bounds,ac_true,1,0,Pg+Qg,2,,,optimal,ok,1,93.60239724489495,2084.47802384322,22.269494003086415,0,0.0038280487060546875,0.0026488304138183594,0.02947211265563965,0.03212094306945801,0.03212094306945801,0.035948991775512695,acopf_acdc_paper_study/cases/pglib_opf_case14_ieee/logs/oracle_ac_primal_dual_all_bounds__Pg_Qg.log,0,8,1.673710059435507e-09,5.5180082725314605e-11,8.570853737336163e-09,9.252345800588453e-08,9.252345800588453e-08,0.003,,,0.003,False,100.0,14,20,5,5,11,1,4,9,259.0,73.5,399.0,0.0,128.0,-42.0,20,0,0,2,1,2178.0804210756996,274.97713774907976,91.65130430635669,1.0066559696965962,1.060000001202378,1.0358596109981157,0.018034087933666426,-0.29774379572159043,0.0,-0.2265706106369633,0.08132644554492253,192.50430248760816,187.10384819908,36.272223409521374,35.56094728870896,0.648075619136891,0.6191558405475385,0.1977411544281395,0.19384607711767485,0.0,0.0,4,3,0,1,0,3,1,0.0,0.0,0.0,0.0,0.0,1,0.0,0.0,0.0,0.0,0.0,0,,,,,,0,,,,,,1,1,1,3.6475711358508705e-10,3.6475711340244743e-10,7.295373125755411e-11,0.0,3.6475711340244743e-10,4.898265840544021e-07,4.004596962925433e-07,1.6226031710440958e-07,8.829718642355822e-08,4.004596962925433e-07,5.763391820059376e-08,5.120959478688292e-08,8.514301375051048e-09,4.422466282072435e-09,5.120959478688292e-08,8.847107461727095e-09,7.039431426658638e-09,1.5713985648416591e-09,1.0402409489351783e-09,7.039431426658638e-09,,,,,,,,,
2026-03-22T09:58:57Z,test_cases/pglib_opf_case14_ieee.mat,pglib_opf_case14_ieee,oracle_ac_primal_dual_all_bounds__Pg_Vm,oracle_ac_primal_dual_all_bounds,full_all_bounds,ac_true,1,0,Pg+Vm,2,,,optimal,ok,1,93.60239724495979,2084.478023844729,22.269494003102533,0,0.0038280487060546875,0.0028128623962402344,0.028349876403808594,0.031162738800048828,0.031162738800048828,0.034990787506103516,acopf_acdc_paper_study/cases/pglib_opf_case14_ieee/logs/oracle_ac_primal_dual_all_bounds__Pg_Vm.log,0,8,1.6348415954325901e-09,5.301323269257807e-11,8.570853784157193e-09,9.250010299224154e-08,9.250010299224154e-08,0.003,,,0.003,False,100.0,14,20,5,5,11,1,4,9,259.0,73.5,399.0,0.0,128.0,-42.0,20,0,0,2,1,2178.0804210772085,274.97713774927036,91.65130430883185,1.006655969750312,1.060000001202313,1.035859610977323,0.01803408791671989,-0.29774379572654336,0.0,-0.22657061063882708,0.08132644554555479,192.5043024903328,187.1038482035794,36.27222341031531,35.56094728945867,0.6480756191245151,0.6191558405353912,0.19774115442960363,0.19384607711809249,0.0,0.0,4,3,0,1,0,3,1,0.0,0.0,0.0,0.0,0.0,0,,,,,,1,0.0,0.0,0.0,0.0,0.0,0,,,,,,1,1,1,3.666627003850814e-10,3.6666270020191405e-10,7.333485798165342e-11,0.0,3.6666270020191405e-10,4.904237075190763e-07,4.009398626991789e-07,1.624474333446202e-07,8.874184259655138e-08,4.009398626991789e-07,5.7678204161750326e-08,5.126331048543875e-08,8.522940638958484e-09,4.385839580400841e-09,5.126331048543875e-08,8.856414154858274e-09,7.049094030708858e-09,1.571367809681336e-09,1.034939856037198e-09,7.049094030708858e-09,,,,,,,,,
2026-03-22T09:58:57Z,test_cases/pglib_opf_case14_ieee.mat,pglib_opf_case14_ieee,oracle_ac_primal_dual_all_bounds__Pg_Va,oracle_ac_primal_dual_all_bounds,full_all_bounds,ac_true,1,0,Pg+Va,2,,,optimal,ok,1,93.60239724488238,2084.4780238429275,22.269494003083288,0,0.0038280487060546875,0.001538991928100586,0.027938127517700195,0.02947711944580078,0.02947711944580078,0.03330516815185547,acopf_acdc_paper_study/cases/pglib_opf_case14_ieee/logs/oracle_ac_primal_dual_all_bounds__Pg_Va.log,0,7,1.8251320454965025e-09,6.087158554990424e-11,8.57085361349397e-09,9.26196386629454e-08,9.26196386629454e-08,0.003,,,0.003,False,100.0,14,20,5,5,11,1,4,9,259.0,73.5,399.0,0.0,128.0,-42.0,20,0,0,2,1,2178.0804210754072,274.9771377490428,91.65130431536875,1.0066559694265822,1.0600000012021296,1.0358596109278604,0.018034087976648242,-0.297743795734691,0.0,-0.22657061063984493,0.08132644555022134,192.50430248231476,187.10384818552325,36.272223409444685,35.560947287846126,0.6480756191742869,0.6191558405526906,0.19774115442963294,0.1938460771156378,0.0,0.0,4,3,0,1,0,3,1,0.0,0.0,0.0,0.0,0.0,0,,,,,,0,,,,,,1,0.0,0.0,0.0,0.0,0.0,1,1,1,3.6438763135877507e-10,3.643876311798522e-10,7.287981004459658e-11,0.0,3.643876311798522e-10,4.873034145573055e-07,3.984328362793832e-07,1.6143154897702017e-07,8.81545696440611e-08,3.984328362793832e-07,5.7313300975242205e-08,5.0939580775732907e-08,8.468475143352805e-09,4.360526384417085e-09,5.0939580775732907e-08,8.800354018756024e-09,7.00527069685819e-09,1.5612949514592118e-09,1.028376883649429e-09,7.00527069685819e-09,,,,,,,,,
2026-03-22T09:58:57Z,test_cases/pglib_opf_case14_ieee.mat,pglib_opf_case14_ieee,oracle_ac_primal_dual_all_bounds__Qg_Vm,oracle_ac_primal_dual_all_bounds,full_all_bounds,ac_true,1,0,Qg+Vm,2,,,optimal,ok,1,93.60239724466918,2084.4780238379662,22.269494003030285,0,0.0038280487060546875,0.001508951187133789,0.03181910514831543,0.03332805633544922,0.03332805633544922,0.037156105041503906,acopf_acdc_paper_study/cases/pglib_opf_case14_ieee/logs/oracle_ac_primal_dual_all_bounds__Qg_Vm.log,0,7,2.2829809154245595e-09,7.447792382819785e-11,8.570853367963888e-09,9.295836920907929e-08,9.295836920907929e-08,0.004,,,0.004,False,100.0,14,20,5,5,11,1,4,9,259.0,73.5,399.0,0.0,128.0,-42.0,20,0,0,2,1,2178.080421070446,274.97713774841645,91.65130433346674,1.0066559685384646,1.0600000012017856,1.0358596107871914,0.01803408813778498,-0.2977437957572276,0.0,-0.22657061064225217,0.0813264455626073,192.5043024617778,187.10384813910517,36.272223407003644,35.56094728338343,0.6480756193054392,0.61915584059575,0.19774115442871693,0.19384607710749222,0.0,0.0,4,3,0,1,0,3,0,,,,,,1,0.0,0.0,0.0,0.0,0.0,1,0.0,0.0,0.0,0.0,0.0,0,,,,,,1,1,1,3.5812330896001504e-10,3.581233087857072e-10,7.162689645975111e-11,0.0,3.581233087857072e-10,4.788173812497763e-07,3.914800090765169e-07,1.586142221319392e-07,8.664013348425037e-08,3.914800090765169e-07,5.631386664369687e-08,5.005146319625453e-08,8.321039111715476e-09,4.282591170579053e-09,5.005146319625453e-08,8.646979771237074e-09,6.883054876061223e-09,1.5340366824045937e-09,1.0101667557993466e-09,6.883054876061223e-09,,,,,,,,,
2026-03-22T09:58:57Z,test_cases/pglib_opf_case14_ieee.mat,pglib_opf_case14_ieee,oracle_ac_primal_dual_all_bounds__Qg_Va,oracle_ac_primal_dual_all_bounds,full_all_bounds,ac_true,1,0,Qg+Va,2,,,optimal,ok,1,93.60239724483351,2084.47802384179,22.269494003071138,0,0.0038280487060546875,0.0016908645629882812,0.029993057250976562,0.031683921813964844,0.031683921813964844,0.03551197052001953,acopf_acdc_paper_study/cases/pglib_opf_case14_ieee/logs/oracle_ac_primal_dual_all_bounds__Qg_Va.log,0,5,1.93049132235501e-09,6.403169661162167e-11,8.570853551392739e-09,9.269870751157766e-08,9.269870751157766e-08,0.002,,,0.002,False,100.0,14,20,5,5,11,1,4,9,259.0,73.5,399.0,0.0,128.0,-42.0,20,0,0,2,1,2178.08042107427,274.9771377488992,91.65130431975763,1.0066559692166315,1.0600000012020638,1.035859610893885,0.01803408801460838,-0.29774379574019966,0.0,-0.22657061064047337,0.08132644555319085,192.504302477492,187.10384817457276,36.272223408899464,35.560947286818354,0.6480756192052172,0.6191558405626431,0.19774115442951787,0.19384607711377827,0.0,0.0,4,3,0,1,0,3,0,,,,,,1,0.0,0.0,0.0,0.0,0.0,0,,,,,,1,0.0,0.0,0.0,0.0,0.0,1,1,1,3.629514468528794e-10,3.629514466751971e-10,7.259256072341929e-11,0.0,3.629514466751971e-10,4.852988910030129e-07,3.9679127850078544e-07,1.607661481165673e-07,8.780752758230648e-08,3.9679127850078544e-07,5.7076651636911125e-08,5.072963005225972e-08,8.433623371091009e-09,4.341075277025652e-09,5.072963005225972e-08,8.764113939261315e-09,6.976456551344157e-09,1.5548019627728164e-09,1.0238809522444825e-09,6.976456551344157e-09,,,,,,,,,
2026-03-22T09:58:57Z,test_cases/pglib_opf_case14_ieee.mat,pglib_opf_case14_ieee,oracle_ac_primal_dual_all_bounds__Vm_Va,oracle_ac_primal_dual_all_bounds,full_all_bounds,ac_true,1,0,Vm+Va,2,,,optimal,ok,1,93.60239724499641,2084.478023845581,22.26949400311164,0,0.0038280487060546875,0.0016639232635498047,0.02870488166809082,0.030368804931640625,0.030368804931640625,0.03419685363769531,acopf_acdc_paper_study/cases/pglib_opf_case14_ieee/logs/oracle_ac_primal_dual_all_bounds__Vm_Va.log,0,3,1.5884484838579738e-09,5.385333845531193e-11,8.570853752912035e-09,9.244193008155441e-08,9.244193008155441e-08,0.002,,,0.002,False,100.0,14,20,5,5,11,1,4,9,259.0,73.5,399.0,0.0,128.0,-42.0,20,0,0,2,1,2178.0804210780607,274.97713774937785,91.65130430587917,1.006655969895639,1.0600000012023076,1.0358596110016622,0.018034087891490056,-0.2977437957229137,0.0,-0.22657061063862916,0.08132644554372666,192.50430249313507,187.10384820994977,36.27222341074293,35.56094729020759,0.6480756191051416,0.6191558405299125,0.19774115443015738,0.19384607711996166,0.0,0.0,4,3,0,1,0,3,0,,,,,,0,,,,,,1,0.0,0.0,0.0,0.0,0.0,1,0.0,0.0,0.0,0.0,0.0,1,1,1,3.677378403606095e-10,3.6773784017896105e-10,7.354987972803126e-11,0.0,3.6773784017896105e-10,4.917842825143377e-07,4.021095879602754e-07,1.6292122882143046e-07,8.895747347081873e-08,4.021095879602754e-07,5.784067987402873e-08,5.140863756913916e-08,8.546244029921418e-09,4.401062403402989e-09,5.140863756913916e-08,8.881332633718557e-09,7.069945573423553e-09,1.5756407379227281e-09,1.0378720938231112e-09,7.069945573423553e-09,,,,,,,,,
2026-03-22T09:58:57Z,test_cases/pglib_opf_case14_ieee.mat,pglib_opf_case14_ieee,oracle_ac_primal_dual_all_bounds__Pg_Qg_Vm,oracle_ac_primal_dual_all_bounds,full_all_bounds,ac_true,1,0,Pg+Qg+Vm,3,,,optimal,ok,1,93.60239724499422,2084.47802384553,22.26949400311109,0,0.0038280487060546875,0.001817941665649414,0.029948949813842773,0.03176689147949219,0.03176689147949219,0.035594940185546875,acopf_acdc_paper_study/cases/pglib_opf_case14_ieee/logs/oracle_ac_primal_dual_all_bounds__Pg_Qg_Vm.log,0,9,1.5930012864373566e-09,5.397721158928448e-11,8.570853750273959e-09,9.244523402128343e-08,9.244523402128343e-08,0.004,,,0.004,False,100.0,14,20,5,5,11,1,4,9,259.0,73.5,399.0,0.0,128.0,-42.0,20,0,0,2,1,2178.0804210780097,274.9771377493714,91.65130430605168,1.0066559698870132,1.060000001202304,1.0358596110003133,0.01803408789305622,-0.2977437957231279,0.0,-0.22657061063865017,0.08132644554384492,192.50430249293706,187.10384820950344,36.27222341071893,35.56094729016413,0.6480756191064075,0.6191558405303295,0.1977411544301468,0.19384607711988142,0.0,0.0,4,3,0,1,0,3,1,0.0,0.0,0.0,0.0,0.0,1,0.0,0.0,0.0,0.0,0.0,1,0.0,0.0,0.0,0.0,0.0,0,,,,,,1,1,1,3.6767344742513016e-10,3.676734472435328e-10,7.353700061333045e-11,0.0,3.676734472435328e-10,4.917019305681597e-07,4.020418469252718e-07,1.6289378738411353e-07,8.894269498682661e-08,4.020418469252718e-07,5.7830992274673006e-08,5.140001180237164e-08,8.544816647899317e-09,4.40032665860457e-09,5.140001180237164e-08,8.879844417380128e-09,7.068752833072622e-09,1.575378175133757e-09,1.0376998704764162e-09,7.068752833072622e-09,,,,,,,,,
2026-03-22T09:58:57Z,test_cases/pglib_opf_case14_ieee.mat,pglib_opf_case14_ieee,oracle_ac_primal_dual_all_bounds__Pg_Qg_Va,oracle_ac_primal_dual_all_bounds,full_all_bounds,ac_true,1,0,Pg+Qg+Va,3,,,optimal,ok,1,93.60239724482237,2084.478023841531,22.26949400306837,0,0.0038280487060546875,0.0016617774963378906,0.03443408012390137,0.03609585762023926,0.03609585762023926,0.039923906326293945,acopf_acdc_paper_study/cases/pglib_opf_case14_ieee/logs/oracle_ac_primal_dual_all_bounds__Pg_Qg_Va.log,0,5,1.954390427272301e-09,6.473985236787883e-11,8.570853530655667e-09,9.271655750325106e-08,9.271655750325106e-08,0.002,,,0.002,False,100.0,14,20,5,5,11,1,4,9,259.0,73.5,399.0,0.0,128.0,-42.0,20,0,0,2,1,2178.0804210740107,274.97713774886654,91.65130432073168,1.0066559691692682,1.060000001202051,1.035859610886339,0.018034088023196643,-0.29774379574141413,0.0,-0.22657061064060555,0.08132644555385428,192.50430247639915,187.10384817209825,36.27222340877263,35.56094728658338,0.6480756192122107,0.6191558405649272,0.19774115442948087,0.19384607711335336,0.0,0.0,4,3,0,1,0,3,1,0.0,0.0,0.0,0.0,0.0,1,0.0,0.0,0.0,0.0,0.0,0,,,,,,1,0.0,0.0,0.0,0.0,0.0,1,1,1,3.626241531047314e-10,3.626241529275376e-10,7.252709782647295e-11,0.0,3.626241529275376e-10,4.848463865093764e-07,3.964206338746834e-07,1.6061594216160157e-07,8.772765988651621e-08,3.964206338746834e-07,5.702333190216952e-08,5.068226682780619e-08,8.425763007936991e-09,4.336854542152935e-09,5.068226682780619e-08,8.755937255955728e-09,6.969944094104008e-09,1.5533450379142825e-09,1.0228958513547326e-09,6.969944094104008e-09,,,,,,,,,
2026-03-22T09:58:57Z,test_cases/pglib_opf_case14_ieee.mat,pglib_opf_case14_ieee,oracle_ac_primal_dual_all_bounds__Pg_Vm_Va,oracle_ac_primal_dual_all_bounds,full_all_bounds,ac_true,1,0,Pg+Vm+Va,3,,,optimal,ok,1,93.60239724598766,2084.4780238686467,22.26949400335806,0,0.0038280487060546875,0.0016160011291503906,0.02693009376525879,0.02854609489440918,0.02854609489440918,0.03237414360046387,acopf_acdc_paper_study/cases/pglib_opf_case14_ieee/logs/oracle_ac_primal_dual_all_bounds__Pg_Vm_Va.log,0,2,1.3816814359302043e-10,1.4332424136398458e-12,8.5708549655577e-09,9.101162456621195e-08,9.101162456621195e-08,0.001,,,0.001,False,100.0,14,20,5,5,11,1,4,9,259.0,73.5,399.0,0.0,128.0,-42.0,20,0,0,2,1,2178.0804211011264,274.9771377522901,91.65130422932698,1.006655973810004,1.0600000012045898,1.0358596115962049,0.01803408717682572,-0.2977437956294601,0.0,-0.2265706106300313,0.08132644549082867,192.5043025837611,187.10384841331938,36.2722234222003,35.56094731038573,0.6480756185275572,0.6191558403342631,0.1977411544364966,0.193846077156977,0.0,0.0,4,3,0,1,0,3,1,0.0,0.0,0.0,0.0,0.0,0,,,,,,1,0.0,0.0,0.0,0.0,0.0,1,0.0,0.0,0.0,0.0,0.0,1,1,1,3.9686165485562673e-10,3.96861654650138e-10,7.937488515139958e-11,0.0,3.96861654650138e-10,5.291975824693085e-07,4.328776341266938e-07,1.7538155167445834e-07,9.59129458633079e-08,4.328776341266938e-07,6.222814077684375e-08,5.532300262345302e-08,9.194191677838352e-09,4.709793888224567e-09,5.532300262345302e-08,9.55704206239225e-09,7.61220786404948e-09,1.693931050983366e-09,1.112182845819376e-09,7.61220786404948e-09,,,,,,,,,
2026-03-22T09:58:57Z,test_cases/pglib_opf_case14_ieee.mat,pglib_opf_case14_ieee,oracle_ac_primal_dual_all_bounds__Qg_Vm_Va,oracle_ac_primal_dual_all_bounds,full_all_bounds,ac_true,1,0,Qg+Vm+Va,3,,,optimal,ok,1,93.60239724499786,2084.4780238456146,22.269494003111998,0,0.0038280487060546875,0.0016047954559326172,0.027832746505737305,0.029437541961669922,0.029437541961669922,0.03326559066772461,acopf_acdc_paper_study/cases/pglib_opf_case14_ieee/logs/oracle_ac_primal_dual_all_bounds__Qg_Vm_Va.log,0,3,1.5856436164085608e-09,5.3760079721243414e-11,8.570853754614361e-09,9.243972917142427e-08,9.243972917142427e-08,0.002,,,0.002,False,100.0,14,20,5,5,11,1,4,9,259.0,73.5,399.0,0.0,128.0,-42.0,20,0,0,2,1,2178.0804210780943,274.9771377493821,91.65130430575857,1.0066559699015463,1.0600000012023099,1.0358596110025953,0.018034087890417227,-0.29774379572276405,0.0,-0.22657061063861308,0.08132644554364415,192.50430249327212,187.10384821025943,36.27222341075921,35.56094729023731,0.6480756191042676,0.6191558405296244,0.19774115443016332,0.19384607712001553,0.0,0.0,4,3,0,1,0,3,0,,,,,,1,0.0,0.0,0.0,0.0,0.0,1,0.0,0.0,0.0,0.0,0.0,1,0.0,0.0,0.0,0.0,0.0,1,1,1,3.6778047292478757e-10,3.6778047274310666e-10,7.355840658132562e-11,0.0,3.6778047274310666e-10,4.918407500254957e-07,4.021558173139539e-07,1.6293996176405812e-07,8.896759362553297e-08,4.021558173139539e-07,5.784732770944725e-08,5.1414544843808585e-08,8.547225324332227e-09,4.40157732484181e-09,5.1414544843808585e-08,8.882353274184014e-09,7.0707581178997e-09,1.5758221721554451e-09,1.0379929693549172e-09,7.0707581178997e-09,,,,,,,,,
2026-03-22T09:58:57Z,test_cases/pglib_opf_case14_ieee.mat,pglib_opf_case14_ieee,oracle_ac_primal_dual_all_bounds__Pg_Qg_Vm_Va,oracle_ac_primal_dual_all_bounds,full_all_bounds,ac_true,1,0,Pg+Qg+Vm+Va,4,,,optimal,ok,1,93.60239724499526,2084.478023845554,22.26949400311135,0,0.0038280487060546875,0.0015561580657958984,0.030111074447631836,0.031667232513427734,0.031667232513427734,0.03549528121948242,acopf_acdc_paper_study/cases/pglib_opf_case14_ieee/logs/oracle_ac_primal_dual_all_bounds__Pg_Qg_Vm_Va.log,0,2,1.5909016326531855e-09,5.392922219904506e-11,8.570853751484725e-09,9.244360710915765e-08,9.244360710915765e-08,0.002,,,0.002,False,100.0,14,20,5,5,11,1,4,9,259.0,73.5,399.0,0.0,128.0,-42.0,20,0,0,2,1,2178.080421078034,274.9771377493745,91.65130430597192,1.006655969891182,1.0600000012023056,1.0358596110009382,0.01803408789229408,-0.2977437957230303,0.0,-0.2265706106386421,0.0813264455437894,192.50430249303307,187.10384820971854,36.272223410731094,35.560947290185524,0.6480756191057946,0.6191558405301207,0.19774115443015347,0.19384607711992058,0.0,0.0,4,3,0,1,0,3,1,0.0,0.0,0.0,0.0,0.0,1,0.0,0.0,0.0,0.0,0.0,1,0.0,0.0,0.0,0.0,0.0,1,0.0,0.0,0.0,0.0,0.0,1,1,1,3.677040895806327e-10,3.6770408939901245e-10,7.354312928657953e-11,0.0,3.6770408939901245e-10,4.917417547355306e-07,4.0207469648168015e-07,1.6290708672941913e-07,8.895011160969801e-08,4.0207469648168015e-07,5.783565586393051e-08,5.14041804677845e-08,8.545504573806032e-09,4.400645736701847e-09,5.14041804677845e-08,8.88056350603437e-09,7.069332952358565e-09,1.5755032635654332e-09,1.0377771975100814e-09,7.069332952358565e-09,,,,,,,,,
2026-03-22T09:58:57Z,test_cases/pglib_opf_case14_ieee.mat,pglib_opf_case14_ieee,oracle_ac_dual_only_constraint__none,oracle_ac_dual_only_constraint,constraint_only,ac_true,1,0,,0,,,optimal,ok,1,93.60239724477715,2084.4780238404787,22.269494003057126,0,0.0038280487060546875,0.001505136489868164,0.03389596939086914,0.035401105880737305,0.035401105880737305,0.03922915458679199,acopf_acdc_paper_study/cases/pglib_opf_case14_ieee/logs/oracle_ac_dual_only_constraint__none.log,0,14,2.046627756158159e-09,6.747907788096086e-11,8.570853495925013e-09,9.278479897980086e-08,9.278479897980086e-08,0.005,,,0.005,False,100.0,14,20,5,5,11,1,4,9,259.0,73.5,399.0,0.0,128.0,-42.0,20,0,0,2,1,2178.0804210729584,274.9771377487337,91.65130432419294,1.0066559689924162,1.0600000012019573,1.035859610859181,0.018034088055408688,-0.2977437957456759,1.0364803888940438e-33,-0.226570610641004,0.08132644555626063,192.50430247229156,187.10384816287745,36.27222340824754,35.56094728566201,0.6480756192383207,0.6191558405737105,0.19774115442916232,0.1938460771116348,0.0,0.0,4,3,0,1,0,3,0,,,,,,0,,,,,,0,,,,,,0,,,,,,1,1,0,3.6129588227763327e-10,3.6129588210087604e-10,7.22614367150099e-11,0.0,3.6129588210087604e-10,4.831557678934346e-07,3.9503204135593606e-07,1.6005358264778446e-07,8.741403811907134e-08,3.9503204135593606e-07,5.6824847359806356e-08,5.0505414739276944e-08,8.39643835412066e-09,4.322523450284166e-09,5.0505414739276944e-08,8.725384178422852e-09,6.945474917419148e-09,1.5479857346353425e-09,1.0195063959717032e-09,6.945474917419148e-09,,,,,,,,,
2026-03-22T09:58:57Z,test_cases/pglib_opf_case14_ieee.mat,pglib_opf_case14_ieee,oracle_ac_dual_only_bounds__none,oracle_ac_dual_only_bounds,all_bounds_only,ac_true,1,0,,0,,,optimal,ok,1,93.60239724500723,2084.4780238458325,22.269494003114325,0,0.0038280487060546875,0.001420736312866211,0.033720970153808594,0.035141706466674805,0.035141706466674805,0.03896975517272949,acopf_acdc_paper_study/cases/pglib_opf_case14_ieee/logs/oracle_ac_dual_only_bounds__none.log,0,10,1.5637287020808799e-09,5.3132276356393504e-11,8.570853750080711e-09,9.242229421609205e-08,9.242229421609205e-08,0.004,,,0.004,False,100.0,14,20,5,5,11,1,4,9,259.0,73.5,399.0,0.0,128.0,-42.0,20,0,0,2,1,2178.080421078312,274.9771377494096,91.65130430481159,1.006655969947374,1.0600000012023494,1.0358596110098213,0.01803408788207994,-0.2977437957215928,0.0,-0.22657061063847586,0.08132644554299902,192.50430249434044,187.10384821267573,36.27222341088565,35.56094729046809,0.6480756190974496,0.6191558405273568,0.19774115443020596,0.1938460771204274,0.0,0.0,4,3,0,1,0,3,0,,,,,,0,,,,,,0,,,,,,0,,,,,,0,0,1,3.6805536414540667e-10,3.6805536396400385e-10,7.361338391877514e-11,0.0,3.6805536396400385e-10,4.922789309555597e-07,4.025137193552908e-07,1.6308501653850004e-07,8.904679477117483e-08,4.025137193552908e-07,5.789892629344929e-08,5.146037262981906e-08,8.554855696856528e-09,4.405534825835389e-09,5.146037262981906e-08,8.89027445391941e-09,7.077034791524994e-09,1.5772372227718101e-09,1.0389399895949225e-09,7.077034791524994e-09,,,,,,,,,
2026-03-22T09:58:57Z,test_cases/pglib_opf_case14_ieee.mat,pglib_opf_case14_ieee,oracle_ac_dual_only_full__none,oracle_ac_dual_only_full,full_all_bounds,ac_true,1,0,,0,,,optimal,ok,1,93.60239724499426,2084.478023845531,22.269494003111102,0,0.0038280487060546875,0.0015501976013183594,0.030868053436279297,0.032418251037597656,0.032418251037597656,0.036246299743652344,acopf_acdc_paper_study/cases/pglib_opf_case14_ieee/logs/oracle_ac_dual_only_full__none.log,0,7,1.5877823500431987e-09,5.377356893099261e-11,8.570853754650863e-09,9.244202491805012e-08,9.244202491805012e-08,0.003,,,0.003,False,100.0,14,20,5,5,11,1,4,9,259.0,73.5,399.0,0.0,128.0,-42.0,20,0,0,2,1,2178.0804210780107,274.97713774937154,91.65130430572131,1.006655969896143,1.060000001202315,1.0358596110028933,0.01803408789164731,-0.29774379572263826,0.0,-0.2265706106385365,0.0813264455436544,192.50430249310898,187.10384820995753,36.27222341071645,35.560947290189496,0.648075619105163,0.6191558405302154,0.19774115443008283,0.19384607711994675,0.0,0.0,4,3,0,1,0,3,0,,,,,,0,,,,,,0,,,,,,0,,,,,,1,1,1,3.676747796928966e-10,3.6767477951116234e-10,7.353726794223711e-11,0.0,3.6767477951116234e-10,4.917867982230284e-07,4.021097381179395e-07,1.629216046104137e-07,8.894511796531113e-08,4.021097381179395e-07,5.784195108143122e-08,5.140914161039234e-08,8.546373577088064e-09,4.402705977568644e-09,5.140914161039234e-08,8.881425320827336e-09,7.069885316068891e-09,1.5757333632349102e-09,1.0381484005783648e-09,7.069885316068891e-09,,,,,,,,,
2026-03-22T09:58:57Z,test_cases/pglib_opf_case14_ieee.mat,pglib_opf_case14_ieee,dc_seed__Pg,dc_seed,none,dcopf,0,1,Pg,1,,,optimal,ok,1,93.60239723301666,2084.478023566818,22.269494000133477,0,0.0038280487060546875,0.0014650821685791016,0.03048086166381836,0.03194594383239746,0.04784417152404785,0.05167222023010254,acopf_acdc_paper_study/cases/pglib_opf_case14_ieee/logs/dc_seed__Pg.log,0,13,2.5553148930157477e-08,8.14683959182716e-10,8.570842576116484e-09,1.1095250675346551e-07,1.1095250675346551e-07,0.005,,,0.005,False,100.0,14,20,5,5,11,1,4,9,259.0,73.5,399.0,0.0,128.0,-42.0,20,0,0,2,1,2178.080420799298,274.97713771418256,91.65130529452564,1.0066559208576515,1.0600000011875643,1.0358596033202507,0.018034096816869155,-0.2977437969488485,-9.046095184557786e-35,-0.2265706107663738,0.0813264462257494,192.50430134929837,187.10384562868242,36.27222327367491,35.56094704177351,0.648075626383061,0.6191558429494562,0.197741154376471,0.19384607667192602,0.0,0.0,4,3,0,1,0,3,1,0.15977137573488598,0.15977137573488598,0.03195427542521042,0.0,0.15977137573488598,0,,,,,,0,,,,,,0,,,,,,0,0,0,1.5774048738491575e-11,1.5774048733874224e-11,3.154886079903729e-12,0.0,1.5774048733874224e-11,2.26778165853383e-08,1.8441603633068127e-08,7.476742141035441e-09,3.962155770143028e-09,1.8441603633068127e-08,2.6818052297611217e-09,2.370650120653295e-09,3.98303231666627e-10,2.2618573680688314e-10,2.370650120653295e-09,4.102079892396732e-10,3.2314789732978966e-10,7.39963992857362e-11,5.1647880416894054e-11,3.2314789732978966e-10,native_only,ipopt,nlp,optimal,ok,0.0009942054748535156,0.014904022216796875,0.01589822769165039,2051.526293709769
2026-03-22T09:58:58Z,test_cases/pglib_opf_case14_ieee.mat,pglib_opf_case14_ieee,dc_seed__Va,dc_seed,none,dcopf,0,1,Va,1,,,optimal,ok,1,93.60239723162626,2084.4780235344642,22.269493999787827,0,0.0038280487060546875,0.0024280548095703125,0.030183076858520508,0.03261113166809082,0.04850935935974121,0.0523374080657959,acopf_acdc_paper_study/cases/pglib_opf_case14_ieee/logs/dc_seed__Va.log,0,15,2.8846942612403836e-08,9.196546302270292e-10,8.570841610672764e-09,1.133081579441181e-07,1.133081579441181e-07,0.006,,,0.006,False,100.0,14,20,5,5,11,1,4,9,259.0,73.5,399.0,0.0,128.0,-42.0,20,0,0,2,1,2178.080420766944,274.97713771009774,91.65130542427916,1.0066559147183096,1.0600000011862358,1.0358596023099367,0.01803409792520512,-0.2977437971131479,1.4508625227178349e-34,-0.22657061078648444,0.0813264463145638,192.50430120585034,187.10384530210774,36.272223257212026,35.56094701099617,0.6480756272979672,0.6191558432437526,0.197741154371911,0.1938460766157995,0.0,0.0,4,3,0,1,0,3,0,,,,,,0,,,,,,0,,,,,,1,0.03735675382128839,0.017473237425014165,0.008579325269740493,0.008527369630465076,0.017473237425014165,0,0,0,2.5075053151769473e-11,2.5075053144973936e-11,5.015127384609822e-12,0.0,2.5075053144973936e-11,3.605538565947022e-08,2.930551501467704e-08,1.1881612347816595e-08,6.292014048669969e-09,2.930551501467704e-08,4.26473674734405e-09,3.7686918030743755e-09,6.337503379226308e-10,3.6121028390567744e-10,3.7686918030743755e-09,6.522044826078866e-10,5.134110636628719e-10,1.1775260330296585e-10,8.238834614537893e-11,5.134110636628719e-10,native_only,ipopt,nlp,optimal,ok,0.0009942054748535156,0.014904022216796875,0.01589822769165039,2051.526293709769
2026-03-22T09:58:58Z,test_cases/pglib_opf_case14_ieee.mat,pglib_opf_case14_ieee,dc_seed__Pg_Va,dc_seed,none,dcopf,0,1,Pg+Va,2,,,optimal,ok,1,93.60239723917047,2084.4780237100144,22.269494001663315,0,0.0038280487060546875,0.0015397071838378906,0.032414913177490234,0.033954620361328125,0.049852848052978516,0.0536808967590332,acopf_acdc_paper_study/cases/pglib_opf_case14_ieee/logs/dc_seed__Pg_Va.log,0,14,1.1451426473740867e-08,3.7250011408751504e-10,8.570847639084577e-09,1.0074299305260794e-07,1.0074299305260794e-07,0.006,,,0.006,False,100.0,14,20,5,5,11,1,4,9,259.0,73.5,399.0,0.0,128.0,-42.0,20,0,0,2,1,2178.080420942494,274.9771377322618,91.6513047366026,1.0066559475421117,1.0600000011945137,1.0358596076635345,0.01803409199275721,-0.2977437962457383,1.7035286772346307e-34,-0.226570610683494,0.08132644584383204,192.5043019708574,187.10384704077188,36.27222334584045,35.56094717572525,0.6480756224170574,0.6191558416660571,0.19774115439891599,0.19384607691650796,0.0,0.0,4,3,0,1,0,3,1,0.15977137573488598,0.15977137573488598,0.03195427542521042,0.0,0.15977137573488598,0,,,,,,0,,,,,,1,0.03735675382128839,0.017473237425014165,0.008579325269740493,0.008527369630465076,0.017473237425014165,0,0,0,1.9657075974501498e-10,1.9657075966961202e-10,3.931524086066997e-11,0.0,1.9657075966961202e-10,2.77859591613877e-07,2.2637833640981597e-07,9.176728134226153e-08,4.881539830692283e-08,2.2637833640981597e-07,3.282554087907214e-08,2.9055110317699473e-08,4.8640141755588016e-09,2.7176556560704057e-09,2.9055110317699473e-08,5.025072694914611e-09,3.969947370840998e-09,9.031307527226521e-10,6.236274829873878e-10,3.969947370840998e-09,native_only,ipopt,nlp,optimal,ok,0.0009942054748535156,0.014904022216796875,0.01589822769165039,2051.526293709769
