timestamp_utc,case_file,case_name,run_name,family,dual_mode,seed_source,is_oracle,is_practical,blocks,num_blocks,seed_vm_policy,seed_qg_policy,termination,status,success,objective,objective_gap_vs_baseline_abs,objective_gap_vs_baseline_rel,objective_matches_baseline,shared_case_prep_time,build_time,solve_time,total_time,end_to_end_time,full_pipeline_time_including_shared_case_prep,log_path,hit_max_iter,iterations,dual_inf,constr_viol,var_bound_viol,compl_inf,overall_nlp_error,ipopt_reported_total_sec,ipopt_cpu_sec_no_func_eval,ipopt_cpu_sec_func_eval,ipopt_cpu_total_est,restoration_used,baseMVA,nb,nl,ng_total,ng_active,n_load_buses,n_ref_buses,n_pv_buses,n_pq_buses,total_pd_mw,total_qd_mvar,sum_pmax_mw,sum_pmin_mw,sum_qmax_mvar,sum_qmin_mvar,n_branch_with_limits,n_branch_out_of_service,gencost_any_pwl,gencost_max_poly_degree,gencost_any_quadratic,objective_value,total_pg_mw,total_qg_mvar,vm_min,vm_max,vm_mean,vm_std,va_min_rad,va_max_rad,va_mean_rad,va_std_rad,max_line_mva_from,max_line_mva_to,mean_line_mva_from,mean_line_mva_to,max_thermal_util_from,max_thermal_util_to,mean_thermal_util_from,mean_thermal_util_to,max_flow_limit_violation_sq_from,max_flow_limit_violation_sq_to,n_pg_at_lb,n_pg_at_ub,n_qg_at_lb,n_qg_at_ub,n_vm_at_lb,n_vm_at_ub,init_has_Pg,init_Pg_l2,init_Pg_linf,init_Pg_mean_abs,init_Pg_median_abs,init_Pg_max_abs,init_has_Qg,init_Qg_l2,init_Qg_linf,init_Qg_mean_abs,init_Qg_median_abs,init_Qg_max_abs,init_has_Vm,init_Vm_l2,init_Vm_linf,init_Vm_mean_abs,init_Vm_median_abs,init_Vm_max_abs,init_has_Va,init_Va_l2,init_Va_linf,init_Va_mean_abs,init_Va_median_abs,init_Va_max_abs,init_has_duals,init_has_constraint_duals,init_has_bound_mults,dist_to_baseline_Pg_l2,dist_to_baseline_Pg_linf,dist_to_baseline_Pg_mean_abs,dist_to_baseline_Pg_median_abs,dist_to_baseline_Pg_max_abs,dist_to_baseline_Qg_l2,dist_to_baseline_Qg_linf,dist_to_baseline_Qg_mean_abs,dist_to_baseline_Qg_median_abs,dist_to_baseline_Qg_max_abs,dist_to_baseline_Vm_l2,dist_to_baseline_Vm_linf,dist_to_baseline_Vm_mean_abs,dist_to_baseline_Vm_median_abs,dist_to_baseline_Vm_max_abs,dist_to_baseline_Va_l2,dist_to_baseline_Va_linf,dist_to_baseline_Va_mean_abs,dist_to_baseline_Va_median_abs,dist_to_baseline_Va_max_abs,dc_seed_mode,dc_solver,dc_solver_problem_type,dc_termination,dc_status,dc_build_time,dc_solve_time,dc_total_time,dc_objective
2026-03-22T17:24:00Z,test_cases/pglib_opf_case6468_rte.mat,pglib_opf_case6468_rte,baseline_default,baseline,none,case_default,0,1,,0,,,optimal,ok,1,14993.743207087693,,,,0.0632331371307373,0.8720810413360596,45.821640968322754,46.69372200965881,46.69372200965881,46.75695514678955,acopf_acdc_paper_study/cases/pglib_opf_case6468_rte/logs/baseline_default.log,0,149,1.94023285823927e-07,2.5373503340087034e-08,2.6858603163759653e-07,9.662557097457857e-08,1.94023285823927e-07,39.214,,,39.214,True,100.0,6468,9000,1295,399,3661,1,641,5826,85296.9,5691.1,105071.59,21581.35,48085.280000000006,-25825.900000000005,9000,0,0,2,1,2069730.149877927,87242.2835950322,5587.410728978355,0.5622776291858592,1.150000011078559,1.0383815770196136,0.03471076275780328,-0.6805608436696912,0.3994867452876146,-0.21884688729184323,0.1489545446535711,1508.412253973727,1516.1555033153859,74.65610963267916,74.7210337658916,1.0000000027065277,1.0000000047016526,0.10574017837115204,0.10593991144330538,1.5147947962645958e-07,3.023059278461915e-07,173,216,109,91,8,25,,,,,,,,,,,,,,,,,,,,,,,,,,,,,,,,,,,,,,,,,,,,,,,,,,,,,,,,
2026-03-22T17:24:51Z,test_cases/pglib_opf_case6468_rte.mat,pglib_opf_case6468_rte,oracle_ac_primal_only__Pg,oracle_ac_primal_only,none,ac_true,1,0,Pg,1,,,optimal,ok,1,14993.743207084211,2054736.406670359,137.03958899996798,0,0.0632331371307373,1.3801705837249756,50.481054067611694,51.86122465133667,51.86122465133667,51.92445778846741,acopf_acdc_paper_study/cases/pglib_opf_case6468_rte/logs/oracle_ac_primal_only__Pg.log,0,208,2.1334637254376128e-07,2.564740421429068e-08,2.6858602808488286e-07,9.640012539185493e-08,2.1334637254376128e-07,44.235,,,44.235,True,100.0,6468,9000,1295,399,3661,1,641,5826,85296.9,5691.1,105071.59,21581.35,48085.280000000006,-25825.900000000005,9000,0,0,2,1,2069730.1498774467,87242.28359477382,5587.410721344459,0.5622776292208074,1.1500000110785589,1.0383815769950024,0.034710762716575146,-0.6805608436745465,0.3994867452426673,-0.21884688730117716,0.14895454464495836,1508.412254098457,1516.155503205729,74.65610963099795,74.72103376462121,1.0000000027065197,1.0000000047018178,0.10574017837010984,0.10593991144454068,1.5147903553724973e-07,3.023165504600911e-07,173,216,109,91,8,25,1,0.0,0.0,0.0,0.0,0.0,0,,,,,,0,,,,,,0,,,,,,0,0,0,7.380162957279384e-09,6.497312909914399e-09,3.044183534746154e-11,6.105623587684585e-18,6.497312909914399e-09,2.2786543082192568e-07,8.985299092267862e-08,3.50942325269922e-09,1.764640100709869e-10,8.985299092267862e-08,8.459383580629448e-08,7.070153817956282e-08,1.3466095190759603e-10,2.9001800960770652e-11,7.070153817956282e-08,1.2228869812322733e-08,1.1443659611067025e-08,2.3806988088271425e-11,9.490103147768991e-12,1.1443659611067025e-08,,,,,,,,,
2026-03-22T17:26:06Z,test_cases/pglib_opf_case6468_rte.mat,pglib_opf_case6468_rte,oracle_ac_primal_only__Qg,oracle_ac_primal_only,none,ac_true,1,0,Qg,1,,,optimal,ok,1,14993.743207084051,2054736.4066703368,137.0395889999665,0,0.0632331371307373,1.436269760131836,73.24208521842957,74.6783549785614,74.6783549785614,74.74158811569214,acopf_acdc_paper_study/cases/pglib_opf_case6468_rte/logs/oracle_ac_primal_only__Qg.log,0,276,2.1334670122240844e-07,2.5647403985307182e-08,2.6858602808488286e-07,9.640012543938343e-08,2.1334670122240844e-07,68.465,,,68.465,True,100.0,6468,9000,1295,399,3661,1,641,5826,85296.9,5691.1,105071.59,21581.35,48085.280000000006,-25825.900000000005,9000,0,0,2,1,2069730.1498774246,87242.2835947732,5587.4107213412635,0.5622776292208325,1.1500000110785589,1.0383815769950058,0.034710762716580724,-0.6805608436744979,0.3994867452427083,-0.21884688730114038,0.14895454464495803,1508.4122540984715,1516.1555032057186,74.6561096309973,74.72103376462071,1.0000000027065192,1.000000004701818,0.10574017837010735,0.10593991144453739,1.514790071155403e-07,3.023165646709458e-07,173,216,109,91,8,25,0,,,,,,1,0.0,0.0,0.0,0.0,0.0,0,,,,,,0,,,,,,0,0,0,7.374109800618231e-09,6.498188653836223e-09,3.04251911342411e-11,6.106495436050216e-18,6.498188653836223e-09,2.2786039826901424e-07,8.985321022642045e-08,3.5086498716662444e-09,1.6643779063296726e-10,8.985321022642045e-08,8.45939066880391e-08,7.070164276257174e-08,1.3466058205639763e-10,2.9048430327804908e-11,7.070164276257174e-08,1.2228717763655258e-08,1.1443725907861468e-08,2.3802560486890944e-11,9.462194916487476e-12,1.1443725907861468e-08,,,,,,,,,
2026-03-22T17:26:46Z,test_cases/pglib_opf_case6468_rte.mat,pglib_opf_case6468_rte,oracle_ac_primal_only__Vm,oracle_ac_primal_only,none,ac_true,1,0,Vm,1,,,optimal,ok,1,14993.743207084104,2054736.4066703438,137.03958899996695,0,0.0632331371307373,2.3740689754486084,37.29425311088562,39.66832208633423,39.66832208633423,39.731555223464966,acopf_acdc_paper_study/cases/pglib_opf_case6468_rte/logs/oracle_ac_primal_only__Vm.log,0,120,2.133502114181993e-07,2.5647397906836122e-08,2.6858602808488286e-07,9.640012082228527e-08,2.133502114181993e-07,32.292,,,32.292,True,100.0,6468,9000,1295,399,3661,1,641,5826,85296.9,5691.1,105071.59,21581.35,48085.280000000006,-25825.900000000005,9000,0,0,2,1,2069730.1498774316,87242.28359477247,5587.410721313542,0.5622776292210239,1.1500000110785589,1.0383815769950409,0.034710762716515846,-0.6805608436746713,0.39948674524286487,-0.2188468873011525,0.14895454464506466,1508.4122540986048,1516.1555032056006,74.65610963096316,74.7210337645875,1.00000000270652,1.0000000047018185,0.10574017837007842,0.10593991144451027,1.514790568535318e-07,3.0231659309265524e-07,173,216,109,91,8,25,0,,,,,,0,,,,,,1,0.0,0.0,0.0,0.0,0.0,0,,,,,,0,0,0,7.424730481331203e-09,6.5189267317578015e-09,3.0367195075626885e-11,6.1047385044291536e-18,6.5189267317578015e-09,2.2799528850268564e-07,8.985461629612557e-08,3.530711259651089e-09,1.618987097162794e-10,8.985461629612557e-08,8.459809525748188e-08,7.070508711848333e-08,1.3464666846269574e-10,2.8872237933796896e-11,7.070508711848333e-08,1.222869369005949e-08,1.1444440602657868e-08,2.3725767035927466e-11,9.574958881319873e-12,1.1444440602657868e-08,,,,,,,,,
2026-03-22T17:27:24Z,test_cases/pglib_opf_case6468_rte.mat,pglib_opf_case6468_rte,oracle_ac_primal_only__Va,oracle_ac_primal_only,none,ac_true,1,0,Va,1,,,optimal,ok,1,14993.74320702316,2054736.4066619317,137.0395889994059,0,0.0632331371307373,2.2317678928375244,35.97594976425171,38.20771765708923,38.20771765708923,38.27095079421997,acopf_acdc_paper_study/cases/pglib_opf_case6468_rte/logs/oracle_ac_primal_only__Va.log,0,137,3.5694143258979187e-07,4.713844508480447e-08,2.685860209794555e-07,1.1869943530636447e-07,3.5694143258979187e-07,30.678,,,30.678,True,100.0,6468,9000,1295,399,3661,1,641,5826,85296.9,5691.1,105071.59,21581.35,48085.280000000006,-25825.900000000005,9000,0,0,2,1,2069730.1498690194,87242.28361574234,5587.411405353656,0.562277628474427,1.1500000110785589,1.038381575188826,0.034710764719467935,-0.6805608441382557,0.3994867473934443,-0.21884688765868635,0.14895454525402532,1508.4122447657246,1516.1555114105897,74.65610952242623,74.7210336015193,1.0000000027064317,1.000000004704185,0.10574017764291814,0.10593991049357528,1.5147410437066355e-07,3.0246875581951826e-07,173,216,109,91,8,25,0,,,,,,0,,,,,,0,,,,,,1,0.0,0.0,0.0,0.0,0.0,0,0,0,6.145062353564546e-07,5.320789950857829e-07,2.4978854837351254e-09,4.163336342344337e-16,5.320789950857829e-07,3.261865267506196e-05,2.1524349646952212e-05,2.6842562755782466e-07,2.6168214262156653e-09,2.1524349646952212e-05,7.3279166409673285e-06,6.825712912883475e-06,8.13194834178897e-09,6.878280167654793e-10,6.825712912883475e-06,1.157599766881523e-06,1.1096556309765984e-06,1.621391238246838e-09,8.546647556340048e-10,1.1096556309765984e-06,,,,,,,,,
2026-03-22T17:28:47Z,test_cases/pglib_opf_case6468_rte.mat,pglib_opf_case6468_rte,oracle_ac_primal_only__Pg_Qg,oracle_ac_primal_only,none,ac_true,1,0,Pg+Qg,2,,,maxIterations,warning,0,14620.726024858983,,,,0.0632331371307373,2.3211262226104736,80.03915596008301,82.36028218269348,82.36028218269348,82.42351531982422,acopf_acdc_paper_study/cases/pglib_opf_case6468_rte/logs/oracle_ac_primal_only__Pg_Qg.log,1,300,3311.4200097212197,1.370661954534317,0.0,10966149.250463126,10966149.250463126,75.091,,,75.091,True,100.0,6468,9000,1295,399,3661,1,641,5826,85296.9,5691.1,105071.59,21581.35,48085.280000000006,-25825.900000000005,9000,0,0,2,1,,,,,,,,,,,,,,,,,,,,,,,,,,,,1,0.0,0.0,0.0,0.0,0.0,1,0.0,0.0,0.0,0.0,0.0,0,,,,,,0,,,,,,0,0,0,,,,,,,,,,,,,,,,,,,,,,,,,,,,,
2026-03-22T17:30:02Z,test_cases/pglib_opf_case6468_rte.mat,pglib_opf_case6468_rte,oracle_ac_primal_only__Pg_Vm,oracle_ac_primal_only,none,ac_true,1,0,Pg+Vm,2,,,optimal,ok,1,14993.74320702282,2054736.4066618846,137.03958899940278,0,0.0632331371307373,3.8842830657958984,71.89449501037598,75.77877807617188,75.77877807617188,75.84201121330261,acopf_acdc_paper_study/cases/pglib_opf_case6468_rte/logs/oracle_ac_primal_only__Pg_Vm.log,0,239,3.5694224063841704e-07,4.71384749844983e-08,2.685860209794555e-07,1.186994459643495e-07,3.5694224063841704e-07,66.947,,,66.947,True,100.0,6468,9000,1295,399,3661,1,641,5826,85296.9,5691.1,105071.59,21581.35,48085.280000000006,-25825.900000000005,9000,0,0,2,1,2069730.1498689724,87242.28361574141,5587.411405353651,0.5622776284744447,1.1500000110785589,1.038381575188827,0.03471076471946964,-0.6805608441381453,0.3994867473935478,-0.21884688765862226,0.1489545452540734,1508.412244765766,1516.1555114105522,74.6561095224354,74.72103360152879,1.0000000027064317,1.0000000047041848,0.10574017764293307,0.10593991049359054,1.5147410437066355e-07,3.024687487140909e-07,173,216,109,91,8,25,1,0.0,0.0,0.0,0.0,0.0,0,,,,,,1,0.0,0.0,0.0,0.0,0.0,0,,,,,,0,0,0,6.14469643736545e-07,5.320809117748126e-07,2.4976149968889836e-09,4.163336342344337e-16,5.320809117748126e-07,3.261864610790978e-05,2.1524331553605947e-05,2.684257430717684e-07,2.6057239144172684e-09,2.1524331553605947e-05,7.32792064831128e-06,6.8257172283203715e-06,8.131947699171012e-09,6.878629332796038e-10,6.8257172283203715e-06,1.1575997996114768e-06,1.1096561524119239e-06,1.6213376623818635e-09,8.547219737531364e-10,1.1096561524119239e-06,,,,,,,,,
2026-03-22T17:30:38Z,test_cases/pglib_opf_case6468_rte.mat,pglib_opf_case6468_rte,oracle_ac_primal_only__Pg_Va,oracle_ac_primal_only,none,ac_true,1,0,Pg+Va,2,,,optimal,ok,1,14993.743207083935,2054736.4066703208,137.03958899996542,0,0.0632331371307373,2.316256046295166,33.4509391784668,35.76719522476196,35.76719522476196,35.8304283618927,acopf_acdc_paper_study/cases/pglib_opf_case6468_rte/logs/oracle_ac_primal_only__Pg_Va.log,0,120,2.1335062631084053e-07,2.5647395054950728e-08,2.6858602808488286e-07,9.640011859851232e-08,2.1335062631084053e-07,28.442,,,28.442,True,100.0,6468,9000,1295,399,3661,1,641,5826,85296.9,5691.1,105071.59,21581.35,48085.280000000006,-25825.900000000005,9000,0,0,2,1,2069730.1498774085,87242.28359477162,5587.410721311024,0.5622776292209847,1.1500000110785589,1.03838157699504,0.0347107627165105,-0.6805608436748338,0.39948674524268146,-0.21884688730125848,0.148954544645004,1508.412254098568,1516.1555032056328,74.6561096309519,74.72103376457586,1.0000000027065195,1.0000000047018198,0.10574017837006765,0.10593991144449899,1.5147902843182237e-07,3.023166854632109e-07,173,216,109,91,8,25,1,0.0,0.0,0.0,0.0,0.0,0,,,,,,0,,,,,,1,0.0,0.0,0.0,0.0,0.0,0,0,0,7.371413703329677e-09,6.520184392400097e-09,2.9971545942651356e-11,6.104210763198345e-18,6.520184392400097e-09,2.2794551535350868e-07,8.985530255620211e-08,3.5280461087497565e-09,1.799441290417647e-10,8.985530255620211e-08,8.459895668547722e-08,7.07070424432743e-08,1.3459603099829616e-10,2.8666513607333854e-11,7.07070424432743e-08,1.2228871161136e-08,1.1444510373236072e-08,2.3706313925372153e-11,9.47042444465751e-12,1.1444510373236072e-08,,,,,,,,,
2026-03-22T17:31:25Z,test_cases/pglib_opf_case6468_rte.mat,pglib_opf_case6468_rte,oracle_ac_primal_only__Qg_Vm,oracle_ac_primal_only,none,ac_true,1,0,Qg+Vm,2,,,optimal,ok,1,14993.743207084024,2054736.4066703331,137.03958899996624,0,0.0632331371307373,2.3137338161468506,44.474766969680786,46.78850078582764,46.78850078582764,46.851733922958374,acopf_acdc_paper_study/cases/pglib_opf_case6468_rte/logs/oracle_ac_primal_only__Qg_Vm.log,0,144,2.133492902159769e-07,2.5647397663974836e-08,2.6858602808488286e-07,9.640012085388243e-08,2.133492902159769e-07,39.672,,,39.672,True,100.0,6468,9000,1295,399,3661,1,641,5826,85296.9,5691.1,105071.59,21581.35,48085.280000000006,-25825.900000000005,9000,0,0,2,1,2069730.1498774209,87242.28359477215,5587.4107213135285,0.5622776292209891,1.1500000110785589,1.0383815769950386,0.034710762716521966,-0.6805608436746639,0.39948674524281913,-0.21884688730115825,0.1489545446450378,1508.4122540986077,1516.1555032055971,74.65610963096233,74.72103376458683,1.0000000027065206,1.0000000047018178,0.10574017837007806,0.10593991144450976,1.5147908527524123e-07,3.023165504600911e-07,173,216,109,91,8,25,0,,,,,,1,0.0,0.0,0.0,0.0,0.0,1,0.0,0.0,0.0,0.0,0.0,0,,,,,,0,0,0,7.419138428050113e-09,6.5194392107059684e-09,3.035027554177841e-11,6.104630970949522e-18,6.5194392107059684e-09,2.2798962175636243e-07,8.985474404116234e-08,3.5299282547261393e-09,1.6189963952806252e-10,8.985474404116234e-08,8.459757665796169e-08,7.070523722063626e-08,1.3463606157592575e-10,2.891920036773854e-11,7.070523722063626e-08,1.2228780716940718e-08,1.1444421146866723e-08,2.3730264486739564e-11,9.544920409609858e-12,1.1444421146866723e-08,,,,,,,,,
2026-03-22T17:32:25Z,test_cases/pglib_opf_case6468_rte.mat,pglib_opf_case6468_rte,oracle_ac_primal_only__Qg_Va,oracle_ac_primal_only,none,ac_true,1,0,Qg+Va,2,,,optimal,ok,1,14993.743207084053,2054736.406670337,137.0395889999665,0,0.0632331371307373,2.343332052230835,57.15208411216736,59.49541616439819,59.49541616439819,59.55864930152893,acopf_acdc_paper_study/cases/pglib_opf_case6468_rte/logs/oracle_ac_primal_only__Qg_Va.log,0,224,2.1335074484820607e-07,2.564739614435707e-08,2.6858602808488286e-07,9.640011874094785e-08,2.1335074484820607e-07,52.113,,,52.113,True,100.0,6468,9000,1295,399,3661,1,641,5826,85296.9,5691.1,105071.59,21581.35,48085.280000000006,-25825.900000000005,9000,0,0,2,1,2069730.1498774248,87242.28359477206,5587.410721309441,0.5622776292210147,1.1500000110785589,1.0383815769950377,0.034710762716516845,-0.6805608436748204,0.39948674524277505,-0.21884688730121926,0.14895454464502686,1508.4122540985547,1516.155503205643,74.65610963095317,74.7210337645776,1.00000000270652,1.0000000047018198,0.10574017837006294,0.1059399114444946,1.5147904619539077e-07,3.023166641469288e-07,173,216,109,91,8,25,0,,,,,,1,0.0,0.0,0.0,0.0,0.0,0,,,,,,1,0.0,0.0,0.0,0.0,0.0,0,0,0,7.3738711209581145e-09,6.519751849509703e-09,2.99682445220456e-11,6.103094069371398e-18,6.519751849509703e-09,2.2795499991010135e-07,8.98551734337949e-08,3.529040013471064e-09,1.7965778864592608e-10,8.98551734337949e-08,8.460000109301064e-08,7.070702157108144e-08,1.3461782441193073e-10,2.867783788218503e-11,7.070702157108144e-08,1.2228578647503614e-08,1.144459463395947e-08,2.3687993991549064e-11,9.519709673333487e-12,1.144459463395947e-08,,,,,,,,,
2026-03-22T17:32:43Z,test_cases/pglib_opf_case6468_rte.mat,pglib_opf_case6468_rte,oracle_ac_primal_only__Vm_Va,oracle_ac_primal_only,none,ac_true,1,0,Vm+Va,2,,,optimal,ok,1,14993.743207022711,2054736.4066618695,137.03958899940176,0,0.0632331371307373,2.3326189517974854,15.574098110198975,17.90671706199646,17.90671706199646,17.969950199127197,acopf_acdc_paper_study/cases/pglib_opf_case6468_rte/logs/oracle_ac_primal_only__Vm_Va.log,0,47,3.569415431197848e-07,4.7138443280692055e-08,2.685860209794555e-07,1.1869943533975753e-07,3.569415431197848e-07,10.757,,,10.757,False,100.0,6468,9000,1295,399,3661,1,641,5826,85296.9,5691.1,105071.59,21581.35,48085.280000000006,-25825.900000000005,9000,0,0,2,1,2069730.1498689572,87242.28361574054,5587.411405349825,0.5622776284745378,1.1500000110785589,1.0383815751888317,0.03471076471944004,-0.6805608441382499,0.3994867473933844,-0.21884688765871468,0.1489545452540123,1508.4122447657574,1516.1555114105597,74.65610952242629,74.72103360151971,1.000000002706431,1.0000000047041855,0.10574017764292519,0.10593991049358373,1.5147407594895412e-07,3.0246877713580034e-07,173,216,109,91,8,25,0,,,,,,0,,,,,,1,0.0,0.0,0.0,0.0,0.0,1,0.0,0.0,0.0,0.0,0.0,0,0,0,6.145125235590481e-07,5.320736695679784e-07,2.4979024269090094e-09,4.163336342344337e-16,5.320736695679784e-07,3.261866517821261e-05,2.152435904822364e-05,2.684257579035708e-07,2.6188442525665323e-09,2.152435904822364e-05,7.327916517356636e-06,6.825712655755822e-06,8.131924283712612e-09,6.877988734110829e-10,6.825712655755822e-06,1.157599741976342e-06,1.1096556408428382e-06,1.6213929202747725e-09,8.548227958815602e-10,1.1096556408428382e-06,,,,,,,,,
2026-03-22T17:33:40Z,test_cases/pglib_opf_case6468_rte.mat,pglib_opf_case6468_rte,oracle_ac_primal_only__Pg_Qg_Vm,oracle_ac_primal_only,none,ac_true,1,0,Pg+Qg+Vm,3,,,optimal,ok,1,14993.743207083806,2054736.4066703029,137.03958899996422,0,0.0632331371307373,2.3434319496154785,55.42466902732849,57.76810097694397,57.76810097694397,57.83133411407471,acopf_acdc_paper_study/cases/pglib_opf_case6468_rte/logs/oracle_ac_primal_only__Pg_Qg_Vm.log,0,219,2.1335121272754708e-07,2.5647398212147454e-08,2.6858602808488286e-07,9.640012080057584e-08,2.1335121272754708e-07,48.802,,,48.802,True,100.0,6468,9000,1295,399,3661,1,641,5826,85296.9,5691.1,105071.59,21581.35,48085.280000000006,-25825.900000000005,9000,0,0,2,1,2069730.1498773906,87242.2835947714,5587.410721313601,0.5622776292210673,1.1500000110785589,1.0383815769950449,0.03471076271651803,-0.6805608436746876,0.39948674524289485,-0.21884688730114882,0.1489545446450821,1508.4122540986127,1516.1555032055935,74.6561096309625,74.72103376458726,1.00000000270652,1.0000000047018185,0.10574017837008114,0.10593991144451305,1.514790568535318e-07,3.0231659309265524e-07,173,216,109,91,8,25,1,0.0,0.0,0.0,0.0,0.0,1,0.0,0.0,0.0,0.0,0.0,1,0.0,0.0,0.0,0.0,0.0,0,,,,,,0,0,0,7.4226417994232265e-09,6.5195457921163324e-09,3.0351076696918877e-11,6.1056566749090874e-18,6.5195457921163324e-09,2.2798866302092996e-07,8.985471005792944e-08,3.5296673247182187e-09,1.618990705387624e-10,8.985471005792944e-08,8.459739698024638e-08,7.070513197149353e-08,1.3464217633349568e-10,2.8865465573346683e-11,7.070513197149353e-08,1.2228488833405438e-08,1.1444468877783165e-08,2.3714546112997252e-11,9.578608739513328e-12,1.1444468877783165e-08,,,,,,,,,
2026-03-22T17:34:42Z,test_cases/pglib_opf_case6468_rte.mat,pglib_opf_case6468_rte,oracle_ac_primal_only__Pg_Qg_Va,oracle_ac_primal_only,none,ac_true,1,0,Pg+Qg+Va,3,,,optimal,ok,1,14993.743207023148,2054736.4066619298,137.0395889994058,0,0.0632331371307373,2.322222948074341,58.94069194793701,61.26291489601135,61.26291489601135,61.32614803314209,acopf_acdc_paper_study/cases/pglib_opf_case6468_rte/logs/oracle_ac_primal_only__Pg_Qg_Va.log,0,244,3.5694187608889716e-07,4.713844484888208e-08,2.685860209794555e-07,1.1869943651168104e-07,3.5694187608889716e-07,54.066,,,54.066,True,100.0,6468,9000,1295,399,3661,1,641,5826,85296.9,5691.1,105071.59,21581.35,48085.280000000006,-25825.900000000005,9000,0,0,2,1,2069730.1498690175,87242.28361574227,5587.411405351622,0.5622776284744266,1.1500000110785589,1.0383815751888217,0.034710764719450254,-0.6805608441382502,0.39948674739344686,-0.21884688765869023,0.14895454525403704,1508.412244765737,1516.1555114105774,74.65610952242679,74.72103360151984,1.0000000027064315,1.000000004704187,0.10574017764292636,0.10593991049358452,1.5147409371252252e-07,3.0246887661178334e-07,173,216,109,91,8,25,1,0.0,0.0,0.0,0.0,0.0,1,0.0,0.0,0.0,0.0,0.0,0,,,,,,1,0.0,0.0,0.0,0.0,0.0,0,0,0,6.145003854184421e-07,5.320774478789758e-07,2.4978733216682038e-09,4.163336342344337e-16,5.320774478789758e-07,3.2618661506114634e-05,2.1524355848914767e-05,2.684264382466942e-07,2.6174491463137883e-09,2.1524355848914767e-05,7.327917267534981e-06,6.8257133070126486e-06,8.131946951418297e-09,6.878297931223187e-10,6.8257133070126486e-06,1.1575998017780338e-06,1.109655677501882e-06,1.6213939050964582e-09,8.547514362966524e-10,1.109655677501882e-06,,,,,,,,,
2026-03-22T17:34:58Z,test_cases/pglib_opf_case6468_rte.mat,pglib_opf_case6468_rte,oracle_ac_primal_only__Pg_Vm_Va,oracle_ac_primal_only,none,ac_true,1,0,Pg+Vm+Va,3,,,optimal,ok,1,14993.743207022977,2054736.406661906,137.0395889994042,0,0.0632331371307373,2.3610587120056152,13.525147914886475,15.88620662689209,15.88620662689209,15.949439764022827,acopf_acdc_paper_study/cases/pglib_opf_case6468_rte/logs/oracle_ac_primal_only__Pg_Vm_Va.log,0,32,3.569416793235522e-07,4.7138441469640746e-08,2.685860209794555e-07,1.1869943546143899e-07,3.569416793235522e-07,7.017,,,7.017,False,100.0,6468,9000,1295,399,3661,1,641,5826,85296.9,5691.1,105071.59,21581.35,48085.280000000006,-25825.900000000005,9000,0,0,2,1,2069730.1498689938,87242.28361574146,5587.411405348749,0.5622776284745121,1.1500000110785589,1.0383815751888272,0.034710764719445314,-0.680560844138185,0.39948674739339457,-0.21884688765868276,0.14895454525399213,1508.4122447657633,1516.1555114105545,74.656109522427,74.72103360152089,1.000000002706431,1.000000004704186,0.10574017764292405,0.10593991049358328,1.5147407594895412e-07,3.0246880555750977e-07,173,216,109,91,8,25,1,0.0,0.0,0.0,0.0,0.0,0,,,,,,1,0.0,0.0,0.0,0.0,0.0,1,0.0,0.0,0.0,0.0,0.0,0,0,0,6.145111550403014e-07,5.320741243153293e-07,2.497881815941797e-09,4.163336342344337e-16,5.320741243153293e-07,3.261866751869693e-05,2.152436095274879e-05,2.684261731154349e-07,2.6172564115967134e-09,2.152436095274879e-05,7.327916486537102e-06,6.825712615565749e-06,8.131941027207817e-09,6.87769619034384e-10,6.825712615565749e-06,1.15759957666979e-06,1.1096556162730822e-06,1.6213652808834248e-09,8.546918728313813e-10,1.1096556162730822e-06,,,,,,,,,
2026-03-22T17:35:17Z,test_cases/pglib_opf_case6468_rte.mat,pglib_opf_case6468_rte,oracle_ac_primal_only__Qg_Vm_Va,oracle_ac_primal_only,none,ac_true,1,0,Qg+Vm+Va,3,,,optimal,ok,1,14993.743207084128,2054736.4066703473,137.03958899996718,0,0.0632331371307373,2.340885877609253,17.126903772354126,19.46778964996338,19.46778964996338,19.531022787094116,acopf_acdc_paper_study/cases/pglib_opf_case6468_rte/logs/oracle_ac_primal_only__Qg_Vm_Va.log,0,50,2.1335101458886526e-07,2.564739479127276e-08,2.6858602808488286e-07,9.640011805068721e-08,2.1335101458886526e-07,10.532,,,10.532,False,100.0,6468,9000,1295,399,3661,1,641,5826,85296.9,5691.1,105071.59,21581.35,48085.280000000006,-25825.900000000005,9000,0,0,2,1,2069730.149877435,87242.28359477215,5587.410721309043,0.5622776292210646,1.1500000110785589,1.038381576995046,0.034710762716505375,-0.6805608436748405,0.39948674524281225,-0.2188468873012004,0.1489545446450446,1508.4122540986089,1516.1555032055958,74.656109630955,74.72103376457972,1.0000000027065203,1.000000004701819,0.10574017837006991,0.10593991144450224,1.514790746171002e-07,3.023166144089373e-07,173,216,109,91,8,25,0,,,,,,1,0.0,0.0,0.0,0.0,0.0,1,0.0,0.0,0.0,0.0,0.0,1,0.0,0.0,0.0,0.0,0.0,0,0,0,7.391045282006091e-09,6.524755846726293e-09,2.998900095902419e-11,6.105057796145599e-18,6.524755846726293e-09,2.279551958242141e-07,8.985579038126024e-08,3.529497153624527e-09,1.7992092538055005e-10,8.985579038126024e-08,8.459999997334578e-08,7.070747476412009e-08,1.346059539856232e-10,2.862843295758921e-11,7.070747476412009e-08,1.2228574729372082e-08,1.1444715183363263e-08,2.3681623300633645e-11,9.49690326379482e-12,1.1444715183363263e-08,,,,,,,,,
2026-03-22T17:35:33Z,test_cases/pglib_opf_case6468_rte.mat,pglib_opf_case6468_rte,oracle_ac_primal_only__Pg_Qg_Vm_Va,oracle_ac_primal_only,none,ac_true,1,0,Pg+Qg+Vm+Va,4,,,optimal,ok,1,14993.743207022955,2054736.4066619033,137.039588999404,0,0.0632331371307373,3.5683581829071045,11.728250980377197,15.296609163284302,15.296609163284302,15.359842300415039,acopf_acdc_paper_study/cases/pglib_opf_case6468_rte/logs/oracle_ac_primal_only__Pg_Qg_Vm_Va.log,0,33,3.5694106847574773e-07,4.713844398845923e-08,2.685860209794555e-07,1.1869943494060957e-07,3.5694106847574773e-07,6.797,,,6.797,False,100.0,6468,9000,1295,399,3661,1,641,5826,85296.9,5691.1,105071.59,21581.35,48085.280000000006,-25825.900000000005,9000,0,0,2,1,2069730.149868991,87242.28361574146,5587.411405348572,0.5622776284745092,1.1500000110785589,1.0383815751888248,0.034710764719446514,-0.6805608441382917,0.3994867473934909,-0.2188468876586715,0.14895454525404922,1508.4122447657628,1516.155511410555,74.65610952242778,74.72103360152161,1.0000000027064315,1.0000000047041862,0.1057401776429242,0.10593991049358338,1.5147409371252252e-07,3.024688197683645e-07,173,216,109,91,8,25,1,0.0,0.0,0.0,0.0,0.0,1,0.0,0.0,0.0,0.0,0.0,1,0.0,0.0,0.0,0.0,0.0,1,0.0,0.0,0.0,0.0,0.0,0,0,0,6.144942004368563e-07,5.320742086922792e-07,2.4978823181619485e-09,4.163336342344337e-16,5.320742086922792e-07,3.2618663792396787e-05,2.1524356886216955e-05,2.6842665503756e-07,2.6176323331128515e-09,2.1524356886216955e-05,7.327916442990916e-06,6.825712500324599e-06,8.131944379126986e-09,6.87778500818581e-10,6.825712500324599e-06,1.1575996288657419e-06,1.1096554990647559e-06,1.6214004174696423e-09,8.54609355505076e-10,1.1096554990647559e-06,,,,,,,,,
2026-03-22T17:36:56Z,test_cases/pglib_opf_case6468_rte.mat,pglib_opf_case6468_rte,oracle_ac_primal_dual__Pg,oracle_ac_primal_dual,full,ac_true,1,0,Pg,1,,,maxIterations,warning,0,12948.658559580426,,,,0.0632331371307373,2.3443820476531982,80.66090893745422,83.00529098510742,83.00529098510742,83.06852412223816,acopf_acdc_paper_study/cases/pglib_opf_case6468_rte/logs/oracle_ac_primal_dual__Pg.log,1,300,65.74923955193377,0.3638794340519606,0.0,73.97984766338121,73.97984766338121,75.875,,,75.875,True,100.0,6468,9000,1295,399,3661,1,641,5826,85296.9,5691.1,105071.59,21581.35,48085.280000000006,-25825.900000000005,9000,0,0,2,1,,,,,,,,,,,,,,,,,,,,,,,,,,,,1,0.0,0.0,0.0,0.0,0.0,0,,,,,,0,,,,,,0,,,,,,1,1,1,,,,,,,,,,,,,,,,,,,,,,,,,,,,,
2026-03-22T17:39:04Z,test_cases/pglib_opf_case6468_rte.mat,pglib_opf_case6468_rte,oracle_ac_primal_dual__Qg,oracle_ac_primal_dual,full,ac_true,1,0,Qg,1,,,maxIterations,warning,0,11266.326279513603,,,,0.0632331371307373,2.4852559566497803,126.30753803253174,128.79279398918152,128.79279398918152,128.85602712631226,acopf_acdc_paper_study/cases/pglib_opf_case6468_rte/logs/oracle_ac_primal_dual__Qg.log,1,300,16355774121.451704,1.3868838926694254,0.0,234.94530288514827,17023858.769051008,120.882,,,120.882,True,100.0,6468,9000,1295,399,3661,1,641,5826,85296.9,5691.1,105071.59,21581.35,48085.280000000006,-25825.900000000005,9000,0,0,2,1,,,,,,,,,,,,,,,,,,,,,,,,,,,,0,,,,,,1,0.0,0.0,0.0,0.0,0.0,0,,,,,,0,,,,,,1,1,1,,,,,,,,,,,,,,,,,,,,,,,,,,,,,
2026-03-22T17:40:24Z,test_cases/pglib_opf_case6468_rte.mat,pglib_opf_case6468_rte,oracle_ac_primal_dual__Vm,oracle_ac_primal_dual,full,ac_true,1,0,Vm,1,,,maxIterations,warning,0,13015.153803077974,,,,0.0632331371307373,2.398822069168091,76.73372387886047,79.13254594802856,79.13254594802856,79.1957790851593,acopf_acdc_paper_study/cases/pglib_opf_case6468_rte/logs/oracle_ac_primal_dual__Vm.log,1,300,313.61916114705974,0.0427302755580073,9.059882937617614e-09,5588.937087181669,5588.937087181669,71.656,,,71.656,True,100.0,6468,9000,1295,399,3661,1,641,5826,85296.9,5691.1,105071.59,21581.35,48085.280000000006,-25825.900000000005,9000,0,0,2,1,,,,,,,,,,,,,,,,,,,,,,,,,,,,0,,,,,,0,,,,,,1,0.0,0.0,0.0,0.0,0.0,0,,,,,,1,1,1,,,,,,,,,,,,,,,,,,,,,,,,,,,,,
2026-03-22T17:41:25Z,test_cases/pglib_opf_case6468_rte.mat,pglib_opf_case6468_rte,oracle_ac_primal_dual__Va,oracle_ac_primal_dual,full,ac_true,1,0,Va,1,,,optimal,ok,1,14993.74320715241,2054736.4066797742,137.0395890005959,0,0.0632331371307373,1.4821171760559082,60.006717920303345,61.48883509635925,61.48883509635925,61.55206823348999,acopf_acdc_paper_study/cases/pglib_opf_case6468_rte/logs/oracle_ac_primal_dual__Va.log,0,254,2.368308511855542e-08,3.3279450098455676e-09,2.6858604584845125e-07,7.094343800851339e-08,7.094343800851339e-08,55.105,,,55.105,True,100.0,6468,9000,1295,399,3661,1,641,5826,85296.9,5691.1,105071.59,21581.35,48085.280000000006,-25825.900000000005,9000,0,0,2,1,2069730.149886862,87242.28357089961,5587.409937368474,0.562277629674222,1.1500000110785606,1.0383815792475772,0.03471076052673294,-0.6805608431624091,0.39948674291710384,-0.21884688685832454,0.14895454396980437,1508.412264524161,1516.1554940399935,74.65610977781725,74.72103397725436,1.0000000027067582,1.0000000046990527,0.10574017923731434,0.10593991258007071,1.5149237242439995e-07,3.021387584567492e-07,173,216,109,91,8,25,0,,,,,,0,,,,,,0,,,,,,1,0.0,0.0,0.0,0.0,0.0,1,1,1,7.222818230237223e-07,6.196325053053897e-07,2.9042652505326155e-09,4.787317928113151e-16,6.196325053053897e-07,1.4993540176162625e-05,7.305592684969664e-06,2.0226213395604402e-07,2.9046205649030377e-09,7.305592684969664e-06,8.680274611801402e-06,8.060062495873765e-06,9.637714030658467e-09,7.460547735149703e-10,8.060062495873765e-06,1.3666447657249226e-06,1.3101972052929206e-06,1.89136622897905e-09,9.63245219698372e-10,1.3101972052929206e-06,,,,,,,,,
2026-03-22T17:42:28Z,test_cases/pglib_opf_case6468_rte.mat,pglib_opf_case6468_rte,oracle_ac_primal_dual__Pg_Qg,oracle_ac_primal_dual,full,ac_true,1,0,Pg+Qg,2,,,optimal,ok,1,14993.743207152615,2054736.4066798019,137.03958900059774,0,0.0632331371307373,2.526340961456299,60.688106060028076,63.214447021484375,63.214447021484375,63.27768015861511,acopf_acdc_paper_study/cases/pglib_opf_case6468_rte/logs/oracle_ac_primal_dual__Pg_Qg.log,0,235,2.3630884835330642e-08,3.3171789481922787e-09,2.6858604940116493e-07,7.09313879710059e-08,7.09313879710059e-08,55.821,,,55.821,True,100.0,6468,9000,1295,399,3661,1,641,5826,85296.9,5691.1,105071.59,21581.35,48085.280000000006,-25825.900000000005,9000,0,0,2,1,2069730.1498868896,87242.28357098295,5587.409938092102,0.5622776296886419,1.1500000110785606,1.0383815792483713,0.03471076052684628,-0.6805608431628011,0.39948674292484176,-0.21884688685655074,0.14895454397225236,1508.4122645269724,1516.155494037522,74.6561097786573,74.72103397823011,1.0000000027067557,1.0000000046989133,0.10574017923826703,0.10593991258130059,1.514922480794212e-07,3.0212978430199655e-07,173,216,109,91,8,25,1,0.0,0.0,0.0,0.0,0.0,1,0.0,0.0,0.0,0.0,0.0,0,,,,,,0,,,,,,1,1,1,7.197685491055451e-07,6.17499885890993e-07,2.895140239435356e-09,4.996003610813204e-16,6.17499885890993e-07,1.4998320636167784e-05,7.309182597274588e-06,2.0227648990020195e-07,2.9046151733824743e-09,7.309182597274588e-06,8.684407644170569e-06,8.064022379628e-06,9.640192365861987e-09,7.43576533679402e-10,8.064022379628e-06,1.367283134304553e-06,1.3108474081037838e-06,1.8903987606504682e-09,9.626165420328903e-10,1.3108474081037838e-06,,,,,,,,,
2026-03-22T17:43:51Z,test_cases/pglib_opf_case6468_rte.mat,pglib_opf_case6468_rte,oracle_ac_primal_dual__Pg_Vm,oracle_ac_primal_dual,full,ac_true,1,0,Pg+Vm,2,,,maxIterations,warning,0,13748.826019408853,,,,0.0632331371307373,2.3785388469696045,79.88933825492859,82.2678771018982,82.2678771018982,82.33111023902893,acopf_acdc_paper_study/cases/pglib_opf_case6468_rte/logs/oracle_ac_primal_dual__Pg_Vm.log,1,300,85.28905896054523,3.055164317265258,1.1214816186821963e-08,8529.317970606977,8529.317970606977,74.845,,,74.845,True,100.0,6468,9000,1295,399,3661,1,641,5826,85296.9,5691.1,105071.59,21581.35,48085.280000000006,-25825.900000000005,9000,0,0,2,1,,,,,,,,,,,,,,,,,,,,,,,,,,,,1,0.0,0.0,0.0,0.0,0.0,0,,,,,,1,0.0,0.0,0.0,0.0,0.0,0,,,,,,1,1,1,,,,,,,,,,,,,,,,,,,,,,,,,,,,,
2026-03-22T17:45:08Z,test_cases/pglib_opf_case6468_rte.mat,pglib_opf_case6468_rte,oracle_ac_primal_dual__Pg_Va,oracle_ac_primal_dual,full,ac_true,1,0,Pg+Va,2,,,maxIterations,warning,0,14958.85962095146,,,,0.0632331371307373,1.5279669761657715,75.63747692108154,77.16544389724731,77.16544389724731,77.22867703437805,acopf_acdc_paper_study/cases/pglib_opf_case6468_rte/logs/oracle_ac_primal_dual__Pg_Va.log,1,300,15184.507510147676,0.569253713753307,4.9980739547095254e-08,4554.80816551935,15184.507510147676,70.769,,,70.769,True,100.0,6468,9000,1295,399,3661,1,641,5826,85296.9,5691.1,105071.59,21581.35,48085.280000000006,-25825.900000000005,9000,0,0,2,1,,,,,,,,,,,,,,,,,,,,,,,,,,,,1,0.0,0.0,0.0,0.0,0.0,0,,,,,,0,,,,,,1,0.0,0.0,0.0,0.0,0.0,1,1,1,,,,,,,,,,,,,,,,,,,,,,,,,,,,,
2026-03-22T17:46:30Z,test_cases/pglib_opf_case6468_rte.mat,pglib_opf_case6468_rte,oracle_ac_primal_dual__Qg_Vm,oracle_ac_primal_dual,full,ac_true,1,0,Qg+Vm,2,,,maxIterations,warning,0,10283.304903766453,,,,0.0632331371307373,2.6347851753234863,79.83690309524536,82.47168827056885,82.47168827056885,82.53492140769958,acopf_acdc_paper_study/cases/pglib_opf_case6468_rte/logs/oracle_ac_primal_dual__Qg_Vm.log,1,300,638.3427265855333,12.978530183563176,1.0394699101468063e-08,9637.2956999557,9637.2956999557,73.168,,,73.168,True,100.0,6468,9000,1295,399,3661,1,641,5826,85296.9,5691.1,105071.59,21581.35,48085.280000000006,-25825.900000000005,9000,0,0,2,1,,,,,,,,,,,,,,,,,,,,,,,,,,,,0,,,,,,1,0.0,0.0,0.0,0.0,0.0,1,0.0,0.0,0.0,0.0,0.0,0,,,,,,1,1,1,,,,,,,,,,,,,,,,,,,,,,,,,,,,,
2026-03-22T17:47:47Z,test_cases/pglib_opf_case6468_rte.mat,pglib_opf_case6468_rte,oracle_ac_primal_dual__Qg_Va,oracle_ac_primal_dual,full,ac_true,1,0,Qg+Va,2,,,maxIterations,warning,0,12601.710453376301,,,,0.0632331371307373,1.866325855255127,75.17256212234497,77.0388879776001,77.0388879776001,77.10212111473083,acopf_acdc_paper_study/cases/pglib_opf_case6468_rte/logs/oracle_ac_primal_dual__Qg_Va.log,1,300,82.95797241653062,2.532574375418202,1.1130161681194295e-07,8476.621410224085,8476.621410224085,70.183,,,70.183,True,100.0,6468,9000,1295,399,3661,1,641,5826,85296.9,5691.1,105071.59,21581.35,48085.280000000006,-25825.900000000005,9000,0,0,2,1,,,,,,,,,,,,,,,,,,,,,,,,,,,,0,,,,,,1,0.0,0.0,0.0,0.0,0.0,0,,,,,,1,0.0,0.0,0.0,0.0,0.0,1,1,1,,,,,,,,,,,,,,,,,,,,,,,,,,,,,
2026-03-22T17:49:10Z,test_cases/pglib_opf_case6468_rte.mat,pglib_opf_case6468_rte,oracle_ac_primal_dual__Vm_Va,oracle_ac_primal_dual,full,ac_true,1,0,Vm+Va,2,,,maxIterations,warning,0,14564.884374085603,,,,0.0632331371307373,2.537260055541992,79.64673089981079,82.18399095535278,82.18399095535278,82.24722409248352,acopf_acdc_paper_study/cases/pglib_opf_case6468_rte/logs/oracle_ac_primal_dual__Vm_Va.log,1,300,109.0631910914997,0.28319526439887777,1.3396096498752286e-07,0.21498981480552498,109.0631910914997,74.575,,,74.575,True,100.0,6468,9000,1295,399,3661,1,641,5826,85296.9,5691.1,105071.59,21581.35,48085.280000000006,-25825.900000000005,9000,0,0,2,1,,,,,,,,,,,,,,,,,,,,,,,,,,,,0,,,,,,0,,,,,,1,0.0,0.0,0.0,0.0,0.0,1,0.0,0.0,0.0,0.0,0.0,1,1,1,,,,,,,,,,,,,,,,,,,,,,,,,,,,,
2026-03-22T17:50:30Z,test_cases/pglib_opf_case6468_rte.mat,pglib_opf_case6468_rte,oracle_ac_primal_dual__Pg_Qg_Vm,oracle_ac_primal_dual,full,ac_true,1,0,Pg+Qg+Vm,3,,,maxIterations,warning,0,15197.173372900605,,,,0.0632331371307373,1.5273520946502686,78.50346684455872,80.03081893920898,80.03081893920898,80.09405207633972,acopf_acdc_paper_study/cases/pglib_opf_case6468_rte/logs/oracle_ac_primal_dual__Pg_Qg_Vm.log,1,300,91.92655693612345,0.2899826938434304,1.1499053265140446e-08,1077.1573986999247,1077.1573986999247,70.909,,,70.909,True,100.0,6468,9000,1295,399,3661,1,641,5826,85296.9,5691.1,105071.59,21581.35,48085.280000000006,-25825.900000000005,9000,0,0,2,1,,,,,,,,,,,,,,,,,,,,,,,,,,,,1,0.0,0.0,0.0,0.0,0.0,1,0.0,0.0,0.0,0.0,0.0,1,0.0,0.0,0.0,0.0,0.0,0,,,,,,1,1,1,,,,,,,,,,,,,,,,,,,,,,,,,,,,,
2026-03-22T17:51:49Z,test_cases/pglib_opf_case6468_rte.mat,pglib_opf_case6468_rte,oracle_ac_primal_dual__Pg_Qg_Va,oracle_ac_primal_dual,full,ac_true,1,0,Pg+Qg+Va,3,,,maxIterations,warning,0,14786.905923163393,,,,0.0632331371307373,1.6593682765960693,78.16348886489868,79.82285714149475,79.82285714149475,79.88609027862549,acopf_acdc_paper_study/cases/pglib_opf_case6468_rte/logs/oracle_ac_primal_dual__Pg_Qg_Va.log,1,300,96.55471043527233,3.0284902349161107,1.0574370712390646e-08,5.587584469389756,96.55471043527233,73.288,,,73.288,True,100.0,6468,9000,1295,399,3661,1,641,5826,85296.9,5691.1,105071.59,21581.35,48085.280000000006,-25825.900000000005,9000,0,0,2,1,,,,,,,,,,,,,,,,,,,,,,,,,,,,1,0.0,0.0,0.0,0.0,0.0,1,0.0,0.0,0.0,0.0,0.0,0,,,,,,1,0.0,0.0,0.0,0.0,0.0,1,1,1,,,,,,,,,,,,,,,,,,,,,,,,,,,,,
2026-03-22T17:52:28Z,test_cases/pglib_opf_case6468_rte.mat,pglib_opf_case6468_rte,oracle_ac_primal_dual__Pg_Vm_Va,oracle_ac_primal_dual,full,ac_true,1,0,Pg+Vm+Va,3,,,optimal,ok,1,14993.74320715267,2054736.4066798096,137.03958900059826,0,0.0632331371307373,2.600163698196411,36.13087582588196,38.73103952407837,38.73103952407837,38.794272661209106,acopf_acdc_paper_study/cases/pglib_opf_case6468_rte/logs/oracle_ac_primal_dual__Pg_Vm_Va.log,0,113,2.3735196925958806e-08,3.339006585112436e-09,2.6858604584845125e-07,7.095540525143146e-08,7.095540525143146e-08,31.085,,,31.085,False,100.0,6468,9000,1295,399,3661,1,641,5826,85296.9,5691.1,105071.59,21581.35,48085.280000000006,-25825.900000000005,9000,0,0,2,1,2069730.1498868973,87242.2835707593,5587.409936001381,0.5622776296528709,1.1500000110785606,1.038381579246687,0.0347107605251453,-0.6805608431602361,0.39948674290282715,-0.21884688686123435,0.14895454396564475,1508.4122645246287,1516.1554940395843,74.65610977652013,74.72103397574439,1.000000002706761,1.0000000046992663,0.1057401792360912,0.10593991257846758,1.5149253940194285e-07,3.021524861424041e-07,173,216,109,91,8,25,1,0.0,0.0,0.0,0.0,0.0,0,,,,,,1,0.0,0.0,0.0,0.0,0.0,1,0.0,0.0,0.0,0.0,0.0,1,1,1,7.266276669970921e-07,6.233187299642395e-07,2.9208171452382506e-09,4.996003610813204e-16,6.233187299642395e-07,1.499081074168965e-05,7.301940595193235e-06,2.0232987398937e-07,2.904628872493764e-09,7.301940595193235e-06,8.676083851874787e-06,8.056035145642682e-06,9.636352135780004e-09,7.44312722567031e-10,8.056035145642682e-06,1.3660164137964012e-06,1.309531294425674e-06,1.8936953396966395e-09,9.65140523057073e-10,1.309531294425674e-06,,,,,,,,,
2026-03-22T17:53:53Z,test_cases/pglib_opf_case6468_rte.mat,pglib_opf_case6468_rte,oracle_ac_primal_dual__Qg_Vm_Va,oracle_ac_primal_dual,full,ac_true,1,0,Qg+Vm+Va,3,,,maxIterations,warning,0,12913.782415688065,,,,0.0632331371307373,2.5172040462493896,82.1438729763031,84.66107702255249,84.66107702255249,84.72431015968323,acopf_acdc_paper_study/cases/pglib_opf_case6468_rte/logs/oracle_ac_primal_dual__Qg_Vm_Va.log,1,300,136.1332288033502,2.3825885043142048,7.89502099252104e-08,3.6074970809153353,136.1332288033502,77.054,,,77.054,True,100.0,6468,9000,1295,399,3661,1,641,5826,85296.9,5691.1,105071.59,21581.35,48085.280000000006,-25825.900000000005,9000,0,0,2,1,,,,,,,,,,,,,,,,,,,,,,,,,,,,0,,,,,,1,0.0,0.0,0.0,0.0,0.0,1,0.0,0.0,0.0,0.0,0.0,1,0.0,0.0,0.0,0.0,0.0,1,1,1,,,,,,,,,,,,,,,,,,,,,,,,,,,,,
2026-03-22T17:54:03Z,test_cases/pglib_opf_case6468_rte.mat,pglib_opf_case6468_rte,oracle_ac_primal_dual__Pg_Qg_Vm_Va,oracle_ac_primal_dual,full,ac_true,1,0,Pg+Qg+Vm+Va,4,,,optimal,ok,1,14993.74320715279,2054736.406679826,137.03958900059936,0,0.0632331371307373,1.5425281524658203,8.51145887374878,10.0539870262146,10.0539870262146,10.117220163345337,acopf_acdc_paper_study/cases/pglib_opf_case6468_rte/logs/oracle_ac_primal_dual__Pg_Qg_Vm_Va.log,0,4,2.413221162274134e-08,3.3873013491336756e-09,2.6858604940116493e-07,7.104266516012496e-08,7.104266516012496e-08,2.306,,,2.306,False,100.0,6468,9000,1295,399,3661,1,641,5826,85296.9,5691.1,105071.59,21581.35,48085.280000000006,-25825.900000000005,9000,0,0,2,1,2069730.1498869138,87242.28357109246,5587.409941591091,0.5622776296837649,1.1500000110785606,1.0383815792427833,0.03471076053872348,-0.680560843164849,0.399486742937467,-0.21884688685747888,0.14895454397561958,1508.4122644778627,1516.1554940806973,74.65610977834051,74.72103397764359,1.0000000027067557,1.0000000046989144,0.1057401792355565,0.10593991257742552,1.514922480794212e-07,3.0212986956712484e-07,173,216,109,91,8,25,1,0.0,0.0,0.0,0.0,0.0,1,0.0,0.0,0.0,0.0,0.0,1,0.0,0.0,0.0,0.0,0.0,1,0.0,0.0,0.0,0.0,0.0,1,1,1,7.165609920317462e-07,6.147075826135051e-07,2.881824270008513e-09,4.996003610813204e-16,6.147075826135051e-07,1.494297181189018e-05,7.277244679426004e-06,2.0165284324746173e-07,2.9046045030983736e-09,7.277244679426004e-06,8.64726974297176e-06,8.028799748815985e-06,9.604888822172254e-09,7.421990799727496e-10,8.028799748815985e-06,1.3613217784574935e-06,1.305125231668841e-06,1.8825633246799237e-09,9.578849519131793e-10,1.305125231668841e-06,,,,,,,,,
2026-03-22T17:55:21Z,test_cases/pglib_opf_case6468_rte.mat,pglib_opf_case6468_rte,oracle_ac_constraint_dual__Pg,oracle_ac_constraint_dual,constraint_only,ac_true,1,0,Pg,1,,,maxIterations,warning,0,13485.765863192899,,,,0.0632331371307373,2.6580119132995605,75.68425703048706,78.34226894378662,78.34226894378662,78.40550208091736,acopf_acdc_paper_study/cases/pglib_opf_case6468_rte/logs/oracle_ac_constraint_dual__Pg.log,1,300,46.29612819518469,0.2490100908114421,0.0,25.355257009248742,46.29612819518469,70.556,,,70.556,True,100.0,6468,9000,1295,399,3661,1,641,5826,85296.9,5691.1,105071.59,21581.35,48085.280000000006,-25825.900000000005,9000,0,0,2,1,,,,,,,,,,,,,,,,,,,,,,,,,,,,1,0.0,0.0,0.0,0.0,0.0,0,,,,,,0,,,,,,0,,,,,,1,1,0,,,,,,,,,,,,,,,,,,,,,,,,,,,,,
2026-03-22T17:56:37Z,test_cases/pglib_opf_case6468_rte.mat,pglib_opf_case6468_rte,oracle_ac_constraint_dual__Qg,oracle_ac_constraint_dual,constraint_only,ac_true,1,0,Qg,1,,,maxIterations,warning,0,13378.66246485763,,,,0.0632331371307373,2.3560760021209717,73.15832424163818,75.51440024375916,75.51440024375916,75.57763338088989,acopf_acdc_paper_study/cases/pglib_opf_case6468_rte/logs/oracle_ac_constraint_dual__Qg.log,1,300,707.9258091152111,0.8692734445763692,1.2703182061812868e-08,8314.535541403342,8314.535541403342,68.269,,,68.269,True,100.0,6468,9000,1295,399,3661,1,641,5826,85296.9,5691.1,105071.59,21581.35,48085.280000000006,-25825.900000000005,9000,0,0,2,1,,,,,,,,,,,,,,,,,,,,,,,,,,,,0,,,,,,1,0.0,0.0,0.0,0.0,0.0,0,,,,,,0,,,,,,1,1,0,,,,,,,,,,,,,,,,,,,,,,,,,,,,,
2026-03-22T17:57:45Z,test_cases/pglib_opf_case6468_rte.mat,pglib_opf_case6468_rte,oracle_ac_constraint_dual__Vm,oracle_ac_constraint_dual,constraint_only,ac_true,1,0,Vm,1,,,optimal,ok,1,14993.743207152447,2054736.4066797788,137.0395890005962,0,0.0632331371307373,2.5075161457061768,65.60518217086792,68.1126983165741,68.1126983165741,68.17593145370483,acopf_acdc_paper_study/cases/pglib_opf_case6468_rte/logs/oracle_ac_constraint_dual__Vm.log,0,242,2.3630883762120628e-08,3.3171786567587347e-09,2.6858604940116493e-07,7.093138712031774e-08,7.093138712031774e-08,59.859,,,59.859,True,100.0,6468,9000,1295,399,3661,1,641,5826,85296.9,5691.1,105071.59,21581.35,48085.280000000006,-25825.900000000005,9000,0,0,2,1,2069730.1498868666,87242.28357098135,5587.409938067503,0.5622776296888649,1.1500000110785606,1.0383815792483977,0.0347107605267961,-0.680560843162961,0.39948674292492947,-0.2188468868565673,0.14895454397230795,1508.4122645271261,1516.1554940373853,74.65610977862279,74.72103397819654,1.0000000027067562,1.0000000046989144,0.10574017923824007,0.105939912581274,1.5149226939570326e-07,3.0212986956712484e-07,173,216,109,91,8,25,0,,,,,,0,,,,,,1,0.0,0.0,0.0,0.0,0.0,0,,,,,,1,1,0,7.198102980719086e-07,6.175216986648024e-07,2.895121334538688e-09,4.996003610813204e-16,6.175216986648024e-07,1.499836930683123e-05,7.309184742960995e-06,2.0227838052416769e-07,2.904615150831069e-09,7.309184742960995e-06,8.684408938886438e-06,8.06402469755163e-06,9.640134049492319e-09,7.435144722123255e-10,8.06402469755163e-06,1.3672832710528214e-06,1.3108478704275395e-06,1.8903267218495286e-09,9.622200397574332e-10,1.3108478704275395e-06,,,,,,,,,
2026-03-22T17:58:31Z,test_cases/pglib_opf_case6468_rte.mat,pglib_opf_case6468_rte,oracle_ac_constraint_dual__Va,oracle_ac_constraint_dual,constraint_only,ac_true,1,0,Va,1,,,optimal,ok,1,14993.743207152678,2054736.406679811,137.03958900059837,0,0.0632331371307373,2.4454948902130127,43.25757908821106,45.70307397842407,45.70307397842407,45.76630711555481,acopf_acdc_paper_study/cases/pglib_opf_case6468_rte/logs/oracle_ac_constraint_dual__Va.log,0,161,2.362686274442296e-08,3.316412540421698e-09,2.6858604940116493e-07,7.093046279549877e-08,7.093046279549877e-08,38.229,,,38.229,True,100.0,6468,9000,1295,399,3661,1,641,5826,85296.9,5691.1,105071.59,21581.35,48085.280000000006,-25825.900000000005,9000,0,0,2,1,2069730.1498868987,87242.2835709802,5587.4099380029165,0.562277629691287,1.1500000110785606,1.0383815792488076,0.034710760526581994,-0.6805608431631063,0.39948674292428316,-0.21884688685666442,0.14895454397217647,1508.4122645295456,1516.1554940352614,74.65610977862941,74.72103397820429,1.0000000027067542,1.0000000046989148,0.10574017923826055,0.10593991258130196,1.514921628142929e-07,3.021298908834069e-07,173,216,109,91,8,25,0,,,,,,0,,,,,,0,,,,,,1,0.0,0.0,0.0,0.0,0.0,1,1,0,7.198276196236803e-07,6.175681503961528e-07,2.8950408481229806e-09,4.996003610813204e-16,6.175681503961528e-07,1.4998726161903635e-05,7.309454615102989e-06,2.0228129561254391e-07,2.904616210747113e-09,7.309454615102989e-06,8.684723325881257e-06,8.064322916778721e-06,9.640303631768116e-09,7.435622118023844e-10,8.064322916778721e-06,1.3673329635603227e-06,1.310895892108789e-06,1.8903434180786057e-09,9.621018565164619e-10,1.310895892108789e-06,,,,,,,,,
2026-03-22T17:59:45Z,test_cases/pglib_opf_case6468_rte.mat,pglib_opf_case6468_rte,oracle_ac_constraint_dual__Pg_Qg,oracle_ac_constraint_dual,constraint_only,ac_true,1,0,Pg+Qg,2,,,maxIterations,warning,0,12891.478319324142,,,,0.0632331371307373,1.4878201484680176,73.12606501579285,74.61388516426086,74.61388516426086,74.6771183013916,acopf_acdc_paper_study/cases/pglib_opf_case6468_rte/logs/oracle_ac_constraint_dual__Pg_Qg.log,1,300,64.6710542531984,0.041029224549892385,0.0,3136.5070627150953,3136.5070627150953,68.307,,,68.307,True,100.0,6468,9000,1295,399,3661,1,641,5826,85296.9,5691.1,105071.59,21581.35,48085.280000000006,-25825.900000000005,9000,0,0,2,1,,,,,,,,,,,,,,,,,,,,,,,,,,,,1,0.0,0.0,0.0,0.0,0.0,1,0.0,0.0,0.0,0.0,0.0,0,,,,,,0,,,,,,1,1,0,,,,,,,,,,,,,,,,,,,,,,,,,,,,,
2026-03-22T18:01:09Z,test_cases/pglib_opf_case6468_rte.mat,pglib_opf_case6468_rte,oracle_ac_constraint_dual__Pg_Vm,oracle_ac_constraint_dual,constraint_only,ac_true,1,0,Pg+Vm,2,,,maxIterations,warning,0,14990.611439648408,,,,0.0632331371307373,2.641542911529541,81.19504380226135,83.8365867137909,83.8365867137909,83.89981985092163,acopf_acdc_paper_study/cases/pglib_opf_case6468_rte/logs/oracle_ac_constraint_dual__Pg_Vm.log,1,300,10.424893786023645,0.011323572804378193,5.9316249689800316e-09,0.03892591805442752,10.424893786023645,76.328,,,76.328,True,100.0,6468,9000,1295,399,3661,1,641,5826,85296.9,5691.1,105071.59,21581.35,48085.280000000006,-25825.900000000005,9000,0,0,2,1,,,,,,,,,,,,,,,,,,,,,,,,,,,,1,0.0,0.0,0.0,0.0,0.0,0,,,,,,1,0.0,0.0,0.0,0.0,0.0,0,,,,,,1,1,0,,,,,,,,,,,,,,,,,,,,,,,,,,,,,
2026-03-22T18:02:14Z,test_cases/pglib_opf_case6468_rte.mat,pglib_opf_case6468_rte,oracle_ac_constraint_dual__Pg_Va,oracle_ac_constraint_dual,constraint_only,ac_true,1,0,Pg+Va,2,,,optimal,ok,1,14993.743207152564,2054736.4066797951,137.0395890005973,0,0.0632331371307373,1.7230970859527588,63.046289920806885,64.76938700675964,64.76938700675964,64.83262014389038,acopf_acdc_paper_study/cases/pglib_opf_case6468_rte/logs/oracle_ac_constraint_dual__Pg_Va.log,0,253,2.362998245413184e-08,3.3169888988271445e-09,2.6858604940116493e-07,7.093117826274767e-08,7.093117826274767e-08,56.657,,,56.657,True,100.0,6468,9000,1295,399,3661,1,641,5826,85296.9,5691.1,105071.59,21581.35,48085.280000000006,-25825.900000000005,9000,0,0,2,1,2069730.1498868829,87242.28357098272,5587.409938079017,0.562277629688984,1.1500000110785606,1.0383815792483795,0.03471076052680599,-0.6805608431630332,0.3994867429249316,-0.21884688685659423,0.14895454397230967,1508.412264527133,1516.1554940373812,74.65610977863986,74.72103397821436,1.0000000027067564,1.000000004698913,0.10574017923838394,0.10593991258141293,1.5149227650113062e-07,3.0212977009114184e-07,173,216,109,91,8,25,1,0.0,0.0,0.0,0.0,0.0,0,,,,,,0,,,,,,1,0.0,0.0,0.0,0.0,0.0,1,1,0,7.197289232329421e-07,6.174927671409591e-07,2.8947122917893318e-09,4.996003610813204e-16,6.174927671409591e-07,1.4994657110370737e-05,7.30924781180281e-06,2.0210051245081785e-07,2.904615074503236e-09,7.30924781180281e-06,8.684472684560613e-06,8.064094237703046e-06,9.639971248983315e-09,7.434702853359454e-10,8.064094237703046e-06,1.3672938212261167e-06,1.310859100977016e-06,1.890258375684594e-09,9.6213434441772e-10,1.310859100977016e-06,,,,,,,,,
2026-03-22T18:03:34Z,test_cases/pglib_opf_case6468_rte.mat,pglib_opf_case6468_rte,oracle_ac_constraint_dual__Qg_Vm,oracle_ac_constraint_dual,constraint_only,ac_true,1,0,Qg+Vm,2,,,optimal,ok,1,14993.743207152618,2054736.4066798026,137.0395890005978,0,0.0632331371307373,1.557797908782959,78.84420013427734,80.4019980430603,80.4019980430603,80.46523118019104,acopf_acdc_paper_study/cases/pglib_opf_case6468_rte/logs/oracle_ac_constraint_dual__Qg_Vm.log,1,300,2.3638969818843675e-08,3.3188226264413423e-09,2.6858604584845125e-07,7.093325808158512e-08,7.093325808158512e-08,73.842,,,73.842,True,100.0,6468,9000,1295,399,3661,1,641,5826,85296.9,5691.1,105071.59,21581.35,48085.280000000006,-25825.900000000005,9000,0,0,2,1,2069730.1498868903,87242.28357097297,5587.409937999121,0.562277629687023,1.1500000110785606,1.0383815792482374,0.034710760526900204,-0.6805608431628722,0.3994867429240584,-0.21884688685678635,0.14895454397205454,1508.412264526487,1516.1554940379497,74.65610977852684,74.72103397808314,1.000000002706756,1.0000000046989324,0.10574017923811686,0.10593991258111338,1.5149225873756222e-07,3.021310135409294e-07,173,216,109,91,8,25,0,,,,,,1,0.0,0.0,0.0,0.0,0.0,1,0.0,0.0,0.0,0.0,0.0,0,,,,,,1,1,0,7.200968937915486e-07,6.177574682908471e-07,2.896196366528297e-09,4.996003610813204e-16,6.177574682908471e-07,1.4995752770867292e-05,7.308631701261753e-06,2.0220750000684608e-07,2.904615926252463e-09,7.308631701261753e-06,8.683771868518394e-06,8.063414635106625e-06,9.639739165785742e-09,7.43545558457015e-10,8.063414635106625e-06,1.3671839498768347e-06,1.310747950472417e-06,1.8904272868085025e-09,9.62309371077552e-10,1.310747950472417e-06,,,,,,,,,
2026-03-22T18:04:53Z,test_cases/pglib_opf_case6468_rte.mat,pglib_opf_case6468_rte,oracle_ac_constraint_dual__Qg_Va,oracle_ac_constraint_dual,constraint_only,ac_true,1,0,Qg+Va,2,,,maxIterations,warning,0,15332.496774842682,,,,0.0632331371307373,2.507467031478882,76.20618915557861,78.7136561870575,78.7136561870575,78.77688932418823,acopf_acdc_paper_study/cases/pglib_opf_case6468_rte/logs/oracle_ac_constraint_dual__Qg_Va.log,1,300,60.27540276834988,0.040447579984143486,0.0,33.17455143414835,60.27540276834988,71.209,,,71.209,True,100.0,6468,9000,1295,399,3661,1,641,5826,85296.9,5691.1,105071.59,21581.35,48085.280000000006,-25825.900000000005,9000,0,0,2,1,,,,,,,,,,,,,,,,,,,,,,,,,,,,0,,,,,,1,0.0,0.0,0.0,0.0,0.0,0,,,,,,1,0.0,0.0,0.0,0.0,0.0,1,1,0,,,,,,,,,,,,,,,,,,,,,,,,,,,,,
2026-03-22T18:06:14Z,test_cases/pglib_opf_case6468_rte.mat,pglib_opf_case6468_rte,oracle_ac_constraint_dual__Vm_Va,oracle_ac_constraint_dual,constraint_only,ac_true,1,0,Vm+Va,2,,,maxIterations,warning,0,14974.993281722136,,,,0.0632331371307373,4.657119035720825,76.1218831539154,80.77900218963623,80.77900218963623,80.84223532676697,acopf_acdc_paper_study/cases/pglib_opf_case6468_rte/logs/oracle_ac_constraint_dual__Vm_Va.log,1,300,50.44100808815247,0.018551997879090277,1.6880356668025343e-07,4126.5210352684635,4126.5210352684635,71.245,,,71.245,True,100.0,6468,9000,1295,399,3661,1,641,5826,85296.9,5691.1,105071.59,21581.35,48085.280000000006,-25825.900000000005,9000,0,0,2,1,,,,,,,,,,,,,,,,,,,,,,,,,,,,0,,,,,,0,,,,,,1,0.0,0.0,0.0,0.0,0.0,1,0.0,0.0,0.0,0.0,0.0,1,1,0,,,,,,,,,,,,,,,,,,,,,,,,,,,,,
2026-03-22T18:07:22Z,test_cases/pglib_opf_case6468_rte.mat,pglib_opf_case6468_rte,oracle_ac_constraint_dual__Pg_Qg_Vm,oracle_ac_constraint_dual,constraint_only,ac_true,1,0,Pg+Qg+Vm,3,,,optimal,ok,1,14993.743207152756,2054736.406679822,137.03958900059908,0,0.0632331371307373,2.3960318565368652,65.69532990455627,68.09136176109314,68.09136176109314,68.15459489822388,acopf_acdc_paper_study/cases/pglib_opf_case6468_rte/logs/oracle_ac_constraint_dual__Pg_Qg_Vm.log,0,242,2.3630881755832248e-08,3.317177199591015e-09,2.6858604940116493e-07,7.09313871067603e-08,7.09313871067603e-08,58.48,,,58.48,True,100.0,6468,9000,1295,399,3661,1,641,5826,85296.9,5691.1,105071.59,21581.35,48085.280000000006,-25825.900000000005,9000,0,0,2,1,2069730.1498869096,87242.28357098254,5587.409938069116,0.5622776296888249,1.1500000110785606,1.0383815792483961,0.03471076052678879,-0.6805608431629192,0.3994867429249656,-0.21884688685654147,0.14895454397232535,1508.412264527127,1516.1554940373856,74.65610977862175,74.72103397819552,1.0000000027067557,1.000000004698913,0.10574017923823824,0.1059399125812718,1.514922480794212e-07,3.0212977009114184e-07,173,216,109,91,8,25,1,0.0,0.0,0.0,0.0,0.0,1,0.0,0.0,0.0,0.0,0.0,1,0.0,0.0,0.0,0.0,0.0,0,,,,,,1,1,0,7.198184324940522e-07,6.175207181158271e-07,2.8951527812291307e-09,4.996003610813204e-16,6.175207181158271e-07,1.4998367527724652e-05,7.309184705657501e-06,2.0227823687127748e-07,2.90461520113805e-09,7.309184705657501e-06,8.68440883997386e-06,8.0640246555852e-06,9.640151871833188e-09,7.435140281231156e-10,8.0640246555852e-06,1.3672833893041573e-06,1.3108479182564678e-06,1.890335737760821e-09,9.622497798567053e-10,1.3108479182564678e-06,,,,,,,,,
2026-03-22T18:08:07Z,test_cases/pglib_opf_case6468_rte.mat,pglib_opf_case6468_rte,oracle_ac_constraint_dual__Pg_Qg_Va,oracle_ac_constraint_dual,constraint_only,ac_true,1,0,Pg+Qg+Va,3,,,optimal,ok,1,14993.743207152518,2054736.4066797886,137.03958900059686,0,0.0632331371307373,1.540891170501709,43.24202299118042,44.78291416168213,44.78291416168213,44.846147298812866,acopf_acdc_paper_study/cases/pglib_opf_case6468_rte/logs/oracle_ac_constraint_dual__Pg_Qg_Va.log,0,163,2.367066887503616e-08,3.32337609515454e-09,2.6858604584845125e-07,7.09393502273105e-08,7.09393502273105e-08,38.403,,,38.403,True,100.0,6468,9000,1295,399,3661,1,641,5826,85296.9,5691.1,105071.59,21581.35,48085.280000000006,-25825.900000000005,9000,0,0,2,1,2069730.1498868763,87242.28357097707,5587.4099382115555,0.5622776296862873,1.1500000110785606,1.0383815792460565,0.034710760526781334,-0.6805608431634195,0.39948674292371406,-0.21884688685753276,0.14895454397206281,1508.4122645237462,1516.1554940403585,74.65610977846234,74.72103397799498,1.0000000027067564,1.0000000046989337,0.10574017923795874,0.1059399125808889,1.5149228715927165e-07,3.021310988060577e-07,173,216,109,91,8,25,1,0.0,0.0,0.0,0.0,0.0,1,0.0,0.0,0.0,0.0,0.0,0,,,,,,1,0.0,0.0,0.0,0.0,0.0,1,1,0,7.198934916506935e-07,6.176439866223404e-07,2.895275559463799e-09,4.996003610813204e-16,6.176439866223404e-07,1.499404619693082e-05,7.306881749914729e-06,2.0220650058767486e-07,2.9044889531676388e-09,7.306881749914729e-06,8.681610773620253e-06,8.061484238153227e-06,9.635283324366e-09,7.431397719415145e-10,8.061484238153227e-06,1.3668526761634658e-06,1.3104333286611744e-06,1.889653698715423e-09,9.617798363281693e-10,1.3104333286611744e-06,,,,,,,,,
2026-03-22T18:08:31Z,test_cases/pglib_opf_case6468_rte.mat,pglib_opf_case6468_rte,oracle_ac_constraint_dual__Pg_Vm_Va,oracle_ac_constraint_dual,constraint_only,ac_true,1,0,Pg+Vm+Va,3,,,optimal,ok,1,14993.743207153351,2054736.4066799034,137.03958900060454,0,0.0632331371307373,2.6100051403045654,21.56180191040039,24.171807050704956,24.171807050704956,24.235040187835693,acopf_acdc_paper_study/cases/pglib_opf_case6468_rte/logs/oracle_ac_constraint_dual__Pg_Vm_Va.log,0,61,2.2594296889566878e-08,3.100847502379711e-09,2.6858604584845125e-07,7.069979788068675e-08,7.069979788068675e-08,16.76,,,16.76,False,100.0,6468,9000,1295,399,3661,1,641,5826,85296.9,5691.1,105071.59,21581.35,48085.280000000006,-25825.900000000005,9000,0,0,2,1,2069730.1498869911,87242.28357023154,5587.409898351737,0.5622776330440775,1.15000001107856,1.0383815797209257,0.03471076035440163,-0.6805608432214685,0.39948674227853087,-0.2188468869434591,0.14895454386199047,1508.4122673552195,1516.155491550929,74.65610980522868,74.72103400477845,1.0000000027033777,1.0000000046987627,0.10574017927446418,0.10593991261875918,1.513031939737175e-07,3.021201209207902e-07,173,216,109,91,8,25,1,0.0,0.0,0.0,0.0,0.0,0,,,,,,1,0.0,0.0,0.0,0.0,0.0,1,0.0,0.0,0.0,0.0,0.0,1,1,0,7.379042050077325e-07,6.366944509395012e-07,2.9580983266642347e-09,4.996003610813204e-16,6.366944509395012e-07,1.4962037202334715e-05,7.381239189720862e-06,2.007240089143192e-07,3.24299150727958e-09,7.381239189720862e-06,8.768818538421284e-06,8.144209134419711e-06,9.91069210209134e-09,8.965468367705398e-10,8.144209134419711e-06,1.3805402099729404e-06,1.3234536758730334e-06,1.904902147639168e-09,9.471303741293013e-10,1.3234536758730334e-06,,,,,,,,,
2026-03-22T18:09:49Z,test_cases/pglib_opf_case6468_rte.mat,pglib_opf_case6468_rte,oracle_ac_constraint_dual__Qg_Vm_Va,oracle_ac_constraint_dual,constraint_only,ac_true,1,0,Qg+Vm+Va,3,,,maxIterations,warning,0,14993.257248221107,,,,0.0632331371307373,2.488226890563965,75.40919899940491,77.89742588996887,77.89742588996887,77.96065902709961,acopf_acdc_paper_study/cases/pglib_opf_case6468_rte/logs/oracle_ac_constraint_dual__Qg_Vm_Va.log,1,300,69.71243585648057,0.06142775405125404,0.0,1.3811972386766636,69.71243585648057,68.162,,,68.162,True,100.0,6468,9000,1295,399,3661,1,641,5826,85296.9,5691.1,105071.59,21581.35,48085.280000000006,-25825.900000000005,9000,0,0,2,1,,,,,,,,,,,,,,,,,,,,,,,,,,,,0,,,,,,1,0.0,0.0,0.0,0.0,0.0,1,0.0,0.0,0.0,0.0,0.0,1,0.0,0.0,0.0,0.0,0.0,1,1,0,,,,,,,,,,,,,,,,,,,,,,,,,,,,,
2026-03-22T18:10:00Z,test_cases/pglib_opf_case6468_rte.mat,pglib_opf_case6468_rte,oracle_ac_constraint_dual__Pg_Qg_Vm_Va,oracle_ac_constraint_dual,constraint_only,ac_true,1,0,Pg+Qg+Vm+Va,4,,,optimal,ok,1,14993.743207152773,2054736.4066798238,137.03958900059922,0,0.0632331371307373,2.9127140045166016,8.342155933380127,11.254869937896729,11.254869937896729,11.318103075027466,acopf_acdc_paper_study/cases/pglib_opf_case6468_rte/logs/oracle_ac_constraint_dual__Pg_Qg_Vm_Va.log,0,11,2.3644867950406746e-08,3.3200303478642113e-09,2.6858604584845125e-07,7.093462335710244e-08,7.093462335710244e-08,3.075,,,3.075,False,100.0,6468,9000,1295,399,3661,1,641,5826,85296.9,5691.1,105071.59,21581.35,48085.280000000006,-25825.900000000005,9000,0,0,2,1,2069730.1498869115,87242.2835709656,5587.409937937885,0.562277629685553,1.1500000110785606,1.0383815792481752,0.034710760526812795,-0.6805608431628435,0.39948674292330877,-0.21884688685697545,0.14895454397179894,1508.4122645260409,1516.1554940383407,74.65610977843859,74.7210339779813,1.0000000027067568,1.000000004698946,0.10574017923801812,0.10593991258098544,1.5149230492284005e-07,3.0213188040306704e-07,173,216,109,91,8,25,1,0.0,0.0,0.0,0.0,0.0,1,0.0,0.0,0.0,0.0,0.0,1,0.0,0.0,0.0,0.0,0.0,1,0.0,0.0,0.0,0.0,0.0,1,1,0,7.202907341624196e-07,6.179578271314767e-07,2.896790453378013e-09,4.996003610813204e-16,6.179578271314767e-07,1.4997112810433924e-05,7.308228487875462e-06,2.022750090170136e-07,2.9046166097335124e-09,7.308228487875462e-06,8.683306674775867e-06,8.062969842903556e-06,9.639504205140012e-09,7.43803130198728e-10,8.062969842903556e-06,1.3671111439130641e-06,1.3106749231035428e-06,1.8904647287117116e-09,9.62345189647884e-10,1.3106749231035428e-06,,,,,,,,,
2026-03-22T18:11:14Z,test_cases/pglib_opf_case6468_rte.mat,pglib_opf_case6468_rte,oracle_ac_bounds_dual__Pg,oracle_ac_bounds_dual,bounds_only,ac_true,1,0,Pg,1,,,maxIterations,warning,0,14880.126799399943,,,,0.0632331371307373,2.4172539710998535,71.22750902175903,73.64476299285889,73.64476299285889,73.70799612998962,acopf_acdc_paper_study/cases/pglib_opf_case6468_rte/logs/oracle_ac_bounds_dual__Pg.log,1,300,155.4864165220916,0.07435411883588472,1.0639534142597995e-08,6.282675191715852,155.4864165220916,64.176,,,64.176,True,100.0,6468,9000,1295,399,3661,1,641,5826,85296.9,5691.1,105071.59,21581.35,48085.280000000006,-25825.900000000005,9000,0,0,2,1,,,,,,,,,,,,,,,,,,,,,,,,,,,,1,0.0,0.0,0.0,0.0,0.0,0,,,,,,0,,,,,,0,,,,,,0,0,1,,,,,,,,,,,,,,,,,,,,,,,,,,,,,
2026-03-22T18:12:27Z,test_cases/pglib_opf_case6468_rte.mat,pglib_opf_case6468_rte,oracle_ac_bounds_dual__Qg,oracle_ac_bounds_dual,bounds_only,ac_true,1,0,Qg,1,,,maxIterations,warning,0,10895.21052790584,,,,0.0632331371307373,2.35125470161438,70.54258799552917,72.89384269714355,72.89384269714355,72.95707583427429,acopf_acdc_paper_study/cases/pglib_opf_case6468_rte/logs/oracle_ac_bounds_dual__Qg.log,1,300,43.97445528792424,0.188475555970669,0.0,53.349626050695,53.349626050695,65.769,,,65.769,True,100.0,6468,9000,1295,399,3661,1,641,5826,85296.9,5691.1,105071.59,21581.35,48085.280000000006,-25825.900000000005,9000,0,0,2,1,,,,,,,,,,,,,,,,,,,,,,,,,,,,0,,,,,,1,0.0,0.0,0.0,0.0,0.0,0,,,,,,0,,,,,,0,0,1,,,,,,,,,,,,,,,,,,,,,,,,,,,,,
2026-03-22T18:13:39Z,test_cases/pglib_opf_case6468_rte.mat,pglib_opf_case6468_rte,oracle_ac_bounds_dual__Vm,oracle_ac_bounds_dual,bounds_only,ac_true,1,0,Vm,1,,,maxIterations,warning,0,12535.450717355627,,,,0.0632331371307373,2.369036912918091,69.21233415603638,71.58137106895447,71.58137106895447,71.6446042060852,acopf_acdc_paper_study/cases/pglib_opf_case6468_rte/logs/oracle_ac_bounds_dual__Vm.log,1,300,81.83102319052128,0.07653396908088758,1.4223549893443987e-08,54.25184473470055,81.83102319052128,64.328,,,64.328,True,100.0,6468,9000,1295,399,3661,1,641,5826,85296.9,5691.1,105071.59,21581.35,48085.280000000006,-25825.900000000005,9000,0,0,2,1,,,,,,,,,,,,,,,,,,,,,,,,,,,,0,,,,,,0,,,,,,1,0.0,0.0,0.0,0.0,0.0,0,,,,,,0,0,1,,,,,,,,,,,,,,,,,,,,,,,,,,,,,
2026-03-22T18:14:49Z,test_cases/pglib_opf_case6468_rte.mat,pglib_opf_case6468_rte,oracle_ac_bounds_dual__Va,oracle_ac_bounds_dual,bounds_only,ac_true,1,0,Va,1,,,maxIterations,warning,0,12249.455211571896,,,,0.0632331371307373,2.3721327781677246,68.26060009002686,70.63273286819458,70.63273286819458,70.69596600532532,acopf_acdc_paper_study/cases/pglib_opf_case6468_rte/logs/oracle_ac_bounds_dual__Va.log,1,300,133.5999736271373,0.9614689234046925,1.8877040375286924e-07,4.104472111419147,133.5999736271373,63.504,,,63.504,True,100.0,6468,9000,1295,399,3661,1,641,5826,85296.9,5691.1,105071.59,21581.35,48085.280000000006,-25825.900000000005,9000,0,0,2,1,,,,,,,,,,,,,,,,,,,,,,,,,,,,0,,,,,,0,,,,,,0,,,,,,1,0.0,0.0,0.0,0.0,0.0,0,0,1,,,,,,,,,,,,,,,,,,,,,,,,,,,,,
2026-03-22T18:15:57Z,test_cases/pglib_opf_case6468_rte.mat,pglib_opf_case6468_rte,oracle_ac_bounds_dual__Pg_Qg,oracle_ac_bounds_dual,bounds_only,ac_true,1,0,Pg+Qg,2,,,maxIterations,warning,0,14590.268933543775,,,,0.0632331371307373,2.329434871673584,65.74002003669739,68.06945490837097,68.06945490837097,68.13268804550171,acopf_acdc_paper_study/cases/pglib_opf_case6468_rte/logs/oracle_ac_bounds_dual__Pg_Qg.log,1,300,231.34613927561318,7.107286484361378,1.0282819484785932e-08,9.461396923384063,231.34613927561318,60.863,,,60.863,True,100.0,6468,9000,1295,399,3661,1,641,5826,85296.9,5691.1,105071.59,21581.35,48085.280000000006,-25825.900000000005,9000,0,0,2,1,,,,,,,,,,,,,,,,,,,,,,,,,,,,1,0.0,0.0,0.0,0.0,0.0,1,0.0,0.0,0.0,0.0,0.0,0,,,,,,0,,,,,,0,0,1,,,,,,,,,,,,,,,,,,,,,,,,,,,,,
2026-03-22T18:17:06Z,test_cases/pglib_opf_case6468_rte.mat,pglib_opf_case6468_rte,oracle_ac_bounds_dual__Pg_Vm,oracle_ac_bounds_dual,bounds_only,ac_true,1,0,Pg+Vm,2,,,maxIterations,warning,0,14071.321490955972,,,,0.0632331371307373,2.3583271503448486,66.21219897270203,68.57052612304688,68.57052612304688,68.63375926017761,acopf_acdc_paper_study/cases/pglib_opf_case6468_rte/logs/oracle_ac_bounds_dual__Pg_Vm.log,1,300,2383.447115080558,1.9030923591111537,8.341097945674392e-08,7708.728432642029,7708.728432642029,61.458,,,61.458,True,100.0,6468,9000,1295,399,3661,1,641,5826,85296.9,5691.1,105071.59,21581.35,48085.280000000006,-25825.900000000005,9000,0,0,2,1,,,,,,,,,,,,,,,,,,,,,,,,,,,,1,0.0,0.0,0.0,0.0,0.0,0,,,,,,1,0.0,0.0,0.0,0.0,0.0,0,,,,,,0,0,1,,,,,,,,,,,,,,,,,,,,,,,,,,,,,
2026-03-22T18:18:12Z,test_cases/pglib_opf_case6468_rte.mat,pglib_opf_case6468_rte,oracle_ac_bounds_dual__Pg_Va,oracle_ac_bounds_dual,bounds_only,ac_true,1,0,Pg+Va,2,,,maxIterations,warning,0,14817.910935938813,,,,0.0632331371307373,2.446263074874878,63.86738586425781,66.31364893913269,66.31364893913269,66.37688207626343,acopf_acdc_paper_study/cases/pglib_opf_case6468_rte/logs/oracle_ac_bounds_dual__Pg_Va.log,1,300,60.41438254415063,3.163363938851648,2.7249504430670868e-08,5.9668586113994095,60.41438254415063,59.119,,,59.119,True,100.0,6468,9000,1295,399,3661,1,641,5826,85296.9,5691.1,105071.59,21581.35,48085.280000000006,-25825.900000000005,9000,0,0,2,1,,,,,,,,,,,,,,,,,,,,,,,,,,,,1,0.0,0.0,0.0,0.0,0.0,0,,,,,,0,,,,,,1,0.0,0.0,0.0,0.0,0.0,0,0,1,,,,,,,,,,,,,,,,,,,,,,,,,,,,,
2026-03-22T18:19:24Z,test_cases/pglib_opf_case6468_rte.mat,pglib_opf_case6468_rte,oracle_ac_bounds_dual__Qg_Vm,oracle_ac_bounds_dual,bounds_only,ac_true,1,0,Qg+Vm,2,,,maxIterations,warning,0,11696.827585527462,,,,0.0632331371307373,2.3512377738952637,69.85772705078125,72.20896482467651,72.20896482467651,72.27219796180725,acopf_acdc_paper_study/cases/pglib_opf_case6468_rte/logs/oracle_ac_bounds_dual__Qg_Vm.log,1,300,213.09561000108778,0.5713933943173488,9.407203092892669e-09,92.83218399376689,213.09561000108778,64.988,,,64.988,True,100.0,6468,9000,1295,399,3661,1,641,5826,85296.9,5691.1,105071.59,21581.35,48085.280000000006,-25825.900000000005,9000,0,0,2,1,,,,,,,,,,,,,,,,,,,,,,,,,,,,0,,,,,,1,0.0,0.0,0.0,0.0,0.0,1,0.0,0.0,0.0,0.0,0.0,0,,,,,,0,0,1,,,,,,,,,,,,,,,,,,,,,,,,,,,,,
2026-03-22T18:20:33Z,test_cases/pglib_opf_case6468_rte.mat,pglib_opf_case6468_rte,oracle_ac_bounds_dual__Qg_Va,oracle_ac_bounds_dual,bounds_only,ac_true,1,0,Qg+Va,2,,,maxIterations,warning,0,13687.774502613482,,,,0.0632331371307373,1.4952771663665771,66.6747419834137,68.17001914978027,68.17001914978027,68.23325228691101,acopf_acdc_paper_study/cases/pglib_opf_case6468_rte/logs/oracle_ac_bounds_dual__Qg_Va.log,1,300,116.642282815671,0.08798650344044553,1.317746196605185e-07,127.86433150132794,127.86433150132794,61.916,,,61.916,True,100.0,6468,9000,1295,399,3661,1,641,5826,85296.9,5691.1,105071.59,21581.35,48085.280000000006,-25825.900000000005,9000,0,0,2,1,,,,,,,,,,,,,,,,,,,,,,,,,,,,0,,,,,,1,0.0,0.0,0.0,0.0,0.0,0,,,,,,1,0.0,0.0,0.0,0.0,0.0,0,0,1,,,,,,,,,,,,,,,,,,,,,,,,,,,,,
2026-03-22T18:21:44Z,test_cases/pglib_opf_case6468_rte.mat,pglib_opf_case6468_rte,oracle_ac_bounds_dual__Vm_Va,oracle_ac_bounds_dual,bounds_only,ac_true,1,0,Vm+Va,2,,,maxIterations,warning,0,15339.507159955572,,,,0.0632331371307373,2.4347450733184814,69.2039909362793,71.63873600959778,71.63873600959778,71.70196914672852,acopf_acdc_paper_study/cases/pglib_opf_case6468_rte/logs/oracle_ac_bounds_dual__Vm_Va.log,1,300,29.870531842819105,0.0157771659416521,0.0,38.642095944414486,38.642095944414486,64.281,,,64.281,True,100.0,6468,9000,1295,399,3661,1,641,5826,85296.9,5691.1,105071.59,21581.35,48085.280000000006,-25825.900000000005,9000,0,0,2,1,,,,,,,,,,,,,,,,,,,,,,,,,,,,0,,,,,,0,,,,,,1,0.0,0.0,0.0,0.0,0.0,1,0.0,0.0,0.0,0.0,0.0,0,0,1,,,,,,,,,,,,,,,,,,,,,,,,,,,,,
2026-03-22T18:22:56Z,test_cases/pglib_opf_case6468_rte.mat,pglib_opf_case6468_rte,oracle_ac_bounds_dual__Pg_Qg_Vm,oracle_ac_bounds_dual,bounds_only,ac_true,1,0,Pg+Qg+Vm,3,,,maxIterations,warning,0,13658.36200307566,,,,0.0632331371307373,1.460151195526123,70.60678935050964,72.06694054603577,72.06694054603577,72.1301736831665,acopf_acdc_paper_study/cases/pglib_opf_case6468_rte/logs/oracle_ac_bounds_dual__Pg_Qg_Vm.log,1,300,526.9039357667625,0.10379543171077721,0.0,184.6909695183018,526.9039357667625,65.708,,,65.708,True,100.0,6468,9000,1295,399,3661,1,641,5826,85296.9,5691.1,105071.59,21581.35,48085.280000000006,-25825.900000000005,9000,0,0,2,1,,,,,,,,,,,,,,,,,,,,,,,,,,,,1,0.0,0.0,0.0,0.0,0.0,1,0.0,0.0,0.0,0.0,0.0,1,0.0,0.0,0.0,0.0,0.0,0,,,,,,0,0,1,,,,,,,,,,,,,,,,,,,,,,,,,,,,,
2026-03-22T18:24:04Z,test_cases/pglib_opf_case6468_rte.mat,pglib_opf_case6468_rte,oracle_ac_bounds_dual__Pg_Qg_Va,oracle_ac_bounds_dual,bounds_only,ac_true,1,0,Pg+Qg+Va,3,,,maxIterations,warning,0,14855.225072560377,,,,0.0632331371307373,1.5279481410980225,66.04070401191711,67.56865215301514,67.56865215301514,67.63188529014587,acopf_acdc_paper_study/cases/pglib_opf_case6468_rte/logs/oracle_ac_bounds_dual__Pg_Qg_Va.log,1,300,201.31507415707654,1.74055284405785,1.060794474483373e-08,3.476730247293002,201.31507415707654,61.267,,,61.267,True,100.0,6468,9000,1295,399,3661,1,641,5826,85296.9,5691.1,105071.59,21581.35,48085.280000000006,-25825.900000000005,9000,0,0,2,1,,,,,,,,,,,,,,,,,,,,,,,,,,,,1,0.0,0.0,0.0,0.0,0.0,1,0.0,0.0,0.0,0.0,0.0,0,,,,,,1,0.0,0.0,0.0,0.0,0.0,0,0,1,,,,,,,,,,,,,,,,,,,,,,,,,,,,,
2026-03-22T18:24:35Z,test_cases/pglib_opf_case6468_rte.mat,pglib_opf_case6468_rte,oracle_ac_bounds_dual__Pg_Vm_Va,oracle_ac_bounds_dual,bounds_only,ac_true,1,0,Pg+Vm+Va,3,,,optimal,ok,1,14993.7432071528,2054736.4066798273,137.03958900059945,0,0.0632331371307373,2.458263635635376,28.452011108398438,30.910274744033813,30.910274744033813,30.97350788116455,acopf_acdc_paper_study/cases/pglib_opf_case6468_rte/logs/oracle_ac_bounds_dual__Pg_Vm_Va.log,0,113,2.380469836044056e-08,3.3541687274873944e-09,2.6858604584845125e-07,7.097128380848165e-08,7.097128380848165e-08,23.515,,,23.515,True,100.0,6468,9000,1295,399,3661,1,641,5826,85296.9,5691.1,105071.59,21581.35,48085.280000000006,-25825.900000000005,9000,0,0,2,1,2069730.149886915,87242.2835704561,5587.40993282013,0.5622776296113166,1.1500000110785606,1.0383815792454272,0.03471076052105794,-0.6805608431564203,0.399486742871666,-0.21884688686730383,0.1489545439564662,1508.412264531713,1516.1554940333551,74.65610977387861,74.72103397268513,1.0000000027067641,1.0000000046996826,0.10574017923374074,0.10593991257542487,1.5149272059034047e-07,3.0217925228726017e-07,173,216,109,91,8,25,1,0.0,0.0,0.0,0.0,0.0,0,,,,,,1,0.0,0.0,0.0,0.0,0.0,1,0.0,0.0,0.0,0.0,0.0,0,0,1,7.359606814099787e-07,6.312201383806837e-07,2.956281811264378e-09,4.922828446907615e-16,6.312201383806837e-07,1.4989640595678354e-05,7.296935222372153e-06,2.024836961794899e-07,2.9046417181211037e-09,7.296935222372153e-06,8.670365876118556e-06,8.05051760077724e-06,9.635450003961296e-09,7.545534197461734e-10,8.05051760077724e-06,1.365194371935258e-06,1.3086105440087911e-06,1.8991224051659025e-09,9.704057141179945e-10,1.3086105440087911e-06,,,,,,,,,
2026-03-22T18:25:48Z,test_cases/pglib_opf_case6468_rte.mat,pglib_opf_case6468_rte,oracle_ac_bounds_dual__Qg_Vm_Va,oracle_ac_bounds_dual,bounds_only,ac_true,1,0,Qg+Vm+Va,3,,,maxIterations,warning,0,14345.048161125893,,,,0.0632331371307373,1.485307216644287,72.08033394813538,73.56564116477966,73.56564116477966,73.6288743019104,acopf_acdc_paper_study/cases/pglib_opf_case6468_rte/logs/oracle_ac_bounds_dual__Qg_Vm_Va.log,1,300,82.01256631238712,0.15638215279424542,0.0,1.5432177150997668,82.01256631238712,67.315,,,67.315,True,100.0,6468,9000,1295,399,3661,1,641,5826,85296.9,5691.1,105071.59,21581.35,48085.280000000006,-25825.900000000005,9000,0,0,2,1,,,,,,,,,,,,,,,,,,,,,,,,,,,,0,,,,,,1,0.0,0.0,0.0,0.0,0.0,1,0.0,0.0,0.0,0.0,0.0,1,0.0,0.0,0.0,0.0,0.0,0,0,1,,,,,,,,,,,,,,,,,,,,,,,,,,,,,
2026-03-22T18:26:01Z,test_cases/pglib_opf_case6468_rte.mat,pglib_opf_case6468_rte,oracle_ac_bounds_dual__Pg_Qg_Vm_Va,oracle_ac_bounds_dual,bounds_only,ac_true,1,0,Pg+Qg+Vm+Va,4,,,optimal,ok,1,14993.743207152434,2054736.4066797772,137.0395890005961,0,0.0632331371307373,2.5266149044036865,9.721194982528687,12.247809886932373,12.247809886932373,12.31104302406311,acopf_acdc_paper_study/cases/pglib_opf_case6468_rte/logs/oracle_ac_bounds_dual__Pg_Qg_Vm_Va.log,0,19,2.3640234240581624e-08,3.3190827239404364e-09,2.6858604584845125e-07,7.093355121839022e-08,7.093355121839022e-08,4.934,,,4.934,False,100.0,6468,9000,1295,399,3661,1,641,5826,85296.9,5691.1,105071.59,21581.35,48085.280000000006,-25825.900000000005,9000,0,0,2,1,2069730.149886865,87242.2835709703,5587.409937981318,0.562277629686741,1.1500000110785606,1.0383815792482578,0.03471076052681998,-0.6805608431629698,0.3994867429239516,-0.21884688685683043,0.1489545439720053,1508.412264526363,1516.1554940380584,74.65610977850103,74.72103397805483,1.0000000027067573,1.0000000046989328,0.10574017923808798,0.10593991258107785,1.5149233334454948e-07,3.021310490680662e-07,173,216,109,91,8,25,1,0.0,0.0,0.0,0.0,0.0,1,0.0,0.0,0.0,0.0,0.0,1,0.0,0.0,0.0,0.0,0.0,1,0.0,0.0,0.0,0.0,0.0,0,0,1,7.201140116137666e-07,6.17804145619516e-07,2.896081610007456e-09,4.996003610813204e-16,6.17804145619516e-07,1.4997506669953777e-05,7.308546292481011e-06,2.0227491227364935e-07,2.904616071969235e-09,7.308546292481011e-06,8.683672748122677e-06,8.063320380724548e-06,9.6397016808424e-09,7.435057014504309e-10,8.063320380724548e-06,1.3671679926760576e-06,1.3107324661181669e-06,1.890373237868042e-09,9.622032198786101e-10,1.3107324661181669e-06,,,,,,,,,
2026-03-22T18:27:09Z,test_cases/pglib_opf_case6468_rte.mat,pglib_opf_case6468_rte,oracle_ac_primal_dual_all_bounds__Pg,oracle_ac_primal_dual_all_bounds,full_all_bounds,ac_true,1,0,Pg,1,,,optimal,ok,1,14993.743207152464,2054736.4066797812,137.03958900059638,0,0.0632331371307373,2.3236441612243652,65.52323508262634,67.84687924385071,67.84687924385071,67.91011238098145,acopf_acdc_paper_study/cases/pglib_opf_case6468_rte/logs/oracle_ac_primal_dual_all_bounds__Pg.log,0,245,2.363088978737462e-08,3.3171790453367933e-09,2.6858604940116493e-07,7.093138797682454e-08,7.093138797682454e-08,60.609,,,60.609,True,100.0,6468,9000,1295,399,3661,1,641,5826,85296.9,5691.1,105071.59,21581.35,48085.280000000006,-25825.900000000005,9000,0,0,2,1,2069730.149886869,87242.28357098234,5587.40993809714,0.5622776296886358,1.1500000110785606,1.0383815792483762,0.03471076052684568,-0.6805608431627203,0.39948674292475306,-0.21884688685655504,0.14895454397219618,1508.4122645269902,1516.155494037507,74.65610977865649,74.72103397822882,1.0000000027067555,1.0000000046989148,0.10574017923826456,0.10593991258129724,1.514922303158528e-07,3.021298908834069e-07,173,216,109,91,8,25,1,0.0,0.0,0.0,0.0,0.0,0,,,,,,0,,,,,,0,,,,,,1,1,1,7.197531674288399e-07,6.175008691045036e-07,2.8951377195398586e-09,4.996003610813204e-16,6.175008691045036e-07,1.4998322713013878e-05,7.309182645350715e-06,2.022764653551871e-07,2.904615154300516e-09,7.309182645350715e-06,8.684407642560136e-06,8.064022411602423e-06,9.640191875719462e-09,7.435930760024689e-10,8.064022411602423e-06,1.367283230421248e-06,1.3108473330128087e-06,1.890434568746244e-09,9.627290353808604e-10,1.3108473330128087e-06,,,,,,,,,
2026-03-22T18:28:21Z,test_cases/pglib_opf_case6468_rte.mat,pglib_opf_case6468_rte,oracle_ac_primal_dual_all_bounds__Qg,oracle_ac_primal_dual_all_bounds,full_all_bounds,ac_true,1,0,Qg,1,,,maxIterations,warning,0,11901.967403307273,,,,0.0632331371307373,1.4904799461364746,70.62261772155762,72.11309766769409,72.11309766769409,72.17633080482483,acopf_acdc_paper_study/cases/pglib_opf_case6468_rte/logs/oracle_ac_primal_dual_all_bounds__Qg.log,1,300,1615.4313297628955,3.193275196525438,1.0623961266276183e-08,6173.913752514607,6173.913752514607,65.676,,,65.676,True,100.0,6468,9000,1295,399,3661,1,641,5826,85296.9,5691.1,105071.59,21581.35,48085.280000000006,-25825.900000000005,9000,0,0,2,1,,,,,,,,,,,,,,,,,,,,,,,,,,,,0,,,,,,1,0.0,0.0,0.0,0.0,0.0,0,,,,,,0,,,,,,1,1,1,,,,,,,,,,,,,,,,,,,,,,,,,,,,,
2026-03-22T18:29:24Z,test_cases/pglib_opf_case6468_rte.mat,pglib_opf_case6468_rte,oracle_ac_primal_dual_all_bounds__Vm,oracle_ac_primal_dual_all_bounds,full_all_bounds,ac_true,1,0,Vm,1,,,optimal,ok,1,14993.743207152647,2054736.4066798065,137.03958900059806,0,0.0632331371307373,1.5627539157867432,61.62448072433472,63.18723464012146,63.18723464012146,63.2504677772522,acopf_acdc_paper_study/cases/pglib_opf_case6468_rte/logs/oracle_ac_primal_dual_all_bounds__Vm.log,0,255,2.363402395895717e-08,3.317762151816561e-09,2.6858604940116493e-07,7.093210631296675e-08,7.093210631296675e-08,56.829,,,56.829,True,100.0,6468,9000,1295,399,3661,1,641,5826,85296.9,5691.1,105071.59,21581.35,48085.280000000006,-25825.900000000005,9000,0,0,2,1,2069730.1498868943,87242.2835709798,5587.4099386770595,0.5622776296883428,1.1500000110785606,1.0383815792474944,0.03471076053056503,-0.6805608431629712,0.399486742924809,-0.21884688685597423,0.14895454397263524,1508.4122645268703,1516.1554940376107,74.65610977721565,74.72103397658901,1.0000000027067562,1.0000000046989188,0.105740179233145,0.10593991257513422,1.5149226939570326e-07,3.021301466787918e-07,173,216,109,91,8,25,0,,,,,,0,,,,,,1,0.0,0.0,0.0,0.0,0.0,0,,,,,,1,1,1,7.199013287127116e-07,6.175825317811245e-07,2.8954146672937847e-09,5.036966744527882e-16,6.175825317811245e-07,1.5063439366865926e-05,7.308973867390517e-06,2.064023743551786e-07,2.9046154318562722e-09,7.308973867390517e-06,8.684276353695868e-06,8.063792118706559e-06,9.647610964442892e-09,7.435281279555284e-10,8.063792118706559e-06,1.3672545670543355e-06,1.3108099601050888e-06,1.890949695089981e-09,9.621780872048902e-10,1.3108099601050888e-06,,,,,,,,,
2026-03-22T18:30:14Z,test_cases/pglib_opf_case6468_rte.mat,pglib_opf_case6468_rte,oracle_ac_primal_dual_all_bounds__Va,oracle_ac_primal_dual_all_bounds,full_all_bounds,ac_true,1,0,Va,1,,,optimal,ok,1,14993.743207152576,2054736.406679797,137.03958900059743,0,0.0632331371307373,2.425137996673584,47.54011297225952,49.965250968933105,49.965250968933105,50.02848410606384,acopf_acdc_paper_study/cases/pglib_opf_case6468_rte/logs/oracle_ac_primal_dual_all_bounds__Va.log,0,191,2.3683869416108764e-08,3.3281095102033476e-09,2.6858604584845125e-07,7.094361800972761e-08,7.094361800972761e-08,42.615,,,42.615,True,100.0,6468,9000,1295,399,3661,1,641,5826,85296.9,5691.1,105071.59,21581.35,48085.280000000006,-25825.900000000005,9000,0,0,2,1,2069730.1498868847,87242.28357089893,5587.409937369113,0.5622776296739836,1.1500000110785606,1.0383815792475632,0.03471076052654047,-0.6805608431619687,0.39948674291692554,-0.2188468868583485,0.14895454396985236,1508.412264524149,1516.1554940400028,74.65610977779261,74.72103397722483,1.0000000027067588,1.0000000046990556,0.10574017923731976,0.1059399125800697,1.5149241860967777e-07,3.021389289870058e-07,173,216,109,91,8,25,0,,,,,,0,,,,,,0,,,,,,1,0.0,0.0,0.0,0.0,0.0,1,1,1,7.223225389792573e-07,6.196769364308352e-07,2.9044895318006832e-09,4.824448221197891e-16,6.196769364308352e-07,1.4993914958663203e-05,7.305538412931412e-06,2.0228069016661193e-07,2.9046210488908875e-09,7.305538412931412e-06,8.680212006121022e-06,8.060002631538055e-06,9.637907281694475e-09,7.459343143167985e-10,8.060002631538055e-06,1.366635236258755e-06,1.310187329728145e-06,1.891401346301061e-09,9.633395678387835e-10,1.310187329728145e-06,,,,,,,,,
2026-03-22T18:31:31Z,test_cases/pglib_opf_case6468_rte.mat,pglib_opf_case6468_rte,oracle_ac_primal_dual_all_bounds__Pg_Qg,oracle_ac_primal_dual_all_bounds,full_all_bounds,ac_true,1,0,Pg+Qg,2,,,maxIterations,warning,0,12529.344180474218,,,,0.0632331371307373,2.359405040740967,74.29944396018982,76.65884900093079,76.65884900093079,76.72208213806152,acopf_acdc_paper_study/cases/pglib_opf_case6468_rte/logs/oracle_ac_primal_dual_all_bounds__Pg_Qg.log,1,300,103.79767756113488,0.11504301048651999,1.1237361485783026e-08,66.63147351645266,103.79767756113488,69.514,,,69.514,True,100.0,6468,9000,1295,399,3661,1,641,5826,85296.9,5691.1,105071.59,21581.35,48085.280000000006,-25825.900000000005,9000,0,0,2,1,,,,,,,,,,,,,,,,,,,,,,,,,,,,1,0.0,0.0,0.0,0.0,0.0,1,0.0,0.0,0.0,0.0,0.0,0,,,,,,0,,,,,,1,1,1,,,,,,,,,,,,,,,,,,,,,,,,,,,,,
2026-03-22T18:32:48Z,test_cases/pglib_opf_case6468_rte.mat,pglib_opf_case6468_rte,oracle_ac_primal_dual_all_bounds__Pg_Vm,oracle_ac_primal_dual_all_bounds,full_all_bounds,ac_true,1,0,Pg+Vm,2,,,maxIterations,warning,0,15000.168925183603,,,,0.0632331371307373,2.4836819171905518,74.85708808898926,77.34077000617981,77.34077000617981,77.40400314331055,acopf_acdc_paper_study/cases/pglib_opf_case6468_rte/logs/oracle_ac_primal_dual_all_bounds__Pg_Vm.log,1,300,3.2972064241564425,0.005200246312090364,0.0,0.755718102935144,3.2972064241564425,70.076,,,70.076,True,100.0,6468,9000,1295,399,3661,1,641,5826,85296.9,5691.1,105071.59,21581.35,48085.280000000006,-25825.900000000005,9000,0,0,2,1,,,,,,,,,,,,,,,,,,,,,,,,,,,,1,0.0,0.0,0.0,0.0,0.0,0,,,,,,1,0.0,0.0,0.0,0.0,0.0,0,,,,,,1,1,1,,,,,,,,,,,,,,,,,,,,,,,,,,,,,
2026-03-22T18:33:34Z,test_cases/pglib_opf_case6468_rte.mat,pglib_opf_case6468_rte,oracle_ac_primal_dual_all_bounds__Pg_Va,oracle_ac_primal_dual_all_bounds,full_all_bounds,ac_true,1,0,Pg+Va,2,,,optimal,ok,1,14993.7432071526,2054736.4066798,137.03958900059763,0,0.0632331371307373,2.3487138748168945,43.929842948913574,46.27855682373047,46.27855682373047,46.341789960861206,acopf_acdc_paper_study/cases/pglib_opf_case6468_rte/logs/oracle_ac_primal_dual_all_bounds__Pg_Va.log,0,183,2.3630882793980816e-08,3.317177851847042e-09,2.6858604940116493e-07,7.09313869686942e-08,7.09313869686942e-08,38.99,,,38.99,True,100.0,6468,9000,1295,399,3661,1,641,5826,85296.9,5691.1,105071.59,21581.35,48085.280000000006,-25825.900000000005,9000,0,0,2,1,2069730.1498868878,87242.28357098174,5587.409937992875,0.5622776296887846,1.1500000110785606,1.038381579248397,0.03471076052640824,-0.6805608431630957,0.3994867429248495,-0.21884688685670356,0.14895454397219796,1508.4122645270677,1516.1554940374388,74.65610977844464,74.72103397802913,1.0000000027067566,1.000000004698913,0.10574017923669357,0.10593991257982716,1.514922978174127e-07,3.0212977009114184e-07,173,216,109,91,8,25,1,0.0,0.0,0.0,0.0,0.0,0,,,,,,0,,,,,,1,0.0,0.0,0.0,0.0,0.0,1,1,1,7.197713951466167e-07,6.175218567605611e-07,2.8948466038199055e-09,4.996003610813204e-16,6.175218567605611e-07,1.4998806648521234e-05,7.309185961715259e-06,2.0237982713623212e-07,2.9046152028727734e-09,7.309185961715259e-06,8.684474319199288e-06,8.064026026710636e-06,9.642068979857087e-09,7.435112525655541e-10,8.064026026710636e-06,1.3672834107656263e-06,1.3108479404574588e-06,1.8903307224797344e-09,9.620928081988112e-10,1.3108479404574588e-06,,,,,,,,,
2026-03-22T18:34:50Z,test_cases/pglib_opf_case6468_rte.mat,pglib_opf_case6468_rte,oracle_ac_primal_dual_all_bounds__Qg_Vm,oracle_ac_primal_dual_all_bounds,full_all_bounds,ac_true,1,0,Qg+Vm,2,,,optimal,ok,1,14993.74320716128,2054736.406680998,137.03958900067752,0,0.0632331371307373,1.4768710136413574,74.12886118888855,75.60573220252991,75.60573220252991,75.66896533966064,acopf_acdc_paper_study/cases/pglib_opf_case6468_rte/logs/oracle_ac_primal_dual_all_bounds__Qg_Vm.log,0,276,2.536718119560962e-08,3.4122702580186015e-09,2.6858604584845125e-07,8.98683930384062e-08,8.98683930384062e-08,69.189,,,69.189,True,100.0,6468,9000,1295,399,3661,1,641,5826,85296.9,5691.1,105071.59,21581.35,48085.280000000006,-25825.900000000005,9000,0,0,2,1,2069730.1498880857,87242.28357331349,5587.410091531653,0.5622776293840528,1.150000011078561,1.038381572266534,0.034710758113267993,-0.6805608446220514,0.3994867399922767,-0.21884688919300707,0.14895454366741853,1508.4122644803354,1516.155494078522,74.65610968931465,74.72103386866881,1.0000000027066596,1.0000000046995356,0.10574017925816384,0.10593991261018351,1.514868657181978e-07,3.0216980206887456e-07,173,216,109,91,8,25,0,,,,,,1,0.0,0.0,0.0,0.0,0.0,1,0.0,0.0,0.0,0.0,0.0,0,,,,,,1,1,1,6.585739876133857e-07,5.823436968199758e-07,2.9331513133549174e-09,3.885780586188048e-16,5.823436968199758e-07,2.287198912051669e-05,1.1006898168630652e-05,3.3884327183662306e-07,1.1848364171729298e-08,1.1006898168630652e-05,9.772073912005443e-06,8.041094983868291e-06,1.6144406864023895e-08,2.3476294241930873e-09,8.041094983868291e-06,1.4167467240730473e-06,1.3045805282753398e-06,3.1820761343169693e-09,1.1506249980586247e-09,1.3045805282753398e-06,,,,,,,,,
2026-03-22T18:35:38Z,test_cases/pglib_opf_case6468_rte.mat,pglib_opf_case6468_rte,oracle_ac_primal_dual_all_bounds__Qg_Va,oracle_ac_primal_dual_all_bounds,full_all_bounds,ac_true,1,0,Qg+Va,2,,,optimal,ok,1,14993.74320715272,2054736.4066798165,137.03958900059874,0,0.0632331371307373,1.5139069557189941,46.1328809261322,47.646787881851196,47.646787881851196,47.710021018981934,acopf_acdc_paper_study/cases/pglib_opf_case6468_rte/logs/oracle_ac_primal_dual_all_bounds__Qg_Va.log,0,194,2.383783943852709e-08,3.346805388382279e-09,2.6858604584845125e-07,7.095322314256257e-08,7.095322314256257e-08,41.182,,,41.182,True,100.0,6468,9000,1295,399,3661,1,641,5826,85296.9,5691.1,105071.59,21581.35,48085.280000000006,-25825.900000000005,9000,0,0,2,1,2069730.1498869043,87242.2835710025,5587.409938713919,0.562277629689022,1.1500000110785606,1.0383815792461264,0.03471076052837104,-0.6805608431631834,0.399486742926508,-0.2188468868569809,0.14895454397270075,1508.4122645185637,1516.155494044914,74.65610977842945,74.7210339779435,1.0000000027067557,1.0000000046989186,0.10574017923707084,0.10593991257988701,1.514922480794212e-07,3.021301324679371e-07,173,216,109,91,8,25,0,,,,,,1,0.0,0.0,0.0,0.0,0.0,0,,,,,,1,0.0,0.0,0.0,0.0,0.0,1,1,1,7.19110123792363e-07,6.169999808847138e-07,2.892458634222264e-09,4.996003610813204e-16,6.169999808847138e-07,1.4985384738647973e-05,7.302942138003726e-06,2.021096755779734e-07,2.88063979527603e-09,7.302942138003726e-06,8.67700872010829e-06,8.057131390071248e-06,9.631776209098525e-09,7.419417302756415e-10,8.057131390071248e-06,1.3661137374399497e-06,1.3097261463640777e-06,1.8887770232288124e-09,9.615933882489713e-10,1.3097261463640777e-06,,,,,,,,,
2026-03-22T18:35:46Z,test_cases/pglib_opf_case6468_rte.mat,pglib_opf_case6468_rte,oracle_ac_primal_dual_all_bounds__Vm_Va,oracle_ac_primal_dual_all_bounds,full_all_bounds,ac_true,1,0,Vm+Va,2,,,optimal,ok,1,14993.743207152402,2054736.4066797725,137.03958900059578,0,0.0632331371307373,1.5606017112731934,6.813358783721924,8.373960494995117,8.373960494995117,8.437193632125854,acopf_acdc_paper_study/cases/pglib_opf_case6468_rte/logs/oracle_ac_primal_dual_all_bounds__Vm_Va.log,0,6,2.363129235689361e-08,3.3172350144550222e-09,2.6858604940116493e-07,7.093147666168322e-08,7.093147666168322e-08,2.027,,,2.027,False,100.0,6468,9000,1295,399,3661,1,641,5826,85296.9,5691.1,105071.59,21581.35,48085.280000000006,-25825.900000000005,9000,0,0,2,1,2069730.1498868603,87242.28357098087,5587.409937524475,0.5622776296889535,1.1500000110785606,1.038381579248052,0.03471076052501367,-0.6805608431631056,0.39948674292492525,-0.2188468868568424,0.14895454397202187,1508.412264527075,1516.155494037433,74.65610977834787,74.72103397797865,1.0000000027067557,1.0000000046989133,0.10574017923519928,0.10593991257855831,1.514922480794212e-07,3.0212978430199655e-07,173,216,109,91,8,25,0,,,,,,0,,,,,,1,0.0,0.0,0.0,0.0,0.0,1,0.0,0.0,0.0,0.0,0.0,1,1,1,7.197777595524828e-07,6.175251581197472e-07,2.8948131961474762e-09,4.996003610813204e-16,6.175251581197472e-07,1.4993030943235237e-05,7.309160510341611e-06,2.0288578175053748e-07,2.904614953072593e-09,7.309160510341611e-06,8.684658130333014e-06,8.063997968932313e-06,9.653418780019532e-09,7.436576909825021e-10,8.063997968932313e-06,1.3672826731783226e-06,1.3108434465790991e-06,1.8908144857514374e-09,9.620722968284312e-10,1.3108434465790991e-06,,,,,,,,,
2026-03-22T18:37:00Z,test_cases/pglib_opf_case6468_rte.mat,pglib_opf_case6468_rte,oracle_ac_primal_dual_all_bounds__Pg_Qg_Vm,oracle_ac_primal_dual_all_bounds,full_all_bounds,ac_true,1,0,Pg+Qg+Vm,3,,,maxIterations,warning,0,15197.173372900605,,,,0.0632331371307373,2.4256770610809326,71.52823305130005,73.95391011238098,73.95391011238098,74.01714324951172,acopf_acdc_paper_study/cases/pglib_opf_case6468_rte/logs/oracle_ac_primal_dual_all_bounds__Pg_Qg_Vm.log,1,300,91.92655693612345,0.2899826938434304,1.1499053265140446e-08,1077.1573986999247,1077.1573986999247,66.605,,,66.605,True,100.0,6468,9000,1295,399,3661,1,641,5826,85296.9,5691.1,105071.59,21581.35,48085.280000000006,-25825.900000000005,9000,0,0,2,1,,,,,,,,,,,,,,,,,,,,,,,,,,,,1,0.0,0.0,0.0,0.0,0.0,1,0.0,0.0,0.0,0.0,0.0,1,0.0,0.0,0.0,0.0,0.0,0,,,,,,1,1,1,,,,,,,,,,,,,,,,,,,,,,,,,,,,,
2026-03-22T18:37:21Z,test_cases/pglib_opf_case6468_rte.mat,pglib_opf_case6468_rte,oracle_ac_primal_dual_all_bounds__Pg_Qg_Va,oracle_ac_primal_dual_all_bounds,full_all_bounds,ac_true,1,0,Pg+Qg+Va,3,,,optimal,ok,1,14993.743207152671,2054736.4066798098,137.03958900059828,0,0.0632331371307373,2.387223243713379,18.68449878692627,21.07172203063965,21.07172203063965,21.134955167770386,acopf_acdc_paper_study/cases/pglib_opf_case6468_rte/logs/oracle_ac_primal_dual_all_bounds__Pg_Qg_Va.log,0,63,2.348148421047332e-08,3.2966317869975725e-09,2.6858604940116493e-07,7.091835135178258e-08,7.091835135178258e-08,13.877,,,13.877,True,100.0,6468,9000,1295,399,3661,1,641,5826,85296.9,5691.1,105071.59,21581.35,48085.280000000006,-25825.900000000005,9000,0,0,2,1,2069730.1498868975,87242.28357097016,5587.40993768947,0.5622776296886163,1.1500000110785606,1.038381579248461,0.03471076052532635,-0.680560843162798,0.39948674292370434,-0.21884688685641548,0.14895454397198346,1508.4122645320924,1516.1554940330197,74.65610977867325,74.72103397828806,1.0000000027067562,1.0000000046989117,0.10574017923869576,0.10593991258187993,1.5149226939570326e-07,3.0212969903686826e-07,173,216,109,91,8,25,1,0.0,0.0,0.0,0.0,0.0,1,0.0,0.0,0.0,0.0,0.0,0,,,,,,1,0.0,0.0,0.0,0.0,0.0,1,1,1,7.201325728513941e-07,6.178282481172914e-07,2.8962665674361365e-09,4.996003610813204e-16,6.178282481172914e-07,1.5006652800482204e-05,7.312908584959643e-06,2.0237439022749724e-07,2.9073494965670132e-09,7.312908584959643e-06,8.688816455418482e-06,8.068138385830537e-06,9.643617820999008e-09,7.422549241908882e-10,8.068138385830537e-06,1.3679789849228425e-06,1.3115170933520118e-06,1.891128388149784e-09,9.62675633653376e-10,1.3115170933520118e-06,,,,,,,,,
2026-03-22T18:37:31Z,test_cases/pglib_opf_case6468_rte.mat,pglib_opf_case6468_rte,oracle_ac_primal_dual_all_bounds__Pg_Vm_Va,oracle_ac_primal_dual_all_bounds,full_all_bounds,ac_true,1,0,Pg+Vm+Va,3,,,optimal,ok,1,14993.743207152516,2054736.4066797886,137.03958900059686,0,0.0632331371307373,2.483849048614502,6.823678016662598,9.3075270652771,9.3075270652771,9.370760202407837,acopf_acdc_paper_study/cases/pglib_opf_case6468_rte/logs/oracle_ac_primal_dual_all_bounds__Pg_Vm_Va.log,0,6,2.3631283755363815e-08,3.3172344107712526e-09,2.6858604940116493e-07,7.09314749434512e-08,7.09314749434512e-08,2.041,,,2.041,False,100.0,6468,9000,1295,399,3661,1,641,5826,85296.9,5691.1,105071.59,21581.35,48085.280000000006,-25825.900000000005,9000,0,0,2,1,2069730.1498868763,87242.28357098135,5587.409937718356,0.5622776296889176,1.1500000110785606,1.038381579248156,0.03471076052562126,-0.6805608431630755,0.3994867429249132,-0.2188468868567657,0.14895454397211907,1508.412264527064,1516.1554940374406,74.6561097784672,74.72103397807982,1.000000002706756,1.0000000046989148,0.10574017923641948,0.10593991257966894,1.5149225873756222e-07,3.021298908834069e-07,173,216,109,91,8,25,1,0.0,0.0,0.0,0.0,0.0,0,,,,,,1,0.0,0.0,0.0,0.0,0.0,1,0.0,0.0,0.0,0.0,0.0,1,1,1,7.197765447292026e-07,6.175241624717387e-07,2.894836601091723e-09,4.996003610813204e-16,6.175241624717387e-07,1.4993336226131448e-05,7.309160878418708e-06,2.0262185324375808e-07,2.904615065829619e-09,7.309160878418708e-06,8.684543780013953e-06,8.063998362839442e-06,9.648825377143712e-09,7.437002125243453e-10,8.063998362839442e-06,1.367280554445404e-06,1.31084349796768e-06,1.8905426515189145e-09,9.621002328152883e-10,1.31084349796768e-06,,,,,,,,,
2026-03-22T18:37:40Z,test_cases/pglib_opf_case6468_rte.mat,pglib_opf_case6468_rte,oracle_ac_primal_dual_all_bounds__Qg_Vm_Va,oracle_ac_primal_dual_all_bounds,full_all_bounds,ac_true,1,0,Qg+Vm+Va,3,,,optimal,ok,1,14993.743207152798,2054736.4066798273,137.03958900059945,0,0.0632331371307373,2.3456172943115234,6.55080771446228,8.896425008773804,8.896425008773804,8.959658145904541,acopf_acdc_paper_study/cases/pglib_opf_case6468_rte/logs/oracle_ac_primal_dual_all_bounds__Qg_Vm_Va.log,0,4,2.2764682225632124e-08,3.1959846158446936e-09,2.6858604940116493e-07,7.073875087387881e-08,7.073875087387881e-08,1.632,,,1.632,False,100.0,6468,9000,1295,399,3661,1,641,5826,85296.9,5691.1,105071.59,21581.35,48085.280000000006,-25825.900000000005,9000,0,0,2,1,2069730.149886915,87242.28357079173,5587.409931997477,0.5622776296977466,1.1500000110785606,1.0383815792579405,0.03471076050643959,-0.6805608431601756,0.3994867429030664,-0.21884688685515308,0.14895454396665256,1508.4122646123176,1516.1554939624918,74.65610977917403,74.72103397921099,1.000000002706756,1.0000000046989157,0.10574017924383097,0.10593991258882574,1.5149225873756222e-07,3.021299406213984e-07,173,216,109,91,8,25,0,,,,,,1,0.0,0.0,0.0,0.0,0.0,1,0.0,0.0,0.0,0.0,0.0,1,0.0,0.0,0.0,0.0,0.0,1,1,1,7.253688336010977e-07,6.224009734268066e-07,2.9174028750070058e-09,4.996003610813204e-16,6.224009734268066e-07,1.5038858288185689e-05,7.364486466678727e-06,1.993877333972586e-07,2.904591941965684e-09,7.364486466678727e-06,8.74871952813405e-06,8.125013777116052e-06,9.698769541714269e-09,7.448921479635828e-10,8.125013777116052e-06,1.3776022956070434e-06,1.3207558448840445e-06,1.9034529991967404e-09,9.689702512583054e-10,1.3207558448840445e-06,,,,,,,,,
2026-03-22T18:37:48Z,test_cases/pglib_opf_case6468_rte.mat,pglib_opf_case6468_rte,oracle_ac_primal_dual_all_bounds__Pg_Qg_Vm_Va,oracle_ac_primal_dual_all_bounds,full_all_bounds,ac_true,1,0,Pg+Qg+Vm+Va,4,,,optimal,ok,1,14993.74320715279,2054736.406679826,137.03958900059936,0,0.0632331371307373,1.4868550300598145,6.541309833526611,8.028164863586426,8.028164863586426,8.091398000717163,acopf_acdc_paper_study/cases/pglib_opf_case6468_rte/logs/oracle_ac_primal_dual_all_bounds__Pg_Qg_Vm_Va.log,0,4,2.413221162274134e-08,3.3873013491336756e-09,2.6858604940116493e-07,7.104266516012496e-08,7.104266516012496e-08,1.631,,,1.631,False,100.0,6468,9000,1295,399,3661,1,641,5826,85296.9,5691.1,105071.59,21581.35,48085.280000000006,-25825.900000000005,9000,0,0,2,1,2069730.1498869138,87242.28357109246,5587.409941591091,0.5622776296837649,1.1500000110785606,1.0383815792427833,0.03471076053872348,-0.680560843164849,0.399486742937467,-0.21884688685747888,0.14895454397561958,1508.4122644778627,1516.1554940806973,74.65610977834051,74.72103397764359,1.0000000027067557,1.0000000046989144,0.1057401792355565,0.10593991257742552,1.514922480794212e-07,3.0212986956712484e-07,173,216,109,91,8,25,1,0.0,0.0,0.0,0.0,0.0,1,0.0,0.0,0.0,0.0,0.0,1,0.0,0.0,0.0,0.0,0.0,1,0.0,0.0,0.0,0.0,0.0,1,1,1,7.165609920317462e-07,6.147075826135051e-07,2.881824270008513e-09,4.996003610813204e-16,6.147075826135051e-07,1.494297181189018e-05,7.277244679426004e-06,2.0165284324746173e-07,2.9046045030983736e-09,7.277244679426004e-06,8.64726974297176e-06,8.028799748815985e-06,9.604888822172254e-09,7.421990799727496e-10,8.028799748815985e-06,1.3613217784574935e-06,1.305125231668841e-06,1.8825633246799237e-09,9.578849519131793e-10,1.305125231668841e-06,,,,,,,,,
2026-03-22T18:38:41Z,test_cases/pglib_opf_case6468_rte.mat,pglib_opf_case6468_rte,oracle_ac_dual_only_constraint__none,oracle_ac_dual_only_constraint,constraint_only,ac_true,1,0,,0,,,optimal,ok,1,14993.74320715236,2054736.406679767,137.0395890005954,0,0.0632331371307373,1.4841148853302002,52.031834840774536,53.515949726104736,53.515949726104736,53.579182863235474,acopf_acdc_paper_study/cases/pglib_opf_case6468_rte/logs/oracle_ac_dual_only_constraint__none.log,0,211,2.363082315660165e-08,3.317170184369278e-09,2.6858604940116493e-07,7.09313716507528e-08,7.09313716507528e-08,47.291,,,47.291,True,100.0,6468,9000,1295,399,3661,1,641,5826,85296.9,5691.1,105071.59,21581.35,48085.280000000006,-25825.900000000005,9000,0,0,2,1,2069730.1498868547,87242.28357098169,5587.409938095289,0.5622776296886857,1.1500000110785606,1.0383815792483697,0.03471076052688471,-0.6805608431627365,0.3994867429247077,-0.21884688685654533,0.14895454397215394,1508.41226452703,1516.155494037472,74.65610977862693,74.72103397819596,1.000000002706756,1.0000000046989137,0.10574017923824418,0.1059399125812742,1.5149225873756222e-07,3.0212981982913334e-07,173,216,109,91,8,25,0,,,,,,0,,,,,,0,,,,,,0,,,,,,1,1,0,7.197515167564932e-07,6.175057043478205e-07,2.8951574574932267e-09,5.035617679123257e-16,6.175057043478205e-07,1.4998332678494571e-05,7.309187099364262e-06,2.0229183137044048e-07,3.004936049988416e-09,7.309187099364262e-06,8.684413269276012e-06,8.06402735054057e-06,9.640170760025922e-09,7.434863835698025e-10,8.06402735054057e-06,1.3672841656836664e-06,1.3108480936465522e-06,1.890454444359004e-09,9.627065117312483e-10,1.3108480936465522e-06,,,,,,,,,
2026-03-22T18:39:53Z,test_cases/pglib_opf_case6468_rte.mat,pglib_opf_case6468_rte,oracle_ac_dual_only_bounds__none,oracle_ac_dual_only_bounds,all_bounds_only,ac_true,1,0,,0,,,maxIterations,warning,0,13429.572086179414,,,,0.0632331371307373,2.49320387840271,69.76838397979736,72.26158785820007,72.26158785820007,72.32482099533081,acopf_acdc_paper_study/cases/pglib_opf_case6468_rte/logs/oracle_ac_dual_only_bounds__none.log,1,300,6867.316331211099,0.05775040117959414,0.0,6888.552602480074,6888.552602480074,65.021,,,65.021,True,100.0,6468,9000,1295,399,3661,1,641,5826,85296.9,5691.1,105071.59,21581.35,48085.280000000006,-25825.900000000005,9000,0,0,2,1,,,,,,,,,,,,,,,,,,,,,,,,,,,,0,,,,,,0,,,,,,0,,,,,,0,,,,,,0,0,1,,,,,,,,,,,,,,,,,,,,,,,,,,,,,
2026-03-22T18:41:04Z,test_cases/pglib_opf_case6468_rte.mat,pglib_opf_case6468_rte,oracle_ac_dual_only_full__none,oracle_ac_dual_only_full,full_all_bounds,ac_true,1,0,,0,,,maxIterations,warning,0,14993.74369831919,,,,0.0632331371307373,2.3551180362701416,68.4355058670044,70.79062390327454,70.79062390327454,70.85385704040527,acopf_acdc_paper_study/cases/pglib_opf_case6468_rte/logs/oracle_ac_dual_only_full__none.log,1,300,2.4528220342301284e-10,5.970274274957887e-11,1.6832185423254487e-07,1.000001000945034e-06,1.000001000945034e-06,63.491,,,63.491,True,100.0,6468,9000,1295,399,3661,1,641,5826,85296.9,5691.1,105071.59,21581.35,48085.280000000006,-25825.900000000005,9000,0,0,2,1,,,,,,,,,,,,,,,,,,,,,,,,,,,,0,,,,,,0,,,,,,0,,,,,,0,,,,,,1,1,1,,,,,,,,,,,,,,,,,,,,,,,,,,,,,
2026-03-22T18:42:23Z,test_cases/pglib_opf_case6468_rte.mat,pglib_opf_case6468_rte,dc_seed__Pg,dc_seed,none,dcopf,0,1,Pg,1,,,maxIterations,warning,0,14993.745811107612,,,,0.0632331371307373,1.4918098449707031,75.98564577102661,77.47745561599731,78.39065551757812,78.45388865470886,acopf_acdc_paper_study/cases/pglib_opf_case6468_rte/logs/dc_seed__Pg.log,1,300,0.9416390940249784,4.363087571174207e-05,1.0743885781039353e-08,8.61517650064944e-06,0.9416390940249784,71.117,,,71.117,True,100.0,6468,9000,1295,399,3661,1,641,5826,85296.9,5691.1,105071.59,21581.35,48085.280000000006,-25825.900000000005,9000,0,0,2,1,,,,,,,,,,,,,,,,,,,,,,,,,,,,1,10.073126626955148,8.433503847232236,0.05021457737168123,6.1246385740787446e-09,8.433503847232236,0,,,,,,0,,,,,,0,,,,,,0,0,0,,,,,,,,,,,,,,,,,,,,,native_only,ipopt,nlp,optimal,ok,0.07934117317199707,0.8338587284088135,0.9131999015808105,1999729.309727392
2026-03-22T18:43:35Z,test_cases/pglib_opf_case6468_rte.mat,pglib_opf_case6468_rte,dc_seed__Va,dc_seed,none,dcopf,0,1,Va,1,,,maxIterations,warning,0,16155.659290532314,,,,0.0632331371307373,1.483694076538086,71.04365706443787,72.52735114097595,73.44055104255676,73.5037841796875,acopf_acdc_paper_study/cases/pglib_opf_case6468_rte/logs/dc_seed__Va.log,1,300,138340.58714666739,0.549443557747903,0.0,1243466.806627025,1243466.806627025,66.3,,,66.3,True,100.0,6468,9000,1295,399,3661,1,641,5826,85296.9,5691.1,105071.59,21581.35,48085.280000000006,-25825.900000000005,9000,0,0,2,1,,,,,,,,,,,,,,,,,,,,,,,,,,,,0,,,,,,0,,,,,,0,,,,,,1,4.177624234892583,0.17141944498960965,0.04392532217335091,0.03703144732201706,0.17141944498960965,0,0,0,,,,,,,,,,,,,,,,,,,,,native_only,ipopt,nlp,optimal,ok,0.07934117317199707,0.8338587284088135,0.9131999015808105,1999729.309727392
2026-03-22T18:44:36Z,test_cases/pglib_opf_case6468_rte.mat,pglib_opf_case6468_rte,dc_seed__Pg_Va,dc_seed,none,dcopf,0,1,Pg+Va,2,,,optimal,ok,1,14993.743207084079,2054736.4066703406,137.03958899996672,0,0.0632331371307373,2.3848419189453125,58.6665780544281,61.05141997337341,61.964619874954224,62.02785301208496,acopf_acdc_paper_study/cases/pglib_opf_case6468_rte/logs/dc_seed__Pg_Va.log,0,250,2.1335097127263287e-07,2.5647488896551884e-08,2.6858602808488286e-07,9.640019905788202e-08,2.1335097127263287e-07,53.8,,,53.8,True,100.0,6468,9000,1295,399,3661,1,641,5826,85296.9,5691.1,105071.59,21581.35,48085.280000000006,-25825.900000000005,9000,0,0,2,1,2069730.1498774283,87242.28359477212,5587.410721312083,0.5622776292209711,1.1500000110785589,1.0383815769950324,0.03471076271652081,-0.680560843674731,0.3994867452426966,-0.21884688730122925,0.14895454464498695,1508.4122540985531,1516.1555032056451,74.65610963095631,74.72103376458058,1.00000000270652,1.000000004701819,0.10574017837007106,0.10593991144450261,1.514790568535318e-07,3.023166144089373e-07,173,216,109,91,8,25,1,10.073126626955148,8.433503847232236,0.05021457737168123,6.1246385740787446e-09,8.433503847232236,0,,,,,,0,,,,,,1,4.177624234892583,0.17141944498960965,0.04392532217335091,0.03703144732201706,0.17141944498960965,0,0,0,7.367514556565067e-09,6.519986328612504e-09,2.998327421549667e-11,6.104180984696293e-18,6.519986328612504e-09,2.2793159226524017e-07,8.985164846875282e-08,3.528102500624125e-09,1.7994174206226177e-10,8.985164846875282e-08,8.457746878881005e-08,7.06821732254781e-08,1.3459006499138688e-10,2.860500725176962e-11,7.06821732254781e-08,1.2224860824830093e-08,1.1440479560226313e-08,2.3709682050139238e-11,9.4840801878604e-12,1.1440479560226313e-08,native_only,ipopt,nlp,optimal,ok,0.07934117317199707,0.8338587284088135,0.9131999015808105,1999729.309727392
