timestamp_utc,case_file,case_name,run_name,family,dual_mode,seed_source,is_oracle,is_practical,blocks,num_blocks,seed_vm_policy,seed_qg_policy,termination,status,success,objective,objective_gap_vs_baseline_abs,objective_gap_vs_baseline_rel,objective_matches_baseline,shared_case_prep_time,build_time,solve_time,total_time,end_to_end_time,full_pipeline_time_including_shared_case_prep,log_path,hit_max_iter,iterations,dual_inf,constr_viol,var_bound_viol,compl_inf,overall_nlp_error,ipopt_reported_total_sec,ipopt_cpu_sec_no_func_eval,ipopt_cpu_sec_func_eval,ipopt_cpu_total_est,restoration_used,baseMVA,nb,nl,ng_total,ng_active,n_load_buses,n_ref_buses,n_pv_buses,n_pq_buses,total_pd_mw,total_qd_mvar,sum_pmax_mw,sum_pmin_mw,sum_qmax_mvar,sum_qmin_mvar,n_branch_with_limits,n_branch_out_of_service,gencost_any_pwl,gencost_max_poly_degree,gencost_any_quadratic,objective_value,total_pg_mw,total_qg_mvar,vm_min,vm_max,vm_mean,vm_std,va_min_rad,va_max_rad,va_mean_rad,va_std_rad,max_line_mva_from,max_line_mva_to,mean_line_mva_from,mean_line_mva_to,max_thermal_util_from,max_thermal_util_to,mean_thermal_util_from,mean_thermal_util_to,max_flow_limit_violation_sq_from,max_flow_limit_violation_sq_to,n_pg_at_lb,n_pg_at_ub,n_qg_at_lb,n_qg_at_ub,n_vm_at_lb,n_vm_at_ub,init_has_Pg,init_Pg_l2,init_Pg_linf,init_Pg_mean_abs,init_Pg_median_abs,init_Pg_max_abs,init_has_Qg,init_Qg_l2,init_Qg_linf,init_Qg_mean_abs,init_Qg_median_abs,init_Qg_max_abs,init_has_Vm,init_Vm_l2,init_Vm_linf,init_Vm_mean_abs,init_Vm_median_abs,init_Vm_max_abs,init_has_Va,init_Va_l2,init_Va_linf,init_Va_mean_abs,init_Va_median_abs,init_Va_max_abs,init_has_duals,init_has_constraint_duals,init_has_bound_mults,dist_to_baseline_Pg_l2,dist_to_baseline_Pg_linf,dist_to_baseline_Pg_mean_abs,dist_to_baseline_Pg_median_abs,dist_to_baseline_Pg_max_abs,dist_to_baseline_Qg_l2,dist_to_baseline_Qg_linf,dist_to_baseline_Qg_mean_abs,dist_to_baseline_Qg_median_abs,dist_to_baseline_Qg_max_abs,dist_to_baseline_Vm_l2,dist_to_baseline_Vm_linf,dist_to_baseline_Vm_mean_abs,dist_to_baseline_Vm_median_abs,dist_to_baseline_Vm_max_abs,dist_to_baseline_Va_l2,dist_to_baseline_Va_linf,dist_to_baseline_Va_mean_abs,dist_to_baseline_Va_median_abs,dist_to_baseline_Va_max_abs,dc_seed_mode,dc_solver,dc_solver_problem_type,dc_termination,dc_status,dc_build_time,dc_solve_time,dc_total_time,dc_objective
2026-03-22T17:23:11Z,test_cases/pglib_opf_case5_pjm.mat,pglib_opf_case5_pjm,baseline_default,baseline,none,case_default,0,1,,0,,,optimal,ok,1,438.7972716720528,,,,0.0017139911651611328,0.0008518695831298828,0.022906064987182617,0.0237579345703125,0.0237579345703125,0.025471925735473633,acopf_acdc_paper_study/cases/pglib_opf_case5_pjm/logs/baseline_default.log,0,20,5.827378146559581e-10,1.2140861858219037e-12,0.0,9.093946304399197e-08,9.093946304399197e-08,0.005,,,0.005,False,100.0,5,6,5,5,3,1,3,1,1000.0,328.69,1530.0,0.0,1147.5,-1147.5,6,0,0,2,1,17551.890866882113,1005.1920959701154,371.65829787615024,1.0641372480273308,1.0999999878418454,1.0789780520222767,0.012554304164031143,-0.012821963402056727,0.0626633906359681,0.017801520931795316,0.03161241524774666,284.3266567149717,284.17114405243154,211.81946425194397,211.25868820697724,0.995302682542173,1.0000000047528406,0.576165128357163,0.5752253832635108,0.0,5.4752723244178014e-08,1,2,0,3,0,1,,,,,,,,,,,,,,,,,,,,,,,,,,,,,,,,,,,,,,,,,,,,,,,,,,,,,,,,
2026-03-22T17:23:11Z,test_cases/pglib_opf_case5_pjm.mat,pglib_opf_case5_pjm,oracle_ac_primal_only__Pg,oracle_ac_primal_only,none,ac_true,1,0,Pg,1,,,optimal,ok,1,438.79727167205294,17113.093595210063,39.00000000000001,0,0.0017139911651611328,0.0008769035339355469,0.02165675163269043,0.022533655166625977,0.022533655166625977,0.02424764633178711,acopf_acdc_paper_study/cases/pglib_opf_case5_pjm/logs/oracle_ac_primal_only__Pg.log,0,18,5.832888906508941e-10,1.2577890248198827e-12,0.0,9.093946303190836e-08,9.093946303190836e-08,0.005,,,0.005,False,100.0,5,6,5,5,3,1,3,1,1000.0,328.69,1530.0,0.0,1147.5,-1147.5,6,0,0,2,1,17551.890866882117,1005.1920959701157,371.6582978761504,1.06413724802733,1.0999999878418454,1.078978052022276,0.012554304164031495,-0.01282196340205681,0.0626633906359682,0.017801520931795316,0.03161241524774673,284.3266567149721,284.17114405243154,211.81946425194528,211.25868820697806,0.9953026825421732,1.0000000047528403,0.576165128357166,0.5752253832635127,0.0,5.4752720579642755e-08,1,2,0,3,0,1,1,0.0,0.0,0.0,0.0,0.0,0,,,,,,0,,,,,,0,,,,,,0,0,0,3.580361697649217e-15,3.552713678800501e-15,7.994445186951856e-16,4.197048253645058e-19,3.552713678800501e-15,1.5555464958073458e-14,1.176836406102666e-14,4.388156504830931e-15,0.0,1.176836406102666e-14,1.5543122344752192e-15,8.881784197001252e-16,5.773159728050814e-16,8.881784197001252e-16,8.881784197001252e-16,1.5842119361940235e-16,9.71445146547012e-17,6.175615574477434e-17,7.979727989493313e-17,9.71445146547012e-17,,,,,,,,,
2026-03-22T17:23:11Z,test_cases/pglib_opf_case5_pjm.mat,pglib_opf_case5_pjm,oracle_ac_primal_only__Qg,oracle_ac_primal_only,none,ac_true,1,0,Qg,1,,,optimal,ok,1,438.79727167205306,17113.093595210066,39.00000000000002,0,0.0017139911651611328,0.0008900165557861328,0.01978015899658203,0.020670175552368164,0.020670175552368164,0.022384166717529297,acopf_acdc_paper_study/cases/pglib_opf_case5_pjm/logs/oracle_ac_primal_only__Qg.log,0,20,5.832270119599751e-10,1.2329174904307889e-12,0.0,9.09394630423312e-08,9.09394630423312e-08,0.005,,,0.005,False,100.0,5,6,5,5,3,1,3,1,1000.0,328.69,1530.0,0.0,1147.5,-1147.5,6,0,0,2,1,17551.89086688212,1005.1920959701155,371.6582978761518,1.0641372480273303,1.0999999878418454,1.0789780520222767,0.012554304164031327,-0.012821963402056718,0.06266339063596815,0.017801520931795344,0.031612415247746675,284.3266567149703,284.1711440524301,211.81946425194403,211.25868820697727,0.9953026825421732,1.0000000047528408,0.576165128357163,0.5752253832635109,0.0,5.475272679689169e-08,1,2,0,3,0,1,0,,,,,,1,0.0,0.0,0.0,0.0,0.0,0,,,,,,0,,,,,,0,0,0,3.233018248658043e-15,3.1086244689504383e-15,7.993694715760589e-16,4.446922973085077e-20,3.1086244689504383e-15,1.2079775293084533e-14,1.1324274851176597e-14,3.1058489113888756e-15,0.0,1.1324274851176597e-14,7.691850745534255e-16,4.440892098500626e-16,2.6645352591003756e-16,4.440892098500626e-16,4.440892098500626e-16,6.756519681985223e-17,5.551115123125783e-17,2.3245294578089216e-17,2.0816681711721685e-17,5.551115123125783e-17,,,,,,,,,
2026-03-22T17:23:11Z,test_cases/pglib_opf_case5_pjm.mat,pglib_opf_case5_pjm,oracle_ac_primal_only__Vm,oracle_ac_primal_only,none,ac_true,1,0,Vm,1,,,optimal,ok,1,438.79727167205266,17113.093595210048,38.99999999999998,0,0.0017139911651611328,0.0010101795196533203,0.02177596092224121,0.02278614044189453,0.02278614044189453,0.024500131607055664,acopf_acdc_paper_study/cases/pglib_opf_case5_pjm/logs/oracle_ac_primal_only__Vm.log,0,20,5.832091915539762e-10,1.0926170419483382e-12,0.0,9.093946304731913e-08,9.093946304731913e-08,0.004,,,0.004,False,100.0,5,6,5,5,3,1,3,1,1000.0,328.69,1530.0,0.0,1147.5,-1147.5,6,0,0,2,1,17551.890866882102,1005.1920959701146,371.65829787614786,1.0641372480273297,1.0999999878418454,1.0789780520222771,0.012554304164031159,-0.012821963402056847,0.0626633906359678,0.017801520931795177,0.03161241524774657,284.3266567149668,284.17114405242427,211.81946425194374,211.2586882069762,0.9953026825421707,1.0000000047528406,0.5761651283571623,0.5752253832635082,0.0,5.4752723244178014e-08,1,2,0,3,0,1,0,,,,,,0,,,,,,1,0.0,0.0,0.0,0.0,0.0,0,,,,,,0,0,0,6.2826010611267306e-15,6.217248937900877e-15,1.4545702932877626e-15,1.6742410883781138e-16,6.217248937900877e-15,2.6684322448146766e-13,2.0126955657673307e-13,7.571443472187412e-14,1.7763568394002505e-15,2.0126955657673307e-13,2.1181705310112556e-15,1.5543122344752192e-15,7.549516567451064e-16,8.881784197001252e-16,1.5543122344752192e-15,3.8906177637005465e-16,2.914335439641036e-16,1.4259426972529355e-16,1.196959198423997e-16,2.914335439641036e-16,,,,,,,,,
2026-03-22T17:23:11Z,test_cases/pglib_opf_case5_pjm.mat,pglib_opf_case5_pjm,oracle_ac_primal_only__Va,oracle_ac_primal_only,none,ac_true,1,0,Va,1,,,optimal,ok,1,438.7972716720531,17113.093595210074,39.000000000000036,0,0.0017139911651611328,0.000888824462890625,0.021162033081054688,0.022050857543945312,0.022050857543945312,0.023764848709106445,acopf_acdc_paper_study/cases/pglib_opf_case5_pjm/logs/oracle_ac_primal_only__Va.log,0,15,5.83102635613893e-10,1.2229043354473304e-12,0.0,9.093946897129445e-08,9.093946897129445e-08,0.004,,,0.004,False,100.0,5,6,5,5,3,1,3,1,1000.0,328.69,1530.0,0.0,1147.5,-1147.5,6,0,0,2,1,17551.890866882128,1005.1920959701155,371.6582978761417,1.0641372480273323,1.0999999878418483,1.0789780520222796,0.012554304164031327,-0.012821963402056769,0.06266339063596756,0.01780152093179511,0.03161241524774643,284.3266567149668,284.1711440524287,211.8194642519439,211.25868820697715,0.995302682542171,1.0000000047528408,0.5761651283571627,0.5752253832635107,0.0,5.4752725020534854e-08,1,2,0,3,0,1,0,,,,,,0,,,,,,0,,,,,,1,0.0,0.0,0.0,0.0,0.0,0,0,0,6.426004878576642e-15,5.329070518200751e-15,1.880811926016114e-15,5.222754330793181e-16,5.329070518200751e-15,2.4018900292805734e-13,2.0870805084172162e-13,6.639966354526905e-14,4.440892098500626e-15,2.0870805084172162e-13,6.764165321960921e-15,3.774758283725532e-15,2.930988785010413e-15,3.1086244689504383e-15,3.774758283725532e-15,6.972315263620695e-16,5.412337245047638e-16,2.0781987242202148e-16,4.163336342344337e-17,5.412337245047638e-16,,,,,,,,,
2026-03-22T17:23:11Z,test_cases/pglib_opf_case5_pjm.mat,pglib_opf_case5_pjm,oracle_ac_primal_only__Pg_Qg,oracle_ac_primal_only,none,ac_true,1,0,Pg+Qg,2,,,optimal,ok,1,438.79727167205266,17113.093595210055,38.99999999999999,0,0.0017139911651611328,0.001216888427734375,0.023133039474487305,0.02434992790222168,0.02434992790222168,0.026063919067382812,acopf_acdc_paper_study/cases/pglib_opf_case5_pjm/logs/oracle_ac_primal_only__Pg_Qg.log,0,18,5.83066175712565e-10,1.2453532576253358e-12,0.0,9.093946303930726e-08,9.093946303930726e-08,0.008,,,0.008,False,100.0,5,6,5,5,3,1,3,1,1000.0,328.69,1530.0,0.0,1147.5,-1147.5,6,0,0,2,1,17551.89086688211,1005.1920959701149,371.6582978761511,1.0641372480273303,1.0999999878418454,1.0789780520222767,0.01255430416403131,-0.012821963402056706,0.06266339063596815,0.017801520931795347,0.03161241524774668,284.32665671496994,284.1711440524298,211.81946425194448,211.25868820697744,0.9953026825421732,1.0000000047528408,0.576165128357164,0.5752253832635112,0.0,5.475272679689169e-08,1,2,0,3,0,1,1,0.0,0.0,0.0,0.0,0.0,1,0.0,0.0,0.0,0.0,0.0,0,,,,,,0,,,,,,0,0,0,3.552713688255321e-15,3.552713678800501e-15,7.105945741764721e-16,0.0,3.552713678800501e-15,1.987873334310622e-14,1.7555401576885288e-14,5.37625499674732e-15,0.0,1.7555401576885288e-14,8.005932084973442e-16,4.440892098500626e-16,3.108624468950438e-16,4.440892098500626e-16,4.440892098500626e-16,7.821660206738451e-17,5.551115123125783e-17,2.8102520310824274e-17,2.0816681711721685e-17,5.551115123125783e-17,,,,,,,,,
2026-03-22T17:23:11Z,test_cases/pglib_opf_case5_pjm.mat,pglib_opf_case5_pjm,oracle_ac_primal_only__Pg_Vm,oracle_ac_primal_only,none,ac_true,1,0,Pg+Vm,2,,,optimal,ok,1,438.79727167205306,17113.093595210066,39.00000000000002,0,0.0017139911651611328,0.0009381771087646484,0.01781916618347168,0.018757343292236328,0.018757343292236328,0.02047133445739746,acopf_acdc_paper_study/cases/pglib_opf_case5_pjm/logs/oracle_ac_primal_only__Pg_Vm.log,0,18,5.829488600857474e-10,1.0903988518979789e-12,0.0,9.09394689781798e-08,9.09394689781798e-08,0.004,,,0.004,False,100.0,5,6,5,5,3,1,3,1,1000.0,328.69,1530.0,0.0,1147.5,-1147.5,6,0,0,2,1,17551.89086688212,1005.1920959701154,371.6582978761429,1.0641372480273323,1.0999999878418483,1.0789780520222798,0.012554304164031246,-0.012821963402056782,0.06266339063596749,0.017801520931795083,0.03161241524774641,284.32665671496886,284.17114405242796,211.81946425194425,211.258688206977,0.9953026825421704,1.0000000047528397,0.5761651283571634,0.5752253832635102,0.0,5.475271436239382e-08,1,2,0,3,0,1,1,0.0,0.0,0.0,0.0,0.0,0,,,,,,1,0.0,0.0,0.0,0.0,0.0,0,,,,,,0,0,0,5.034431436219266e-15,3.552713678800501e-15,1.4849449794795967e-15,3.1929753979698106e-16,3.552713678800501e-15,2.5136401250291265e-13,2.1239954239860026e-13,7.034650639781148e-14,4.884981308350689e-15,2.1239954239860026e-13,7.242875823676482e-15,4.218847493575595e-15,3.1086244689504383e-15,3.1086244689504383e-15,4.218847493575595e-15,7.784251465316585e-16,6.106226635438361e-16,2.345346139520643e-16,5.551115123125783e-17,6.106226635438361e-16,,,,,,,,,
2026-03-22T17:23:11Z,test_cases/pglib_opf_case5_pjm.mat,pglib_opf_case5_pjm,oracle_ac_primal_only__Pg_Va,oracle_ac_primal_only,none,ac_true,1,0,Pg+Va,2,,,optimal,ok,1,438.7972716720532,17113.093595210074,39.000000000000036,0,0.0017139911651611328,0.0008950233459472656,0.021327733993530273,0.02222275733947754,0.02222275733947754,0.023936748504638672,acopf_acdc_paper_study/cases/pglib_opf_case5_pjm/logs/oracle_ac_primal_only__Pg_Va.log,0,15,5.831546238856399e-10,1.2165091355524868e-12,0.0,9.093946897039172e-08,9.093946897039172e-08,0.005,,,0.005,False,100.0,5,6,5,5,3,1,3,1,1000.0,328.69,1530.0,0.0,1147.5,-1147.5,6,0,0,2,1,17551.890866882128,1005.1920959701155,371.6582978761532,1.0641372480273326,1.0999999878418483,1.07897805202228,0.012554304164031197,-0.01282196340205672,0.0626633906359675,0.017801520931795115,0.0316124152477464,284.3266567149652,284.17114405242467,211.81946425194346,211.25868820697633,0.9953026825421709,1.0000000047528406,0.5761651283571616,0.5752253832635087,0.0,5.4752723244178014e-08,1,2,0,3,0,1,1,0.0,0.0,0.0,0.0,0.0,0,,,,,,0,,,,,,1,0.0,0.0,0.0,0.0,0.0,0,0,0,7.302300904269448e-15,5.773159728050814e-15,2.1472522382121745e-15,5.222093645094322e-16,5.773159728050814e-15,2.4663064156662744e-13,1.865174681370263e-13,7.046307981539712e-14,4.440892098500626e-15,1.865174681370263e-13,7.181349572247798e-15,4.218847493575595e-15,3.1086244689504383e-15,3.1086244689504383e-15,4.218847493575595e-15,7.482934360742596e-16,5.967448757360216e-16,2.1475876632592871e-16,1.9081958235744878e-17,5.967448757360216e-16,,,,,,,,,
2026-03-22T17:23:11Z,test_cases/pglib_opf_case5_pjm.mat,pglib_opf_case5_pjm,oracle_ac_primal_only__Qg_Vm,oracle_ac_primal_only,none,ac_true,1,0,Qg+Vm,2,,,optimal,ok,1,438.79727167205294,17113.093595210063,39.00000000000001,0,0.0017139911651611328,0.0009860992431640625,0.02139592170715332,0.022382020950317383,0.022382020950317383,0.024096012115478516,acopf_acdc_paper_study/cases/pglib_opf_case5_pjm/logs/oracle_ac_primal_only__Qg_Vm.log,0,19,5.830072714811782e-10,1.086913124675986e-12,0.0,9.09394630488067e-08,9.09394630488067e-08,0.007,,,0.007,False,100.0,5,6,5,5,3,1,3,1,1000.0,328.69,1530.0,0.0,1147.5,-1147.5,6,0,0,2,1,17551.890866882117,1005.1920959701154,371.6582978761465,1.0641372480273295,1.0999999878418454,1.078978052022277,0.012554304164031265,-0.012821963402056824,0.06266339063596782,0.01780152093179519,0.031612415247746564,284.3266567149687,284.17114405242614,211.8194642519437,211.25868820697633,0.9953026825421706,1.0000000047528397,0.5761651283571622,0.5752253832635086,0.0,5.475271436239382e-08,1,2,0,3,0,1,0,,,,,,1,0.0,0.0,0.0,0.0,0.0,1,0.0,0.0,0.0,0.0,0.0,0,,,,,,0,0,0,5.42338028950387e-15,4.440892098500626e-15,1.5433607760935789e-15,1.672873130168298e-16,4.440892098500626e-15,2.595096511683388e-13,2.0229651287451134e-13,7.338851748528441e-14,1.7763568394002505e-15,2.0229651287451134e-13,2.1297770317619676e-15,1.3322676295501878e-15,7.993605777301127e-16,8.881784197001252e-16,1.3322676295501878e-15,3.673397283090529e-16,2.7755575615628914e-16,1.2732870313669765e-16,9.71445146547012e-17,2.7755575615628914e-16,,,,,,,,,
2026-03-22T17:23:11Z,test_cases/pglib_opf_case5_pjm.mat,pglib_opf_case5_pjm,oracle_ac_primal_only__Qg_Va,oracle_ac_primal_only,none,ac_true,1,0,Qg+Va,2,,,optimal,ok,1,438.7972716720528,17113.09359521006,39.0,0,0.0017139911651611328,0.0008788108825683594,0.017107009887695312,0.017985820770263672,0.017985820770263672,0.019699811935424805,acopf_acdc_paper_study/cases/pglib_opf_case5_pjm/logs/oracle_ac_primal_only__Qg_Va.log,0,14,5.830781842206309e-10,1.1916389137392058e-12,0.0,9.093946895063542e-08,9.093946895063542e-08,0.003,,,0.003,False,100.0,5,6,5,5,3,1,3,1,1000.0,328.69,1530.0,0.0,1147.5,-1147.5,6,0,0,2,1,17551.890866882113,1005.1920959701151,371.65829787614524,1.0641372480273326,1.0999999878418483,1.07897805202228,0.012554304164031213,-0.012821963402056808,0.06266339063596749,0.017801520931795076,0.031612415247746425,284.32665671496693,284.171144052426,211.8194642519436,211.25868820697613,0.9953026825421706,1.0000000047528401,0.5761651283571618,0.5752253832635081,0.0,5.4752718803285916e-08,1,2,0,3,0,1,0,,,,,,1,0.0,0.0,0.0,0.0,0.0,0,,,,,,1,0.0,0.0,0.0,0.0,0.0,0,0,0,1.9039268471932557e-15,1.7763568394002505e-15,5.484498522923074e-16,4.440892098500626e-16,1.7763568394002505e-15,2.4784786778095375e-13,2.0047852267168764e-13,7.012723735044801e-14,4.440892098500626e-15,2.0047852267168764e-13,7.391117485641469e-15,4.218847493575595e-15,3.197442310920451e-15,3.3306690738754696e-15,4.218847493575595e-15,7.7772318041993705e-16,6.106226635438361e-16,2.4320823133194833e-16,8.153200337090993e-17,6.106226635438361e-16,,,,,,,,,
2026-03-22T17:23:11Z,test_cases/pglib_opf_case5_pjm.mat,pglib_opf_case5_pjm,oracle_ac_primal_only__Vm_Va,oracle_ac_primal_only,none,ac_true,1,0,Vm+Va,2,,,optimal,ok,1,438.79727167205294,17113.093595210063,39.00000000000001,0,0.0017139911651611328,0.0008518695831298828,0.01923203468322754,0.020083904266357422,0.020083904266357422,0.021797895431518555,acopf_acdc_paper_study/cases/pglib_opf_case5_pjm/logs/oracle_ac_primal_only__Vm_Va.log,0,14,5.824614671092918e-10,1.0922497289163211e-12,0.0,9.093946304984675e-08,9.093946304984675e-08,0.003,,,0.003,False,100.0,5,6,5,5,3,1,3,1,1000.0,328.69,1530.0,0.0,1147.5,-1147.5,6,0,0,2,1,17551.890866882117,1005.1920959701154,371.65829787615195,1.0641372480273297,1.0999999878418454,1.0789780520222771,0.012554304164031084,-0.012821963402056814,0.06266339063596775,0.017801520931795174,0.031612415247746536,284.326656714963,284.1711440524233,211.81946425194306,211.25868820697596,0.9953026825421704,1.0000000047528403,0.5761651283571606,0.5752253832635078,0.0,5.4752720579642755e-08,1,2,0,3,0,1,0,,,,,,0,,,,,,1,0.0,0.0,0.0,0.0,0.0,1,0.0,0.0,0.0,0.0,0.0,0,0,0,3.4899075410686754e-15,2.6645352591003757e-15,1.0542816653599883e-15,3.864270184492525e-16,2.6645352591003757e-15,3.042873679879641e-13,2.2226664952995634e-13,8.653633365440783e-14,2.220446049250313e-15,2.2226664952995634e-13,2.5510982866352577e-15,1.9984014443252818e-15,8.881784197001252e-16,1.1102230246251565e-15,1.9984014443252818e-15,4.3837735631408585e-16,3.469446951953614e-16,1.4536982728685643e-16,8.673617379884035e-17,3.469446951953614e-16,,,,,,,,,
2026-03-22T17:23:11Z,test_cases/pglib_opf_case5_pjm.mat,pglib_opf_case5_pjm,oracle_ac_primal_only__Pg_Qg_Vm,oracle_ac_primal_only,none,ac_true,1,0,Pg+Qg+Vm,3,,,optimal,ok,1,438.7972716720532,17113.093595210074,39.000000000000036,0,0.0017139911651611328,0.0008361339569091797,0.01915597915649414,0.01999211311340332,0.01999211311340332,0.021706104278564453,acopf_acdc_paper_study/cases/pglib_opf_case5_pjm/logs/oracle_ac_primal_only__Pg_Qg_Vm.log,0,19,5.834862227290758e-10,1.0983209592206902e-12,0.0,9.093946304632915e-08,9.093946304632915e-08,0.004,,,0.004,False,100.0,5,6,5,5,3,1,3,1,1000.0,328.69,1530.0,0.0,1147.5,-1147.5,6,0,0,2,1,17551.890866882128,1005.1920959701158,371.65829787614626,1.0641372480273295,1.0999999878418454,1.078978052022277,0.012554304164031253,-0.012821963402056796,0.06266339063596782,0.017801520931795205,0.03161241524774656,284.3266567149651,284.1711440524245,211.81946425194357,211.25868820697625,0.9953026825421706,1.0000000047528397,0.5761651283571617,0.5752253832635085,0.0,5.475271436239382e-08,1,2,0,3,0,1,1,0.0,0.0,0.0,0.0,0.0,1,0.0,0.0,0.0,0.0,0.0,1,0.0,0.0,0.0,0.0,0.0,0,,,,,,0,0,0,6.042581144975198e-15,5.773159728050814e-15,1.543351797544338e-15,1.6724242027062533e-16,5.773159728050814e-15,2.920543199086684e-13,2.26554885962571e-13,8.259226635942695e-14,1.7763568394002505e-15,2.26554885962571e-13,2.010699415441723e-15,1.3322676295501878e-15,7.105427357601002e-16,6.661338147750939e-16,1.3322676295501878e-15,3.4998879086131646e-16,2.7755575615628914e-16,1.1206313654810173e-16,6.938893903907228e-17,2.7755575615628914e-16,,,,,,,,,
2026-03-22T17:23:11Z,test_cases/pglib_opf_case5_pjm.mat,pglib_opf_case5_pjm,oracle_ac_primal_only__Pg_Qg_Va,oracle_ac_primal_only,none,ac_true,1,0,Pg+Qg+Va,3,,,optimal,ok,1,438.7972716720526,17113.093595210048,38.99999999999998,0,0.0017139911651611328,0.0009300708770751953,0.022228002548217773,0.02315807342529297,0.02315807342529297,0.0248720645904541,acopf_acdc_paper_study/cases/pglib_opf_case5_pjm/logs/oracle_ac_primal_only__Pg_Qg_Va.log,0,15,5.828866051834508e-10,1.2566567793367831e-12,0.0,9.093946304442734e-08,9.093946304442734e-08,0.004,,,0.004,False,100.0,5,6,5,5,3,1,3,1,1000.0,328.69,1530.0,0.0,1147.5,-1147.5,6,0,0,2,1,17551.890866882102,1005.1920959701148,371.65829787614683,1.0641372480273295,1.0999999878418454,1.078978052022277,0.012554304164031268,-0.012821963402056848,0.06266339063596789,0.017801520931795194,0.03161241524774662,284.32665671496676,284.17114405242637,211.81946425194414,211.25868820697715,0.995302682542171,1.0000000047528406,0.5761651283571633,0.5752253832635107,0.0,5.4752723244178014e-08,1,2,0,3,0,1,1,0.0,0.0,0.0,0.0,0.0,1,0.0,0.0,0.0,0.0,0.0,0,,,,,,1,0.0,0.0,0.0,0.0,0.0,0,0,0,3.78640379234139e-15,2.6645352591003757e-15,1.1399376180411952e-15,3.706175720052246e-16,2.6645352591003757e-15,2.327119706010483e-13,1.8166024240429124e-13,6.576406086367115e-14,1.3322676295501878e-15,1.8166024240429124e-13,1.85775845048325e-15,1.3322676295501878e-15,6.217248937900876e-16,6.661338147750939e-16,1.3322676295501878e-15,3.1212009429877303e-16,2.0816681711721685e-16,1.2177758801357186e-16,1.2663481374630692e-16,2.0816681711721685e-16,,,,,,,,,
2026-03-22T17:23:11Z,test_cases/pglib_opf_case5_pjm.mat,pglib_opf_case5_pjm,oracle_ac_primal_only__Pg_Vm_Va,oracle_ac_primal_only,none,ac_true,1,0,Pg+Vm+Va,3,,,optimal,ok,1,438.7972716720533,17113.09359521008,39.00000000000005,0,0.0017139911651611328,0.0009968280792236328,0.021702051162719727,0.02269887924194336,0.02269887924194336,0.024412870407104492,acopf_acdc_paper_study/cases/pglib_opf_case5_pjm/logs/oracle_ac_primal_only__Pg_Vm_Va.log,0,13,5.828116895255315e-10,1.073237549126655e-12,0.0,9.093946897562281e-08,9.093946897562281e-08,0.006,,,0.006,False,100.0,5,6,5,5,3,1,3,1,1000.0,328.69,1530.0,0.0,1147.5,-1147.5,6,0,0,2,1,17551.890866882135,1005.192095970116,371.6582978761479,1.0641372480273321,1.0999999878418483,1.07897805202228,0.012554304164031279,-0.012821963402056743,0.06266339063596743,0.01780152093179508,0.03161241524774637,284.32665671496864,284.17114405242853,211.81946425194405,211.2586882069767,0.9953026825421697,1.0000000047528397,0.5761651283571628,0.5752253832635095,0.0,5.475271436239382e-08,1,2,0,3,0,1,1,0.0,0.0,0.0,0.0,0.0,0,,,,,,1,0.0,0.0,0.0,0.0,0.0,1,0.0,0.0,0.0,0.0,0.0,0,0,0,6.683050168343003e-15,6.661338147750939e-15,1.4399214513880626e-15,0.0,6.661338147750939e-15,3.0376118512775353e-13,2.2851165404347284e-13,8.679168495007161e-14,5.329070518200751e-15,2.2851165404347284e-13,7.542983016623164e-15,4.440892098500626e-15,3.197442310920451e-15,3.3306690738754696e-15,4.440892098500626e-15,8.500534451085192e-16,6.661338147750939e-16,2.463307335887066e-16,2.2551405187698492e-17,6.661338147750939e-16,,,,,,,,,
2026-03-22T17:23:11Z,test_cases/pglib_opf_case5_pjm.mat,pglib_opf_case5_pjm,oracle_ac_primal_only__Qg_Vm_Va,oracle_ac_primal_only,none,ac_true,1,0,Qg+Vm+Va,3,,,optimal,ok,1,438.7972716720535,17113.093595210088,39.00000000000007,0,0.0017139911651611328,0.0012679100036621094,0.018326759338378906,0.019594669342041016,0.019594669342041016,0.02130866050720215,acopf_acdc_paper_study/cases/pglib_opf_case5_pjm/logs/oracle_ac_primal_only__Qg_Vm_Va.log,0,13,5.833576526652736e-10,1.0621471109160164e-12,0.0,9.093946898146679e-08,9.093946898146679e-08,0.003,,,0.003,False,100.0,5,6,5,5,3,1,3,1,1000.0,328.69,1530.0,0.0,1147.5,-1147.5,6,0,0,2,1,17551.890866882142,1005.1920959701167,371.6582978761525,1.0641372480273326,1.0999999878418483,1.0789780520222803,0.012554304164031102,-0.01282196340205677,0.0626633906359674,0.017801520931795062,0.03161241524774636,284.3266567149641,284.1711440524235,211.81946425194303,211.25868820697562,0.9953026825421704,1.0000000047528403,0.5761651283571605,0.5752253832635069,0.0,5.4752720579642755e-08,1,2,0,3,0,1,0,,,,,,1,0.0,0.0,0.0,0.0,0.0,1,0.0,0.0,0.0,0.0,0.0,1,0.0,0.0,0.0,0.0,0.0,0,0,0,9.754502804784577e-15,7.105427357601002e-15,2.8610194589958824e-15,5.383317896274706e-16,7.105427357601002e-15,3.4359547108546326e-13,2.5135449277513544e-13,9.818812429784884e-14,5.329070518200751e-15,2.5135449277513544e-13,7.90054549544603e-15,4.884981308350689e-15,3.3750779948604757e-15,3.3306690738754696e-15,4.884981308350689e-15,8.89684860807424e-16,6.938893903907228e-16,2.5951463200613033e-16,4.336808689942018e-17,6.938893903907228e-16,,,,,,,,,
2026-03-22T17:23:11Z,test_cases/pglib_opf_case5_pjm.mat,pglib_opf_case5_pjm,oracle_ac_primal_only__Pg_Qg_Vm_Va,oracle_ac_primal_only,none,ac_true,1,0,Pg+Qg+Vm+Va,4,,,optimal,ok,1,438.7972716720532,17113.093595210074,39.000000000000036,0,0.0017139911651611328,0.0018739700317382812,0.019989967346191406,0.021863937377929688,0.021863937377929688,0.02357792854309082,acopf_acdc_paper_study/cases/pglib_opf_case5_pjm/logs/oracle_ac_primal_only__Pg_Qg_Vm_Va.log,0,13,5.834195103701043e-10,1.0675338951897551e-12,0.0,9.093946897596058e-08,9.093946897596058e-08,0.003,,,0.003,False,100.0,5,6,5,5,3,1,3,1,1000.0,328.69,1530.0,0.0,1147.5,-1147.5,6,0,0,2,1,17551.890866882128,1005.1920959701157,371.65829787614365,1.0641372480273323,1.0999999878418483,1.07897805202228,0.012554304164031188,-0.012821963402056769,0.0626633906359674,0.017801520931795066,0.03161241524774637,284.32665671496676,284.1711440524267,211.8194642519436,211.2586882069763,0.9953026825421696,1.0000000047528395,0.5761651283571618,0.5752253832635085,0.0,5.475271258603698e-08,1,2,0,3,0,1,1,0.0,0.0,0.0,0.0,0.0,1,0.0,0.0,0.0,0.0,0.0,1,0.0,0.0,0.0,0.0,0.0,1,0.0,0.0,0.0,0.0,0.0,0,0,0,6.8000687282918096e-15,5.773159728050814e-15,1.9728384134936206e-15,5.383186606167881e-16,5.773159728050814e-15,2.9037093668677134e-13,2.3780977187470853e-13,8.194556144758281e-14,5.329070518200751e-15,2.3780977187470853e-13,7.717447657366157e-15,4.6629367034256575e-15,3.2862601528904635e-15,3.3306690738754696e-15,4.6629367034256575e-15,8.767632932801181e-16,6.938893903907228e-16,2.5500435096859064e-16,4.163336342344337e-17,6.938893903907228e-16,,,,,,,,,
2026-03-22T17:23:11Z,test_cases/pglib_opf_case5_pjm.mat,pglib_opf_case5_pjm,oracle_ac_primal_dual__Pg,oracle_ac_primal_dual,full,ac_true,1,0,Pg,1,,,optimal,ok,1,438.7972716720736,17113.09359521089,39.00000000000189,0,0.0017139911651611328,0.0009131431579589844,0.022409915924072266,0.02332305908203125,0.02332305908203125,0.025037050247192383,acopf_acdc_paper_study/cases/pglib_opf_case5_pjm/logs/oracle_ac_primal_dual__Pg.log,0,23,4.729372449219227e-10,4.849949205873276e-13,0.0,9.092177878877217e-08,9.092177878877217e-08,0.008,,,0.008,False,100.0,5,6,5,5,3,1,3,1,1000.0,328.69,1530.0,0.0,1147.5,-1147.5,6,0,0,2,1,17551.890866882943,1005.1920959702736,371.6582978779205,1.0641372480151616,1.0999999878310949,1.0789780520106353,0.012554304164578799,-0.012821963402160982,0.06266339063739655,0.01780152093228449,0.03161241524839759,284.3266567159106,284.1711440532495,211.81946425315758,211.25868820816194,0.9953026825420699,1.0000000047527982,0.5761651283599994,0.5752253832662885,0.0,5.475223474604718e-08,1,2,0,3,0,1,1,0.0,0.0,0.0,0.0,0.0,0,,,,,,0,,,,,,0,,,,,,1,1,1,2.2766357746107998e-11,1.84421367066534e-11,7.137972465304419e-12,4.4790837705477315e-12,1.84421367066534e-11,7.857974484381177e-11,6.818634545879831e-11,2.5050261864834057e-11,2.031508294919604e-11,6.818634545879831e-11,2.6062113385820987e-11,1.2169154572916341e-11,1.1641354547009541e-11,1.1934453425510583e-11,1.2169154572916341e-11,1.826503319192767e-12,1.4284545768461498e-12,5.355754034708227e-13,1.0425514618273013e-13,1.4284545768461498e-12,,,,,,,,,
2026-03-22T17:23:11Z,test_cases/pglib_opf_case5_pjm.mat,pglib_opf_case5_pjm,oracle_ac_primal_dual__Qg,oracle_ac_primal_dual,full,ac_true,1,0,Qg,1,,,optimal,ok,1,438.7972716720733,17113.093595210878,39.00000000000187,0,0.0017139911651611328,0.0010120868682861328,0.023738861083984375,0.024750947952270508,0.024750947952270508,0.02646493911743164,acopf_acdc_paper_study/cases/pglib_opf_case5_pjm/logs/oracle_ac_primal_dual__Qg.log,0,34,4.765752237290144e-10,4.814418442460285e-13,0.0,9.092177548006441e-08,9.092177548006441e-08,0.01,,,0.01,True,100.0,5,6,5,5,3,1,3,1,1000.0,328.69,1530.0,0.0,1147.5,-1147.5,6,0,0,2,1,17551.89086688293,1005.192095970273,371.65829787792177,1.0641372480151632,1.0999999878310946,1.0789780520106365,0.012554304164578142,-0.012821963402160902,0.06266339063739637,0.017801520932284477,0.03161241524839748,284.32665671591025,284.1711440532492,211.81946425315542,211.25868820815967,0.9953026825420693,1.0000000047527975,0.5761651283599942,0.5752253832662829,0.0,5.475222586426298e-08,1,2,0,3,0,1,0,,,,,,1,0.0,0.0,0.0,0.0,0.0,0,,,,,,0,,,,,,1,1,1,2.276526848595992e-11,1.843991626060415e-11,7.138139264091183e-12,4.481748305806832e-12,1.843991626060415e-11,7.842974611176411e-11,6.80655531937191e-11,2.4999413650306225e-11,2.0246471166274205e-11,6.80655531937191e-11,2.606025390891473e-11,1.2167600260681866e-11,1.1640555186431812e-11,1.1933343202485958e-11,1.2167600260681866e-11,1.826292273360215e-12,1.4282741656046483e-12,5.354772181220823e-13,1.041753489028352e-13,1.4282741656046483e-12,,,,,,,,,
2026-03-22T17:23:11Z,test_cases/pglib_opf_case5_pjm.mat,pglib_opf_case5_pjm,oracle_ac_primal_dual__Vm,oracle_ac_primal_dual,full,ac_true,1,0,Vm,1,,,optimal,ok,1,438.79727167207295,17113.093595210863,39.00000000000183,0,0.0017139911651611328,0.0010268688201904297,0.026379108428955078,0.027405977249145508,0.027405977249145508,0.02911996841430664,acopf_acdc_paper_study/cases/pglib_opf_case5_pjm/logs/oracle_ac_primal_dual__Vm.log,0,39,4.783942131325603e-10,4.3508213416330287e-13,0.0,9.092177889535713e-08,9.092177889535713e-08,0.01,,,0.01,True,100.0,5,6,5,5,3,1,3,1,1000.0,328.69,1530.0,0.0,1147.5,-1147.5,6,0,0,2,1,17551.890866882917,1005.1920959702727,371.6582978779194,1.0641372480151605,1.0999999878310949,1.0789780520106356,0.012554304164578855,-0.012821963402161147,0.06266339063739627,0.01780152093228433,0.031612415248397537,284.3266567159047,284.17114405324594,211.819464253157,211.2586882081614,0.9953026825420671,1.000000004752797,0.5761651283599978,0.5752253832662872,0.0,5.475222408790614e-08,1,2,0,3,0,1,0,,,,,,0,,,,,,1,0.0,0.0,0.0,0.0,0.0,0,,,,,,1,1,1,2.276111533930184e-11,1.84350312792958e-11,7.137080135957409e-12,4.481748305806832e-12,1.84350312792958e-11,7.862483885382088e-11,6.819078635089681e-11,2.5054239238819775e-11,2.010680510977636e-11,6.819078635089681e-11,2.6061609846598125e-11,1.2170264795940966e-11,1.1641132502404616e-11,1.1933787291695808e-11,1.2170264795940966e-11,1.8261848286694477e-12,1.4281770210899936e-12,5.35551117342159e-13,1.0441994491294793e-13,1.4281770210899936e-12,,,,,,,,,
2026-03-22T17:23:11Z,test_cases/pglib_opf_case5_pjm.mat,pglib_opf_case5_pjm,oracle_ac_primal_dual__Va,oracle_ac_primal_dual,full,ac_true,1,0,Va,1,,,optimal,ok,1,438.7972716720737,17113.093595210892,39.0000000000019,0,0.0017139911651611328,0.0010440349578857422,0.017855405807495117,0.01889944076538086,0.01889944076538086,0.020613431930541992,acopf_acdc_paper_study/cases/pglib_opf_case5_pjm/logs/oracle_ac_primal_dual__Va.log,0,14,4.81122697237879e-10,4.945621252012446e-13,0.0,9.092177896276904e-08,9.092177896276904e-08,0.003,,,0.003,False,100.0,5,6,5,5,3,1,3,1,1000.0,328.69,1530.0,0.0,1147.5,-1147.5,6,0,0,2,1,17551.890866882946,1005.1920959702737,371.6582978779242,1.0641372480151607,1.099999987831095,1.0789780520106358,0.012554304164578855,-0.012821963402161077,0.06266339063739622,0.017801520932284355,0.03161241524839748,284.3266567159064,284.1711440532457,211.81946425315695,211.25868820816132,0.9953026825420663,1.000000004752797,0.5761651283599977,0.5752253832662871,0.0,5.475222408790614e-08,1,2,0,3,0,1,0,,,,,,0,,,,,,0,,,,,,1,0.0,0.0,0.0,0.0,0.0,1,1,1,2.2767915051794968e-11,1.84439130634928e-11,7.138484939761617e-12,4.479971948967432e-12,1.84439130634928e-11,7.860573810758696e-11,6.819078635089681e-11,2.5044522011796744e-11,2.0097701280974434e-11,6.819078635089681e-11,2.606111393505937e-11,1.2170042751336041e-11,1.1640910457799691e-11,1.1933565247090883e-11,1.2170042751336041e-11,1.8261237764891554e-12,1.4281215099387623e-12,5.354987286931845e-13,1.0435055597390885e-13,1.4281215099387623e-12,,,,,,,,,
2026-03-22T17:23:11Z,test_cases/pglib_opf_case5_pjm.mat,pglib_opf_case5_pjm,oracle_ac_primal_dual__Pg_Qg,oracle_ac_primal_dual,full,ac_true,1,0,Pg+Qg,2,,,optimal,ok,1,438.7972716720735,17113.093595210885,39.00000000000188,0,0.0017139911651611328,0.0008831024169921875,0.027370929718017578,0.028254032135009766,0.028254032135009766,0.0299680233001709,acopf_acdc_paper_study/cases/pglib_opf_case5_pjm/logs/oracle_ac_primal_dual__Pg_Qg.log,0,34,4.738467396236956e-10,4.817971518801584e-13,0.0,9.092177890102172e-08,9.092177890102172e-08,0.009,,,0.009,True,100.0,5,6,5,5,3,1,3,1,1000.0,328.69,1530.0,0.0,1147.5,-1147.5,6,0,0,2,1,17551.89086688294,1005.1920959702737,371.65829787791944,1.0641372480151616,1.0999999878310949,1.0789780520106353,0.012554304164578837,-0.012821963402161013,0.06266339063739655,0.01780152093228448,0.031612415248397606,284.32665671591025,284.1711440532495,211.81946425315746,211.25868820816194,0.9953026825420691,1.0000000047527982,0.5761651283599991,0.5752253832662885,0.0,5.475223474604718e-08,1,2,0,3,0,1,1,0.0,0.0,0.0,0.0,0.0,1,0.0,0.0,0.0,0.0,0.0,0,,,,,,0,,,,,,1,1,1,2.276438842892516e-11,1.8440360349814e-11,7.137082014380025e-12,4.476419235288631e-12,1.8440360349814e-11,7.858568995386319e-11,6.819034226168696e-11,2.505394780527581e-11,2.0336621275873767e-11,6.819034226168696e-11,2.6062318665934307e-11,1.2169154572916341e-11,1.1641443364851512e-11,1.1934675470115508e-11,1.2169154572916341e-11,1.8265096536009134e-12,1.4284545768461498e-12,5.355906690374113e-13,1.0428637120529771e-13,1.4284545768461498e-12,,,,,,,,,
2026-03-22T17:23:11Z,test_cases/pglib_opf_case5_pjm.mat,pglib_opf_case5_pjm,oracle_ac_primal_dual__Pg_Vm,oracle_ac_primal_dual,full,ac_true,1,0,Pg+Vm,2,,,optimal,ok,1,438.7972716720731,17113.093595210867,39.00000000000184,0,0.0017139911651611328,0.0009188652038574219,0.030707836151123047,0.03162670135498047,0.03162670135498047,0.0333406925201416,acopf_acdc_paper_study/cases/pglib_opf_case5_pjm/logs/oracle_ac_primal_dual__Pg_Vm.log,0,49,4.729372449219227e-10,4.353990184562113e-13,0.0,9.092177980754968e-08,9.092177980754968e-08,0.013,,,0.013,True,100.0,5,6,5,5,3,1,3,1,1000.0,328.69,1530.0,0.0,1147.5,-1147.5,6,0,0,2,1,17551.89086688292,1005.1920959702727,371.6582978779213,1.064137248015161,1.0999999878310953,1.0789780520106362,0.01255430416457882,-0.012821963402161107,0.06266339063739619,0.017801520932284327,0.03161241524839749,284.32665671590314,284.1711440532445,211.81946425315644,211.2586882081612,0.9953026825420664,1.000000004752798,0.5761651283599966,0.5752253832662868,0.0,5.475223296969034e-08,1,2,0,3,0,1,1,0.0,0.0,0.0,0.0,0.0,0,,,,,,1,0.0,0.0,0.0,0.0,0.0,0,,,,,,1,1,1,2.2761124629754624e-11,1.843547536850565e-11,7.137042097401814e-12,4.481748305806832e-12,1.843547536850565e-11,7.861960794794975e-11,6.819167452931651e-11,2.5050814200788806e-11,2.009703514715966e-11,6.819167452931651e-11,2.606051443388013e-11,1.2169820706731116e-11,1.1640644004273782e-11,1.1933343202485958e-11,1.2169820706731116e-11,1.826091265264523e-12,1.4280937543631467e-12,5.355080961999548e-13,1.0438004627300046e-13,1.4280937543631467e-12,,,,,,,,,
2026-03-22T17:23:11Z,test_cases/pglib_opf_case5_pjm.mat,pglib_opf_case5_pjm,oracle_ac_primal_dual__Pg_Va,oracle_ac_primal_dual,full,ac_true,1,0,Pg+Va,2,,,optimal,ok,1,438.7972716720734,17113.093595210878,39.00000000000187,0,0.0017139911651611328,0.0012319087982177734,0.018455028533935547,0.01968693733215332,0.01968693733215332,0.021400928497314453,acopf_acdc_paper_study/cases/pglib_opf_case5_pjm/logs/oracle_ac_primal_dual__Pg_Va.log,0,9,4.774847184307873e-10,4.902986586046822e-13,0.0,9.092178072343763e-08,9.092178072343763e-08,0.002,,,0.002,False,100.0,5,6,5,5,3,1,3,1,1000.0,328.69,1530.0,0.0,1147.5,-1147.5,6,0,0,2,1,17551.89086688293,1005.1920959702733,371.6582978779203,1.0641372480151652,1.0999999878310995,1.0789780520106402,0.01255430416457886,-0.012821963402161006,0.06266339063739573,0.0178015209322842,0.03161241524839725,284.32665671590365,284.171144053245,211.81946425315698,211.25868820816143,0.9953026825420673,1.0000000047527977,0.5761651283599979,0.5752253832662874,0.0,5.475223030515508e-08,1,2,0,3,0,1,1,0.0,0.0,0.0,0.0,0.0,0,,,,,,0,,,,,,1,0.0,0.0,0.0,0.0,0.0,1,1,1,2.2763790079693725e-11,1.843902808218445e-11,7.137561485850148e-12,4.480860127387132e-12,1.843902808218445e-11,7.860841836865472e-11,6.818456910195891e-11,2.5049873286775438e-11,2.013278432855259e-11,6.818456910195891e-11,2.6051297386421232e-11,1.216560185923754e-11,1.1636513974622175e-11,1.1929346399597307e-11,1.216560185923754e-11,1.8254985951998695e-12,1.4276357873654888e-12,5.353058274426558e-13,1.042794323113938e-13,1.4276357873654888e-12,,,,,,,,,
2026-03-22T17:23:11Z,test_cases/pglib_opf_case5_pjm.mat,pglib_opf_case5_pjm,oracle_ac_primal_dual__Qg_Vm,oracle_ac_primal_dual,full,ac_true,1,0,Qg+Vm,2,,,optimal,ok,1,438.7972716720734,17113.093595210878,39.00000000000187,0,0.0017139911651611328,0.0018038749694824219,0.021819114685058594,0.023622989654541016,0.023622989654541016,0.02533698081970215,acopf_acdc_paper_study/cases/pglib_opf_case5_pjm/logs/oracle_ac_primal_dual__Qg_Vm.log,0,26,4.729372449219227e-10,4.4617308441509864e-13,0.0,9.092176944951982e-08,9.092176944951982e-08,0.006,,,0.006,False,100.0,5,6,5,5,3,1,3,1,1000.0,328.69,1530.0,0.0,1147.5,-1147.5,6,0,0,2,1,17551.89086688293,1005.1920959702727,371.65829787791813,1.0641372480151652,1.0999999878310942,1.0789780520106382,0.012554304164576726,-0.012821963402160783,0.0626633906373957,0.01780152093228433,0.03161241524839714,284.32665671589587,284.17114405323736,211.81946425314928,211.2586882081541,0.9953026825420671,1.000000004752798,0.5761651283599796,0.57522538326627,0.0,5.475223296969034e-08,1,2,0,3,0,1,0,,,,,,1,0.0,0.0,0.0,0.0,0.0,1,0.0,0.0,0.0,0.0,0.0,0,,,,,,1,1,1,2.2770929768506255e-11,1.844435715270265e-11,7.140917545456595e-12,4.490630090003833e-12,1.844435715270265e-11,7.82067666495294e-11,6.784528494563347e-11,2.4918769825355015e-11,1.9973356302216416e-11,6.784528494563347e-11,2.605531233521257e-11,1.216560185923754e-11,1.1638423558224532e-11,1.1929790488807157e-11,1.216560185923754e-11,1.8255045282350347e-12,1.4276080317898732e-12,5.351857845781182e-13,1.040556529829928e-13,1.4276080317898732e-12,,,,,,,,,
2026-03-22T17:23:11Z,test_cases/pglib_opf_case5_pjm.mat,pglib_opf_case5_pjm,oracle_ac_primal_dual__Qg_Va,oracle_ac_primal_dual,full,ac_true,1,0,Qg+Va,2,,,optimal,ok,1,438.79727167207307,17113.093595210867,39.00000000000184,0,0.0017139911651611328,0.0025517940521240234,0.023520231246948242,0.026072025299072266,0.026072025299072266,0.0277860164642334,acopf_acdc_paper_study/cases/pglib_opf_case5_pjm/logs/oracle_ac_primal_dual__Qg_Va.log,0,26,4.756657290272415e-10,4.842587475928853e-13,0.0,9.092177895737073e-08,9.092177895737073e-08,0.006,,,0.006,True,100.0,5,6,5,5,3,1,3,1,1000.0,328.69,1530.0,0.0,1147.5,-1147.5,6,0,0,2,1,17551.89086688292,1005.1920959702729,371.658297877916,1.064137248015157,1.0999999878310913,1.078978052010632,0.012554304164578872,-0.012821963402161221,0.06266339063739672,0.017801520932284466,0.03161241524839776,284.32665671590433,284.17114405324594,211.8194642531571,211.25868820816183,0.9953026825420671,1.0000000047527977,0.576165128359998,0.5752253832662882,0.0,5.475223030515508e-08,1,2,0,3,0,1,0,,,,,,1,0.0,0.0,0.0,0.0,0.0,0,,,,,,1,0.0,0.0,0.0,0.0,0.0,1,1,1,2.275940614489388e-11,1.84341431008761e-11,7.136201143991187e-12,4.4790837705477315e-12,1.84341431008761e-11,7.864010102492431e-11,6.820144449193322e-11,2.5065266529011865e-11,2.018274436466072e-11,6.820144449193322e-11,2.6069743386482228e-11,1.2173817509619766e-11,1.1644774033925387e-11,1.1937340005374608e-11,1.2173817509619766e-11,1.8267520778382025e-12,1.4286211102998436e-12,5.357360388646981e-13,1.0449453802241493e-13,1.4286211102998436e-12,,,,,,,,,
2026-03-22T17:23:11Z,test_cases/pglib_opf_case5_pjm.mat,pglib_opf_case5_pjm,oracle_ac_primal_dual__Vm_Va,oracle_ac_primal_dual,full,ac_true,1,0,Vm+Va,2,,,optimal,ok,1,438.7972716720736,17113.09359521089,39.00000000000189,0,0.0017139911651611328,0.000946044921875,0.028018951416015625,0.028964996337890625,0.028964996337890625,0.030678987503051758,acopf_acdc_paper_study/cases/pglib_opf_case5_pjm/logs/oracle_ac_primal_dual__Vm_Va.log,0,29,4.793037078343332e-10,4.3728013516232176e-13,0.0,9.092175545866484e-08,9.092175545866484e-08,0.007,,,0.007,True,100.0,5,6,5,5,3,1,3,1,1000.0,328.69,1530.0,0.0,1147.5,-1147.5,6,0,0,2,1,17551.890866882943,1005.192095970273,371.6582978779236,1.0641372480151692,1.0999999878311,1.0789780520106431,0.012554304164577344,-0.012821963402160718,0.06266339063739516,0.017801520932284147,0.03161241524839689,284.32665671589837,284.171144053238,211.81946425315184,211.25868820815666,0.9953026825420664,1.000000004752798,0.5761651283599856,0.5752253832662761,0.0,5.475223296969034e-08,1,2,0,3,0,1,0,,,,,,0,,,,,,1,0.0,0.0,0.0,0.0,0.0,1,0.0,0.0,0.0,0.0,0.0,1,1,1,2.277018966559084e-11,1.84448012419125e-11,7.140265392047669e-12,4.487965554744733e-12,1.84448012419125e-11,7.83512015511312e-11,6.797451490569983e-11,2.4959478928110457e-11,1.996869336551299e-11,6.797451490569983e-11,2.6044568527616945e-11,1.216160505634889e-11,1.1633582985837165e-11,1.1925127552103731e-11,1.216160505634889e-11,1.824802008301602e-12,1.4270667980653684e-12,5.34975883037525e-13,1.0399146821438165e-13,1.4270667980653684e-12,,,,,,,,,
2026-03-22T17:23:11Z,test_cases/pglib_opf_case5_pjm.mat,pglib_opf_case5_pjm,oracle_ac_primal_dual__Pg_Qg_Vm,oracle_ac_primal_dual,full,ac_true,1,0,Pg+Qg+Vm,3,,,optimal,ok,1,438.79727167207307,17113.093595210867,39.00000000000184,0,0.0017139911651611328,0.0009748935699462891,0.017415285110473633,0.018390178680419922,0.018390178680419922,0.020104169845581055,acopf_acdc_paper_study/cases/pglib_opf_case5_pjm/logs/oracle_ac_primal_dual__Pg_Qg_Vm.log,0,13,4.674802767112851e-10,4.4553931582928175e-13,0.0,9.092176562724466e-08,9.092176562724466e-08,0.003,,,0.003,False,100.0,5,6,5,5,3,1,3,1,1000.0,328.69,1530.0,0.0,1147.5,-1147.5,6,0,0,2,1,17551.89086688292,1005.1920959702724,371.6582978779131,1.064137248015167,1.099999987831094,1.0789780520106393,0.012554304164575949,-0.01282196340216068,0.06266339063739554,0.01780152093228433,0.03161241524839702,284.3266567158941,284.17114405323537,211.81946425314678,211.25868820815154,0.9953026825420678,1.0000000047527984,0.5761651283599738,0.575225383266264,0.0,5.475223918693928e-08,1,2,0,3,0,1,1,0.0,0.0,0.0,0.0,0.0,1,0.0,0.0,0.0,0.0,0.0,1,0.0,0.0,0.0,0.0,0.0,0,,,,,,1,1,1,2.2767731936511095e-11,1.8440360349814e-11,7.140062384550586e-12,4.489741911584133e-12,1.8440360349814e-11,7.804717181195605e-11,6.770495275532085e-11,2.487265671202721e-11,1.9970691766957316e-11,6.770495275532085e-11,2.605274193463035e-11,1.216382550239814e-11,1.1637313335199906e-11,1.1928014131967757e-11,1.216382550239814e-11,1.825294247161733e-12,1.4274414983361794e-12,5.350758031097414e-13,1.0395330429791017e-13,1.4274414983361794e-12,,,,,,,,,
2026-03-22T17:23:11Z,test_cases/pglib_opf_case5_pjm.mat,pglib_opf_case5_pjm,oracle_ac_primal_dual__Pg_Qg_Va,oracle_ac_primal_dual,full,ac_true,1,0,Pg+Qg+Va,3,,,optimal,ok,1,438.7972716720735,17113.093595210885,39.00000000000188,0,0.0017139911651611328,0.0029211044311523438,0.016035079956054688,0.01895618438720703,0.01895618438720703,0.020670175552368164,acopf_acdc_paper_study/cases/pglib_opf_case5_pjm/logs/oracle_ac_primal_dual__Pg_Qg_Va.log,0,7,4.802132025361061e-10,4.945621252012446e-13,0.0,9.092177897238816e-08,9.092177897238816e-08,0.002,,,0.002,False,100.0,5,6,5,5,3,1,3,1,1000.0,328.69,1530.0,0.0,1147.5,-1147.5,6,0,0,2,1,17551.89086688294,1005.1920959702733,371.6582978779175,1.0641372480151607,1.099999987831095,1.0789780520106358,0.01255430416457889,-0.012821963402161126,0.06266339063739627,0.01780152093228434,0.03161241524839752,284.32665671590826,284.17114405324764,211.81946425315735,211.25868820816171,0.9953026825420673,1.000000004752797,0.5761651283599987,0.575225383266288,0.0,5.475222408790614e-08,1,2,0,3,0,1,1,0.0,0.0,0.0,0.0,0.0,1,0.0,0.0,0.0,0.0,0.0,0,,,,,,1,0.0,0.0,0.0,0.0,0.0,1,1,1,2.2766103844852685e-11,1.84412485282337e-11,7.138306437774731e-12,4.481748305806832e-12,1.84412485282337e-11,7.862499930786498e-11,6.819078635089681e-11,2.5058002894873253e-11,2.015321243220569e-11,6.819078635089681e-11,2.606121752612328e-11,1.2170042751336041e-11,1.1640954866720676e-11,1.1933565247090883e-11,1.2170042751336041e-11,1.826170359168072e-12,1.4281770210899936e-12,5.35531688439228e-13,1.043991282312362e-13,1.4281770210899936e-12,,,,,,,,,
2026-03-22T17:23:11Z,test_cases/pglib_opf_case5_pjm.mat,pglib_opf_case5_pjm,oracle_ac_primal_dual__Pg_Vm_Va,oracle_ac_primal_dual,full,ac_true,1,0,Pg+Vm+Va,3,,,optimal,ok,1,438.7972716720754,17113.093595210958,39.000000000002046,0,0.0017139911651611328,0.0009181499481201172,0.01886892318725586,0.019787073135375977,0.019787073135375977,0.02150106430053711,acopf_acdc_paper_study/cases/pglib_opf_case5_pjm/logs/oracle_ac_primal_dual__Pg_Vm_Va.log,0,8,4.902176442556083e-10,4.271403059411665e-13,0.0,9.092177233922905e-08,9.092177233922905e-08,0.002,,,0.002,False,100.0,5,6,5,5,3,1,3,1,1000.0,328.69,1530.0,0.0,1147.5,-1147.5,6,0,0,2,1,17551.89086688301,1005.1920959702821,371.6582978780276,1.0641372480143403,1.099999987830334,1.0789780520098373,0.012554304164601317,-0.012821963402180073,0.0626633906374925,0.017801520932311615,0.03161241524844596,284.3266567159469,284.17114405327885,211.81946425320396,211.25868820820665,0.9953026825420598,1.0000000047527957,0.576165128360108,0.5752253832663938,0.0,5.475220721251617e-08,1,2,0,3,0,1,1,0.0,0.0,0.0,0.0,0.0,0,,,,,,1,0.0,0.0,0.0,0.0,0.0,1,0.0,0.0,0.0,0.0,0.0,1,1,1,2.2801770422257365e-11,1.8482548824749756e-11,7.13724721257098e-12,4.403588604873221e-12,1.8482548824749756e-11,8.117327232237284e-11,7.057110451569315e-11,2.5796748071016397e-11,2.0600410266524705e-11,7.057110451569315e-11,2.7847158051913445e-11,1.2990497566534032e-11,1.2439471674952074e-11,1.2742917832042622e-11,1.2990497566534032e-11,1.9490973379998157e-12,1.524405601749379e-12,5.766557370501247e-13,1.233457780358549e-13,1.524405601749379e-12,,,,,,,,,
2026-03-22T17:23:11Z,test_cases/pglib_opf_case5_pjm.mat,pglib_opf_case5_pjm,oracle_ac_primal_dual__Qg_Vm_Va,oracle_ac_primal_dual,full,ac_true,1,0,Qg+Vm+Va,3,,,optimal,ok,1,438.7972716720733,17113.09359521088,39.000000000001876,0,0.0017139911651611328,0.0013113021850585938,0.019943952560424805,0.0212552547454834,0.0212552547454834,0.02296924591064453,acopf_acdc_paper_study/cases/pglib_opf_case5_pjm/logs/oracle_ac_primal_dual__Qg_Vm_Va.log,0,23,4.774847184307873e-10,4.2397160930955547e-13,0.0,9.092177890069652e-08,9.092177890069652e-08,0.006,,,0.006,True,100.0,5,6,5,5,3,1,3,1,1000.0,328.69,1530.0,0.0,1147.5,-1147.5,6,0,0,2,1,17551.890866882935,1005.1920959702729,371.65829787792296,1.0641372480151605,1.0999999878310949,1.0789780520106356,0.012554304164578794,-0.012821963402161138,0.0626633906373962,0.01780152093228432,0.0316124152483975,284.32665671590473,284.1711440532458,211.81946425315655,211.2586882081612,0.9953026825420667,1.0000000047527975,0.5761651283599967,0.5752253832662868,0.0,5.475222586426298e-08,1,2,0,3,0,1,0,,,,,,1,0.0,0.0,0.0,0.0,0.0,1,0.0,0.0,0.0,0.0,0.0,1,0.0,0.0,0.0,0.0,0.0,1,1,1,2.276751415582385e-11,1.844169261744355e-11,7.139461401672553e-12,4.487077376325033e-12,1.844169261744355e-11,7.861590456630218e-11,6.819078635089681e-11,2.504709495365631e-11,2.0069945705358805e-11,6.819078635089681e-11,2.6061103957422716e-11,1.2170264795940966e-11,1.1640910457799691e-11,1.1933343202485958e-11,1.2170264795940966e-11,1.8261082320039636e-12,1.4281076321509545e-12,5.35519198430201e-13,1.0441127129556804e-13,1.4281076321509545e-12,,,,,,,,,
2026-03-22T17:23:11Z,test_cases/pglib_opf_case5_pjm.mat,pglib_opf_case5_pjm,oracle_ac_primal_dual__Pg_Qg_Vm_Va,oracle_ac_primal_dual,full,ac_true,1,0,Pg+Qg+Vm+Va,4,,,optimal,ok,1,438.79727167207295,17113.093595210863,39.00000000000183,0,0.0017139911651611328,0.0012919902801513672,0.018620967864990234,0.0199129581451416,0.0199129581451416,0.021626949310302734,acopf_acdc_paper_study/cases/pglib_opf_case5_pjm/logs/oracle_ac_primal_dual__Pg_Qg_Vm_Va.log,0,2,4.68389771413058e-10,4.2080291267794445e-13,0.0,9.092178022111577e-08,9.092178022111577e-08,0.001,,,0.001,False,100.0,5,6,5,5,3,1,3,1,1000.0,328.69,1530.0,0.0,1147.5,-1147.5,6,0,0,2,1,17551.890866882917,1005.1920959702734,371.65829787792774,1.064137248015158,1.0999999878310933,1.078978052010634,0.012554304164578955,-0.012821963402161204,0.06266339063739645,0.017801520932284372,0.031612415248397634,284.3266567158982,284.1711440532396,211.81946425315618,211.25868820816103,0.9953026825420677,1.0000000047528,0.576165128359996,0.5752253832662866,0.0,5.475225606232925e-08,1,2,0,3,0,1,1,0.0,0.0,0.0,0.0,0.0,1,0.0,0.0,0.0,0.0,0.0,1,0.0,0.0,0.0,0.0,0.0,1,0.0,0.0,0.0,0.0,0.0,1,1,1,2.277058544915495e-11,1.84430248850731e-11,7.138733670224249e-12,4.473754700029531e-12,1.84430248850731e-11,7.866348245870899e-11,6.823031029057347e-11,2.5054860963713566e-11,1.9990897826005494e-11,6.823031029057347e-11,2.6065083567870385e-11,1.2172707286595141e-11,1.1642686814639092e-11,1.1935119559325358e-11,1.2172707286595141e-11,1.8264200154814217e-12,1.4283574323314951e-12,5.35639935184129e-13,1.0447719078765516e-13,1.4283574323314951e-12,,,,,,,,,
2026-03-22T17:23:11Z,test_cases/pglib_opf_case5_pjm.mat,pglib_opf_case5_pjm,oracle_ac_constraint_dual__Pg,oracle_ac_constraint_dual,constraint_only,ac_true,1,0,Pg,1,,,optimal,ok,1,438.79727167207324,17113.093595210874,39.00000000000186,0,0.0017139911651611328,0.0010960102081298828,0.0269010066986084,0.02799701690673828,0.02799701690673828,0.029711008071899414,acopf_acdc_paper_study/cases/pglib_opf_case5_pjm/logs/oracle_ac_constraint_dual__Pg.log,0,17,4.738467396236956e-10,4.945882267088352e-13,0.0,9.092177889904997e-08,9.092177889904997e-08,0.004,,,0.004,False,100.0,5,6,5,5,3,1,3,1,1000.0,328.69,1530.0,0.0,1147.5,-1147.5,6,0,0,2,1,17551.890866882928,1005.1920959702729,371.65829787791705,1.0641372480151612,1.0999999878310949,1.0789780520106351,0.012554304164578985,-0.012821963402161064,0.06266339063739658,0.017801520932284477,0.03161241524839764,284.3266567159079,284.17114405325077,211.81946425315743,211.25868820816245,0.9953026825420691,1.0000000047527982,0.576165128359999,0.5752253832662898,0.0,5.475223474604718e-08,1,2,0,3,0,1,1,0.0,0.0,0.0,0.0,0.0,0,,,,,,0,,,,,,0,,,,,,1,1,0,2.276417313273979e-11,1.84385839929746e-11,7.137970251329701e-12,4.482636484226532e-12,1.84385839929746e-11,7.859488993049721e-11,6.819034226168696e-11,2.5058785602105616e-11,2.0342838524811668e-11,6.819034226168696e-11,2.606273130600349e-11,1.2169598662126191e-11,1.1641621000535451e-11,1.1934897514720433e-11,1.2169598662126191e-11,1.826564677355561e-12,1.4284823324217655e-12,5.356253635069308e-13,1.0433667818610104e-13,1.4284823324217655e-12,,,,,,,,,
2026-03-22T17:23:11Z,test_cases/pglib_opf_case5_pjm.mat,pglib_opf_case5_pjm,oracle_ac_constraint_dual__Qg,oracle_ac_constraint_dual,constraint_only,ac_true,1,0,Qg,1,,,optimal,ok,1,438.7972716720734,17113.09359521088,39.000000000001876,0,0.0017139911651611328,0.000965118408203125,0.024742841720581055,0.02570796012878418,0.02570796012878418,0.027421951293945312,acopf_acdc_paper_study/cases/pglib_opf_case5_pjm/logs/oracle_ac_constraint_dual__Qg.log,0,25,4.738467396236956e-10,4.974306877818745e-13,0.0,9.092177772758419e-08,9.092177772758419e-08,0.009,,,0.009,False,100.0,5,6,5,5,3,1,3,1,1000.0,328.69,1530.0,0.0,1147.5,-1147.5,6,0,0,2,1,17551.890866882935,1005.1920959702736,371.6582978779177,1.0641372480151623,1.0999999878310949,1.0789780520106358,0.012554304164578563,-0.012821963402160992,0.06266339063739648,0.017801520932284463,0.031612415248397564,284.3266567159084,284.17114405324935,211.81946425315672,211.25868820816143,0.9953026825420697,1.0000000047527977,0.5761651283599973,0.5752253832662874,0.0,5.475223030515508e-08,1,2,0,3,0,1,0,,,,,,1,0.0,0.0,0.0,0.0,0.0,0,,,,,,0,,,,,,1,1,0,2.276373437068695e-11,1.84394721713943e-11,7.136928060466741e-12,4.476419235288631e-12,1.84394721713943e-11,7.853870342748723e-11,6.814770969754136e-11,2.504053353558078e-11,2.0335066963639292e-11,6.814770969754136e-11,2.6061391796706025e-11,1.2168488439101566e-11,1.1641043684562646e-11,1.1934009336300733e-11,1.2168488439101566e-11,1.8264152330864206e-12,1.4283851879071108e-12,5.355535459550253e-13,1.0426555452358599e-13,1.4283851879071108e-12,,,,,,,,,
2026-03-22T17:23:11Z,test_cases/pglib_opf_case5_pjm.mat,pglib_opf_case5_pjm,oracle_ac_constraint_dual__Vm,oracle_ac_constraint_dual,constraint_only,ac_true,1,0,Vm,1,,,optimal,ok,1,438.7972716720737,17113.093595210892,39.0000000000019,0,0.0017139911651611328,0.001708984375,0.023040056228637695,0.024749040603637695,0.024749040603637695,0.026463031768798828,acopf_acdc_paper_study/cases/pglib_opf_case5_pjm/logs/oracle_ac_constraint_dual__Vm.log,0,26,4.711182555183768e-10,4.252587210831409e-13,0.0,9.092177884819534e-08,9.092177884819534e-08,0.007,,,0.007,False,100.0,5,6,5,5,3,1,3,1,1000.0,328.69,1530.0,0.0,1147.5,-1147.5,6,0,0,2,1,17551.890866882946,1005.192095970274,371.65829787792114,1.06413724801516,1.0999999878310944,1.0789780520106356,0.012554304164578799,-0.01282196340216112,0.06266339063739629,0.017801520932284355,0.03161241524839752,284.3266567159036,284.17114405324304,211.8194642531563,211.25868820816072,0.9953026825420674,1.0000000047527984,0.5761651283599961,0.5752253832662856,0.0,5.475223918693928e-08,1,2,0,3,0,1,0,,,,,,0,,,,,,1,0.0,0.0,0.0,0.0,0.0,0,,,,,,1,1,0,2.2766200782830887e-11,1.844258079586325e-11,7.137531041919012e-12,4.476419235288631e-12,1.844258079586325e-11,7.861470982000634e-11,6.818767772642786e-11,2.5049518015407557e-11,2.009925559320891e-11,6.818767772642786e-11,2.606219745547973e-11,1.2170708885150816e-11,1.1641398955930526e-11,1.1934009336300733e-11,1.2170708885150816e-11,1.826202342926639e-12,1.4281908988778014e-12,5.355372395543512e-13,1.0439392406080827e-13,1.4281908988778014e-12,,,,,,,,,
2026-03-22T17:23:11Z,test_cases/pglib_opf_case5_pjm.mat,pglib_opf_case5_pjm,oracle_ac_constraint_dual__Va,oracle_ac_constraint_dual,constraint_only,ac_true,1,0,Va,1,,,optimal,ok,1,438.79727167207375,17113.093595210896,39.00000000000191,0,0.0017139911651611328,0.0016369819641113281,0.017474651336669922,0.01911163330078125,0.01911163330078125,0.020825624465942383,acopf_acdc_paper_study/cases/pglib_opf_case5_pjm/logs/oracle_ac_constraint_dual__Va.log,0,11,4.774847184307873e-10,4.821270142946041e-13,0.0,9.09217790724862e-08,9.09217790724862e-08,0.003,,,0.003,False,100.0,5,6,5,5,3,1,3,1,1000.0,328.69,1530.0,0.0,1147.5,-1147.5,6,0,0,2,1,17551.89086688295,1005.1920959702736,371.6582978779245,1.0641372480151612,1.099999987831095,1.078978052010636,0.01255430416457871,-0.012821963402161048,0.06266339063739623,0.017801520932284366,0.031612415248397474,284.32665671590473,284.1711440532461,211.8194642531564,211.25868820816117,0.9953026825420669,1.0000000047527977,0.5761651283599966,0.5752253832662867,0.0,5.475223030515508e-08,1,2,0,3,0,1,0,,,,,,0,,,,,,0,,,,,,1,0.0,0.0,0.0,0.0,0.0,1,1,0,2.2768981214081492e-11,1.84448012419125e-11,7.139016787090517e-12,4.481748305806832e-12,1.84448012419125e-11,7.85981092287002e-11,6.819078635089681e-11,2.5044011309205416e-11,2.0136559086836314e-11,6.819078635089681e-11,2.6060701290191767e-11,1.2169598662126191e-11,1.164073282211575e-11,1.1933343202485958e-11,1.2169598662126191e-11,1.8261328102142653e-12,1.4281353877265701e-12,5.354914428545854e-13,1.0432106567481725e-13,1.4281353877265701e-12,,,,,,,,,
2026-03-22T17:23:11Z,test_cases/pglib_opf_case5_pjm.mat,pglib_opf_case5_pjm,oracle_ac_constraint_dual__Pg_Qg,oracle_ac_constraint_dual,constraint_only,ac_true,1,0,Pg+Qg,2,,,optimal,ok,1,438.7972716720733,17113.093595210878,39.00000000000187,0,0.0017139911651611328,0.001341104507446289,0.023650646209716797,0.024991750717163086,0.024991750717163086,0.02670574188232422,acopf_acdc_paper_study/cases/pglib_opf_case5_pjm/logs/oracle_ac_constraint_dual__Pg_Qg.log,0,32,4.738467396236956e-10,4.586094703995513e-13,0.0,9.092177889596625e-08,9.092177889596625e-08,0.007,,,0.007,False,100.0,5,6,5,5,3,1,3,1,1000.0,328.69,1530.0,0.0,1147.5,-1147.5,6,0,0,2,1,17551.89086688293,1005.1920959702736,371.6582978779184,1.0641372480151616,1.0999999878310949,1.0789780520106353,0.012554304164578858,-0.01282196340216108,0.06266339063739657,0.017801520932284456,0.031612415248397634,284.3266567159099,284.1711440532495,211.81946425315724,211.2586882081615,0.9953026825420697,1.0000000047527982,0.5761651283599986,0.5752253832662875,0.0,5.475223474604718e-08,1,2,0,3,0,1,1,0.0,0.0,0.0,0.0,0.0,1,0.0,0.0,0.0,0.0,0.0,0,,,,,,0,,,,,,1,1,0,2.2761695970528392e-11,1.843725172534505e-11,7.136282753116907e-12,4.475531056868931e-12,1.843725172534505e-11,7.859024176880424e-11,6.819034226168696e-11,2.5056051677907477e-11,2.0335955142058992e-11,6.819034226168696e-11,2.6062223306568605e-11,1.2169154572916341e-11,1.1641398955930526e-11,1.1934675470115508e-11,1.2169154572916341e-11,1.826528948215357e-12,1.4284684546339577e-12,5.356194654471124e-13,1.0435229069738483e-13,1.4284684546339577e-12,,,,,,,,,
2026-03-22T17:23:11Z,test_cases/pglib_opf_case5_pjm.mat,pglib_opf_case5_pjm,oracle_ac_constraint_dual__Pg_Vm,oracle_ac_constraint_dual,constraint_only,ac_true,1,0,Pg+Vm,2,,,optimal,ok,1,438.79727167207386,17113.0935952109,39.00000000000192,0,0.0017139911651611328,0.000885009765625,0.01867389678955078,0.01955890655517578,0.01955890655517578,0.021272897720336914,acopf_acdc_paper_study/cases/pglib_opf_case5_pjm/logs/oracle_ac_constraint_dual__Pg_Vm.log,0,20,4.374669515527785e-10,4.810303566350282e-13,0.0,9.09216814051006e-08,9.09216814051006e-08,0.004,,,0.004,False,100.0,5,6,5,5,3,1,3,1,1000.0,328.69,1530.0,0.0,1147.5,-1147.5,6,0,0,2,1,17551.890866882954,1005.1920959702701,371.658297877887,1.0641372480152058,1.0999999878310862,1.0789780520106607,0.012554304164557595,-0.012821963402157676,0.06266339063739129,0.01780152093228444,0.03161241524839394,284.32665671583635,284.17114405317926,211.8194642530874,211.25868820809276,0.9953026825420732,1.0000000047528042,0.5761651283598342,0.5752253832661257,0.0,5.4752304912142336e-08,1,2,0,3,0,1,1,0.0,0.0,0.0,0.0,0.0,0,,,,,,1,0.0,0.0,0.0,0.0,0.0,0,,,,,,1,1,0,2.2815278436166873e-11,1.8479884289490656e-11,7.1609663417419836e-12,4.545697152025241e-12,1.8479884289490656e-11,7.444817897187377e-11,6.471134739172157e-11,2.3729104792202804e-11,1.9060975020579463e-11,6.471134739172157e-11,2.6003041458254458e-11,1.212496769653626e-11,1.1615997053127103e-11,1.1894929485833927e-11,1.212496769653626e-11,1.820137400460236e-12,1.4231948952669882e-12,5.32210733816818e-13,1.0094876323751834e-13,1.4231948952669882e-12,,,,,,,,,
2026-03-22T17:23:11Z,test_cases/pglib_opf_case5_pjm.mat,pglib_opf_case5_pjm,oracle_ac_constraint_dual__Pg_Va,oracle_ac_constraint_dual,constraint_only,ac_true,1,0,Pg+Va,2,,,optimal,ok,1,438.7972716720733,17113.093595210878,39.00000000000187,0,0.0017139911651611328,0.0022728443145751953,0.017433881759643555,0.01970672607421875,0.01970672607421875,0.021420717239379883,acopf_acdc_paper_study/cases/pglib_opf_case5_pjm/logs/oracle_ac_constraint_dual__Pg_Va.log,0,10,4.711182555183768e-10,4.942068363181978e-13,0.0,9.092177879707404e-08,9.092177879707404e-08,0.002,,,0.002,False,100.0,5,6,5,5,3,1,3,1,1000.0,328.69,1530.0,0.0,1147.5,-1147.5,6,0,0,2,1,17551.89086688293,1005.1920959702736,371.6582978779234,1.0641372480151603,1.0999999878310949,1.0789780520106353,0.012554304164578986,-0.01282196340216115,0.06266339063739636,0.01780152093228436,0.03161241524839757,284.32665671590297,284.17114405324236,211.8194642531569,211.25868820816106,0.995302682542068,1.0000000047527984,0.5761651283599977,0.5752253832662865,0.0,5.475223652240402e-08,1,2,0,3,0,1,1,0.0,0.0,0.0,0.0,0.0,0,,,,,,0,,,,,,1,0.0,0.0,0.0,0.0,0.0,1,1,0,2.2762008343501267e-11,1.84376958145549e-11,7.136354429637828e-12,4.475531056868931e-12,1.84376958145549e-11,7.860574337982104e-11,6.819078635089681e-11,2.504620122412149e-11,2.0118795518442312e-11,6.819078635089681e-11,2.6062124072488722e-11,1.2170486840545891e-11,1.1641354547009541e-11,1.1934231380905658e-11,1.2170486840545891e-11,1.826288876712683e-12,1.4282602878168404e-12,5.355802606965554e-13,1.0442341435989988e-13,1.4282602878168404e-12,,,,,,,,,
2026-03-22T17:23:11Z,test_cases/pglib_opf_case5_pjm.mat,pglib_opf_case5_pjm,oracle_ac_constraint_dual__Qg_Vm,oracle_ac_constraint_dual,constraint_only,ac_true,1,0,Qg+Vm,2,,,optimal,ok,1,438.7972716720733,17113.093595210878,39.00000000000187,0,0.0017139911651611328,0.004081010818481445,0.025946855545043945,0.03002786636352539,0.03002786636352539,0.03174185752868652,acopf_acdc_paper_study/cases/pglib_opf_case5_pjm/logs/oracle_ac_constraint_dual__Qg_Vm.log,0,25,4.802132025361061e-10,4.186041509320634e-13,0.0,9.092177888934128e-08,9.092177888934128e-08,0.007,,,0.007,False,100.0,5,6,5,5,3,1,3,1,1000.0,328.69,1530.0,0.0,1147.5,-1147.5,6,0,0,2,1,17551.89086688293,1005.1920959702729,371.6582978779179,1.0641372480151607,1.0999999878310949,1.0789780520106358,0.012554304164578782,-0.01282196340216106,0.06266339063739623,0.017801520932284366,0.031612415248397495,284.3266567159061,284.1711440532454,211.81946425315655,211.25868820816095,0.9953026825420667,1.000000004752797,0.5761651283599968,0.575225383266286,0.0,5.475222408790614e-08,1,2,0,3,0,1,0,,,,,,1,0.0,0.0,0.0,0.0,0.0,1,0.0,0.0,0.0,0.0,0.0,0,,,,,,1,1,0,2.276700915576826e-11,1.84412485282337e-11,7.139205718128215e-12,4.4861891979053325e-12,1.84412485282337e-11,7.862399166589843e-11,6.819034226168696e-11,2.5057039776399392e-11,2.0145884960243166e-11,6.819034226168696e-11,2.6061205529925898e-11,1.2170042751336041e-11,1.1640954866720676e-11,1.1933565247090883e-11,1.2170042751336041e-11,1.8261509184883134e-12,1.4281353877265701e-12,5.355053206423932e-13,1.0433320873914909e-13,1.4281353877265701e-12,,,,,,,,,
2026-03-22T17:23:11Z,test_cases/pglib_opf_case5_pjm.mat,pglib_opf_case5_pjm,oracle_ac_constraint_dual__Qg_Va,oracle_ac_constraint_dual,constraint_only,ac_true,1,0,Qg+Va,2,,,optimal,ok,1,438.7972716720731,17113.09359521087,39.00000000000185,0,0.0017139911651611328,0.001210927963256836,0.024129867553710938,0.025340795516967773,0.025340795516967773,0.027054786682128906,acopf_acdc_paper_study/cases/pglib_opf_case5_pjm/logs/oracle_ac_constraint_dual__Qg_Va.log,0,9,4.747562343254685e-10,4.785741254641354e-13,0.0,9.092177891971825e-08,9.092177891971825e-08,0.003,,,0.003,False,100.0,5,6,5,5,3,1,3,1,1000.0,328.69,1530.0,0.0,1147.5,-1147.5,6,0,0,2,1,17551.890866882924,1005.1920959702733,371.6582978779127,1.0641372480151527,1.0999999878310884,1.0789780520106285,0.012554304164579443,-0.012821963402161374,0.06266339063739723,0.01780152093228458,0.03161241524839803,284.32665671590445,284.1711440532438,211.81946425315778,211.25868820816206,0.9953026825420671,1.0000000047527977,0.5761651283599997,0.5752253832662888,0.0,5.475223030515508e-08,1,2,0,3,0,1,0,,,,,,1,0.0,0.0,0.0,0.0,0.0,0,,,,,,1,0.0,0.0,0.0,0.0,0.0,1,1,0,2.2761162461498413e-11,1.84359194577155e-11,7.136328230739362e-12,4.476419235288631e-12,1.84359194577155e-11,7.867301708410841e-11,6.821654352506812e-11,2.5078039644910177e-11,2.018851752438877e-11,6.821654352506812e-11,2.6077948623446018e-11,1.2178036357113342e-11,1.1648415565446158e-11,1.1941558852868184e-11,1.2178036357113342e-11,1.827391452286428e-12,1.4291345884487328e-12,5.359688387551742e-13,1.0464719368830089e-13,1.4291345884487328e-12,,,,,,,,,
2026-03-22T17:23:12Z,test_cases/pglib_opf_case5_pjm.mat,pglib_opf_case5_pjm,oracle_ac_constraint_dual__Vm_Va,oracle_ac_constraint_dual,constraint_only,ac_true,1,0,Vm+Va,2,,,optimal,ok,1,438.7972716720733,17113.093595210878,39.00000000000187,0,0.0017139911651611328,0.0012967586517333984,0.02956104278564453,0.03085780143737793,0.03085780143737793,0.03257179260253906,acopf_acdc_paper_study/cases/pglib_opf_case5_pjm/logs/oracle_ac_constraint_dual__Vm_Va.log,0,13,4.793037078343332e-10,4.3664639583599956e-13,0.0,9.092177408455361e-08,9.092177408455361e-08,0.004,,,0.004,False,100.0,5,6,5,5,3,1,3,1,1000.0,328.69,1530.0,0.0,1147.5,-1147.5,6,0,0,2,1,17551.89086688293,1005.1920959702733,371.6582978779153,1.0641372480151499,1.0999999878310847,1.0789780520106254,0.012554304164578978,-0.012821963402161397,0.06266339063739747,0.017801520932284674,0.03161241524839814,284.3266567159035,284.1711440532448,211.8194642531564,211.25868820816115,0.9953026825420664,1.0000000047527977,0.5761651283599964,0.5752253832662867,0.0,5.475223030515508e-08,1,2,0,3,0,1,0,,,,,,0,,,,,,1,0.0,0.0,0.0,0.0,0.0,1,0.0,0.0,0.0,0.0,0.0,1,1,0,2.2760631673515167e-11,1.843636354692535e-11,7.136437780432695e-12,4.4790837705477315e-12,1.843636354692535e-11,7.860638641142782e-11,6.816147646304671e-11,2.505083362969174e-11,2.009614696873996e-11,6.816147646304671e-11,2.608453381551286e-11,1.2180922936977367e-11,1.1651390963152152e-11,1.1944001343522359e-11,1.2180922936977367e-11,1.82771930622668e-12,1.4293705108414656e-12,5.360652893804385e-13,1.0466974509348859e-13,1.4293705108414656e-12,,,,,,,,,
2026-03-22T17:23:12Z,test_cases/pglib_opf_case5_pjm.mat,pglib_opf_case5_pjm,oracle_ac_constraint_dual__Pg_Qg_Vm,oracle_ac_constraint_dual,constraint_only,ac_true,1,0,Pg+Qg+Vm,3,,,optimal,ok,1,438.7972716720734,17113.093595210885,39.00000000000188,0,0.0017139911651611328,0.0016260147094726562,0.032876014709472656,0.03450202941894531,0.03450202941894531,0.036216020584106445,acopf_acdc_paper_study/cases/pglib_opf_case5_pjm/logs/oracle_ac_constraint_dual__Pg_Qg_Vm.log,0,35,4.720277502201498e-10,4.40786051435655e-13,0.0,9.092177887720519e-08,9.092177887720519e-08,0.013,,,0.013,True,100.0,5,6,5,5,3,1,3,1,1000.0,328.69,1530.0,0.0,1147.5,-1147.5,6,0,0,2,1,17551.89086688294,1005.1920959702734,371.65829787792205,1.0641372480151603,1.0999999878310949,1.0789780520106356,0.012554304164578872,-0.01282196340216112,0.06266339063739627,0.017801520932284355,0.03161241524839752,284.3266567159031,284.1711440532444,211.81946425315687,211.25868820816137,0.9953026825420669,1.0000000047527984,0.5761651283599976,0.5752253832662872,0.0,5.475223652240402e-08,1,2,0,3,0,1,1,0.0,0.0,0.0,0.0,0.0,1,0.0,0.0,0.0,0.0,0.0,1,0.0,0.0,0.0,0.0,0.0,0,,,,,,1,1,0,2.2764890251489476e-11,1.8440360349814e-11,7.137606852299528e-12,4.4790837705477315e-12,1.8440360349814e-11,7.861590754958631e-11,6.819078635089681e-11,2.504892127053182e-11,2.0092816299666083e-11,6.819078635089681e-11,2.6061609948756265e-11,1.2170486840545891e-11,1.1641132502404616e-11,1.1933787291695808e-11,1.2170486840545891e-11,1.826195885845781e-12,1.4281770210899936e-12,5.35538627333132e-13,1.0439392406080827e-13,1.4281770210899936e-12,,,,,,,,,
2026-03-22T17:23:12Z,test_cases/pglib_opf_case5_pjm.mat,pglib_opf_case5_pjm,oracle_ac_constraint_dual__Pg_Qg_Va,oracle_ac_constraint_dual,constraint_only,ac_true,1,0,Pg+Qg+Va,3,,,optimal,ok,1,438.79727167207324,17113.093595210874,39.00000000000186,0,0.0017139911651611328,0.0010230541229248047,0.016534090042114258,0.017557144165039062,0.017557144165039062,0.019271135330200195,acopf_acdc_paper_study/cases/pglib_opf_case5_pjm/logs/oracle_ac_constraint_dual__Pg_Qg_Va.log,0,6,4.783942131325603e-10,5.016679028621821e-13,0.0,9.092177898012504e-08,9.092177898012504e-08,0.002,,,0.002,False,100.0,5,6,5,5,3,1,3,1,1000.0,328.69,1530.0,0.0,1147.5,-1147.5,6,0,0,2,1,17551.890866882928,1005.1920959702727,371.6582978779232,1.0641372480151605,1.099999987831095,1.0789780520106356,0.012554304164578946,-0.012821963402161124,0.06266339063739626,0.01780152093228434,0.03161241524839753,284.32665671590433,284.1711440532457,211.81946425315678,211.25868820816154,0.9953026825420667,1.000000004752797,0.5761651283599973,0.5752253832662876,0.0,5.475222408790614e-08,1,2,0,3,0,1,1,0.0,0.0,0.0,0.0,0.0,1,0.0,0.0,0.0,0.0,0.0,0,,,,,,1,0.0,0.0,0.0,0.0,0.0,1,1,0,2.2765505482314665e-11,1.84394721713943e-11,7.138826964423587e-12,4.4861891979053325e-12,1.84394721713943e-11,7.86107334479571e-11,6.818989817247711e-11,2.5046334450884446e-11,2.0088597452172507e-11,6.818989817247711e-11,2.6061422892749994e-11,1.2170264795940966e-11,1.1641043684562646e-11,1.1933787291695808e-11,1.2170264795940966e-11,1.826185513450997e-12,1.4281631433021857e-12,5.355452192823406e-13,1.0439739350776023e-13,1.4281631433021857e-12,,,,,,,,,
2026-03-22T17:23:12Z,test_cases/pglib_opf_case5_pjm.mat,pglib_opf_case5_pjm,oracle_ac_constraint_dual__Pg_Vm_Va,oracle_ac_constraint_dual,constraint_only,ac_true,1,0,Pg+Vm+Va,3,,,optimal,ok,1,438.7972716720735,17113.093595210885,39.00000000000188,0,0.0017139911651611328,0.00220489501953125,0.01763319969177246,0.01983809471130371,0.01983809471130371,0.021552085876464844,acopf_acdc_paper_study/cases/pglib_opf_case5_pjm/logs/oracle_ac_constraint_dual__Pg_Vm_Va.log,0,11,4.738467396236956e-10,4.404488317939328e-13,0.0,9.092177869172594e-08,9.092177869172594e-08,0.003,,,0.003,False,100.0,5,6,5,5,3,1,3,1,1000.0,328.69,1530.0,0.0,1147.5,-1147.5,6,0,0,2,1,17551.89086688294,1005.1920959702736,371.6582978779219,1.0641372480151605,1.0999999878310949,1.0789780520106356,0.01255430416457878,-0.012821963402161098,0.06266339063739622,0.01780152093228434,0.031612415248397495,284.3266567159034,284.1711440532448,211.81946425315675,211.25868820816117,0.9953026825420667,1.0000000047527977,0.5761651283599972,0.5752253832662867,0.0,5.475223030515508e-08,1,2,0,3,0,1,1,0.0,0.0,0.0,0.0,0.0,0,,,,,,1,0.0,0.0,0.0,0.0,0.0,1,0.0,0.0,0.0,0.0,0.0,1,1,0,2.2764698303217576e-11,1.8440360349814e-11,7.1374229843165686e-12,4.4781955921280314e-12,1.8440360349814e-11,7.860717383267297e-11,6.818323683432936e-11,2.50462511841576e-11,2.0091039942826683e-11,6.818323683432936e-11,2.6061300993283196e-11,1.2170264795940966e-11,1.1640999275641662e-11,1.1933565247090883e-11,1.2170264795940966e-11,1.826116556444231e-12,1.4281215099387623e-12,5.355063614764788e-13,1.0437137265562058e-13,1.4281215099387623e-12,,,,,,,,,
2026-03-22T17:23:12Z,test_cases/pglib_opf_case5_pjm.mat,pglib_opf_case5_pjm,oracle_ac_constraint_dual__Qg_Vm_Va,oracle_ac_constraint_dual,constraint_only,ac_true,1,0,Qg+Vm+Va,3,,,optimal,ok,1,438.7972716720735,17113.093595210885,39.00000000000188,0,0.0017139911651611328,0.003854036331176758,0.019456148147583008,0.023310184478759766,0.023310184478759766,0.0250241756439209,acopf_acdc_paper_study/cases/pglib_opf_case5_pjm/logs/oracle_ac_constraint_dual__Qg_Vm_Va.log,0,8,4.81122697237879e-10,4.505886610150881e-13,0.0,9.09217779281571e-08,9.09217779281571e-08,0.002,,,0.002,False,100.0,5,6,5,5,3,1,3,1,1000.0,328.69,1530.0,0.0,1147.5,-1147.5,6,0,0,2,1,17551.89086688294,1005.1920959702734,371.6582978779206,1.0641372480151594,1.0999999878310944,1.078978052010635,0.012554304164579052,-0.012821963402161251,0.0626633906373963,0.0178015209322843,0.031612415248397585,284.3266567159029,284.17114405324423,211.81946425315687,211.25868820816154,0.9953026825420664,1.0000000047527975,0.5761651283599974,0.5752253832662876,0.0,5.475222586426298e-08,1,2,0,3,0,1,0,,,,,,1,0.0,0.0,0.0,0.0,0.0,1,0.0,0.0,0.0,0.0,0.0,1,0.0,0.0,0.0,0.0,0.0,1,1,0,2.2756289761821483e-11,1.843369901166625e-11,7.134999878900776e-12,4.4781955921280314e-12,1.843369901166625e-11,7.862738099214362e-11,6.819123044010666e-11,2.505204377278858e-11,2.0065060724050454e-11,6.819123044010666e-11,2.6063118011803866e-11,1.2171375018965591e-11,1.1641798636219391e-11,1.1934453425510583e-11,1.2171375018965591e-11,1.8262217381429783e-12,1.4282047766656092e-12,5.355996895994864e-13,1.0452402832150653e-13,1.4282047766656092e-12,,,,,,,,,
2026-03-22T17:23:12Z,test_cases/pglib_opf_case5_pjm.mat,pglib_opf_case5_pjm,oracle_ac_constraint_dual__Pg_Qg_Vm_Va,oracle_ac_constraint_dual,constraint_only,ac_true,1,0,Pg+Qg+Vm+Va,4,,,optimal,ok,1,438.79727167207267,17113.093595210856,39.00000000000182,0,0.0017139911651611328,0.0011610984802246094,0.014460325241088867,0.015621423721313477,0.015621423721313477,0.01733541488647461,acopf_acdc_paper_study/cases/pglib_opf_case5_pjm/logs/oracle_ac_constraint_dual__Pg_Qg_Vm_Va.log,0,3,4.81122697237879e-10,4.559754452888268e-13,0.0,9.092177842288549e-08,9.092177842288549e-08,0.001,,,0.001,False,100.0,5,6,5,5,3,1,3,1,1000.0,328.69,1530.0,0.0,1147.5,-1147.5,6,0,0,2,1,17551.89086688291,1005.192095970273,371.6582978779159,1.0641372480151574,1.099999987831091,1.0789780520106318,0.012554304164578759,-0.012821963402161492,0.06266339063739683,0.017801520932284366,0.03161241524839791,284.3266567159037,284.1711440532451,211.81946425315698,211.25868820816183,0.9953026825420681,1.0000000047527984,0.5761651283599978,0.5752253832662882,0.0,5.475223652240402e-08,1,2,0,3,0,1,1,0.0,0.0,0.0,0.0,0.0,1,0.0,0.0,0.0,0.0,0.0,1,0.0,0.0,0.0,0.0,0.0,1,0.0,0.0,0.0,0.0,0.0,1,1,0,2.2710747737897616e-11,1.8393730982779743e-11,7.119847186228665e-12,4.459543845314329e-12,1.8393730982779743e-11,7.855541823687752e-11,6.814371289465271e-11,2.5039778583924032e-11,2.0211610163300975e-11,6.814371289465271e-11,2.6070235185062915e-11,1.2173373420409916e-11,1.1644996078530312e-11,1.1938006139189383e-11,1.2173373420409916e-11,1.8268740763192555e-12,1.4287321326023061e-12,5.358914700881457e-13,1.0476515488466731e-13,1.4287321326023061e-12,,,,,,,,,
2026-03-22T17:23:12Z,test_cases/pglib_opf_case5_pjm.mat,pglib_opf_case5_pjm,oracle_ac_bounds_dual__Pg,oracle_ac_bounds_dual,bounds_only,ac_true,1,0,Pg,1,,,optimal,ok,1,438.7972716720733,17113.09359521088,39.000000000001876,0,0.0017139911651611328,0.0021219253540039062,0.02276921272277832,0.024891138076782227,0.024891138076782227,0.02660512924194336,acopf_acdc_paper_study/cases/pglib_opf_case5_pjm/logs/oracle_ac_bounds_dual__Pg.log,0,36,4.783942131325603e-10,4.95654149611225e-13,0.0,9.09217756323626e-08,9.09217756323626e-08,0.008,,,0.008,False,100.0,5,6,5,5,3,1,3,1,1000.0,328.69,1530.0,0.0,1147.5,-1147.5,6,0,0,2,1,17551.890866882935,1005.1920959702729,371.658297877925,1.0641372480151634,1.0999999878310946,1.0789780520106362,0.012554304164578034,-0.012821963402160855,0.06266339063739633,0.017801520932284487,0.03161241524839745,284.32665671590837,284.17114405324736,211.81946425315516,211.25868820815967,0.9953026825420693,1.0000000047527975,0.5761651283599937,0.5752253832662831,0.0,5.475222586426298e-08,1,2,0,3,0,1,1,0.0,0.0,0.0,0.0,0.0,0,,,,,,0,,,,,,0,,,,,,0,0,1,2.2767397281596814e-11,1.844169261744355e-11,7.139201559069389e-12,4.4853010194856324e-12,1.844169261744355e-11,7.842385812157918e-11,6.80708822642373e-11,2.499514484277654e-11,2.0242030274175704e-11,6.80708822642373e-11,2.606014200847559e-11,1.216737821607694e-11,1.1640510777510826e-11,1.1933343202485958e-11,1.216737821607694e-11,1.8262610619288513e-12,1.4282325322412248e-12,5.354518911593331e-13,1.0412851136898382e-13,1.4282325322412248e-12,,,,,,,,,
2026-03-22T17:23:12Z,test_cases/pglib_opf_case5_pjm.mat,pglib_opf_case5_pjm,oracle_ac_bounds_dual__Qg,oracle_ac_bounds_dual,bounds_only,ac_true,1,0,Qg,1,,,optimal,ok,1,438.7972716720737,17113.093595210892,39.0000000000019,0,0.0017139911651611328,0.0013113021850585938,0.02754497528076172,0.028856277465820312,0.028856277465820312,0.030570268630981445,acopf_acdc_paper_study/cases/pglib_opf_case5_pjm/logs/oracle_ac_bounds_dual__Qg.log,0,45,4.765752237290144e-10,4.757569220999499e-13,0.0,9.092177890114881e-08,9.092177890114881e-08,0.011,,,0.011,True,100.0,5,6,5,5,3,1,3,1,1000.0,328.69,1530.0,0.0,1147.5,-1147.5,6,0,0,2,1,17551.890866882946,1005.1920959702736,371.65829787792427,1.0641372480151619,1.0999999878310949,1.0789780520106356,0.012554304164578712,-0.012821963402160965,0.0626633906373965,0.01780152093228449,0.03161241524839757,284.32665671590803,284.17114405324736,211.81946425315695,211.25868820816137,0.9953026825420693,1.0000000047527977,0.5761651283599978,0.5752253832662872,0.0,5.475223030515508e-08,1,2,0,3,0,1,0,,,,,,1,0.0,0.0,0.0,0.0,0.0,0,,,,,,0,,,,,,0,0,1,2.2768139892987694e-11,1.84439130634928e-11,7.138680704279969e-12,4.480860127387132e-12,1.84439130634928e-11,7.857250844130364e-11,6.819034226168696e-11,2.5044277762731325e-11,2.0292434399493686e-11,6.819034226168696e-11,2.6061906108246173e-11,1.2168932528311416e-11,1.1641265729167571e-11,1.1934453425510583e-11,1.2168932528311416e-11,1.8264630321758984e-12,1.4283990656949186e-12,5.355563215125869e-13,1.0423779894797036e-13,1.4283990656949186e-12,,,,,,,,,
2026-03-22T17:23:12Z,test_cases/pglib_opf_case5_pjm.mat,pglib_opf_case5_pjm,oracle_ac_bounds_dual__Vm,oracle_ac_bounds_dual,bounds_only,ac_true,1,0,Vm,1,,,optimal,ok,1,438.7972716720733,17113.093595210878,39.00000000000187,0,0.0017139911651611328,0.0011153221130371094,0.04327702522277832,0.04439234733581543,0.04439234733581543,0.04610633850097656,acopf_acdc_paper_study/cases/pglib_opf_case5_pjm/logs/oracle_ac_bounds_dual__Vm.log,0,99,4.747562343254685e-10,4.2399118391150706e-13,0.0,9.092177890084241e-08,9.092177890084241e-08,0.025,,,0.025,True,100.0,5,6,5,5,3,1,3,1,1000.0,328.69,1530.0,0.0,1147.5,-1147.5,6,0,0,2,1,17551.89086688293,1005.192095970273,371.6582978779208,1.0641372480151605,1.0999999878310949,1.0789780520106356,0.012554304164578834,-0.012821963402161102,0.06266339063739625,0.017801520932284348,0.03161241524839751,284.3266567159064,284.1711440532457,211.81946425315687,211.25868820816117,0.9953026825420669,1.0000000047527975,0.5761651283599974,0.5752253832662867,0.0,5.475222586426298e-08,1,2,0,3,0,1,0,,,,,,0,,,,,,1,0.0,0.0,0.0,0.0,0.0,0,,,,,,0,0,1,2.276629886130045e-11,1.844080443902385e-11,7.138761405089909e-12,4.484412841065932e-12,1.844080443902385e-11,7.861948357184138e-11,6.819078635089681e-11,2.5051435925682596e-11,2.010325239609756e-11,6.819078635089681e-11,2.6061309220893207e-11,1.2170264795940966e-11,1.1640999275641662e-11,1.1933565247090883e-11,1.2170264795940966e-11,1.826164488227192e-12,1.428149265514378e-12,5.355268312134953e-13,1.0437484210257253e-13,1.428149265514378e-12,,,,,,,,,
2026-03-22T17:23:12Z,test_cases/pglib_opf_case5_pjm.mat,pglib_opf_case5_pjm,oracle_ac_bounds_dual__Va,oracle_ac_bounds_dual,bounds_only,ac_true,1,0,Va,1,,,optimal,ok,1,438.7972716720734,17113.09359521088,39.000000000001876,0,0.0017139911651611328,0.0009050369262695312,0.03378009796142578,0.03468513488769531,0.03468513488769531,0.036399126052856445,acopf_acdc_paper_study/cases/pglib_opf_case5_pjm/logs/oracle_ac_bounds_dual__Va.log,0,48,4.82032191939652e-10,5.055760805756976e-13,0.0,9.092178111869868e-08,9.092178111869868e-08,0.012,,,0.012,True,100.0,5,6,5,5,3,1,3,1,1000.0,328.69,1530.0,0.0,1147.5,-1147.5,6,0,0,2,1,17551.890866882935,1005.192095970273,371.6582978779222,1.0641372480151612,1.0999999878310953,1.078978052010636,0.012554304164578785,-0.012821963402161064,0.06266339063739619,0.01780152093228434,0.03161241524839747,284.3266567159045,284.1711440532458,211.81946425315675,211.25868820816166,0.9953026825420664,1.0000000047527968,0.5761651283599972,0.5752253832662878,0.0,5.4752219647014044e-08,1,2,0,3,0,1,0,,,,,,0,,,,,,0,,,,,,1,0.0,0.0,0.0,0.0,0.0,0,0,1,2.2766149019036463e-11,1.844080443902385e-11,7.138707145302802e-12,4.484412841065932e-12,1.844080443902385e-11,7.861290766142887e-11,6.819345088615592e-11,2.5049654017728074e-11,2.0126345035009763e-11,6.819345088615592e-11,2.6060609695444886e-11,1.2169598662126191e-11,1.1640688413194766e-11,1.1933343202485958e-11,1.2169598662126191e-11,1.8260841431653574e-12,1.4280937543631467e-12,5.354876264629382e-13,1.0433667818610104e-13,1.4280937543631467e-12,,,,,,,,,
2026-03-22T17:23:12Z,test_cases/pglib_opf_case5_pjm.mat,pglib_opf_case5_pjm,oracle_ac_bounds_dual__Pg_Qg,oracle_ac_bounds_dual,bounds_only,ac_true,1,0,Pg+Qg,2,,,optimal,ok,1,438.7972716720737,17113.093595210892,39.0000000000019,0,0.0017139911651611328,0.0019299983978271484,0.03191685676574707,0.03384685516357422,0.03384685516357422,0.03556084632873535,acopf_acdc_paper_study/cases/pglib_opf_case5_pjm/logs/oracle_ac_bounds_dual__Pg_Qg.log,0,62,4.756657290272415e-10,5.07379301537512e-13,0.0,9.092177908494053e-08,9.092177908494053e-08,0.015,,,0.015,True,100.0,5,6,5,5,3,1,3,1,1000.0,328.69,1530.0,0.0,1147.5,-1147.5,6,0,0,2,1,17551.890866882946,1005.1920959702737,371.6582978779247,1.0641372480151616,1.099999987831095,1.0789780520106353,0.012554304164578879,-0.01282196340216101,0.06266339063739651,0.01780152093228447,0.031612415248397585,284.3266567159086,284.17114405324793,211.81946425315755,211.25868820816194,0.995302682542069,1.000000004752797,0.5761651283599992,0.5752253832662886,0.0,5.475222408790614e-08,1,2,0,3,0,1,1,0.0,0.0,0.0,0.0,0.0,1,0.0,0.0,0.0,0.0,0.0,0,,,,,,0,,,,,,0,0,1,2.276778627355034e-11,1.84439130634928e-11,7.1383239510703e-12,4.4790837705477315e-12,1.84439130634928e-11,7.857780778435726e-11,6.819034226168696e-11,2.5043403462099433e-11,2.0249135701533305e-11,6.819034226168696e-11,2.6062123474686218e-11,1.2169154572916341e-11,1.1641354547009541e-11,1.1934675470115508e-11,1.2169154572916341e-11,1.826468160647505e-12,1.4284129434827264e-12,5.355750565261275e-13,1.0428290175834576e-13,1.4284129434827264e-12,,,,,,,,,
2026-03-22T17:23:12Z,test_cases/pglib_opf_case5_pjm.mat,pglib_opf_case5_pjm,oracle_ac_bounds_dual__Pg_Vm,oracle_ac_bounds_dual,bounds_only,ac_true,1,0,Pg+Vm,2,,,optimal,ok,1,438.79727167207506,17113.093595210947,39.000000000002025,0,0.0017139911651611328,0.0014710426330566406,0.04172182083129883,0.04319286346435547,0.04319286346435547,0.0449068546295166,acopf_acdc_paper_study/cases/pglib_opf_case5_pjm/logs/oracle_ac_bounds_dual__Pg_Vm.log,0,99,4.747562343254685e-10,5.861593265788263e-13,0.0,9.092176606341132e-08,9.092176606341132e-08,0.027,,,0.027,True,100.0,5,6,5,5,3,1,3,1,1000.0,328.69,1530.0,0.0,1147.5,-1147.5,6,0,0,2,1,17551.890866883,1005.192095970275,371.6582978779294,1.0641372480151463,1.099999987831076,1.0789780520106198,0.012554304164576787,-0.012821963402201934,0.06266339063739786,0.017801520932264805,0.03161241524841415,284.32665671599034,284.17114405332853,211.81946425319157,211.2586882081955,0.9953026825420673,1.000000004752799,0.5761651283600825,0.5752253832663708,0.0,5.4752245404188216e-08,1,2,0,3,0,1,1,0.0,0.0,0.0,0.0,0.0,0,,,,,,1,0.0,0.0,0.0,0.0,0.0,0,,,,,,0,0,1,1.8082991956712526e-11,1.468025701001352e-11,5.631709287297624e-12,3.2294167340296553e-12,1.468025701001352e-11,7.866640177340663e-11,6.826583742736148e-11,2.5045585050342824e-11,1.993916143305796e-11,6.826583742736148e-11,2.6096769841533564e-11,1.2184475650656168e-11,1.1656986487196264e-11,1.194844223562086e-11,1.2184475650656168e-11,1.828114888223734e-12,1.4297590889000844e-12,5.536304054087893e-13,1.4520676328011461e-13,1.4297590889000844e-12,,,,,,,,,
2026-03-22T17:23:12Z,test_cases/pglib_opf_case5_pjm.mat,pglib_opf_case5_pjm,oracle_ac_bounds_dual__Pg_Va,oracle_ac_bounds_dual,bounds_only,ac_true,1,0,Pg+Va,2,,,optimal,ok,1,438.7972716720734,17113.09359521088,39.000000000001876,0,0.0017139911651611328,0.0009319782257080078,0.027510881423950195,0.028442859649658203,0.028442859649658203,0.030156850814819336,acopf_acdc_paper_study/cases/pglib_opf_case5_pjm/logs/oracle_ac_bounds_dual__Pg_Va.log,0,45,4.738467396236956e-10,4.689813256218699e-13,0.0,9.09217789008585e-08,9.09217789008585e-08,0.013,,,0.013,True,100.0,5,6,5,5,3,1,3,1,1000.0,328.69,1530.0,0.0,1147.5,-1147.5,6,0,0,2,1,17551.890866882935,1005.1920959702734,371.6582978779168,1.0641372480151607,1.0999999878310949,1.0789780520106358,0.01255430416457882,-0.012821963402161142,0.06266339063739629,0.017801520932284338,0.031612415248397537,284.3266567159053,284.17114405324656,211.81946425315644,211.25868820816117,0.9953026825420674,1.0000000047527982,0.5761651283599966,0.5752253832662867,0.0,5.475223474604718e-08,1,2,0,3,0,1,1,0.0,0.0,0.0,0.0,0.0,0,,,,,,0,,,,,,1,0.0,0.0,0.0,0.0,0.0,0,0,1,2.2763609182687252e-11,1.843902808218445e-11,7.137152931366501e-12,4.4781955921280314e-12,1.843902808218445e-11,7.862625472887985e-11,6.819078635089681e-11,2.5059421204787215e-11,2.0163648528637168e-11,6.819078635089681e-11,2.6061410796380056e-11,1.2170042751336041e-11,1.1641043684562646e-11,1.1933787291695808e-11,1.2170042751336041e-11,1.82619525980432e-12,1.4281908988778014e-12,5.355490356739878e-13,1.0441474074252e-13,1.4281908988778014e-12,,,,,,,,,
2026-03-22T17:23:12Z,test_cases/pglib_opf_case5_pjm.mat,pglib_opf_case5_pjm,oracle_ac_bounds_dual__Qg_Vm,oracle_ac_bounds_dual,bounds_only,ac_true,1,0,Qg+Vm,2,,,optimal,ok,1,438.7972716720752,17113.093595210954,39.00000000000204,0,0.0017139911651611328,0.0013670921325683594,0.032204627990722656,0.033571720123291016,0.033571720123291016,0.03528571128845215,acopf_acdc_paper_study/cases/pglib_opf_case5_pjm/logs/oracle_ac_bounds_dual__Qg_Vm.log,0,58,4.738467396236956e-10,6.96924878588104e-13,0.0,9.092175977399451e-08,9.092175977399451e-08,0.018,,,0.018,True,100.0,5,6,5,5,3,1,3,1,1000.0,328.69,1530.0,0.0,1147.5,-1147.5,6,0,0,2,1,17551.890866883008,1005.1920959702749,371.6582978779459,1.064137248015176,1.0999999878311009,1.0789780520106476,0.01255430416457482,-0.012821963402226542,0.06266339063739433,0.017801520932251312,0.03161241524842228,284.326656716042,284.17114405337986,211.8194642532113,211.25868820821532,0.9953026825420674,1.0000000047527988,0.576165128360131,0.5752253832664196,0.0,5.4752243627831376e-08,1,2,0,3,0,1,0,,,,,,1,0.0,0.0,0.0,0.0,0.0,1,0.0,0.0,0.0,0.0,0.0,0,,,,,,0,0,1,1.5184768627293686e-11,1.234523594462189e-11,4.698575128907987e-12,2.4567015088905464e-12,1.234523594462189e-11,7.863137349917742e-11,6.828182463891608e-11,2.500834261898177e-11,1.9719559318787105e-11,6.828182463891608e-11,2.6034556217929844e-11,1.2154721673596214e-11,1.1629230911580635e-11,1.1920020526190456e-11,1.2154721673596214e-11,1.8247947964472846e-12,1.4262341307968995e-12,5.630228921971181e-13,1.698155505103216e-13,1.4262341307968995e-12,,,,,,,,,
2026-03-22T17:23:12Z,test_cases/pglib_opf_case5_pjm.mat,pglib_opf_case5_pjm,oracle_ac_bounds_dual__Qg_Va,oracle_ac_bounds_dual,bounds_only,ac_true,1,0,Qg+Va,2,,,optimal,ok,1,438.79727167207324,17113.093595210878,39.00000000000187,0,0.0017139911651611328,0.0009250640869140625,0.025772809982299805,0.026697874069213867,0.026697874069213867,0.028411865234375,acopf_acdc_paper_study/cases/pglib_opf_case5_pjm/logs/oracle_ac_bounds_dual__Qg_Va.log,0,27,4.802132025361061e-10,4.753765255167136e-13,0.0,9.092177890122086e-08,9.092177890122086e-08,0.01,,,0.01,False,100.0,5,6,5,5,3,1,3,1,1000.0,328.69,1530.0,0.0,1147.5,-1147.5,6,0,0,2,1,17551.89086688293,1005.1920959702734,371.6582978779202,1.064137248015161,1.0999999878310949,1.0789780520106358,0.01255430416457871,-0.012821963402161081,0.06266339063739625,0.01780152093228435,0.031612415248397495,284.32665671590667,284.17114405324605,211.81946425315698,211.25868820816106,0.9953026825420671,1.0000000047527968,0.5761651283599977,0.5752253832662865,0.0,5.4752219647014044e-08,1,2,0,3,0,1,0,,,,,,1,0.0,0.0,0.0,0.0,0.0,0,,,,,,1,0.0,0.0,0.0,0.0,0.0,0,0,1,2.276146126699059e-11,1.84368076361352e-11,7.136353597682066e-12,4.476419235288631e-12,1.84368076361352e-11,7.86145597479669e-11,6.819078635089681e-11,2.5052715457718476e-11,2.0148549495502266e-11,6.819078635089681e-11,2.6061197202015243e-11,1.2169820706731116e-11,1.1640954866720676e-11,1.1933565247090883e-11,1.2169820706731116e-11,1.8261459395638527e-12,1.428149265514378e-12,5.355129534256875e-13,1.0435402542086081e-13,1.428149265514378e-12,,,,,,,,,
2026-03-22T17:23:12Z,test_cases/pglib_opf_case5_pjm.mat,pglib_opf_case5_pjm,oracle_ac_bounds_dual__Vm_Va,oracle_ac_bounds_dual,bounds_only,ac_true,1,0,Vm+Va,2,,,optimal,ok,1,438.7972716720733,17113.093595210878,39.00000000000187,0,0.0017139911651611328,0.001111745834350586,0.018542051315307617,0.019653797149658203,0.019653797149658203,0.021367788314819336,acopf_acdc_paper_study/cases/pglib_opf_case5_pjm/logs/oracle_ac_bounds_dual__Vm_Va.log,0,16,4.802132025361061e-10,4.182679553726556e-13,0.0,9.09217789001617e-08,9.09217789001617e-08,0.004,,,0.004,False,100.0,5,6,5,5,3,1,3,1,1000.0,328.69,1530.0,0.0,1147.5,-1147.5,6,0,0,2,1,17551.89086688293,1005.192095970273,371.6582978779248,1.0641372480151607,1.0999999878310949,1.078978052010636,0.012554304164578665,-0.012821963402161119,0.06266339063739615,0.01780152093228431,0.031612415248397474,284.32665671590325,284.17114405324264,211.8194642531561,211.2586882081605,0.9953026825420664,1.0000000047527977,0.5761651283599957,0.5752253832662851,0.0,5.475222852879824e-08,1,2,0,3,0,1,0,,,,,,0,,,,,,1,0.0,0.0,0.0,0.0,0.0,1,0.0,0.0,0.0,0.0,0.0,0,0,1,2.2764840738343625e-11,1.84394721713943e-11,7.138129127478497e-12,4.482636484226532e-12,1.84394721713943e-11,7.861320899029398e-11,6.819078635089681e-11,2.504346452436579e-11,2.0040413772903776e-11,6.819078635089681e-11,2.6060691416450752e-11,1.2170042751336041e-11,1.164073282211575e-11,1.1933121157881033e-11,1.2170042751336041e-11,1.8260465160496274e-12,1.4280521209997232e-12,5.354990756378797e-13,1.043921893373323e-13,1.4280521209997232e-12,,,,,,,,,
2026-03-22T17:23:12Z,test_cases/pglib_opf_case5_pjm.mat,pglib_opf_case5_pjm,oracle_ac_bounds_dual__Pg_Qg_Vm,oracle_ac_bounds_dual,bounds_only,ac_true,1,0,Pg+Qg+Vm,3,,,optimal,ok,1,438.7972716720736,17113.09359521089,39.00000000000189,0,0.0017139911651611328,0.008534908294677734,0.025768041610717773,0.03430294990539551,0.03430294990539551,0.03601694107055664,acopf_acdc_paper_study/cases/pglib_opf_case5_pjm/logs/oracle_ac_bounds_dual__Pg_Qg_Vm.log,0,45,4.747562343254685e-10,4.2399118391150706e-13,0.0,9.09217789008342e-08,9.09217789008342e-08,0.01,,,0.01,True,100.0,5,6,5,5,3,1,3,1,1000.0,328.69,1530.0,0.0,1147.5,-1147.5,6,0,0,2,1,17551.890866882943,1005.1920959702734,371.6582978779222,1.0641372480151605,1.0999999878310949,1.0789780520106356,0.012554304164578872,-0.012821963402161105,0.06266339063739627,0.01780152093228436,0.031612415248397516,284.32665671590433,284.1711440532457,211.8194642531565,211.25868820816117,0.9953026825420671,1.000000004752797,0.5761651283599966,0.5752253832662867,0.0,5.475222408790614e-08,1,2,0,3,0,1,1,0.0,0.0,0.0,0.0,0.0,1,0.0,0.0,0.0,0.0,0.0,1,0.0,0.0,0.0,0.0,0.0,0,,,,,,0,0,1,2.2768642015862158e-11,1.84439130634928e-11,7.1392054926903964e-12,4.483524662646232e-12,1.84439130634928e-11,7.861473933047785e-11,6.819078635089681e-11,2.504856599916394e-11,2.009525879032026e-11,6.819078635089681e-11,2.606151448653067e-11,1.2170264795940966e-11,1.1641088093483632e-11,1.1933787291695808e-11,1.2170264795940966e-11,1.8261905522999376e-12,1.4281770210899936e-12,5.355299537157521e-13,1.0437831154952448e-13,1.4281770210899936e-12,,,,,,,,,
2026-03-22T17:23:12Z,test_cases/pglib_opf_case5_pjm.mat,pglib_opf_case5_pjm,oracle_ac_bounds_dual__Pg_Qg_Va,oracle_ac_bounds_dual,bounds_only,ac_true,1,0,Pg+Qg+Va,3,,,optimal,ok,1,438.7972716720735,17113.093595210885,39.00000000000188,0,0.0017139911651611328,0.0014119148254394531,0.028455257415771484,0.029867172241210938,0.029867172241210938,0.03158116340637207,acopf_acdc_paper_study/cases/pglib_opf_case5_pjm/logs/oracle_ac_bounds_dual__Pg_Qg_Va.log,0,38,4.774847184307873e-10,4.757318143997604e-13,0.0,9.092177884069469e-08,9.092177884069469e-08,0.009,,,0.009,False,100.0,5,6,5,5,3,1,3,1,1000.0,328.69,1530.0,0.0,1147.5,-1147.5,6,0,0,2,1,17551.89086688294,1005.1920959702736,371.65829787791984,1.0641372480151594,1.0999999878310935,1.0789780520106345,0.012554304164578757,-0.012821963402161097,0.0626633906373964,0.0178015209322844,0.031612415248397564,284.32665671590667,284.17114405324605,211.81946425315675,211.25868820816126,0.9953026825420671,1.0000000047527982,0.5761651283599972,0.5752253832662869,0.0,5.475223474604718e-08,1,2,0,3,0,1,1,0.0,0.0,0.0,0.0,0.0,1,0.0,0.0,0.0,0.0,0.0,0,,,,,,1,0.0,0.0,0.0,0.0,0.0,0,0,1,2.2765287924985126e-11,1.844080443902385e-11,7.137709409439418e-12,4.4790837705477315e-12,1.844080443902385e-11,7.862397352361303e-11,6.819478315378547e-11,2.505497753713115e-11,2.0131674105527964e-11,6.819478315378547e-11,2.6064174688019188e-11,1.2171375018965591e-11,1.1642287134350226e-11,1.1934675470115508e-11,1.2171375018965591e-11,1.826330715921158e-12,1.4283019211802639e-12,5.355646481852716e-13,1.043696379321446e-13,1.4283019211802639e-12,,,,,,,,,
2026-03-22T17:23:12Z,test_cases/pglib_opf_case5_pjm.mat,pglib_opf_case5_pjm,oracle_ac_bounds_dual__Pg_Vm_Va,oracle_ac_bounds_dual,bounds_only,ac_true,1,0,Pg+Vm+Va,3,,,optimal,ok,1,438.7972716720731,17113.09359521087,39.00000000000185,0,0.0017139911651611328,0.0009670257568359375,0.01912975311279297,0.020096778869628906,0.020096778869628906,0.02181077003479004,acopf_acdc_paper_study/cases/pglib_opf_case5_pjm/logs/oracle_ac_bounds_dual__Pg_Vm_Va.log,0,17,4.774847184307873e-10,4.5470796663618243e-13,0.0,9.09217762237553e-08,9.09217762237553e-08,0.004,,,0.004,False,100.0,5,6,5,5,3,1,3,1,1000.0,328.69,1530.0,0.0,1147.5,-1147.5,6,0,0,2,1,17551.890866882924,1005.1920959702729,371.65829787792353,1.064137248015162,1.0999999878310949,1.0789780520106365,0.01255430416457819,-0.012821963402161017,0.06266339063739605,0.017801520932284327,0.03161241524839739,284.3266567159026,284.17114405324423,211.81946425315505,211.2586882081599,0.9953026825420667,1.0000000047527975,0.5761651283599932,0.5752253832662836,0.0,5.475222586426298e-08,1,2,0,3,0,1,1,0.0,0.0,0.0,0.0,0.0,0,,,,,,1,0.0,0.0,0.0,0.0,0.0,1,0.0,0.0,0.0,0.0,0.0,0,0,1,2.2763551546654582e-11,1.84376958145549e-11,7.137828031448539e-12,4.482636484226532e-12,1.84376958145549e-11,7.849636619521441e-11,6.80930867247298e-11,2.5006990922449292e-11,2.0017099089386647e-11,6.80930867247298e-11,2.6059248247333556e-11,1.216871048370649e-11,1.1640111097221962e-11,1.1932232979461332e-11,1.216871048370649e-11,1.825925022012831e-12,1.4279549764850685e-12,5.354182375238991e-13,1.0428984065224967e-13,1.4279549764850685e-12,,,,,,,,,
2026-03-22T17:23:12Z,test_cases/pglib_opf_case5_pjm.mat,pglib_opf_case5_pjm,oracle_ac_bounds_dual__Qg_Vm_Va,oracle_ac_bounds_dual,bounds_only,ac_true,1,0,Qg+Vm+Va,3,,,optimal,ok,1,438.79727167207324,17113.093595210874,39.00000000000186,0,0.0017139911651611328,0.0013031959533691406,0.018005847930908203,0.019309043884277344,0.019309043884277344,0.021023035049438477,acopf_acdc_paper_study/cases/pglib_opf_case5_pjm/logs/oracle_ac_bounds_dual__Qg_Vm_Va.log,0,12,4.738467396236956e-10,4.182679553726556e-13,0.0,9.09217789008314e-08,9.09217789008314e-08,0.003,,,0.003,False,100.0,5,6,5,5,3,1,3,1,1000.0,328.69,1530.0,0.0,1147.5,-1147.5,6,0,0,2,1,17551.890866882928,1005.1920959702729,371.658297877923,1.0641372480151607,1.0999999878310949,1.0789780520106358,0.012554304164578705,-0.012821963402161133,0.06266339063739618,0.017801520932284313,0.031612415248397495,284.3266567159029,284.17114405324423,211.81946425315607,211.2586882081608,0.9953026825420667,1.0000000047527977,0.5761651283599956,0.5752253832662858,0.0,5.475223030515508e-08,1,2,0,3,0,1,0,,,,,,1,0.0,0.0,0.0,0.0,0.0,1,0.0,0.0,0.0,0.0,0.0,1,0.0,0.0,0.0,0.0,0.0,0,0,1,2.2765190629352422e-11,1.84394721713943e-11,7.138484413711805e-12,4.484412841065932e-12,1.84394721713943e-11,7.861682978028312e-11,6.819078635089681e-11,2.504708662698363e-11,2.006439459023568e-11,6.819078635089681e-11,2.6060896677494932e-11,1.2170042751336041e-11,1.1640821639957721e-11,1.1933343202485958e-11,1.2170042751336041e-11,1.8260820126231855e-12,1.4280798765753389e-12,5.355139942597731e-13,1.0440606712514011e-13,1.4280798765753389e-12,,,,,,,,,
2026-03-22T17:23:12Z,test_cases/pglib_opf_case5_pjm.mat,pglib_opf_case5_pjm,oracle_ac_bounds_dual__Pg_Qg_Vm_Va,oracle_ac_bounds_dual,bounds_only,ac_true,1,0,Pg+Qg+Vm+Va,4,,,optimal,ok,1,438.7972716720734,17113.093595210878,39.00000000000187,0,0.0017139911651611328,0.0014998912811279297,0.016421079635620117,0.017920970916748047,0.017920970916748047,0.01963496208190918,acopf_acdc_paper_study/cases/pglib_opf_case5_pjm/logs/oracle_ac_bounds_dual__Pg_Qg_Vm_Va.log,0,9,4.747562343254685e-10,4.268234362780054e-13,0.0,9.09217752717207e-08,9.09217752717207e-08,0.002,,,0.002,False,100.0,5,6,5,5,3,1,3,1,1000.0,328.69,1530.0,0.0,1147.5,-1147.5,6,0,0,2,1,17551.89086688293,1005.1920959702734,371.658297877923,1.0641372480151527,1.0999999878310878,1.0789780520106285,0.012554304164578995,-0.012821963402161117,0.06266339063739709,0.01780152093228466,0.03161241524839787,284.32665671590206,284.1711440532431,211.81946425315664,211.25868820816143,0.9953026825420664,1.000000004752798,0.576165128359997,0.5752253832662874,0.0,5.475223296969034e-08,1,2,0,3,0,1,1,0.0,0.0,0.0,0.0,0.0,1,0.0,0.0,0.0,0.0,0.0,1,0.0,0.0,0.0,0.0,0.0,1,0.0,0.0,0.0,0.0,0.0,0,0,1,2.2780336270856263e-11,1.8452350758479952e-11,7.142434986135118e-12,4.481748305806832e-12,1.8452350758479952e-11,7.865207275224556e-11,6.821476716822872e-11,2.5056889896291067e-11,2.004196808513825e-11,6.821476716822872e-11,2.607788546113258e-11,1.2178036357113342e-11,1.1648415565446158e-11,1.1940892719053409e-11,1.2178036357113342e-11,1.827235983116481e-12,1.4289958105706546e-12,5.358154891998978e-13,1.0439045461385632e-13,1.4289958105706546e-12,,,,,,,,,
2026-03-22T17:23:12Z,test_cases/pglib_opf_case5_pjm.mat,pglib_opf_case5_pjm,oracle_ac_primal_dual_all_bounds__Pg,oracle_ac_primal_dual_all_bounds,full_all_bounds,ac_true,1,0,Pg,1,,,optimal,ok,1,438.7972716720736,17113.09359521089,39.00000000000189,0,0.0017139911651611328,0.0008740425109863281,0.023647069931030273,0.0245211124420166,0.0245211124420166,0.026235103607177734,acopf_acdc_paper_study/cases/pglib_opf_case5_pjm/logs/oracle_ac_primal_dual_all_bounds__Pg.log,0,20,4.747562343254685e-10,4.817971518801584e-13,0.0,9.092177890095476e-08,9.092177890095476e-08,0.009,,,0.009,False,100.0,5,6,5,5,3,1,3,1,1000.0,328.69,1530.0,0.0,1147.5,-1147.5,6,0,0,2,1,17551.890866882943,1005.1920959702737,371.65829787792404,1.0641372480151616,1.0999999878310949,1.0789780520106353,0.012554304164578837,-0.012821963402161017,0.06266339063739657,0.017801520932284487,0.03161241524839761,284.3266567159099,284.1711440532492,211.81946425315743,211.25868820816194,0.9953026825420697,1.0000000047527982,0.576165128359999,0.5752253832662885,0.0,5.475223474604718e-08,1,2,0,3,0,1,1,0.0,0.0,0.0,0.0,0.0,0,,,,,,0,,,,,,0,,,,,,1,1,1,2.276617671410019e-11,1.84421367066534e-11,7.137792545723191e-12,4.4781955921280314e-12,1.84421367066534e-11,7.857324142596074e-11,6.819034226168696e-11,2.504478013864997e-11,2.029443280093801e-11,6.819034226168696e-11,2.6062318665934307e-11,1.2169154572916341e-11,1.1641443364851512e-11,1.1934675470115508e-11,1.2169154572916341e-11,1.826533566657885e-12,1.4284684546339577e-12,5.355965670972296e-13,1.0428984065224967e-13,1.4284684546339577e-12,,,,,,,,,
2026-03-22T17:23:12Z,test_cases/pglib_opf_case5_pjm.mat,pglib_opf_case5_pjm,oracle_ac_primal_dual_all_bounds__Qg,oracle_ac_primal_dual_all_bounds,full_all_bounds,ac_true,1,0,Qg,1,,,optimal,ok,1,438.7972716720731,17113.093595210874,39.00000000000186,0,0.0017139911651611328,0.0010402202606201172,0.02302694320678711,0.024067163467407227,0.024067163467407227,0.02578115463256836,acopf_acdc_paper_study/cases/pglib_opf_case5_pjm/logs/oracle_ac_primal_dual_all_bounds__Qg.log,0,16,4.765752237290144e-10,4.881926892944968e-13,0.0,9.092177890101617e-08,9.092177890101617e-08,0.007,,,0.007,False,100.0,5,6,5,5,3,1,3,1,1000.0,328.69,1530.0,0.0,1147.5,-1147.5,6,0,0,2,1,17551.890866882928,1005.192095970273,371.6582978779234,1.0641372480151619,1.0999999878310949,1.0789780520106353,0.01255430416457873,-0.012821963402161024,0.06266339063739655,0.017801520932284473,0.03161241524839761,284.32665671590996,284.17114405324895,211.81946425315758,211.25868820816197,0.9953026825420699,1.000000004752798,0.5761651283599994,0.5752253832662886,0.0,5.475223296969034e-08,1,2,0,3,0,1,0,,,,,,1,0.0,0.0,0.0,0.0,0.0,0,,,,,,0,,,,,,1,1,1,2.276203482802608e-11,1.84368076361352e-11,7.136904384540612e-12,4.4790837705477315e-12,1.84368076361352e-11,7.857517765826841e-11,6.819034226168696e-11,2.504599028174681e-11,2.0298207559221737e-11,6.819034226168696e-11,2.6062105069551115e-11,1.2168932528311416e-11,1.1641354547009541e-11,1.1934453425510583e-11,1.2168932528311416e-11,1.82652337862489e-12,1.4284545768461498e-12,5.356035059911335e-13,1.0429677954615357e-13,1.4284545768461498e-12,,,,,,,,,
2026-03-22T17:23:12Z,test_cases/pglib_opf_case5_pjm.mat,pglib_opf_case5_pjm,oracle_ac_primal_dual_all_bounds__Vm,oracle_ac_primal_dual_all_bounds,full_all_bounds,ac_true,1,0,Vm,1,,,optimal,ok,1,438.7972716720731,17113.093595210874,39.00000000000186,0,0.0017139911651611328,0.0009090900421142578,0.026636838912963867,0.027545928955078125,0.027545928955078125,0.029259920120239258,acopf_acdc_paper_study/cases/pglib_opf_case5_pjm/logs/oracle_ac_primal_dual_all_bounds__Vm.log,0,43,4.5656634029001e-10,4.708900592619578e-13,0.0,9.092173429498625e-08,9.092173429498625e-08,0.011,,,0.011,True,100.0,5,6,5,5,3,1,3,1,1000.0,328.69,1530.0,0.0,1147.5,-1147.5,6,0,0,2,1,17551.890866882928,1005.1920959702713,371.65829787789636,1.0641372480151823,1.0999999878310918,1.0789780520106484,0.012554304164569015,-0.012821963402159556,0.06266339063739383,0.01780152093228432,0.031612415248395816,284.32665671587694,284.17114405321684,211.81946425312546,211.2586882081301,0.9953026825420697,1.0000000047528004,0.5761651283599236,0.5752253832662136,0.0,5.475226050322135e-08,1,2,0,3,0,1,0,,,,,,0,,,,,,1,0.0,0.0,0.0,0.0,0.0,0,,,,,,1,1,1,2.2783408469293955e-11,1.8452794847689802e-11,7.147166462965866e-12,4.509281836817536e-12,1.8452794847689802e-11,7.666589375961474e-11,6.653788631183488e-11,2.4440008350445907e-11,1.965094753586527e-11,6.653788631183488e-11,2.6032104670153065e-11,1.2148504424658313e-11,1.1628431551002905e-11,1.191446941106733e-11,1.2148504424658313e-11,1.823197265020161e-12,1.4257345304358182e-12,5.339596820252978e-13,1.028292034854772e-13,1.4257345304358182e-12,,,,,,,,,
2026-03-22T17:23:12Z,test_cases/pglib_opf_case5_pjm.mat,pglib_opf_case5_pjm,oracle_ac_primal_dual_all_bounds__Va,oracle_ac_primal_dual_all_bounds,full_all_bounds,ac_true,1,0,Va,1,,,optimal,ok,1,438.7972716720733,17113.093595210878,39.00000000000187,0,0.0017139911651611328,0.0016121864318847656,0.02266693115234375,0.024279117584228516,0.024279117584228516,0.02599310874938965,acopf_acdc_paper_study/cases/pglib_opf_case5_pjm/logs/oracle_ac_primal_dual_all_bounds__Va.log,0,6,4.756657290272415e-10,4.753765255167136e-13,0.0,9.09217789008611e-08,9.09217789008611e-08,0.002,,,0.002,False,100.0,5,6,5,5,3,1,3,1,1000.0,328.69,1530.0,0.0,1147.5,-1147.5,6,0,0,2,1,17551.89086688293,1005.1920959702729,371.6582978779153,1.0641372480151605,1.0999999878310949,1.0789780520106356,0.012554304164578907,-0.012821963402161105,0.06266339063739632,0.01780152093228437,0.031612415248397537,284.3266567159066,284.17114405324753,211.81946425315687,211.2586882081615,0.9953026825420673,1.0000000047527975,0.5761651283599976,0.5752253832662874,0.0,5.475222586426298e-08,1,2,0,3,0,1,0,,,,,,0,,,,,,0,,,,,,1,0.0,0.0,0.0,0.0,0.0,1,1,1,2.2765727533499356e-11,1.843991626060415e-11,7.1387516728084e-12,4.4853010194856324e-12,1.843991626060415e-11,7.863248012200061e-11,6.819078635089681e-11,2.5062546482601534e-11,2.0166091019291343e-11,6.819078635089681e-11,2.6061618077894266e-11,1.2170264795940966e-11,1.1641132502404616e-11,1.1933787291695808e-11,1.2170264795940966e-11,1.8262404820117297e-12,1.428218654453417e-12,5.355483417845974e-13,1.0437831154952448e-13,1.428218654453417e-12,,,,,,,,,
2026-03-22T17:23:12Z,test_cases/pglib_opf_case5_pjm.mat,pglib_opf_case5_pjm,oracle_ac_primal_dual_all_bounds__Pg_Qg,oracle_ac_primal_dual_all_bounds,full_all_bounds,ac_true,1,0,Pg+Qg,2,,,optimal,ok,1,438.7972716720733,17113.093595210874,39.00000000000186,0,0.0017139911651611328,0.0174100399017334,0.02669501304626465,0.04410505294799805,0.04410505294799805,0.04581904411315918,acopf_acdc_paper_study/cases/pglib_opf_case5_pjm/logs/oracle_ac_primal_dual_all_bounds__Pg_Qg.log,0,22,4.747562343254685e-10,4.839289976849379e-13,0.0,9.092177626487944e-08,9.092177626487944e-08,0.007,,,0.007,False,100.0,5,6,5,5,3,1,3,1,1000.0,328.69,1530.0,0.0,1147.5,-1147.5,6,0,0,2,1,17551.890866882928,1005.1920959702727,371.65829787792217,1.0641372480151632,1.0999999878310949,1.0789780520106365,0.012554304164578216,-0.012821963402160899,0.06266339063739639,0.017801520932284483,0.03161241524839748,284.32665671591025,284.1711440532495,211.81946425315607,211.25868820816038,0.9953026825420693,1.0000000047527977,0.5761651283599959,0.5752253832662849,0.0,5.475223030515508e-08,1,2,0,3,0,1,1,0.0,0.0,0.0,0.0,0.0,1,0.0,0.0,0.0,0.0,0.0,0,,,,,,0,,,,,,1,1,1,2.2766818380125333e-11,1.844080443902385e-11,7.139178073598619e-12,4.4861891979053325e-12,1.844080443902385e-11,7.846380983621149e-11,6.80939749031495e-11,2.5010038484651886e-11,2.025291045981703e-11,6.80939749031495e-11,2.6060162308811572e-11,1.2167600260681866e-11,1.1640510777510826e-11,1.1933343202485958e-11,1.2167600260681866e-11,1.8263158024329727e-12,1.428288043392456e-12,5.354820753478152e-13,1.0417187945588324e-13,1.428288043392456e-12,,,,,,,,,
2026-03-22T17:23:12Z,test_cases/pglib_opf_case5_pjm.mat,pglib_opf_case5_pjm,oracle_ac_primal_dual_all_bounds__Pg_Vm,oracle_ac_primal_dual_all_bounds,full_all_bounds,ac_true,1,0,Pg+Vm,2,,,optimal,ok,1,438.7972716720735,17113.093595210885,39.00000000000188,0,0.0017139911651611328,0.0016529560089111328,0.019773244857788086,0.02142620086669922,0.02142620086669922,0.02314019203186035,acopf_acdc_paper_study/cases/pglib_opf_case5_pjm/logs/oracle_ac_primal_dual_all_bounds__Pg_Vm.log,0,20,4.674802767112851e-10,4.607497618888874e-13,0.0,9.092176143098454e-08,9.092176143098454e-08,0.005,,,0.005,False,100.0,5,6,5,5,3,1,3,1,1000.0,328.69,1530.0,0.0,1147.5,-1147.5,6,0,0,2,1,17551.89086688294,1005.1920959702725,371.658297877911,1.0641372480151692,1.0999999878310938,1.078978052010641,0.012554304164574974,-0.012821963402160448,0.06266339063739527,0.017801520932284348,0.03161241524839682,284.32665671589274,284.17114405323406,211.81946425314402,211.2586882081492,0.9953026825420678,1.000000004752799,0.5761651283599672,0.5752253832662585,0.0,5.4752245404188216e-08,1,2,0,3,0,1,1,0.0,0.0,0.0,0.0,0.0,0,,,,,,1,0.0,0.0,0.0,0.0,0.0,0,,,,,,1,1,1,2.2775491846657452e-11,1.84483539555913e-11,7.142822661171912e-12,4.495070982102334e-12,1.84483539555913e-11,7.785767989823641e-11,6.754996562108317e-11,2.4815022259261355e-11,1.996158793815539e-11,6.754996562108317e-11,2.6049750933143006e-11,1.216160505634889e-11,1.163602547649134e-11,1.1926015730523432e-11,1.216160505634889e-11,1.824973984909989e-12,1.427177820367831e-12,5.348856774167742e-13,1.0372085135212927e-13,1.427177820367831e-12,,,,,,,,,
2026-03-22T17:23:12Z,test_cases/pglib_opf_case5_pjm.mat,pglib_opf_case5_pjm,oracle_ac_primal_dual_all_bounds__Pg_Va,oracle_ac_primal_dual_all_bounds,full_all_bounds,ac_true,1,0,Pg+Va,2,,,optimal,ok,1,438.79727167207324,17113.093595210878,39.00000000000187,0,0.0017139911651611328,0.0013539791107177734,0.016637086868286133,0.017991065979003906,0.017991065979003906,0.01970505714416504,acopf_acdc_paper_study/cases/pglib_opf_case5_pjm/logs/oracle_ac_primal_dual_all_bounds__Pg_Va.log,0,6,4.774847184307873e-10,4.753765255167136e-13,0.0,9.092177890086055e-08,9.092177890086055e-08,0.002,,,0.002,False,100.0,5,6,5,5,3,1,3,1,1000.0,328.69,1530.0,0.0,1147.5,-1147.5,6,0,0,2,1,17551.89086688293,1005.192095970273,371.6582978779161,1.0641372480151605,1.0999999878310949,1.0789780520106356,0.012554304164578907,-0.012821963402161159,0.06266339063739632,0.017801520932284345,0.03161241524839755,284.3266567159069,284.1711440532479,211.81946425315695,211.2586882081616,0.9953026825420673,1.0000000047527975,0.5761651283599977,0.5752253832662877,0.0,5.475222586426298e-08,1,2,0,3,0,1,1,0.0,0.0,0.0,0.0,0.0,0,,,,,,0,,,,,,1,0.0,0.0,0.0,0.0,0.0,1,1,1,2.27637738778818e-11,1.84385839929746e-11,7.137597047384943e-12,4.480860127387132e-12,1.84385839929746e-11,7.863108675074037e-11,6.819078635089681e-11,2.506078122799238e-11,2.0152102209181066e-11,6.819078635089681e-11,2.6061618077894266e-11,1.2170264795940966e-11,1.1641132502404616e-11,1.1933787291695808e-11,1.2170264795940966e-11,1.826235238290684e-12,1.428218654453417e-12,5.35565342074662e-13,1.0443208797727976e-13,1.428218654453417e-12,,,,,,,,,
2026-03-22T17:23:12Z,test_cases/pglib_opf_case5_pjm.mat,pglib_opf_case5_pjm,oracle_ac_primal_dual_all_bounds__Qg_Vm,oracle_ac_primal_dual_all_bounds,full_all_bounds,ac_true,1,0,Qg+Vm,2,,,optimal,ok,1,438.79727167207324,17113.093595210874,39.00000000000186,0,0.0017139911651611328,0.0010120868682861328,0.027090072631835938,0.02810215950012207,0.02810215950012207,0.029816150665283203,acopf_acdc_paper_study/cases/pglib_opf_case5_pjm/logs/oracle_ac_primal_dual_all_bounds__Qg_Vm.log,0,41,4.756657290272415e-10,4.578978032527113e-13,0.0,9.092177894149586e-08,9.092177894149586e-08,0.013,,,0.013,True,100.0,5,6,5,5,3,1,3,1,1000.0,328.69,1530.0,0.0,1147.5,-1147.5,6,0,0,2,1,17551.890866882928,1005.1920959702734,371.65829787792546,1.0641372480151605,1.099999987831095,1.0789780520106356,0.012554304164578934,-0.012821963402161119,0.06266339063739627,0.017801520932284355,0.031612415248397537,284.3266567159024,284.17114405324185,211.819464253157,211.25868820816117,0.9953026825420671,1.000000004752797,0.5761651283599978,0.5752253832662867,0.0,5.475222408790614e-08,1,2,0,3,0,1,0,,,,,,1,0.0,0.0,0.0,0.0,0.0,1,0.0,0.0,0.0,0.0,0.0,0,,,,,,1,1,1,2.2761127951287233e-11,1.843636354692535e-11,7.136274335769346e-12,4.476419235288631e-12,1.843636354692535e-11,7.860642839138314e-11,6.819078635089681e-11,2.5042121154505992e-11,2.006350641181598e-11,6.819078635089681e-11,2.6061619929982835e-11,1.2170264795940966e-11,1.1641132502404616e-11,1.1934009336300733e-11,1.2170264795940966e-11,1.826208817457338e-12,1.4281770210899936e-12,5.355459131717311e-13,1.043921893373323e-13,1.4281770210899936e-12,,,,,,,,,
2026-03-22T17:23:12Z,test_cases/pglib_opf_case5_pjm.mat,pglib_opf_case5_pjm,oracle_ac_primal_dual_all_bounds__Qg_Va,oracle_ac_primal_dual_all_bounds,full_all_bounds,ac_true,1,0,Qg+Va,2,,,optimal,ok,1,438.7972716720735,17113.093595210885,39.00000000000188,0,0.0017139911651611328,0.0010180473327636719,0.015253067016601562,0.016271114349365234,0.016271114349365234,0.017985105514526367,acopf_acdc_paper_study/cases/pglib_opf_case5_pjm/logs/oracle_ac_primal_dual_all_bounds__Qg_Va.log,0,5,4.765752237290144e-10,4.895880808385885e-13,0.0,9.09217795683312e-08,9.09217795683312e-08,0.002,,,0.002,False,100.0,5,6,5,5,3,1,3,1,1000.0,328.69,1530.0,0.0,1147.5,-1147.5,6,0,0,2,1,17551.89086688294,1005.1920959702736,371.65829787791563,1.0641372480151634,1.099999987831098,1.0789780520106387,0.012554304164578946,-0.012821963402161036,0.06266339063739594,0.017801520932284258,0.031612415248397356,284.32665671590513,284.1711440532445,211.81946425315724,211.2586882081615,0.9953026825420671,1.0000000047527975,0.5761651283599983,0.5752253832662874,0.0,5.475222586426298e-08,1,2,0,3,0,1,0,,,,,,1,0.0,0.0,0.0,0.0,0.0,0,,,,,,1,0.0,0.0,0.0,0.0,0.0,1,1,1,2.2764821443338815e-11,1.8440360349814e-11,7.137467571283879e-12,4.4781955921280314e-12,1.8440360349814e-11,7.861843506173095e-11,6.818101638828011e-11,2.505781415695907e-11,2.0164092617847018e-11,6.818101638828011e-11,2.605497604745606e-11,1.216737821607694e-11,1.163815710469862e-11,1.1930900711831782e-11,1.216737821607694e-11,1.825757976797146e-12,1.427843954182606e-12,5.353890941695027e-13,1.0430892261048541e-13,1.427843954182606e-12,,,,,,,,,
2026-03-22T17:23:12Z,test_cases/pglib_opf_case5_pjm.mat,pglib_opf_case5_pjm,oracle_ac_primal_dual_all_bounds__Vm_Va,oracle_ac_primal_dual_all_bounds,full_all_bounds,ac_true,1,0,Vm+Va,2,,,optimal,ok,1,438.7972716720731,17113.09359521087,39.00000000000185,0,0.0017139911651611328,0.001138925552368164,0.01653289794921875,0.017671823501586914,0.017671823501586914,0.019385814666748047,acopf_acdc_paper_study/cases/pglib_opf_case5_pjm/logs/oracle_ac_primal_dual_all_bounds__Vm_Va.log,0,3,4.747562343254685e-10,4.293583935832942e-13,0.0,9.092177890140014e-08,9.092177890140014e-08,0.001,,,0.001,False,100.0,5,6,5,5,3,1,3,1,1000.0,328.69,1530.0,0.0,1147.5,-1147.5,6,0,0,2,1,17551.890866882924,1005.1920959702729,371.65829787791694,1.0641372480151603,1.0999999878310949,1.0789780520106356,0.012554304164578886,-0.012821963402161147,0.06266339063739623,0.017801520932284324,0.03161241524839752,284.3266567159064,284.1711440532457,211.81946425315695,211.25868820816132,0.9953026825420664,1.0000000047527977,0.5761651283599977,0.575225383266287,0.0,5.475222852879824e-08,1,2,0,3,0,1,0,,,,,,0,,,,,,1,0.0,0.0,0.0,0.0,0.0,1,0.0,0.0,0.0,0.0,0.0,1,1,1,2.2763038734740132e-11,1.843725172534505e-11,7.137683776740127e-12,4.482636484226532e-12,1.843725172534505e-11,7.863361095557704e-11,6.819078635089681e-11,2.5059126995685686e-11,2.0116353027788136e-11,6.819078635089681e-11,2.6061412913339793e-11,1.2170486840545891e-11,1.1641043684562646e-11,1.1933565247090883e-11,1.2170486840545891e-11,1.826143600715243e-12,1.4281353877265701e-12,5.355382803884367e-13,1.0441994491294793e-13,1.4281353877265701e-12,,,,,,,,,
2026-03-22T17:23:12Z,test_cases/pglib_opf_case5_pjm.mat,pglib_opf_case5_pjm,oracle_ac_primal_dual_all_bounds__Pg_Qg_Vm,oracle_ac_primal_dual_all_bounds,full_all_bounds,ac_true,1,0,Pg+Qg+Vm,3,,,optimal,ok,1,438.79727167207307,17113.093595210867,39.00000000000184,0,0.0017139911651611328,0.001026153564453125,0.017868995666503906,0.01889514923095703,0.01889514923095703,0.020609140396118164,acopf_acdc_paper_study/cases/pglib_opf_case5_pjm/logs/oracle_ac_primal_dual_all_bounds__Pg_Qg_Vm.log,0,13,4.674802767112851e-10,4.4553931582928175e-13,0.0,9.092176562724466e-08,9.092176562724466e-08,0.003,,,0.003,False,100.0,5,6,5,5,3,1,3,1,1000.0,328.69,1530.0,0.0,1147.5,-1147.5,6,0,0,2,1,17551.89086688292,1005.1920959702724,371.6582978779131,1.064137248015167,1.099999987831094,1.0789780520106393,0.012554304164575949,-0.01282196340216068,0.06266339063739554,0.01780152093228433,0.03161241524839702,284.3266567158941,284.17114405323537,211.81946425314678,211.25868820815154,0.9953026825420678,1.0000000047527984,0.5761651283599738,0.575225383266264,0.0,5.475223918693928e-08,1,2,0,3,0,1,1,0.0,0.0,0.0,0.0,0.0,1,0.0,0.0,0.0,0.0,0.0,1,0.0,0.0,0.0,0.0,0.0,0,,,,,,1,1,1,2.2767731936511095e-11,1.8440360349814e-11,7.140062384550586e-12,4.489741911584133e-12,1.8440360349814e-11,7.804717181195605e-11,6.770495275532085e-11,2.487265671202721e-11,1.9970691766957316e-11,6.770495275532085e-11,2.605274193463035e-11,1.216382550239814e-11,1.1637313335199906e-11,1.1928014131967757e-11,1.216382550239814e-11,1.825294247161733e-12,1.4274414983361794e-12,5.350758031097414e-13,1.0395330429791017e-13,1.4274414983361794e-12,,,,,,,,,
2026-03-22T17:23:12Z,test_cases/pglib_opf_case5_pjm.mat,pglib_opf_case5_pjm,oracle_ac_primal_dual_all_bounds__Pg_Qg_Va,oracle_ac_primal_dual_all_bounds,full_all_bounds,ac_true,1,0,Pg+Qg+Va,3,,,optimal,ok,1,438.7972716720731,17113.09359521087,39.00000000000185,0,0.0017139911651611328,0.0016820430755615234,0.020086050033569336,0.02176809310913086,0.02176809310913086,0.023482084274291992,acopf_acdc_paper_study/cases/pglib_opf_case5_pjm/logs/oracle_ac_primal_dual_all_bounds__Pg_Qg_Va.log,0,5,4.765752237290144e-10,4.728895033353854e-13,0.0,9.092177502414764e-08,9.092177502414764e-08,0.002,,,0.002,False,100.0,5,6,5,5,3,1,3,1,1000.0,328.69,1530.0,0.0,1147.5,-1147.5,6,0,0,2,1,17551.890866882924,1005.1920959702729,371.6582978779213,1.0641372480151592,1.0999999878310933,1.0789780520106342,0.012554304164578763,-0.012821963402161149,0.06266339063739644,0.0178015209322844,0.031612415248397606,284.3266567159027,284.17114405324213,211.81946425315616,211.2586882081605,0.9953026825420671,1.000000004752798,0.5761651283599958,0.5752253832662851,0.0,5.475223296969034e-08,1,2,0,3,0,1,1,0.0,0.0,0.0,0.0,0.0,1,0.0,0.0,0.0,0.0,0.0,0,,,,,,1,0.0,0.0,0.0,0.0,0.0,1,1,1,2.2761969087897724e-11,1.843636354692535e-11,7.1371506870680034e-12,4.480860127387132e-12,1.843636354692535e-11,7.861299639316785e-11,6.818989817247711e-11,2.5050150842531595e-11,2.0122792321330962e-11,6.818989817247711e-11,2.6064772273954012e-11,1.2171597063570516e-11,1.1642553587876137e-11,1.1935119559325358e-11,1.2171597063570516e-11,1.826409692582622e-12,1.4283435545436873e-12,5.356090571062566e-13,1.044216796364239e-13,1.4283435545436873e-12,,,,,,,,,
2026-03-22T17:23:12Z,test_cases/pglib_opf_case5_pjm.mat,pglib_opf_case5_pjm,oracle_ac_primal_dual_all_bounds__Pg_Vm_Va,oracle_ac_primal_dual_all_bounds,full_all_bounds,ac_true,1,0,Pg+Vm+Va,3,,,optimal,ok,1,438.7972716720734,17113.09359521088,39.000000000001876,0,0.0017139911651611328,0.0010480880737304688,0.019588947296142578,0.020637035369873047,0.020637035369873047,0.02235102653503418,acopf_acdc_paper_study/cases/pglib_opf_case5_pjm/logs/oracle_ac_primal_dual_all_bounds__Pg_Vm_Va.log,0,3,4.765752237290144e-10,4.293583935832942e-13,0.0,9.092177889843776e-08,9.092177889843776e-08,0.001,,,0.001,False,100.0,5,6,5,5,3,1,3,1,1000.0,328.69,1530.0,0.0,1147.5,-1147.5,6,0,0,2,1,17551.890866882935,1005.1920959702733,371.65829787792,1.0641372480151603,1.0999999878310949,1.0789780520106356,0.012554304164578886,-0.012821963402161142,0.0626633906373962,0.017801520932284317,0.0316124152483975,284.32665671590667,284.17114405324605,211.81946425315695,211.25868820816132,0.9953026825420661,1.000000004752797,0.5761651283599976,0.5752253832662871,0.0,5.475222408790614e-08,1,2,0,3,0,1,1,0.0,0.0,0.0,0.0,0.0,0,,,,,,1,0.0,0.0,0.0,0.0,0.0,1,0.0,0.0,0.0,0.0,0.0,1,1,1,2.276538559591655e-11,1.8440360349814e-11,7.1381292355599016e-12,4.481748305806832e-12,1.8440360349814e-11,7.862522548247378e-11,6.819078635089681e-11,2.505304019795318e-11,2.0089485630592208e-11,6.819078635089681e-11,2.6061412913339793e-11,1.2170486840545891e-11,1.1641043684562646e-11,1.1933565247090883e-11,1.2170486840545891e-11,1.8261041582960404e-12,1.4281076321509545e-12,5.355195453748962e-13,1.0441474074252e-13,1.4281076321509545e-12,,,,,,,,,
2026-03-22T17:23:12Z,test_cases/pglib_opf_case5_pjm.mat,pglib_opf_case5_pjm,oracle_ac_primal_dual_all_bounds__Qg_Vm_Va,oracle_ac_primal_dual_all_bounds,full_all_bounds,ac_true,1,0,Qg+Vm+Va,3,,,optimal,ok,1,438.7972716720733,17113.093595210878,39.00000000000187,0,0.0017139911651611328,0.001026153564453125,0.01731395721435547,0.018340110778808594,0.018340110778808594,0.020054101943969727,acopf_acdc_paper_study/cases/pglib_opf_case5_pjm/logs/oracle_ac_primal_dual_all_bounds__Qg_Vm_Va.log,0,3,4.765752237290144e-10,4.3506204752019405e-13,0.0,9.092177890067536e-08,9.092177890067536e-08,0.001,,,0.001,False,100.0,5,6,5,5,3,1,3,1,1000.0,328.69,1530.0,0.0,1147.5,-1147.5,6,0,0,2,1,17551.89086688293,1005.1920959702733,371.6582978779174,1.06413724801516,1.0999999878310949,1.0789780520106356,0.012554304164578978,-0.012821963402161136,0.06266339063739623,0.017801520932284327,0.03161241524839751,284.3266567159047,284.1711440532457,211.81946425315672,211.2586882081614,0.9953026825420663,1.0000000047527975,0.5761651283599972,0.5752253832662872,0.0,5.475222586426298e-08,1,2,0,3,0,1,0,,,,,,1,0.0,0.0,0.0,0.0,0.0,1,0.0,0.0,0.0,0.0,0.0,1,0.0,0.0,0.0,0.0,0.0,1,1,1,2.276448822705535e-11,1.84394721713943e-11,7.137772844245058e-12,4.480860127387132e-12,1.84394721713943e-11,7.863622943251935e-11,6.819078635089681e-11,2.5058197183902563e-11,2.0089263585987283e-11,6.819078635089681e-11,2.606172187126969e-11,1.2170708885150816e-11,1.16411769113256e-11,1.1933787291695808e-11,1.2170708885150816e-11,1.826138518722018e-12,1.4281353877265701e-12,5.355292598263616e-13,1.0440953657209207e-13,1.4281353877265701e-12,,,,,,,,,
2026-03-22T17:23:12Z,test_cases/pglib_opf_case5_pjm.mat,pglib_opf_case5_pjm,oracle_ac_primal_dual_all_bounds__Pg_Qg_Vm_Va,oracle_ac_primal_dual_all_bounds,full_all_bounds,ac_true,1,0,Pg+Qg+Vm+Va,4,,,optimal,ok,1,438.79727167207295,17113.093595210863,39.00000000000183,0,0.0017139911651611328,0.0019440650939941406,0.016646862030029297,0.018590927124023438,0.018590927124023438,0.02030491828918457,acopf_acdc_paper_study/cases/pglib_opf_case5_pjm/logs/oracle_ac_primal_dual_all_bounds__Pg_Qg_Vm_Va.log,0,2,4.68389771413058e-10,4.2080291267794445e-13,0.0,9.092178022111577e-08,9.092178022111577e-08,0.001,,,0.001,False,100.0,5,6,5,5,3,1,3,1,1000.0,328.69,1530.0,0.0,1147.5,-1147.5,6,0,0,2,1,17551.890866882917,1005.1920959702734,371.65829787792774,1.064137248015158,1.0999999878310933,1.078978052010634,0.012554304164578955,-0.012821963402161204,0.06266339063739645,0.017801520932284372,0.031612415248397634,284.3266567158982,284.1711440532396,211.81946425315618,211.25868820816103,0.9953026825420677,1.0000000047528,0.576165128359996,0.5752253832662866,0.0,5.475225606232925e-08,1,2,0,3,0,1,1,0.0,0.0,0.0,0.0,0.0,1,0.0,0.0,0.0,0.0,0.0,1,0.0,0.0,0.0,0.0,0.0,1,0.0,0.0,0.0,0.0,0.0,1,1,1,2.277058544915495e-11,1.84430248850731e-11,7.138733670224249e-12,4.473754700029531e-12,1.84430248850731e-11,7.866348245870899e-11,6.823031029057347e-11,2.5054860963713566e-11,1.9990897826005494e-11,6.823031029057347e-11,2.6065083567870385e-11,1.2172707286595141e-11,1.1642686814639092e-11,1.1935119559325358e-11,1.2172707286595141e-11,1.8264200154814217e-12,1.4283574323314951e-12,5.35639935184129e-13,1.0447719078765516e-13,1.4283574323314951e-12,,,,,,,,,
2026-03-22T17:23:12Z,test_cases/pglib_opf_case5_pjm.mat,pglib_opf_case5_pjm,oracle_ac_dual_only_constraint__none,oracle_ac_dual_only_constraint,constraint_only,ac_true,1,0,,0,,,optimal,ok,1,438.7972716720733,17113.093595210878,39.00000000000187,0,0.0017139911651611328,0.001544952392578125,0.026871919631958008,0.028416872024536133,0.028416872024536133,0.030130863189697266,acopf_acdc_paper_study/cases/pglib_opf_case5_pjm/logs/oracle_ac_dual_only_constraint__none.log,0,19,5.147740012034774e-10,4.724636681885385e-13,0.0,9.092160125111039e-08,9.092160125111039e-08,0.005,,,0.005,False,100.0,5,6,5,5,3,1,3,1,1000.0,328.69,1530.0,0.0,1147.5,-1147.5,6,0,0,2,1,17551.89086688293,1005.1920959702812,371.65829787800135,1.064137248014884,1.099999987830924,1.0789780520103975,0.01255430416462049,-0.012821963402171588,0.06266339063742872,0.01780152093229103,0.03161241524841564,284.32665671603195,284.1711440533691,211.81946425328783,211.25868820829098,0.995302682542061,1.0000000047527908,0.5761651283603059,0.5752253832665924,0.0,5.475215125727573e-08,1,2,0,3,0,1,0,,,,,,0,,,,,,0,,,,,,0,,,,,,1,1,0,2.2701139121900746e-11,1.8393730982779743e-11,7.10259682035903e-12,4.357403327048814e-12,1.8393730982779743e-11,8.635188391357492e-11,7.471223639754498e-11,2.7500474120145668e-11,2.2217117034983858e-11,7.471223639754498e-11,2.6597767003452094e-11,1.244671032907263e-11,1.187898668320031e-11,1.2198020371556595e-11,1.244671032907263e-11,1.867120395945829e-12,1.4606232889846638e-12,5.513853262861801e-13,1.1486124551485233e-13,1.4606232889846638e-12,,,,,,,,,
2026-03-22T17:23:13Z,test_cases/pglib_opf_case5_pjm.mat,pglib_opf_case5_pjm,oracle_ac_dual_only_bounds__none,oracle_ac_dual_only_bounds,all_bounds_only,ac_true,1,0,,0,,,optimal,ok,1,438.79727167207284,17113.09359521086,39.000000000001826,0,0.0017139911651611328,0.0011110305786132812,0.050514936447143555,0.051625967025756836,0.051625967025756836,0.05333995819091797,acopf_acdc_paper_study/cases/pglib_opf_case5_pjm/logs/oracle_ac_dual_only_bounds__none.log,0,80,4.729372449219227e-10,4.800206137095089e-13,0.0,9.092178554508757e-08,9.092178554508757e-08,0.024,,,0.024,True,100.0,5,6,5,5,3,1,3,1,1000.0,328.69,1530.0,0.0,1147.5,-1147.5,6,0,0,2,1,17551.890866882914,1005.1920959702729,371.65829787792563,1.0641372480151547,1.0999999878310924,1.07897805201063,0.012554304164580586,-0.0128219634021614,0.06266339063739736,0.017801520932284577,0.03161241524839811,284.32665671591485,284.171144053254,211.81946425316323,211.25868820816774,0.9953026825420693,1.0000000047527984,0.5761651283600127,0.5752253832663022,0.0,5.475223652240402e-08,1,2,0,3,0,1,0,,,,,,0,,,,,,0,,,,,,0,,,,,,0,0,1,2.27557666805179e-11,1.84305903871973e-11,7.134871648192253e-12,4.476419235288631e-12,1.84305903871973e-11,7.889755123582403e-11,6.845990441206595e-11,2.5149143878522296e-11,2.0393464694734575e-11,6.845990441206595e-11,2.607422656819902e-11,1.2176037955669017e-11,1.1646683617527742e-11,1.1941114763658334e-11,1.2176037955669017e-11,1.8275306844101266e-12,1.429259488539003e-12,5.360507177032403e-13,1.0467321454044054e-13,1.429259488539003e-12,,,,,,,,,
2026-03-22T17:23:13Z,test_cases/pglib_opf_case5_pjm.mat,pglib_opf_case5_pjm,oracle_ac_dual_only_full__none,oracle_ac_dual_only_full,full_all_bounds,ac_true,1,0,,0,,,optimal,ok,1,438.7972716720735,17113.093595210885,39.00000000000188,0,0.0017139911651611328,0.0011281967163085938,0.019042015075683594,0.020170211791992188,0.020170211791992188,0.02188420295715332,acopf_acdc_paper_study/cases/pglib_opf_case5_pjm/logs/oracle_ac_dual_only_full__none.log,0,15,4.765752237290144e-10,5.009837641231736e-13,0.0,9.092177907126605e-08,9.092177907126605e-08,0.004,,,0.004,False,100.0,5,6,5,5,3,1,3,1,1000.0,328.69,1530.0,0.0,1147.5,-1147.5,6,0,0,2,1,17551.89086688294,1005.1920959702733,371.6582978779177,1.0641372480151619,1.099999987831095,1.0789780520106353,0.012554304164578822,-0.012821963402160984,0.06266339063739652,0.017801520932284487,0.031612415248397585,284.32665671590996,284.1711440532493,211.81946425315766,211.2586882081621,0.995302682542069,1.0000000047527977,0.5761651283599996,0.5752253832662889,0.0,5.475222852879824e-08,1,2,0,3,0,1,0,,,,,,0,,,,,,0,,,,,,0,,,,,,1,1,1,2.276758116219908e-11,1.844258079586325e-11,7.1389456829944634e-12,4.483524662646232e-12,1.844258079586325e-11,7.859282123513236e-11,6.819078635089681e-11,2.5057719788001975e-11,2.0343060569416593e-11,6.819078635089681e-11,2.6061918115471852e-11,1.2168932528311416e-11,1.1641265729167571e-11,1.1934453425510583e-11,1.2168932528311416e-11,1.8264903121243667e-12,1.4284268212705342e-12,5.355726279132611e-13,1.0425688090620611e-13,1.4284268212705342e-12,,,,,,,,,
2026-03-22T17:23:13Z,test_cases/pglib_opf_case5_pjm.mat,pglib_opf_case5_pjm,dc_seed__Pg,dc_seed,none,dcopf,0,1,Pg,1,,,optimal,ok,1,438.7972716720532,17113.093595210074,39.000000000000036,0,0.0017139911651611328,0.0010149478912353516,0.023064136505126953,0.024079084396362305,0.038796186447143555,0.04051017761230469,acopf_acdc_paper_study/cases/pglib_opf_case5_pjm/logs/dc_seed__Pg.log,0,17,5.831091256853669e-10,1.22900910645536e-12,0.0,9.093950494861456e-08,9.093950494861456e-08,0.005,,,0.005,False,100.0,5,6,5,5,3,1,3,1,1000.0,328.69,1530.0,0.0,1147.5,-1147.5,6,0,0,2,1,17551.890866882128,1005.1920959701157,371.65829787614445,1.0641372480273499,1.0999999878418647,1.0789780520222958,0.012554304164031258,-0.012821963402056291,0.06266339063596585,0.017801520931794674,0.03161241524774553,284.32665671497017,284.17114405242955,211.81946425194465,211.25868820697738,0.995302682542173,1.0000000047528403,0.5761651283571645,0.5752253832635111,0.0,5.4752720579642755e-08,1,2,0,3,0,1,1,0.04307015553705889,0.041884468704427746,0.01038420407520581,1.0866220009145797e-07,0.041884468704427746,0,,,,,,0,,,,,,0,,,,,,0,0,0,4.887596787629414e-15,4.440892098500626e-15,1.4446100328609993e-15,1.00580122640412e-15,4.440892098500626e-15,6.435976974162701e-14,5.306866057708248e-14,2.1510571102112408e-14,2.4868995751603507e-14,5.306866057708248e-14,4.2901178299596543e-14,1.9539925233402755e-14,1.9184653865522706e-14,1.9095836023552692e-14,1.9539925233402755e-14,2.9104467548887394e-15,2.248201624865942e-15,9.586081928247836e-16,4.354155924701786e-16,2.248201624865942e-15,native_only,ipopt,nlp,optimal,ok,0.0009431838989257812,0.013773918151855469,0.01471710205078125,17479.896769813884
2026-03-22T17:23:13Z,test_cases/pglib_opf_case5_pjm.mat,pglib_opf_case5_pjm,dc_seed__Va,dc_seed,none,dcopf,0,1,Va,1,,,optimal,ok,1,438.7972716720533,17113.093595210074,39.000000000000036,0,0.0017139911651611328,0.0010571479797363281,0.02215099334716797,0.023208141326904297,0.03792524337768555,0.03963923454284668,acopf_acdc_paper_study/cases/pglib_opf_case5_pjm/logs/dc_seed__Va.log,0,15,5.831832325809815e-10,1.191900685003504e-12,0.0,9.09394689719022e-08,9.09394689719022e-08,0.004,,,0.004,False,100.0,5,6,5,5,3,1,3,1,1000.0,328.69,1530.0,0.0,1147.5,-1147.5,6,0,0,2,1,17551.890866882128,1005.1920959701158,371.6582978761487,1.0641372480273326,1.0999999878418483,1.07897805202228,0.012554304164031173,-0.012821963402056723,0.06266339063596746,0.0178015209317951,0.03161241524774637,284.32665671496864,284.17114405242825,211.81946425194383,211.25868820697644,0.9953026825421707,1.0000000047528403,0.5761651283571624,0.5752253832635089,0.0,5.4752720579642755e-08,1,2,0,3,0,1,0,,,,,,0,,,,,,0,,,,,,1,0.011808875283478829,0.00861661007635424,0.003768545747587225,0.0018129025575419136,0.00861661007635424,0,0,0,5.430283945060992e-15,5.329070518200751e-15,1.3530180732854343e-15,5.478414285262946e-16,5.329070518200751e-15,2.514204220100357e-13,1.8751666885918894e-13,7.188694084447889e-14,4.440892098500626e-15,1.8751666885918894e-13,7.633943893768295e-15,4.440892098500626e-15,3.2862601528904635e-15,3.3306690738754696e-15,4.440892098500626e-15,8.162809471700044e-16,6.38378239159465e-16,2.3904489498960404e-16,4.683753385137379e-17,6.38378239159465e-16,native_only,ipopt,nlp,optimal,ok,0.0009431838989257812,0.013773918151855469,0.01471710205078125,17479.896769813884
2026-03-22T17:23:13Z,test_cases/pglib_opf_case5_pjm.mat,pglib_opf_case5_pjm,dc_seed__Pg_Va,dc_seed,none,dcopf,0,1,Pg+Va,2,,,optimal,ok,1,438.79727167205294,17113.09359521006,39.0,0,0.0017139911651611328,0.0009751319885253906,0.01801609992980957,0.01899123191833496,0.03370833396911621,0.035422325134277344,acopf_acdc_paper_study/cases/pglib_opf_case5_pjm/logs/dc_seed__Pg_Va.log,0,13,5.835793683994924e-10,1.1855040802539325e-12,0.0,9.093946897209873e-08,9.093946897209873e-08,0.003,,,0.003,False,100.0,5,6,5,5,3,1,3,1,1000.0,328.69,1530.0,0.0,1147.5,-1147.5,6,0,0,2,1,17551.890866882113,1005.1920959701154,371.6582978761499,1.0641372480273328,1.0999999878418483,1.07897805202228,0.012554304164031159,-0.012821963402056788,0.06266339063596749,0.017801520931795083,0.03161241524774641,284.32665671496665,284.171144052426,211.81946425194334,211.25868820697596,0.9953026825421706,1.0000000047528397,0.5761651283571613,0.5752253832635077,0.0,5.475271436239382e-08,1,2,0,3,0,1,1,0.04307015553705889,0.041884468704427746,0.01038420407520581,1.0866220009145797e-07,0.041884468704427746,0,,,,,,0,,,,,,1,0.011808875283478829,0.00861661007635424,0.003768545747587225,0.0018129025575419136,0.00861661007635424,0,0,0,1.1341492566508538e-15,8.881784197001252e-16,3.7603790524129433e-16,4.440892098500626e-16,8.881784197001252e-16,2.220694348022614e-13,1.606909050266836e-13,6.367961713493742e-14,4.440892098500626e-15,1.606909050266836e-13,7.447602459741819e-15,4.218847493575595e-15,3.241851231905457e-15,3.3306690738754696e-15,4.218847493575595e-15,7.704242683527808e-16,6.106226635438361e-16,2.331468351712829e-16,6.071532165918825e-17,6.106226635438361e-16,native_only,ipopt,nlp,optimal,ok,0.0009431838989257812,0.013773918151855469,0.01471710205078125,17479.896769813884
