timestamp_utc,case_file,case_name,run_name,family,dual_mode,seed_source,is_oracle,is_practical,blocks,num_blocks,seed_vm_policy,seed_qg_policy,termination,status,success,objective,objective_gap_vs_baseline_abs,objective_gap_vs_baseline_rel,objective_matches_baseline,shared_case_prep_time,build_time,solve_time,total_time,end_to_end_time,full_pipeline_time_including_shared_case_prep,log_path,hit_max_iter,iterations,dual_inf,constr_viol,var_bound_viol,compl_inf,overall_nlp_error,ipopt_reported_total_sec,ipopt_cpu_sec_no_func_eval,ipopt_cpu_sec_func_eval,ipopt_cpu_total_est,restoration_used,baseMVA,nb,nl,ng_total,ng_active,n_load_buses,n_ref_buses,n_pv_buses,n_pq_buses,total_pd_mw,total_qd_mvar,sum_pmax_mw,sum_pmin_mw,sum_qmax_mvar,sum_qmin_mvar,n_branch_with_limits,n_branch_out_of_service,gencost_any_pwl,gencost_max_poly_degree,gencost_any_quadratic,objective_value,total_pg_mw,total_qg_mvar,vm_min,vm_max,vm_mean,vm_std,va_min_rad,va_max_rad,va_mean_rad,va_std_rad,max_line_mva_from,max_line_mva_to,mean_line_mva_from,mean_line_mva_to,max_thermal_util_from,max_thermal_util_to,mean_thermal_util_from,mean_thermal_util_to,max_flow_limit_violation_sq_from,max_flow_limit_violation_sq_to,n_pg_at_lb,n_pg_at_ub,n_qg_at_lb,n_qg_at_ub,n_vm_at_lb,n_vm_at_ub,init_has_Pg,init_Pg_l2,init_Pg_linf,init_Pg_mean_abs,init_Pg_median_abs,init_Pg_max_abs,init_has_Qg,init_Qg_l2,init_Qg_linf,init_Qg_mean_abs,init_Qg_median_abs,init_Qg_max_abs,init_has_Vm,init_Vm_l2,init_Vm_linf,init_Vm_mean_abs,init_Vm_median_abs,init_Vm_max_abs,init_has_Va,init_Va_l2,init_Va_linf,init_Va_mean_abs,init_Va_median_abs,init_Va_max_abs,init_has_duals,init_has_constraint_duals,init_has_bound_mults,dist_to_baseline_Pg_l2,dist_to_baseline_Pg_linf,dist_to_baseline_Pg_mean_abs,dist_to_baseline_Pg_median_abs,dist_to_baseline_Pg_max_abs,dist_to_baseline_Qg_l2,dist_to_baseline_Qg_linf,dist_to_baseline_Qg_mean_abs,dist_to_baseline_Qg_median_abs,dist_to_baseline_Qg_max_abs,dist_to_baseline_Vm_l2,dist_to_baseline_Vm_linf,dist_to_baseline_Vm_mean_abs,dist_to_baseline_Vm_median_abs,dist_to_baseline_Vm_max_abs,dist_to_baseline_Va_l2,dist_to_baseline_Va_linf,dist_to_baseline_Va_mean_abs,dist_to_baseline_Va_median_abs,dist_to_baseline_Va_max_abs,dc_seed_mode,dc_solver,dc_solver_problem_type,dc_termination,dc_status,dc_build_time,dc_solve_time,dc_total_time,dc_objective
2026-03-22T15:33:14Z,test_cases/pglib_opf_case300_ieee.mat,pglib_opf_case300_ieee,baseline_default,baseline,none,case_default,0,1,,0,,,optimal,ok,1,4833.443042642004,,,,0.011802196502685547,0.02631402015686035,0.4886960983276367,0.5150101184844971,0.5150101184844971,0.5268123149871826,acopf_acdc_paper_study/cases/pglib_opf_case300_ieee/logs/baseline_default.log,0,31,2.682697200821464e-09,3.2847813358216627e-10,2.437000823363178e-07,7.902564669457899e-08,7.902564669457899e-08,0.215,,,0.215,False,100.0,300,411,69,69,201,1,68,231,23525.85,7787.97,36077.0,0.0,12687.18,-8443.15,411,0,0,2,1,565219.9728417177,23950.967293951035,7793.63697167806,0.9399999900210693,1.0600000105757046,1.021119251456223,0.028678325898937658,-0.6267065854299382,0.2240596690959485,-0.19381993229554215,0.14949196090279931,1462.6007796992371,1416.6627482933893,151.8085991944523,151.42055986492366,1.0000000048789137,1.000000004089322,0.2171740173089237,0.2158258507975188,3.4179251429122814e-07,5.432459744270091e-07,25,38,3,34,3,28,,,,,,,,,,,,,,,,,,,,,,,,,,,,,,,,,,,,,,,,,,,,,,,,,,,,,,,,
2026-03-22T15:33:15Z,test_cases/pglib_opf_case300_ieee.mat,pglib_opf_case300_ieee,oracle_ac_primal_only__Pg,oracle_ac_primal_only,none,ac_true,1,0,Pg,1,,,optimal,ok,1,4833.443042642006,560386.529799076,115.93940900000005,0,0.011802196502685547,0.016821861267089844,0.45969200134277344,0.4765138626098633,0.4765138626098633,0.48831605911254883,acopf_acdc_paper_study/cases/pglib_opf_case300_ieee/logs/oracle_ac_primal_only__Pg.log,0,31,2.682810887625622e-09,3.2847546904690716e-10,2.437000823363178e-07,7.902563692179522e-08,7.902563692179522e-08,0.222,,,0.222,False,100.0,300,411,69,69,201,1,68,231,23525.85,7787.97,36077.0,0.0,12687.18,-8443.15,411,0,0,2,1,565219.972841718,23950.96729395104,7793.636971678059,0.9399999900210693,1.0600000105757046,1.0211192514562226,0.028678325898938005,-0.6267065854299343,0.22405966909595793,-0.19381993229552896,0.1494919609027998,1462.6007796992376,1416.6627482933898,151.80859919445348,151.42055986492352,1.0000000048789135,1.0000000040893224,0.21717401730892433,0.21582585079751906,3.4179249297494607e-07,5.432460312704279e-07,25,38,3,34,3,28,1,0.0,0.0,0.0,0.0,0.0,0,,,,,,0,,,,,,0,,,,,,0,0,0,5.840288671093429e-13,4.662936703425657e-13,2.190481240373965e-14,0.0,4.662936703425657e-13,3.004525670110086e-12,2.296829393344524e-12,1.0885656305505846e-13,1.8318679906315083e-15,2.296829393344524e-12,8.897847089138725e-14,6.017408793468348e-14,1.85592282283172e-15,4.996003610813204e-16,6.017408793468348e-14,2.8339209659096273e-13,4.6004866582904924e-14,1.3249884407244098e-14,9.33975119465913e-15,4.6004866582904924e-14,,,,,,,,,
2026-03-22T15:33:18Z,test_cases/pglib_opf_case300_ieee.mat,pglib_opf_case300_ieee,oracle_ac_primal_only__Qg,oracle_ac_primal_only,none,ac_true,1,0,Qg,1,,,optimal,ok,1,4833.443042641948,560386.5297990692,115.93940899999863,0,0.011802196502685547,2.684812068939209,0.42543816566467285,3.110250234603882,3.110250234603882,3.1220524311065674,acopf_acdc_paper_study/cases/pglib_opf_case300_ieee/logs/oracle_ac_primal_only__Qg.log,0,29,2.6850846088960804e-09,3.3262859133742495e-10,2.437000823363178e-07,7.903227811267275e-08,7.903227811267275e-08,0.182,,,0.182,False,100.0,300,411,69,69,201,1,68,231,23525.85,7787.97,36077.0,0.0,12687.18,-8443.15,411,0,0,2,1,565219.9728417111,23950.967293950926,7793.636971681831,0.9399999900210693,1.0600000105757046,1.021119251456131,0.028678325898789502,-0.6267065854295762,0.2240596690958373,-0.19381993229553413,0.1494919609028086,1462.600779699237,1416.662748293389,151.80859919405378,151.42055986523462,1.000000004878914,1.000000004089322,0.21717401730873617,0.2158258507976613,3.4179219454699705e-07,5.432459744270091e-07,25,38,3,34,3,28,0,,,,,,1,0.0,0.0,0.0,0.0,0.0,0,,,,,,0,,,,,,0,0,0,5.360489101645311e-11,4.448508228449555e-11,1.4322182151864937e-12,2.220446049250313e-16,4.448508228449555e-11,1.752900098541352e-09,1.2208123401080684e-09,6.143929809354631e-11,4.3076653355456074e-14,1.2208123401080684e-09,5.686266904513465e-11,4.447242574201482e-11,5.818501236376506e-13,3.3306690738754696e-15,4.447242574201482e-11,1.0222741674112157e-11,7.493436426919686e-12,2.084486663139762e-13,7.95752352900081e-14,7.493436426919686e-12,,,,,,,,,
2026-03-22T15:33:19Z,test_cases/pglib_opf_case300_ieee.mat,pglib_opf_case300_ieee,oracle_ac_primal_only__Vm,oracle_ac_primal_only,none,ac_true,1,0,Vm,1,,,optimal,ok,1,4833.443042642028,560386.5297990785,115.93940900000057,0,0.011802196502685547,0.30379509925842285,0.5581607818603516,0.8619558811187744,0.8619558811187744,0.87375807762146,acopf_acdc_paper_study/cases/pglib_opf_case300_ieee/logs/oracle_ac_primal_only__Vm.log,0,51,2.685766729941045e-09,3.326299236050545e-10,2.437000823363178e-07,7.903227060300216e-08,7.903227060300216e-08,0.325,,,0.325,False,100.0,300,411,69,69,201,1,68,231,23525.85,7787.97,36077.0,0.0,12687.18,-8443.15,411,0,0,2,1,565219.9728417204,23950.967293950926,7793.636971682015,0.9399999900210693,1.0600000105757046,1.0211192514561296,0.028678325898790533,-0.626706585429551,0.2240596690959425,-0.1938199322954457,0.14949196090279795,1462.6007796992376,1416.6627482933895,151.8085991940756,151.4205598652348,1.0000000048789135,1.0000000040893222,0.21717401730873673,0.2158258507976607,3.417921163872961e-07,5.432460028487185e-07,25,38,3,34,3,28,0,,,,,,0,,,,,,1,0.0,0.0,0.0,0.0,0.0,0,,,,,,0,0,0,6.706998055229517e-11,4.7516435230932075e-11,2.050617663743249e-12,1.554552156557529e-16,4.7516435230932075e-11,1.7069503702017702e-09,1.179569775189293e-09,6.041863738381248e-11,1.432187701766452e-13,1.179569775189293e-09,5.688332958108683e-11,4.4465986448471995e-11,5.804771478305308e-13,3.885780586188048e-15,4.4465986448471995e-11,1.0190262552309054e-11,7.38736849470456e-12,2.509549281345021e-13,1.3222756223285614e-13,7.38736849470456e-12,,,,,,,,,
2026-03-22T15:33:19Z,test_cases/pglib_opf_case300_ieee.mat,pglib_opf_case300_ieee,oracle_ac_primal_only__Va,oracle_ac_primal_only,none,ac_true,1,0,Va,1,,,optimal,ok,1,4833.443042642018,560386.5297990773,115.93940900000032,0,0.011802196502685547,0.06340289115905762,0.39807581901550293,0.46147871017456055,0.46147871017456055,0.4732809066772461,acopf_acdc_paper_study/cases/pglib_opf_case300_ieee/logs/oracle_ac_primal_only__Va.log,0,25,2.682810887825575e-09,3.2835201224656885e-10,2.437000823363178e-07,7.902547175386181e-08,7.902547175386181e-08,0.166,,,0.166,False,100.0,300,411,69,69,201,1,68,231,23525.85,7787.97,36077.0,0.0,12687.18,-8443.15,411,0,0,2,1,565219.9728417193,23950.967293950718,7793.6369716755435,0.9399999900210693,1.0600000105757046,1.0211192514562333,0.028678325898942515,-0.6267065854298152,0.2240596690958032,-0.19381993229563263,0.14949196090277586,1462.6007796992367,1416.6627482933893,151.80859919445697,151.42055986486776,1.0000000048789135,1.0000000040893218,0.21717401730891414,0.21582585079749755,3.417924858695187e-07,5.432459460052996e-07,25,38,3,34,3,28,0,,,,,,0,,,,,,0,,,,,,1,0.0,0.0,0.0,0.0,0.0,0,0,0,6.689195306786633e-11,4.835198907926497e-11,1.8727929581285215e-12,1.8595681914682105e-19,4.835198907926497e-11,1.5333554905544534e-10,1.0629763735892084e-10,4.44098532103177e-12,1.4210854715202004e-14,1.0629763735892084e-10,2.4994800789792632e-12,1.6469048347289572e-12,3.514633029055858e-14,2.1094237467877974e-15,1.6469048347289572e-12,7.095909882395798e-12,2.808201587933823e-12,1.9598618301169823e-13,4.107825191113079e-14,2.808201587933823e-12,,,,,,,,,
2026-03-22T15:33:19Z,test_cases/pglib_opf_case300_ieee.mat,pglib_opf_case300_ieee,oracle_ac_primal_only__Pg_Qg,oracle_ac_primal_only,none,ac_true,1,0,Pg+Qg,2,,,optimal,ok,1,4833.443042642076,560386.529799084,115.9394090000017,0,0.011802196502685547,0.03079080581665039,0.44261884689331055,0.47340965270996094,0.47340965270996094,0.4852118492126465,acopf_acdc_paper_study/cases/pglib_opf_case300_ieee/logs/oracle_ac_primal_only__Pg_Qg.log,0,30,2.682810887620275e-09,3.28484794920314e-10,2.437000823363178e-07,7.902564389637922e-08,7.902564389637922e-08,0.191,,,0.191,False,100.0,300,411,69,69,201,1,68,231,23525.85,7787.97,36077.0,0.0,12687.18,-8443.15,411,0,0,2,1,565219.9728417259,23950.967293950973,7793.63697167795,0.9399999900210693,1.0600000105757046,1.021119251456226,0.028678325898937106,-0.6267065854298721,0.22405966909601954,-0.19381993229543748,0.14949196090278444,1462.6007796992362,1416.6627482933886,151.8085991944492,151.42055986492082,1.0000000048789135,1.000000004089322,0.21717401730891542,0.21582585079751102,3.4179249297494607e-07,5.432459744270091e-07,25,38,3,34,3,28,1,0.0,0.0,0.0,0.0,0.0,1,0.0,0.0,0.0,0.0,0.0,0,,,,,,0,,,,,,0,0,0,3.634170571455854e-12,2.1032064978498966e-12,1.5122738964822943e-13,0.0,2.1032064978498966e-12,1.0770860843921812e-12,5.258016244624741e-13,6.358701809860817e-14,1.9984014443252818e-15,5.258016244624741e-13,1.0863213180155509e-13,2.9976021664879227e-14,3.2455519753208744e-15,1.3322676295501878e-15,2.9976021664879227e-14,2.163665520786569e-12,2.8706204080464204e-13,1.048309572829198e-13,8.290590436388356e-14,2.8706204080464204e-13,,,,,,,,,
2026-03-22T15:33:20Z,test_cases/pglib_opf_case300_ieee.mat,pglib_opf_case300_ieee,oracle_ac_primal_only__Pg_Vm,oracle_ac_primal_only,none,ac_true,1,0,Pg+Vm,2,,,optimal,ok,1,4833.443042641923,560386.5297990661,115.93940899999801,0,0.011802196502685547,0.030652999877929688,0.4609999656677246,0.4916529655456543,0.4916529655456543,0.5034551620483398,acopf_acdc_paper_study/cases/pglib_opf_case300_ieee/logs/oracle_ac_primal_only__Pg_Vm.log,0,28,2.6828108874333986e-09,3.284892358124125e-10,2.437000823363178e-07,7.902566216475241e-08,7.902566216475241e-08,0.208,,,0.208,False,100.0,300,411,69,69,201,1,68,231,23525.85,7787.97,36077.0,0.0,12687.18,-8443.15,411,0,0,2,1,565219.9728417081,23950.96729395115,7793.636971678873,0.9399999900210693,1.0600000105757046,1.021119251456215,0.028678325898939643,-0.6267065854300331,0.2240596690959448,-0.19381993229564992,0.14949196090282488,1462.6007796992378,1416.662748293389,151.80859919448025,151.42055986493224,1.0000000048789137,1.0000000040893218,0.21717401730894306,0.21582585079753658,3.417925427129376e-07,5.432459460052996e-07,25,38,3,34,3,28,1,0.0,0.0,0.0,0.0,0.0,0,,,,,,1,0.0,0.0,0.0,0.0,0.0,0,,,,,,0,0,0,2.421444367082897e-11,1.483169143057239e-11,9.068611832953306e-13,0.0,1.483169143057239e-11,6.309862145822467e-11,4.9426907011707044e-11,1.737009590108945e-12,8.479328350574633e-15,4.9426907011707044e-11,1.1976425477248553e-12,8.482103908136196e-13,1.5255944655715817e-14,3.3306690738754696e-15,8.482103908136196e-13,3.2845668741061274e-12,9.124923039394162e-13,1.500712734058459e-13,1.567114493727928e-13,9.124923039394162e-13,,,,,,,,,
2026-03-22T15:33:20Z,test_cases/pglib_opf_case300_ieee.mat,pglib_opf_case300_ieee,oracle_ac_primal_only__Pg_Va,oracle_ac_primal_only,none,ac_true,1,0,Pg+Va,2,,,optimal,ok,1,4833.443042642075,560386.5297990841,115.93940900000172,0,0.011802196502685547,0.0453188419342041,0.3921988010406494,0.4375176429748535,0.4375176429748535,0.44931983947753906,acopf_acdc_paper_study/cases/pglib_opf_case300_ieee/logs/oracle_ac_primal_only__Pg_Va.log,0,25,2.6825835137483733e-09,3.284954530613504e-10,2.437000823363178e-07,7.902567226465261e-08,7.902567226465261e-08,0.158,,,0.158,False,100.0,300,411,69,69,201,1,68,231,23525.85,7787.97,36077.0,0.0,12687.18,-8443.15,411,0,0,2,1,565219.972841726,23950.96729395067,7793.636971675505,0.9399999900210693,1.0600000105757046,1.021119251456232,0.028678325898937145,-0.6267065854297497,0.22405966909585798,-0.19381993229554445,0.14949196090276518,1462.6007796992383,1416.662748293391,151.8085991944424,151.42055986487628,1.000000004878914,1.0000000040893218,0.2171740173089022,0.21582585079749714,3.4179249297494607e-07,5.432459460052996e-07,25,38,3,34,3,28,1,0.0,0.0,0.0,0.0,0.0,0,,,,,,0,,,,,,1,0.0,0.0,0.0,0.0,0.0,0,0,0,6.658738480713985e-11,4.75042227776612e-11,1.9129896856547678e-12,0.0,4.75042227776612e-11,1.1079339011869503e-10,8.480061097770886e-11,3.0486100761392243e-12,1.504352198367087e-14,8.480061097770886e-11,1.95387467844393e-12,1.326050380612287e-12,2.6216066354815362e-14,1.9984014443252818e-15,1.326050380612287e-12,7.274444402669615e-12,2.799507153872227e-12,2.4519028878992415e-13,1.6019477411255423e-13,2.799507153872227e-12,,,,,,,,,
2026-03-22T15:33:21Z,test_cases/pglib_opf_case300_ieee.mat,pglib_opf_case300_ieee,oracle_ac_primal_only__Qg_Vm,oracle_ac_primal_only,none,ac_true,1,0,Qg+Vm,2,,,optimal,ok,1,4833.443042642102,560386.5297990873,115.9394090000024,0,0.011802196502685547,0.04813790321350098,0.5436108112335205,0.5917487144470215,0.5917487144470215,0.603550910949707,acopf_acdc_paper_study/cases/pglib_opf_case300_ieee/logs/oracle_ac_primal_only__Qg_Vm.log,0,46,2.6823561401285695e-09,3.284732486008579e-10,2.437000823363178e-07,7.90256463980007e-08,7.90256463980007e-08,0.315,,,0.315,False,100.0,300,411,69,69,201,1,68,231,23525.85,7787.97,36077.0,0.0,12687.18,-8443.15,411,0,0,2,1,565219.9728417293,23950.967293951053,7793.6369716782965,0.9399999900210693,1.0600000105757046,1.0211192514562215,0.028678325898937925,-0.6267065854298752,0.22405966909608807,-0.19381993229541924,0.1494919609027892,1462.600779699237,1416.6627482933889,151.808599194474,151.4205598649242,1.000000004878913,1.0000000040893222,0.21717401730892316,0.21582585079751765,3.417925427129376e-07,5.432460028487185e-07,25,38,3,34,3,28,0,,,,,,1,0.0,0.0,0.0,0.0,0.0,1,0.0,0.0,0.0,0.0,0.0,0,,,,,,0,0,0,2.2470089902786466e-11,1.4308554341369017e-11,8.078728959126565e-13,0.0,1.4308554341369017e-11,6.752403770364916e-11,5.2022830487885585e-11,1.7531364846147435e-12,8.215650382226158e-15,5.2022830487885585e-11,1.1775245850598405e-12,8.131273432354647e-13,1.3280487820566123e-14,1.9984014443252818e-15,8.131273432354647e-13,3.4513740499221032e-12,7.807088309164101e-13,1.6930962419096455e-13,1.4373745249596226e-13,7.807088309164101e-13,,,,,,,,,
2026-03-22T15:33:21Z,test_cases/pglib_opf_case300_ieee.mat,pglib_opf_case300_ieee,oracle_ac_primal_only__Qg_Va,oracle_ac_primal_only,none,ac_true,1,0,Qg+Va,2,,,optimal,ok,1,4833.443042642021,560386.5297990777,115.9394090000004,0,0.011802196502685547,0.020313262939453125,0.4072389602661133,0.4275522232055664,0.4275522232055664,0.43935441970825195,acopf_acdc_paper_study/cases/pglib_opf_case300_ieee/logs/oracle_ac_primal_only__Qg_Va.log,0,25,2.686448850972933e-09,3.3263480858636285e-10,2.437000823363178e-07,7.903226364823331e-08,7.903226364823331e-08,0.161,,,0.161,False,100.0,300,411,69,69,201,1,68,231,23525.85,7787.97,36077.0,0.0,12687.18,-8443.15,411,0,0,2,1,565219.9728417196,23950.967293950576,7793.636971679149,0.9399999900210693,1.0600000105757046,1.021119251456141,0.028678325898790352,-0.6267065854294249,0.2240596690957133,-0.19381993229556627,0.14949196090276984,1462.6007796992376,1416.66274829339,151.80859919404466,151.4205598651858,1.000000004878914,1.0000000040893222,0.21717401730871544,0.21582585079763844,3.4179210928186876e-07,5.432460028487185e-07,25,38,3,34,3,28,0,,,,,,1,0.0,0.0,0.0,0.0,0.0,0,,,,,,1,0.0,0.0,0.0,0.0,0.0,0,0,0,7.104183984198867e-11,4.495204208865289e-11,2.3643577182039254e-12,2.220446049250313e-16,4.495204208865289e-11,1.6746440077670818e-09,1.1506320340970433e-09,5.9415915675812e-11,1.816324868286756e-13,1.1506320340970433e-09,5.679481539219336e-11,4.438471812306943e-11,5.861796233593472e-13,6.6058269965196814e-15,4.438471812306943e-11,1.35106370071225e-11,7.837716586855947e-12,3.804046140587491e-13,1.0904124825295014e-13,7.837716586855947e-12,,,,,,,,,
2026-03-22T15:33:22Z,test_cases/pglib_opf_case300_ieee.mat,pglib_opf_case300_ieee,oracle_ac_primal_only__Vm_Va,oracle_ac_primal_only,none,ac_true,1,0,Vm+Va,2,,,optimal,ok,1,4833.4430426419885,560386.5297990739,115.93940899999963,0,0.011802196502685547,0.044065237045288086,0.4050779342651367,0.4491431713104248,0.4491431713104248,0.46094536781311035,acopf_acdc_paper_study/cases/pglib_opf_case300_ieee/logs/oracle_ac_primal_only__Vm_Va.log,0,25,2.6822424532839658e-09,3.2848879172320267e-10,2.437000823363178e-07,7.902566569322281e-08,7.902566569322281e-08,0.169,,,0.169,False,100.0,300,411,69,69,201,1,68,231,23525.85,7787.97,36077.0,0.0,12687.18,-8443.15,411,0,0,2,1,565219.9728417159,23950.967293950733,7793.636971675689,0.9399999900210693,1.0600000105757046,1.0211192514562295,0.028678325898937918,-0.6267065854298379,0.2240596690957466,-0.1938199322956858,0.14949196090277564,1462.6007796992367,1416.6627482933893,151.80859919444552,151.42055986487875,1.000000004878914,1.000000004089322,0.21717401730891078,0.21582585079750474,3.4179251429122814e-07,5.432459744270091e-07,25,38,3,34,3,28,0,,,,,,0,,,,,,1,0.0,0.0,0.0,0.0,0.0,1,0.0,0.0,0.0,0.0,0.0,0,0,0,6.622259793167421e-11,4.688027743782186e-11,1.838063305270497e-12,9.097001504613177e-20,4.688027743782186e-11,1.0994374053918043e-10,8.386580319097448e-11,2.9646324646400664e-12,1.609823385706477e-14,8.386580319097448e-11,1.8886858204142e-12,1.31250565971186e-12,2.370252142706401e-14,2.6645352591003757e-15,1.31250565971186e-12,7.47088748029492e-12,2.887716107902172e-12,2.374591047520543e-13,8.065770273901762e-14,2.887716107902172e-12,,,,,,,,,
2026-03-22T15:33:22Z,test_cases/pglib_opf_case300_ieee.mat,pglib_opf_case300_ieee,oracle_ac_primal_only__Pg_Qg_Vm,oracle_ac_primal_only,none,ac_true,1,0,Pg+Qg+Vm,3,,,optimal,ok,1,4833.443042641946,560386.5297990688,115.93940899999856,0,0.011802196502685547,0.04239630699157715,0.41080594062805176,0.4532022476196289,0.4532022476196289,0.46500444412231445,acopf_acdc_paper_study/cases/pglib_opf_case300_ieee/logs/oracle_ac_primal_only__Pg_Qg_Vm.log,0,27,2.682469826954221e-09,3.284821303850549e-10,2.437000823363178e-07,7.902565338404243e-08,7.902565338404243e-08,0.175,,,0.175,False,100.0,300,411,69,69,201,1,68,231,23525.85,7787.97,36077.0,0.0,12687.18,-8443.15,411,0,0,2,1,565219.9728417108,23950.96729395113,7793.636971678805,0.9399999900210693,1.0600000105757046,1.021119251456216,0.02867832589893943,-0.6267065854300023,0.22405966909596756,-0.19381993229561179,0.14949196090282157,1462.600779699237,1416.6627482933884,151.80859919447983,151.42055986493048,1.0000000048789142,1.0000000040893222,0.21717401730894037,0.21582585079753358,3.4179254981836493e-07,5.432460028487185e-07,25,38,3,34,3,28,1,0.0,0.0,0.0,0.0,0.0,1,0.0,0.0,0.0,0.0,0.0,1,0.0,0.0,0.0,0.0,0.0,0,,,,,,0,0,0,2.3942507042539656e-11,1.468691834816127e-11,8.778227004690468e-13,0.0,1.468691834816127e-11,6.562183709281641e-11,5.1034287906759346e-11,1.7490127703622271e-12,7.993605777301127e-15,5.1034287906759346e-11,1.1835468440428867e-12,8.169021015191902e-13,1.4303003226245893e-14,2.886579864025407e-15,8.169021015191902e-13,2.8625505623219006e-12,8.754663660681672e-13,1.1927354792486596e-13,1.1350642648011444e-13,8.754663660681672e-13,,,,,,,,,
2026-03-22T15:33:23Z,test_cases/pglib_opf_case300_ieee.mat,pglib_opf_case300_ieee,oracle_ac_primal_only__Pg_Qg_Va,oracle_ac_primal_only,none,ac_true,1,0,Pg+Qg+Va,3,,,optimal,ok,1,4833.443042641893,560386.5297990626,115.93940899999728,0,0.011802196502685547,0.04628300666809082,0.3816671371459961,0.4279501438140869,0.4279501438140869,0.43975234031677246,acopf_acdc_paper_study/cases/pglib_opf_case300_ieee/logs/oracle_ac_primal_only__Pg_Qg_Va.log,0,24,2.6854256694236448e-09,3.3266944754473116e-10,2.437000823363178e-07,7.903229402222025e-08,7.903229402222025e-08,0.152,,,0.152,False,100.0,300,411,69,69,201,1,68,231,23525.85,7787.97,36077.0,0.0,12687.18,-8443.15,411,0,0,2,1,565219.9728417046,23950.967293950653,7793.636971679583,0.9399999900210693,1.0600000105757046,1.021119251456136,0.028678325898790966,-0.6267065854295183,0.22405966909562117,-0.19381993229572259,0.1494919609027964,1462.6007796992378,1416.66274829339,151.80859919404793,151.4205598651927,1.0000000048789135,1.0000000040893222,0.21717401730872926,0.21582585079765226,3.4179219454699705e-07,5.432460028487185e-07,25,38,3,34,3,28,1,0.0,0.0,0.0,0.0,0.0,1,0.0,0.0,0.0,0.0,0.0,0,,,,,,1,0.0,0.0,0.0,0.0,0.0,0,0,0,7.044689848036884e-11,4.4432901802338165e-11,2.35033518689673e-12,2.220446049250313e-16,4.4432901802338165e-11,1.683736322482863e-09,1.1579581737919398e-09,5.97011409210057e-11,1.1318723736053471e-13,1.1579581737919398e-09,5.702313199617504e-11,4.4544590238615456e-11,5.875944175670611e-13,5.440092820663267e-15,4.4544590238615456e-11,1.3853727647163093e-11,7.799587364853977e-12,4.579126632274037e-13,2.3196722320761864e-13,7.799587364853977e-12,,,,,,,,,
2026-03-22T15:33:23Z,test_cases/pglib_opf_case300_ieee.mat,pglib_opf_case300_ieee,oracle_ac_primal_only__Pg_Vm_Va,oracle_ac_primal_only,none,ac_true,1,0,Pg+Vm+Va,3,,,optimal,ok,1,4833.443042641926,560386.5297990666,115.93940899999811,0,0.011802196502685547,0.03208804130554199,0.38602113723754883,0.4181091785430908,0.4181091785430908,0.42991137504577637,acopf_acdc_paper_study/cases/pglib_opf_case300_ieee/logs/oracle_ac_primal_only__Pg_Vm_Va.log,0,22,2.6824698267294925e-09,3.2851010800527547e-10,2.437000823363178e-07,7.902569062051103e-08,7.902569062051103e-08,0.145,,,0.145,False,100.0,300,411,69,69,201,1,68,231,23525.85,7787.97,36077.0,0.0,12687.18,-8443.15,411,0,0,2,1,565219.9728417086,23950.96729395078,7793.636971675929,0.9399999900210693,1.0600000105757046,1.0211192514562268,0.028678325898938657,-0.6267065854299033,0.2240596690956954,-0.19381993229577243,0.14949196090278954,1462.6007796992365,1416.6627482933889,151.80859919444555,151.4205598648836,1.0000000048789128,1.0000000040893218,0.21717401730891786,0.2158258507975123,3.4179251429122814e-07,5.432459460052996e-07,25,38,3,34,3,28,1,0.0,0.0,0.0,0.0,0.0,0,,,,,,1,0.0,0.0,0.0,0.0,0.0,1,0.0,0.0,0.0,0.0,0.0,0,0,0,6.601538233112683e-11,4.671729669780689e-11,1.856050284985761e-12,0.0,4.671729669780689e-11,1.0070263667495227e-10,7.790545986097186e-11,2.843060328224258e-12,6.5503158452884236e-15,7.790545986097186e-11,1.9078301715094207e-12,1.247668635073751e-12,2.5151362474199837e-14,2.3314683517128287e-15,1.247668635073751e-12,7.973961449973996e-12,2.8990334438594445e-12,3.138829127169451e-13,2.2014334799536073e-13,2.8990334438594445e-12,,,,,,,,,
2026-03-22T15:33:24Z,test_cases/pglib_opf_case300_ieee.mat,pglib_opf_case300_ieee,oracle_ac_primal_only__Qg_Vm_Va,oracle_ac_primal_only,none,ac_true,1,0,Qg+Vm+Va,3,,,optimal,ok,1,4833.443042642218,560386.5297991006,115.93940900000514,0,0.011802196502685547,0.11757898330688477,0.41154003143310547,0.5291190147399902,0.5291190147399902,0.5409212112426758,acopf_acdc_paper_study/cases/pglib_opf_case300_ieee/logs/oracle_ac_primal_only__Qg_Vm_Va.log,0,21,2.6821287663730287e-09,3.284661431735003e-10,2.437000823363178e-07,7.902562831991268e-08,7.902562831991268e-08,0.152,,,0.152,False,100.0,300,411,69,69,201,1,68,231,23525.85,7787.97,36077.0,0.0,12687.18,-8443.15,411,0,0,2,1,565219.9728417426,23950.96729395059,7793.636971675048,0.9399999900210693,1.0600000105757046,1.0211192514562368,0.028678325898936662,-0.6267065854296562,0.22405966909594194,-0.1938199322953827,0.14949196090273217,1462.6007796992376,1416.6627482933905,151.8085991944402,151.42055986486844,1.0000000048789135,1.000000004089322,0.2171740173088871,0.21582585079748165,3.4179251429122814e-07,5.432459744270091e-07,25,38,3,34,3,28,0,,,,,,1,0.0,0.0,0.0,0.0,0.0,1,0.0,0.0,0.0,0.0,0.0,1,0.0,0.0,0.0,0.0,0.0,0,0,0,6.779521149212565e-11,4.737854553127363e-11,2.1554380366394777e-12,1.6355676815888506e-19,4.737854553127363e-11,1.2075882144929276e-10,9.024336833363122e-11,3.1856634882367283e-12,2.4091839634365897e-14,9.024336833363122e-11,1.9188419998143584e-12,1.4095391520640987e-12,2.9977872036586934e-14,5.218048215738236e-15,1.4095391520640987e-12,8.892785976667943e-12,2.811488888920799e-12,3.9192081293289624e-13,3.463340725318176e-13,2.811488888920799e-12,,,,,,,,,
2026-03-22T15:33:24Z,test_cases/pglib_opf_case300_ieee.mat,pglib_opf_case300_ieee,oracle_ac_primal_only__Pg_Qg_Vm_Va,oracle_ac_primal_only,none,ac_true,1,0,Pg+Qg+Vm+Va,4,,,optimal,ok,1,4833.443042642054,560386.5297990814,115.93940900000116,0,0.011802196502685547,0.03346133232116699,0.42797207832336426,0.46143341064453125,0.46143341064453125,0.4732356071472168,acopf_acdc_paper_study/cases/pglib_opf_case300_ieee/logs/oracle_ac_primal_only__Pg_Qg_Vm_Va.log,0,15,2.6822424533255233e-09,3.2849412079372087e-10,2.437000823363178e-07,7.902564751321092e-08,7.902564751321092e-08,0.126,,,0.126,False,100.0,300,411,69,69,201,1,68,231,23525.85,7787.97,36077.0,0.0,12687.18,-8443.15,411,0,0,2,1,565219.9728417234,23950.967293950693,7793.636971675507,0.9399999900210693,1.0600000105757046,1.0211192514562322,0.028678325898938293,-0.6267065854297957,0.22405966909578956,-0.19381993229560687,0.14949196090276207,1462.6007796992362,1416.6627482933893,151.80859919444336,151.4205598648769,1.000000004878914,1.0000000040893222,0.21717401730890507,0.21582585079749889,3.417925427129376e-07,5.432460028487185e-07,25,38,3,34,3,28,1,0.0,0.0,0.0,0.0,0.0,1,0.0,0.0,0.0,0.0,0.0,1,0.0,0.0,0.0,0.0,0.0,1,0.0,0.0,0.0,0.0,0.0,0,0,0,6.650720186388624e-11,4.7066794905958886e-11,1.9007555005923153e-12,9.097001504613177e-20,4.7066794905958886e-11,1.0973156181673409e-10,8.363931769395094e-11,2.9301712022939093e-12,7.216449660063518e-15,8.363931769395094e-11,1.8832585735746646e-12,1.3078427230084344e-12,2.4130697440227777e-14,1.7763568394002505e-15,1.3078427230084344e-12,7.424739159592259e-12,2.8785931971420098e-12,2.334095720521456e-13,1.092459456231154e-13,2.8785931971420098e-12,,,,,,,,,
2026-03-22T15:33:26Z,test_cases/pglib_opf_case300_ieee.mat,pglib_opf_case300_ieee,oracle_ac_primal_dual__Pg,oracle_ac_primal_dual,full,ac_true,1,0,Pg,1,,,optimal,ok,1,4833.443042644235,560386.5297993366,115.93940900005396,0,0.011802196502685547,0.04998207092285156,1.761861801147461,1.8118438720703125,1.8118438720703125,1.823646068572998,acopf_acdc_paper_study/cases/pglib_opf_case300_ieee/logs/oracle_ac_primal_dual__Pg.log,0,226,7.32212972897766e-10,9.772360698434568e-11,2.4370007523089043e-07,7.808859575970892e-08,7.808859575970892e-08,1.497,,,1.497,True,100.0,300,411,69,69,201,1,68,231,23525.85,7787.97,36077.0,0.0,12687.18,-8443.15,411,0,0,2,1,565219.9728419785,23950.967293961785,7793.636971703204,0.939999990021069,1.0600000105757046,1.0211192514553784,0.028678325900899013,-0.6267065854375311,0.2240596690987185,-0.1938199322947049,0.149491960903619,1462.6007796992367,1416.6627482933834,151.80859920515024,151.4205598489081,1.0000000048789128,1.0000000040892731,0.2171740173088561,0.2158258507891124,3.4196187215229656e-07,5.432394800664042e-07,25,38,3,34,3,28,1,0.0,0.0,0.0,0.0,0.0,0,,,,,,0,,,,,,0,,,,,,1,1,1,1.3991853209062025e-09,1.0349516799124103e-09,3.861196757556384e-11,9.825612744863456e-14,1.0349516799124103e-09,6.235502729488186e-08,4.548495757816795e-08,2.2984385208295664e-09,5.9474647429169636e-12,4.548495757816795e-08,2.0942591245368338e-09,1.2872642951577973e-09,2.5883935365437575e-11,1.7075230118734908e-13,1.2872642951577973e-09,3.128842781046247e-10,2.0093907787677168e-10,5.927079719675783e-12,1.8037238369572606e-12,2.0093907787677168e-10,,,,,,,,,
2026-03-22T15:33:28Z,test_cases/pglib_opf_case300_ieee.mat,pglib_opf_case300_ieee,oracle_ac_primal_dual__Qg,oracle_ac_primal_dual,full,ac_true,1,0,Qg,1,,,optimal,ok,1,4833.443042644158,560386.5297993275,115.93940900005208,0,0.011802196502685547,0.0460968017578125,1.4545040130615234,1.500600814819336,1.500600814819336,1.5124030113220215,acopf_acdc_paper_study/cases/pglib_opf_case300_ieee/logs/oracle_ac_primal_dual__Qg.log,0,187,7.295982659721089e-10,8.817524488335948e-11,2.4370007523089043e-07,7.808851753988236e-08,7.808851753988236e-08,1.216,,,1.216,True,100.0,300,411,69,69,201,1,68,231,23525.85,7787.97,36077.0,0.0,12687.18,-8443.15,411,0,0,2,1,565219.9728419695,23950.96729396183,7793.63697170045,0.939999990021069,1.0600000105757046,1.0211192514555694,0.02867832590089337,-0.6267065854376012,0.22405966909864924,-0.19381993229479968,0.14949196090363726,1462.6007796992376,1416.6627482933836,151.80859920514067,151.42055984850015,1.0000000048789126,1.0000000040892731,0.217174017308624,0.21582585078884492,3.419618792577239e-07,5.432394800664042e-07,25,38,3,34,3,28,0,,,,,,1,0.0,0.0,0.0,0.0,0.0,0,,,,,,0,,,,,,1,1,1,1.400240142527918e-09,1.035823204986741e-09,3.863827161366338e-11,9.866393948143336e-14,1.035823204986741e-09,6.337304125556833e-08,4.6388866969948594e-08,2.3235516039401905e-09,6.055378420910529e-12,4.6388866969948594e-08,2.1326402166527367e-09,1.3481094018885642e-09,2.6114422106241857e-11,1.7286172493413687e-13,1.3481094018885642e-09,3.1284201680761583e-10,2.0109305887139328e-10,5.9144102867540275e-12,1.7133794383283885e-12,2.0109305887139328e-10,,,,,,,,,
2026-03-22T15:33:32Z,test_cases/pglib_opf_case300_ieee.mat,pglib_opf_case300_ieee,oracle_ac_primal_dual__Vm,oracle_ac_primal_dual,full,ac_true,1,0,Vm,1,,,optimal,ok,1,4833.443042644148,560386.5297993264,115.93940900005187,0,0.011802196502685547,0.04702401161193848,4.079812049865723,4.126836061477661,4.126836061477661,4.138638257980347,acopf_acdc_paper_study/cases/pglib_opf_case300_ieee/logs/oracle_ac_primal_dual__Vm.log,0,286,7.298256105566291e-10,8.817613306177918e-11,2.4370007523089043e-07,7.80885304212595e-08,7.80885304212595e-08,3.839,,,3.839,True,100.0,300,411,69,69,201,1,68,231,23525.85,7787.97,36077.0,0.0,12687.18,-8443.15,411,0,0,2,1,565219.9728419684,23950.96729396192,7793.636971700875,0.939999990021069,1.0600000105757046,1.021119251455564,0.028678325900894548,-0.6267065854376301,0.22405966909870584,-0.19381993229482508,0.14949196090365,1462.6007796992376,1416.6627482933836,151.8085992051662,151.42055984850404,1.0000000048789128,1.0000000040892725,0.21717401730863525,0.21582585078885394,3.4196187215229656e-07,5.432393948012759e-07,25,38,3,34,3,28,0,,,,,,0,,,,,,1,0.0,0.0,0.0,0.0,0.0,0,,,,,,1,1,1,1.3883647151306722e-09,1.0331455690959501e-09,3.8282745880576915e-11,9.867537500855645e-14,1.0331455690959501e-09,6.341615467417742e-08,4.6429092126487603e-08,2.3246487529825e-09,6.102007787944785e-12,4.6429092126487603e-08,2.132568999509435e-09,1.3480885296957013e-09,2.6116664386677257e-11,1.7591483825185605e-13,1.3480885296957013e-09,3.128458458740435e-10,2.0122018634660677e-10,5.932904081212831e-12,1.75156417148159e-12,2.0122018634660677e-10,,,,,,,,,
2026-03-22T15:33:34Z,test_cases/pglib_opf_case300_ieee.mat,pglib_opf_case300_ieee,oracle_ac_primal_dual__Va,oracle_ac_primal_dual,full,ac_true,1,0,Va,1,,,optimal,ok,1,4833.443042644028,560386.5297993125,115.93940900004898,0,0.011802196502685547,0.05100297927856445,2.3003346920013428,2.3513376712799072,2.3513376712799072,2.3631398677825928,acopf_acdc_paper_study/cases/pglib_opf_case300_ieee/logs/oracle_ac_primal_dual__Va.log,0,242,7.28347729343721e-10,8.816547492074278e-11,2.4370007523089043e-07,7.808851739320953e-08,7.808851739320953e-08,2.015,,,2.015,True,100.0,300,411,69,69,201,1,68,231,23525.85,7787.97,36077.0,0.0,12687.18,-8443.15,411,0,0,2,1,565219.9728419544,23950.96729396162,7793.636971698923,0.939999990021069,1.0600000105757046,1.0211192514555751,0.028678325900904474,-0.6267065854375944,0.22405966909836886,-0.19381993229508357,0.1494919609036417,1462.6007796992374,1416.6627482933834,151.80859920509513,151.4205598484812,1.0000000048789133,1.0000000040892727,0.21717401730861846,0.2158258507888483,3.4196195741742486e-07,5.432394232229854e-07,25,38,3,34,3,28,0,,,,,,0,,,,,,0,,,,,,1,0.0,0.0,0.0,0.0,0.0,1,1,1,1.435777979689936e-09,1.0370690972649754e-09,3.984135889917663e-11,9.868088842541946e-14,1.0370690972649754e-09,6.333880486578615e-08,4.6349439841719686e-08,2.3219448082754724e-09,6.195377544315761e-12,4.6349439841719686e-08,2.132393242660718e-09,1.3490968342466658e-09,2.6099268302104406e-11,1.787459069646502e-13,1.3490968342466658e-09,3.1187236139514986e-10,2.008189031732499e-10,5.818378402052775e-12,1.521935355519588e-12,2.008189031732499e-10,,,,,,,,,
2026-03-22T15:33:35Z,test_cases/pglib_opf_case300_ieee.mat,pglib_opf_case300_ieee,oracle_ac_primal_dual__Pg_Qg,oracle_ac_primal_dual,full,ac_true,1,0,Pg+Qg,2,,,optimal,ok,1,4833.443042644176,560386.5297993297,115.93940900005254,0,0.011802196502685547,0.06823301315307617,0.6138231754302979,0.682056188583374,0.682056188583374,0.6938583850860596,acopf_acdc_paper_study/cases/pglib_opf_case300_ieee/logs/oracle_ac_primal_dual__Pg_Qg.log,0,58,7.293708695842713e-10,8.817302443731023e-11,2.4370007523089043e-07,7.808851778237887e-08,7.808851778237887e-08,0.373,,,0.373,True,100.0,300,411,69,69,201,1,68,231,23525.85,7787.97,36077.0,0.0,12687.18,-8443.15,411,0,0,2,1,565219.9728419717,23950.96729396184,7793.63697170033,0.939999990021069,1.0600000105757046,1.0211192514555698,0.02867832590089322,-0.6267065854375992,0.22405966909865785,-0.1938199322947881,0.1494919609036342,1462.600779699237,1416.6627482933834,151.8085992051401,151.4205598484994,1.0000000048789133,1.0000000040892723,0.21717401730862237,0.21582585078884334,3.419618508360145e-07,5.432393663795665e-07,25,38,3,34,3,28,1,0.0,0.0,0.0,0.0,0.0,1,0.0,0.0,0.0,0.0,0.0,0,,,,,,0,,,,,,1,1,1,1.4002091482086568e-09,1.0357676938355098e-09,3.864077016394389e-11,9.867739248221813e-14,1.0357676938355098e-09,6.337332984244302e-08,4.638929063105479e-08,2.323553219194015e-09,6.148637154979042e-12,4.638929063105479e-08,2.132643304294278e-09,1.348109845977774e-09,2.611413492855282e-11,1.7208456881689926e-13,1.348109845977774e-09,3.12881870587555e-10,2.010923788597907e-10,5.916164771621601e-12,1.7210607938800138e-12,2.010923788597907e-10,,,,,,,,,
2026-03-22T15:33:35Z,test_cases/pglib_opf_case300_ieee.mat,pglib_opf_case300_ieee,oracle_ac_primal_dual__Pg_Vm,oracle_ac_primal_dual,full,ac_true,1,0,Pg+Vm,2,,,optimal,ok,1,4833.44304264416,560386.5297993278,115.93940900005215,0,0.011802196502685547,0.044419050216674805,0.684316873550415,0.7287359237670898,0.7287359237670898,0.7405381202697754,acopf_acdc_paper_study/cases/pglib_opf_case300_ieee/logs/oracle_ac_primal_dual__Pg_Vm.log,0,73,7.27551942933479e-10,8.82889317210811e-11,2.4370007523089043e-07,7.808851748752924e-08,7.808851748752924e-08,0.45,,,0.45,True,100.0,300,411,69,69,201,1,68,231,23525.85,7787.97,36077.0,0.0,12687.18,-8443.15,411,0,0,2,1,565219.9728419698,23950.967293961974,7793.636971703478,0.939999990021069,1.0600000105757046,1.0211192514555736,0.028678325900928062,-0.6267065854376231,0.22405966909870298,-0.19381993229480485,0.14949196090364775,1462.600779699237,1416.662748293383,151.80859920500978,151.4205598485914,1.0000000048789128,1.0000000040892731,0.21717401730861696,0.21582585078888006,3.419620142608437e-07,5.432394800664042e-07,25,38,3,34,3,28,1,0.0,0.0,0.0,0.0,0.0,0,,,,,,1,0.0,0.0,0.0,0.0,0.0,0,,,,,,1,1,1,1.3883976428022273e-09,1.033131358241235e-09,3.8281754458821415e-11,9.874262042484337e-14,1.033131358241235e-09,6.301370968520638e-08,4.602457259750281e-08,2.3120168632353314e-09,6.1129989958885744e-12,4.602457259750281e-08,2.131396427560739e-09,1.3507435170367899e-09,2.605470543019332e-11,1.758593271006248e-13,1.3507435170367899e-09,3.122498948653558e-10,2.0121518340410205e-10,5.911559651806027e-12,1.7567544641217125e-12,2.0121518340410205e-10,,,,,,,,,
2026-03-22T15:33:37Z,test_cases/pglib_opf_case300_ieee.mat,pglib_opf_case300_ieee,oracle_ac_primal_dual__Pg_Va,oracle_ac_primal_dual,full,ac_true,1,0,Pg+Va,2,,,optimal,ok,1,4833.443042642832,560386.5297991727,115.93940900002005,0,0.011802196502685547,0.0440068244934082,1.368736982345581,1.4127438068389893,1.4127438068389893,1.4245460033416748,acopf_acdc_paper_study/cases/pglib_opf_case300_ieee/logs/oracle_ac_primal_dual__Pg_Va.log,0,183,4.658087047866082e-09,1.1381051656655927e-10,2.4370007523089043e-07,8.021914290447884e-08,8.021914290447884e-08,1.138,,,1.138,True,100.0,300,411,69,69,201,1,68,231,23525.85,7787.97,36077.0,0.0,12687.18,-8443.15,411,0,0,2,1,565219.9728418146,23950.967293970738,7793.636972372276,0.939999990021069,1.0600000105757046,1.0211192514551821,0.02867832590670201,-0.626706585436637,0.22405966909776479,-0.19381993229543,0.14949196090384692,1462.6007796992362,1416.6627482933852,151.80859916740837,151.42055987037216,1.0000000048789128,1.0000000040892725,0.2171740173052178,0.21582585079529318,3.4197690723658525e-07,5.432393948012759e-07,25,38,3,34,3,28,1,0.0,0.0,0.0,0.0,0.0,0,,,,,,0,,,,,,1,0.0,0.0,0.0,0.0,0.0,1,1,1,1.5071023942068621e-09,1.0434844099904694e-09,4.567139151761567e-11,1.0995383286823421e-13,1.0434844099904694e-09,9.660171844969605e-08,6.123183782236197e-08,3.3366466310927926e-09,2.9456437289354653e-12,6.123183782236197e-08,2.8265484901286175e-09,1.8376784538531865e-09,3.05763037111717e-11,1.3533618670180658e-13,1.8376784538531865e-09,3.8699322528027295e-10,2.010303937205471e-10,6.2197442624497184e-12,1.7308203481558593e-12,2.010303937205471e-10,,,,,,,,,
2026-03-22T15:33:38Z,test_cases/pglib_opf_case300_ieee.mat,pglib_opf_case300_ieee,oracle_ac_primal_dual__Qg_Vm,oracle_ac_primal_dual,full,ac_true,1,0,Qg+Vm,2,,,optimal,ok,1,4833.443042644022,560386.5297993119,115.93940900004885,0,0.011802196502685547,0.05147290229797363,1.1319591999053955,1.1834321022033691,1.1834321022033691,1.1952342987060547,acopf_acdc_paper_study/cases/pglib_opf_case300_ieee/logs/oracle_ac_primal_dual__Qg_Vm.log,0,135,7.301667098801819e-10,8.817524488335948e-11,2.4370007523089043e-07,7.808851747719621e-08,7.808851747719621e-08,0.898,,,0.898,True,100.0,300,411,69,69,201,1,68,231,23525.85,7787.97,36077.0,0.0,12687.18,-8443.15,411,0,0,2,1,565219.9728419539,23950.96729396201,7793.636971701209,0.939999990021069,1.0600000105757046,1.0211192514555596,0.028678325900895685,-0.6267065854377498,0.22405966909858985,-0.19381993229499495,0.14949196090367453,1462.6007796992371,1416.6627482933825,151.80859920517165,151.42055984850916,1.0000000048789126,1.0000000040892727,0.21717401730864966,0.21582585078886748,3.4196185794144185e-07,5.432394232229854e-07,25,38,3,34,3,28,0,,,,,,1,0.0,0.0,0.0,0.0,0.0,1,0.0,0.0,0.0,0.0,0.0,0,,,,,,1,1,1,1.388721811880585e-09,1.0335898803504051e-09,3.8257035003497e-11,9.860642986184218e-14,1.0335898803504051e-09,6.341584659816273e-08,4.642889317452159e-08,2.324660668320379e-09,6.3257177274067544e-12,4.642889317452159e-08,2.132572067422669e-09,1.3480885296957013e-09,2.611849625466789e-11,1.8174350913113813e-13,1.3480885296957013e-09,3.124889722534946e-10,2.0130897643300116e-10,5.908928258438935e-12,1.605784949454403e-12,2.0130897643300116e-10,,,,,,,,,
2026-03-22T15:33:40Z,test_cases/pglib_opf_case300_ieee.mat,pglib_opf_case300_ieee,oracle_ac_primal_dual__Qg_Va,oracle_ac_primal_dual,full,ac_true,1,0,Qg+Va,2,,,optimal,ok,1,4833.443042644195,560386.5297993319,115.939409000053,0,0.011802196502685547,0.03470015525817871,2.3551769256591797,2.3898770809173584,2.3898770809173584,2.401679277420044,acopf_acdc_paper_study/cases/pglib_opf_case300_ieee/logs/oracle_ac_primal_dual__Qg_Va.log,0,260,7.133413487865756e-10,8.820055796832094e-11,2.4370007523089043e-07,7.81060320664483e-08,7.81060320664483e-08,2.119,,,2.119,True,100.0,300,411,69,69,201,1,68,231,23525.85,7787.97,36077.0,0.0,12687.18,-8443.15,411,0,0,2,1,565219.9728419739,23950.967293961894,7793.636971723684,0.939999990021069,1.0600000105757046,1.0211192514556815,0.028678325901217425,-0.6267065854373778,0.22405966909852096,-0.19381993229482486,0.14949196090358977,1462.6007796992374,1416.6627482933843,151.80859920355607,151.4205598492872,1.0000000048789133,1.0000000040892725,0.2171740173083993,0.21582585078905273,3.419630090206738e-07,5.432393948012759e-07,25,38,3,34,3,28,0,,,,,,1,0.0,0.0,0.0,0.0,0.0,0,,,,,,1,0.0,0.0,0.0,0.0,0.0,1,1,1,1.4364542642589093e-09,1.0363969682458674e-09,4.008762621531874e-11,9.947855372493916e-14,1.0363969682458674e-09,5.959681548810142e-08,4.245955986803551e-08,2.2010352838338102e-09,5.9330318435968366e-12,4.245955986803551e-08,2.1266731334014078e-09,1.3801730869289486e-09,2.5519072780847787e-11,1.6786572132332367e-13,1.3801730869289486e-09,3.0640464751142447e-10,2.0068244288573567e-10,5.691920598044353e-12,1.74676939579399e-12,2.0068244288573567e-10,,,,,,,,,
2026-03-22T15:33:42Z,test_cases/pglib_opf_case300_ieee.mat,pglib_opf_case300_ieee,oracle_ac_primal_dual__Vm_Va,oracle_ac_primal_dual,full,ac_true,1,0,Vm+Va,2,,,optimal,ok,1,4833.443042644043,560386.5297993141,115.93940900004931,0,0.011802196502685547,0.051709890365600586,1.105799913406372,1.1575098037719727,1.1575098037719727,1.1693120002746582,acopf_acdc_paper_study/cases/pglib_opf_case300_ieee/logs/oracle_ac_primal_dual__Vm_Va.log,0,127,7.292572273493195e-10,8.819212027333379e-11,2.4370007523089043e-07,7.808851739233928e-08,7.808851739233928e-08,0.819,,,0.819,True,100.0,300,411,69,69,201,1,68,231,23525.85,7787.97,36077.0,0.0,12687.18,-8443.15,411,0,0,2,1,565219.9728419561,23950.967293961603,7793.636971699179,0.939999990021069,1.0600000105757046,1.0211192514555774,0.028678325900907714,-0.6267065854375803,0.22405966909837693,-0.19381993229507335,0.14949196090363323,1462.6007796992362,1416.6627482933832,151.80859920507686,151.4205598484904,1.0000000048789128,1.000000004089273,0.21717401730861405,0.21582585078884906,3.419619147848607e-07,5.432394516446948e-07,25,38,3,34,3,28,0,,,,,,0,,,,,,1,0.0,0.0,0.0,0.0,0.0,1,0.0,0.0,0.0,0.0,0.0,1,1,1,1.4352021106389886e-09,1.0367315894654894e-09,3.982113924792576e-11,9.868994418700746e-14,1.0367315894654894e-09,6.329323870291682e-08,4.6303717748941153e-08,2.3205298912795055e-09,6.157296894571118e-12,4.6303717748941153e-08,2.1322520953118954e-09,1.3493504091854902e-09,2.6091970806163543e-11,1.7674750552032492e-13,1.3493504091854902e-09,3.118421200692586e-10,2.008286731358666e-10,5.813640682865902e-12,1.5455553503684882e-12,2.008286731358666e-10,,,,,,,,,
2026-03-22T15:33:42Z,test_cases/pglib_opf_case300_ieee.mat,pglib_opf_case300_ieee,oracle_ac_primal_dual__Pg_Qg_Vm,oracle_ac_primal_dual,full,ac_true,1,0,Pg+Qg+Vm,3,,,optimal,ok,1,4833.443042644276,560386.5297993412,115.93940900005492,0,0.011802196502685547,0.031494140625,0.6586580276489258,0.6901521682739258,0.6901521682739258,0.7019543647766113,acopf_acdc_paper_study/cases/pglib_opf_case300_ieee/logs/oracle_ac_primal_dual__Pg_Qg_Vm.log,0,70,7.292572150741709e-10,8.817613306177918e-11,2.4370007523089043e-07,7.808851750459392e-08,7.808851750459392e-08,0.429,,,0.429,True,100.0,300,411,69,69,201,1,68,231,23525.85,7787.97,36077.0,0.0,12687.18,-8443.15,411,0,0,2,1,565219.9728419832,23950.96729396185,7793.636971700471,0.939999990021069,1.0600000105757046,1.021119251455568,0.028678325900893746,-0.626706585437541,0.22405966909879932,-0.19381993229466413,0.1494919609036248,1462.6007796992378,1416.6627482933839,151.8085992051614,151.42055984849972,1.0000000048789137,1.0000000040892727,0.21717401730862196,0.2158258507888423,3.41961900574006e-07,5.432394232229854e-07,25,38,3,34,3,28,1,0.0,0.0,0.0,0.0,0.0,1,0.0,0.0,0.0,0.0,0.0,1,0.0,0.0,0.0,0.0,0.0,0,,,,,,1,1,1,1.387925287435641e-09,1.0326492994039427e-09,3.827135896665022e-11,9.865670891702803e-14,1.0326492994039427e-09,6.341614744104043e-08,4.6429202260611646e-08,2.3246343098759664e-09,5.934142066621462e-12,4.6429202260611646e-08,2.132566629222459e-09,1.3480847549374175e-09,2.611528474953199e-11,1.729727472365994e-13,1.3480847549374175e-09,3.13275526790869e-10,2.0115012433485902e-10,5.949794129600505e-12,1.9344872925763923e-12,2.0115012433485902e-10,,,,,,,,,
2026-03-22T15:33:45Z,test_cases/pglib_opf_case300_ieee.mat,pglib_opf_case300_ieee,oracle_ac_primal_dual__Pg_Qg_Va,oracle_ac_primal_dual,full,ac_true,1,0,Pg+Qg+Va,3,,,optimal,ok,1,4833.44304264379,560386.5297992845,115.9394090000432,0,0.011802196502685547,0.04648303985595703,2.931868076324463,2.97835111618042,2.97835111618042,2.9901533126831055,acopf_acdc_paper_study/cases/pglib_opf_case300_ieee/logs/oracle_ac_primal_dual__Pg_Qg_Va.log,0,229,1.2387177881029935e-09,8.628520120623762e-11,2.4370007523089043e-07,7.844882228226683e-08,7.844882228226683e-08,2.688,,,2.688,True,100.0,300,411,69,69,201,1,68,231,23525.85,7787.97,36077.0,0.0,12687.18,-8443.15,411,0,0,2,1,565219.9728419265,23950.967293963487,7793.636971825349,0.939999990021069,1.0600000105757046,1.0211192514558927,0.028678325902301027,-0.6267065854373796,0.22405966909826336,-0.1938199322951563,0.149491960903626,1462.6007796992383,1416.6627482933845,151.80859919762753,151.42055985251199,1.0000000048789128,1.0000000040892727,0.21717401730772304,0.21582585078996408,3.4196648357465165e-07,5.432394232229854e-07,25,38,3,34,3,28,1,0.0,0.0,0.0,0.0,0.0,1,0.0,0.0,0.0,0.0,0.0,0,,,,,,1,0.0,0.0,0.0,0.0,0.0,1,1,1,1.4443952100897028e-09,1.0382987802870502e-09,4.103967143363724e-11,1.0203046396289192e-13,1.0382987802870502e-09,4.7702796256229e-08,2.6973361322291112e-08,1.7323003646476686e-09,5.497824417943775e-12,2.6973361322291112e-08,2.1435514269275175e-09,1.4912882040363229e-09,2.340371489199337e-11,1.667554982986985e-13,1.4912882040363229e-09,2.912445379344649e-10,2.0086208391001392e-10,5.078648335210545e-12,1.4918621893400541e-12,2.0086208391001392e-10,,,,,,,,,
2026-03-22T15:33:47Z,test_cases/pglib_opf_case300_ieee.mat,pglib_opf_case300_ieee,oracle_ac_primal_dual__Pg_Vm_Va,oracle_ac_primal_dual,full,ac_true,1,0,Pg+Vm+Va,3,,,optimal,ok,1,4833.443042644197,560386.5297993323,115.93940900005308,0,0.011802196502685547,0.13364219665527344,1.2726759910583496,1.406318187713623,1.406318187713623,1.4181203842163086,acopf_acdc_paper_study/cases/pglib_opf_case300_ieee/logs/oracle_ac_primal_dual__Pg_Vm_Va.log,0,94,7.297119665467197e-10,8.816991581284128e-11,2.4370007523089043e-07,7.808851738787087e-08,7.808851738787087e-08,0.873,,,0.873,True,100.0,300,411,69,69,201,1,68,231,23525.85,7787.97,36077.0,0.0,12687.18,-8443.15,411,0,0,2,1,565219.9728419742,23950.96729396152,7793.636971698186,0.939999990021069,1.0600000105757046,1.021119251455579,0.02867832590089799,-0.626706585437457,0.22405966909849315,-0.19381993229487182,0.14949196090360595,1462.6007796992371,1416.662748293384,151.808599205113,151.42055984846317,1.0000000048789137,1.0000000040892725,0.2171740173086038,0.215825850788829,3.4196187215229656e-07,5.432393948012759e-07,25,38,3,34,3,28,1,0.0,0.0,0.0,0.0,0.0,0,,,,,,1,0.0,0.0,0.0,0.0,0.0,1,0.0,0.0,0.0,0.0,0.0,1,1,1,1.434577721650579e-09,1.0361860258711886e-09,3.9801031699171435e-11,9.86668918412408e-14,1.0361860258711886e-09,6.339848361940808e-08,4.64093807828192e-08,2.3238299772287813e-09,6.0458305028987525e-12,4.64093807828192e-08,2.132498346552417e-09,1.348536393663835e-09,2.610645884656056e-11,1.7286172493413687e-13,1.348536393663835e-09,3.1249871457791503e-10,2.0073432499545518e-10,5.835687292195709e-12,1.7279164210570741e-12,2.0073432499545518e-10,,,,,,,,,
2026-03-22T15:33:48Z,test_cases/pglib_opf_case300_ieee.mat,pglib_opf_case300_ieee,oracle_ac_primal_dual__Qg_Vm_Va,oracle_ac_primal_dual,full,ac_true,1,0,Qg+Vm+Va,3,,,optimal,ok,1,4833.443042644059,560386.5297993162,115.93940900004975,0,0.011802196502685547,0.04301285743713379,1.007939100265503,1.0509519577026367,1.0509519577026367,1.0627541542053223,acopf_acdc_paper_study/cases/pglib_opf_case300_ieee/logs/oracle_ac_primal_dual__Qg_Vm_Va.log,0,101,7.294845902679207e-10,8.818057395387768e-11,2.4370007523089043e-07,7.808851741537752e-08,7.808851741537752e-08,0.734,,,0.734,True,100.0,300,411,69,69,201,1,68,231,23525.85,7787.97,36077.0,0.0,12687.18,-8443.15,411,0,0,2,1,565219.9728419582,23950.96729396161,7793.636971698335,0.939999990021069,1.0600000105757046,1.0211192514555743,0.028678325900897247,-0.6267065854375806,0.22405966909836622,-0.1938199322950647,0.1494919609036308,1462.6007796992378,1416.662748293384,151.80859920512563,151.42055984846436,1.0000000048789128,1.0000000040892727,0.21717401730861952,0.21582585078884128,3.419618508360145e-07,5.432394232229854e-07,25,38,3,34,3,28,0,,,,,,1,0.0,0.0,0.0,0.0,0.0,1,0.0,0.0,0.0,0.0,0.0,1,0.0,0.0,0.0,0.0,0.0,1,1,1,1.4350224757443034e-09,1.0366605351919134e-09,3.980141731451625e-11,9.866306349054722e-14,1.0366605351919134e-09,6.341623609704982e-08,4.6427461874998244e-08,2.3244015551385825e-09,6.1457505751150165e-12,4.6427461874998244e-08,2.1325217366680093e-09,1.3483620886489689e-09,2.6110672513013355e-11,1.7608137170554983e-13,1.3483620886489689e-09,3.1210569121842365e-10,2.008345365012154e-10,5.814209795042269e-12,1.5364653993543698e-12,2.008345365012154e-10,,,,,,,,,
2026-03-22T15:33:48Z,test_cases/pglib_opf_case300_ieee.mat,pglib_opf_case300_ieee,oracle_ac_primal_dual__Pg_Qg_Vm_Va,oracle_ac_primal_dual,full,ac_true,1,0,Pg+Qg+Vm+Va,4,,,optimal,ok,1,4833.443042644141,560386.5297993257,115.93940900005173,0,0.011802196502685547,0.03669929504394531,0.27211713790893555,0.30881643295288086,0.30881643295288086,0.3206186294555664,acopf_acdc_paper_study/cases/pglib_opf_case300_ieee/logs/oracle_ac_primal_dual__Pg_Qg_Vm_Va.log,0,2,7.28802580391319e-10,8.821254837698689e-11,2.4370007523089043e-07,7.808864229501773e-08,7.808864229501773e-08,0.03,,,0.03,False,100.0,300,411,69,69,201,1,68,231,23525.85,7787.97,36077.0,0.0,12687.18,-8443.15,411,0,0,2,1,565219.9728419677,23950.96729396155,7793.6369716979525,0.939999990021069,1.0600000105757046,1.0211192514555758,0.02867832590089293,-0.6267065854375269,0.22405966909842698,-0.19381993229496242,0.14949196090361455,1462.6007796992371,1416.662748293384,151.80859920513444,151.42055984845615,1.0000000048789128,1.0000000040892922,0.21717401730861224,0.21582585078883199,3.4196178688716827e-07,5.43242038020253e-07,25,38,3,34,3,28,1,0.0,0.0,0.0,0.0,0.0,1,0.0,0.0,0.0,0.0,0.0,1,0.0,0.0,0.0,0.0,0.0,1,0.0,0.0,0.0,0.0,0.0,1,1,1,1.4346042612123185e-09,1.03624109293321e-09,3.9795592105694705e-11,9.847715566696245e-14,1.03624109293321e-09,6.344185190717306e-08,4.645664208879907e-08,2.3251305059553604e-09,6.1102234383270115e-12,4.645664208879907e-08,2.1322305193250773e-09,1.3478782534548372e-09,2.6110749858550736e-11,1.7341683644644945e-13,1.3478782534548372e-09,3.123488353021101e-10,2.0075528045504498e-10,5.8252812397292335e-12,1.6360177101937268e-12,2.0075528045504498e-10,,,,,,,,,
2026-03-22T15:33:49Z,test_cases/pglib_opf_case300_ieee.mat,pglib_opf_case300_ieee,oracle_ac_constraint_dual__Pg,oracle_ac_constraint_dual,constraint_only,ac_true,1,0,Pg,1,,,optimal,ok,1,4833.4430426442095,560386.5297993337,115.93940900005336,0,0.011802196502685547,0.048512935638427734,1.2978520393371582,1.346364974975586,1.346364974975586,1.3581671714782715,acopf_acdc_paper_study/cases/pglib_opf_case300_ieee/logs/oracle_ac_constraint_dual__Pg.log,0,168,7.295982748242385e-10,8.817702124019888e-11,2.4370007523089043e-07,7.808851744609312e-08,7.808851744609312e-08,1.059,,,1.059,True,100.0,300,411,69,69,201,1,68,231,23525.85,7787.97,36077.0,0.0,12687.18,-8443.15,411,0,0,2,1,565219.9728419756,23950.96729396182,7793.636971700401,0.939999990021069,1.0600000105757046,1.02111925145557,0.028678325900893118,-0.6267065854375499,0.2240596690986929,-0.19381993229472874,0.1494919609036302,1462.6007796992371,1416.6627482933836,151.80859920513896,151.4205598484989,1.0000000048789135,1.0000000040892725,0.21717401730861965,0.21582585078884117,3.4196189346857864e-07,5.432393948012759e-07,25,38,3,34,3,28,1,0.0,0.0,0.0,0.0,0.0,0,,,,,,0,,,,,,0,,,,,,1,1,0,1.4000002849565052e-09,1.0356773216813053e-09,3.862909876054651e-11,9.865868366846543e-14,1.0356773216813053e-09,6.337296810063589e-08,4.638865114259261e-08,2.3235502572416726e-09,6.062594870570592e-12,4.638865114259261e-08,2.1326403010504647e-09,1.3481096239331691e-09,2.6114225966840837e-11,1.723066134218243e-13,1.3481096239331691e-09,3.130111211647445e-10,2.0105495046607302e-10,5.922132944626013e-12,1.7710416466698575e-12,2.0105495046607302e-10,,,,,,,,,
2026-03-22T15:33:50Z,test_cases/pglib_opf_case300_ieee.mat,pglib_opf_case300_ieee,oracle_ac_constraint_dual__Qg,oracle_ac_constraint_dual,constraint_only,ac_true,1,0,Qg,1,,,optimal,ok,1,4833.443042644106,560386.5297993215,115.93940900005086,0,0.011802196502685547,0.05345487594604492,0.6117360591888428,0.6651909351348877,0.6651909351348877,0.6769931316375732,acopf_acdc_paper_study/cases/pglib_opf_case300_ieee/logs/oracle_ac_constraint_dual__Qg.log,0,63,7.297119625586768e-10,8.817746532940873e-11,2.4370007523089043e-07,7.8088517436756e-08,7.8088517436756e-08,0.384,,,0.384,True,100.0,300,411,69,69,201,1,68,231,23525.85,7787.97,36077.0,0.0,12687.18,-8443.15,411,0,0,2,1,565219.9728419635,23950.967293961898,7793.636971700552,0.939999990021069,1.0600000105757046,1.0211192514555674,0.02867832590089385,-0.6267065854376525,0.22405966909860356,-0.19381993229487748,0.1494919609036502,1462.600779699238,1416.6627482933836,151.80859920514317,151.4205598485024,1.0000000048789126,1.0000000040892727,0.21717401730863078,0.21582585078885103,3.419618153088777e-07,5.432394232229854e-07,25,38,3,34,3,28,0,,,,,,1,0.0,0.0,0.0,0.0,0.0,0,,,,,,0,,,,,,1,1,0,1.4003806970370935e-09,1.0360374780304937e-09,3.8634853298570697e-11,9.865814892597792e-14,1.0360374780304937e-09,6.337298948643692e-08,4.638890871433432e-08,2.3235582871509383e-09,6.193601187476361e-12,4.638890871433432e-08,2.1326389646926e-09,1.348109845977774e-09,2.611520074265646e-11,1.7252865802674933e-13,1.348109845977774e-09,3.1264773587783983e-10,2.0112626841761738e-10,5.906445846015166e-12,1.633901347553035e-12,2.0112626841761738e-10,,,,,,,,,
2026-03-22T15:33:51Z,test_cases/pglib_opf_case300_ieee.mat,pglib_opf_case300_ieee,oracle_ac_constraint_dual__Vm,oracle_ac_constraint_dual,constraint_only,ac_true,1,0,Vm,1,,,optimal,ok,1,4833.443042644168,560386.5297993288,115.93940900005235,0,0.011802196502685547,0.04956793785095215,1.2892930507659912,1.3388609886169434,1.3388609886169434,1.350663185119629,acopf_acdc_paper_study/cases/pglib_opf_case300_ieee/logs/oracle_ac_constraint_dual__Vm.log,0,164,7.263014150222777e-10,8.812461871343658e-11,2.4370007523089043e-07,7.808851750268793e-08,7.808851750268793e-08,1.057,,,1.057,True,100.0,300,411,69,69,201,1,68,231,23525.85,7787.97,36077.0,0.0,12687.18,-8443.15,411,0,0,2,1,565219.9728419707,23950.967293962,7793.636971705571,0.939999990021069,1.0600000105757046,1.0211192514555876,0.02867832590095732,-0.6267065854375993,0.2240596690987195,-0.1938199322947878,0.14949196090364386,1462.6007796992378,1416.6627482933836,151.80859920486955,151.42055984865718,1.000000004878913,1.0000000040892725,0.21717401730859262,0.21582585078889388,3.41962099525972e-07,5.432393948012759e-07,25,38,3,34,3,28,0,,,,,,0,,,,,,1,0.0,0.0,0.0,0.0,0.0,0,,,,,,1,1,0,1.3884874968666711e-09,1.0331053790224587e-09,3.830976464587087e-11,9.881983488952389e-14,1.0331053790224587e-09,6.268544786009092e-08,4.568922884473636e-08,2.3014594664910655e-09,6.086797732507421e-12,4.568922884473636e-08,2.1314288164365097e-09,1.3547341026765025e-09,2.600528644277252e-11,1.751931932858497e-13,1.3547341026765025e-09,3.116971113183939e-10,2.0120734939288454e-10,5.900671795795731e-12,1.7771686899870076e-12,2.0120734939288454e-10,,,,,,,,,
2026-03-22T15:33:53Z,test_cases/pglib_opf_case300_ieee.mat,pglib_opf_case300_ieee,oracle_ac_constraint_dual__Va,oracle_ac_constraint_dual,constraint_only,ac_true,1,0,Va,1,,,optimal,ok,1,4833.4430426441895,560386.5297993313,115.93940900005288,0,0.011802196502685547,0.033284902572631836,1.2425191402435303,1.275804042816162,1.275804042816162,1.2876062393188477,acopf_acdc_paper_study/cases/pglib_opf_case300_ieee/logs/oracle_ac_constraint_dual__Va.log,0,148,7.291426285592132e-10,8.818634711360573e-11,2.4370007523089043e-07,7.808851596920265e-08,7.808851596920265e-08,1.006,,,1.006,True,100.0,300,411,69,69,201,1,68,231,23525.85,7787.97,36077.0,0.0,12687.18,-8443.15,411,0,0,2,1,565219.9728419733,23950.967293960868,7793.636971693928,0.939999990021069,1.0600000105757046,1.02111925145559,0.02867832590089378,-0.6267065854377228,0.22405966909844735,-0.19381993229512753,0.1494919609033335,1462.6007796992371,1416.6627482933864,151.80859920509874,151.4205598484147,1.0000000048789126,1.0000000040892731,0.21717401730847785,0.21582585078869437,3.4196185794144185e-07,5.432394800664042e-07,25,38,3,34,3,28,0,,,,,,0,,,,,,0,,,,,,1,0.0,0.0,0.0,0.0,0.0,1,1,0,1.434794437687294e-09,1.0355882817947304e-09,4.0216216526549584e-11,1.005654317274446e-13,1.0355882817947304e-09,6.345295059553962e-08,4.6466550163160036e-08,2.325372323391001e-09,5.206945985491984e-12,4.6466550163160036e-08,2.132453713662975e-09,1.3480885296957013e-09,2.6103149271724153e-11,1.4133139103478243e-13,1.3480885296957013e-09,3.124270992181925e-10,2.0118851029593543e-10,5.86918907427338e-12,1.8786916466950743e-12,2.0118851029593543e-10,,,,,,,,,
2026-03-22T15:33:54Z,test_cases/pglib_opf_case300_ieee.mat,pglib_opf_case300_ieee,oracle_ac_constraint_dual__Pg_Qg,oracle_ac_constraint_dual,constraint_only,ac_true,1,0,Pg+Qg,2,,,optimal,ok,1,4833.443042644141,560386.5297993256,115.9394090000517,0,0.011802196502685547,0.04257988929748535,1.3770999908447266,1.419679880142212,1.419679880142212,1.4314820766448975,acopf_acdc_paper_study/cases/pglib_opf_case300_ieee/logs/oracle_ac_constraint_dual__Pg_Qg.log,0,180,7.298256484947054e-10,8.818412666755648e-11,2.4370007523089043e-07,7.808851744635216e-08,7.808851744635216e-08,1.142,,,1.142,True,100.0,300,411,69,69,201,1,68,231,23525.85,7787.97,36077.0,0.0,12687.18,-8443.15,411,0,0,2,1,565219.9728419676,23950.967293961832,7793.636971700485,0.939999990021069,1.0600000105757046,1.021119251455569,0.028678325900893382,-0.6267065854376171,0.22405966909863245,-0.19381993229482367,0.14949196090363914,1462.6007796992365,1416.662748293383,151.80859920514078,151.42055984850026,1.0000000048789128,1.0000000040892725,0.2171740173086252,0.21582585078884595,3.419618508360145e-07,5.432393948012759e-07,25,38,3,34,3,28,1,0.0,0.0,0.0,0.0,0.0,1,0.0,0.0,0.0,0.0,0.0,0,,,,,,0,,,,,,1,1,0,1.4002882374504093e-09,1.0358505164731469e-09,3.86415072817835e-11,9.865870060912438e-14,1.0358505164731469e-09,6.33728806247436e-08,4.6388632490845794e-08,2.3235520994677223e-09,6.121325668573263e-12,4.6388632490845794e-08,2.1326400503204583e-09,1.348109845977774e-09,2.6114662284489518e-11,1.7363888105137448e-13,1.348109845977774e-09,3.1278711777507255e-10,2.011051603023617e-10,5.911598902815877e-12,1.6960183257808126e-12,2.011051603023617e-10,,,,,,,,,
2026-03-22T15:33:55Z,test_cases/pglib_opf_case300_ieee.mat,pglib_opf_case300_ieee,oracle_ac_constraint_dual__Pg_Vm,oracle_ac_constraint_dual,constraint_only,ac_true,1,0,Pg+Vm,2,,,optimal,ok,1,4833.443042644205,560386.5297993333,115.93940900005329,0,0.011802196502685547,0.04395103454589844,1.2421979904174805,1.286149024963379,1.286149024963379,1.2979512214660645,acopf_acdc_paper_study/cases/pglib_opf_case300_ieee/logs/oracle_ac_constraint_dual__Pg_Vm.log,0,151,7.292570894991807e-10,8.818057395387768e-11,2.4370007523089043e-07,7.808851880261077e-08,7.808851880261077e-08,1.004,,,1.004,True,100.0,300,411,69,69,201,1,68,231,23525.85,7787.97,36077.0,0.0,12687.18,-8443.15,411,0,0,2,1,565219.9728419753,23950.967293961894,7793.636971700754,0.939999990021069,1.0600000105757046,1.021119251455566,0.028678325900894322,-0.6267065854375772,0.22405966909873057,-0.19381993229475508,0.14949196090363862,1462.6007796992378,1416.6627482933836,151.80859920516497,151.420559848503,1.0000000048789128,1.000000004089273,0.21717401730863037,0.21582585078885017,3.419618792577239e-07,5.432394516446948e-07,25,38,3,34,3,28,1,0.0,0.0,0.0,0.0,0.0,0,,,,,,1,0.0,0.0,0.0,0.0,0.0,0,,,,,,1,1,0,1.3880665988379615e-09,1.0330414301762403e-09,3.823861279292049e-11,9.873109362992022e-14,1.0330414301762403e-09,6.34167784280579e-08,4.6429503353095924e-08,2.3246649612833044e-09,6.0572658000523916e-12,4.6429503353095924e-08,2.1325904364737285e-09,1.3480900840079357e-09,2.6116287650997567e-11,1.7463808177353712e-13,1.3480900840079357e-09,3.130717506407134e-10,2.0120847349369697e-10,5.929948230949204e-12,1.8020654413142267e-12,2.0120847349369697e-10,,,,,,,,,
2026-03-22T15:33:57Z,test_cases/pglib_opf_case300_ieee.mat,pglib_opf_case300_ieee,oracle_ac_constraint_dual__Pg_Va,oracle_ac_constraint_dual,constraint_only,ac_true,1,0,Pg+Va,2,,,optimal,ok,1,4833.443042644063,560386.5297993165,115.93940900004982,0,0.011802196502685547,0.05804181098937988,1.837468147277832,1.895509958267212,1.895509958267212,1.9073121547698975,acopf_acdc_paper_study/cases/pglib_opf_case300_ieee/logs/oracle_ac_constraint_dual__Pg_Va.log,0,183,7.294845065061296e-10,8.817968577545798e-11,2.4370007523089043e-07,7.808851856115565e-08,7.808851856115565e-08,1.578,,,1.578,True,100.0,300,411,69,69,201,1,68,231,23525.85,7787.97,36077.0,0.0,12687.18,-8443.15,411,0,0,2,1,565219.9728419585,23950.96729396158,7793.636971698131,0.939999990021069,1.0600000105757046,1.0211192514555731,0.028678325900894495,-0.6267065854375615,0.22405966909839994,-0.19381993229503944,0.14949196090363395,1462.6007796992367,1416.6627482933832,151.80859920513944,151.42055984845683,1.000000004878913,1.000000004089273,0.2171740173086212,0.2158258507888389,3.41961900574006e-07,5.432394516446948e-07,25,38,3,34,3,28,1,0.0,0.0,0.0,0.0,0.0,0,,,,,,0,,,,,,1,0.0,0.0,0.0,0.0,0.0,1,1,0,1.4354311808468577e-09,1.0369505254459455e-09,3.9815420686821657e-11,9.870325774499328e-14,1.0369505254459455e-09,6.345117349814054e-08,4.646242368622211e-08,2.325490935435503e-09,6.210698622055588e-12,4.646242368622211e-08,2.132587623057603e-09,1.3480707661273073e-09,2.6115695532051103e-11,1.7508217098338719e-13,1.3480707661273073e-09,3.121848572486794e-10,2.0081184631814963e-10,5.8248630759617316e-12,1.5245790740969767e-12,2.0081184631814963e-10,,,,,,,,,
2026-03-22T15:33:59Z,test_cases/pglib_opf_case300_ieee.mat,pglib_opf_case300_ieee,oracle_ac_constraint_dual__Qg_Vm,oracle_ac_constraint_dual,constraint_only,ac_true,1,0,Qg+Vm,2,,,optimal,ok,1,4833.443042644221,560386.529799335,115.93940900005364,0,0.011802196502685547,0.0314180850982666,1.4922082424163818,1.5236263275146484,1.5236263275146484,1.535428524017334,acopf_acdc_paper_study/cases/pglib_opf_case300_ieee/logs/oracle_ac_constraint_dual__Qg_Vm.log,0,168,7.282339352061156e-10,8.817924168624813e-11,2.4370007523089043e-07,7.808854322033296e-08,7.808854322033296e-08,1.255,,,1.255,True,100.0,300,411,69,69,201,1,68,231,23525.85,7787.97,36077.0,0.0,12687.18,-8443.15,411,0,0,2,1,565219.972841977,23950.96729396188,7793.636971700647,0.939999990021069,1.0600000105757046,1.0211192514555671,0.028678325900894152,-0.6267065854375701,0.22405966909873598,-0.19381993229474015,0.149491960903631,1462.6007796992374,1416.6627482933836,151.80859920516173,151.42055984850202,1.0000000048789137,1.0000000040892734,0.21717401730862568,0.21582585078884634,3.41961900574006e-07,5.432395084881136e-07,25,38,3,34,3,28,0,,,,,,1,0.0,0.0,0.0,0.0,0.0,1,0.0,0.0,0.0,0.0,0.0,0,,,,,,1,1,0,1.3876839379013999e-09,1.032917973375902e-09,3.823007150377745e-11,9.890578859016793e-14,1.032917973375902e-09,6.341445387642073e-08,4.642883011385379e-08,2.3245298893276715e-09,5.99276184232167e-12,4.642883011385379e-08,2.1325375116601098e-09,1.348157585567833e-09,2.6115710705099105e-11,1.7319479184152442e-13,1.348157585567833e-09,3.1310653850108055e-10,2.0120085458819048e-10,5.9323162875102305e-12,1.8284332381490742e-12,2.0120085458819048e-10,,,,,,,,,
2026-03-22T15:34:01Z,test_cases/pglib_opf_case300_ieee.mat,pglib_opf_case300_ieee,oracle_ac_constraint_dual__Qg_Va,oracle_ac_constraint_dual,constraint_only,ac_true,1,0,Qg+Va,2,,,optimal,ok,1,4833.443042644262,560386.5297993397,115.93940900005461,0,0.011802196502685547,0.5448646545410156,1.9423789978027344,2.48724365234375,2.48724365234375,2.4990458488464355,acopf_acdc_paper_study/cases/pglib_opf_case300_ieee/logs/oracle_ac_constraint_dual__Qg_Va.log,0,113,7.298256493357562e-10,8.817524488335948e-11,2.4370007523089043e-07,7.808851738814031e-08,7.808851738814031e-08,1.386,,,1.386,True,100.0,300,411,69,69,201,1,68,231,23525.85,7787.97,36077.0,0.0,12687.18,-8443.15,411,0,0,2,1,565219.9728419817,23950.967293961457,7793.636971697633,0.939999990021069,1.0600000105757046,1.0211192514555796,0.028678325900892764,-0.6267065854374029,0.22405966909855812,-0.19381993229478023,0.14949196090359418,1462.6007796992362,1416.6627482933834,151.80859920513078,151.42055984844956,1.0000000048789124,1.0000000040892727,0.21717401730859898,0.21582585078881888,3.419618295197324e-07,5.432394232229854e-07,25,38,3,34,3,28,0,,,,,,1,0.0,0.0,0.0,0.0,0.0,0,,,,,,1,0.0,0.0,0.0,0.0,0.0,1,1,0,1.434931869612194e-09,1.0361485003329562e-09,3.983316575138287e-11,9.865571397095236e-14,1.0361485003329562e-09,6.345048077873776e-08,4.646158702215075e-08,2.325452934935011e-09,5.95612448250904e-12,4.646158702215075e-08,2.1325709812345274e-09,1.3480649929675792e-09,2.6113295970020545e-11,1.6908696665041134e-13,1.3480649929675792e-09,3.1280435082795613e-10,2.0068345596424564e-10,5.8559720831144464e-12,1.8025164694179807e-12,2.0068345596424564e-10,,,,,,,,,
2026-03-22T15:34:02Z,test_cases/pglib_opf_case300_ieee.mat,pglib_opf_case300_ieee,oracle_ac_constraint_dual__Vm_Va,oracle_ac_constraint_dual,constraint_only,ac_true,1,0,Vm+Va,2,,,optimal,ok,1,4833.443042644112,560386.5297993224,115.93940900005103,0,0.011802196502685547,0.039093017578125,0.9249539375305176,0.9640469551086426,0.9640469551086426,0.9758491516113281,acopf_acdc_paper_study/cases/pglib_opf_case300_ieee/logs/oracle_ac_constraint_dual__Vm_Va.log,0,90,7.346004152942896e-10,1.1679279765530737e-10,2.4370007523089043e-07,7.808851735313833e-08,7.808851735313833e-08,0.666,,,0.666,True,100.0,300,411,69,69,201,1,68,231,23525.85,7787.97,36077.0,0.0,12687.18,-8443.15,411,0,0,2,1,565219.9728419643,23950.96729396154,7793.636971706135,0.939999990021069,1.0600000105757046,1.0211192514550123,0.02867832590086897,-0.6267065854375689,0.22405966909838834,-0.19381993229504516,0.14949196090361125,1462.600779699238,1416.662748293384,151.80859920526765,151.42055984957517,1.0000000048789128,1.0000000040892727,0.2171740173093288,0.21582585078959304,3.4196152398635604e-07,5.432394232229854e-07,25,38,3,34,3,28,0,,,,,,0,,,,,,1,0.0,0.0,0.0,0.0,0.0,1,0.0,0.0,0.0,0.0,0.0,1,1,0,1.4345491595290862e-09,1.0365706071269187e-09,3.97206369500189e-11,9.847285170726899e-14,1.0365706071269187e-09,6.081277578392844e-08,4.4085718187147904e-08,2.2603870754311917e-09,6.128431095930864e-12,4.4085718187147904e-08,2.0279295168630474e-09,1.2479690614242145e-09,2.5502649251644508e-11,1.7463808177353712e-13,1.2479690614242145e-09,3.126408898001729e-10,2.0081804275040582e-10,5.822767065964222e-12,1.5549575516082825e-12,2.0081804275040582e-10,,,,,,,,,
2026-03-22T15:34:04Z,test_cases/pglib_opf_case300_ieee.mat,pglib_opf_case300_ieee,oracle_ac_constraint_dual__Pg_Qg_Vm,oracle_ac_constraint_dual,constraint_only,ac_true,1,0,Pg+Qg+Vm,3,,,optimal,ok,1,4833.443042644057,560386.5297993158,115.93940900004968,0,0.011802196502685547,0.0631868839263916,1.983365774154663,2.0465526580810547,2.0465526580810547,2.0583548545837402,acopf_acdc_paper_study/cases/pglib_opf_case300_ieee/logs/oracle_ac_constraint_dual__Pg_Qg_Vm.log,0,262,7.148192407133388e-10,8.796119388421175e-11,2.4370007523089043e-07,7.809382580890458e-08,7.809382580890458e-08,1.735,,,1.735,True,100.0,300,411,69,69,201,1,68,231,23525.85,7787.97,36077.0,0.0,12687.18,-8443.15,411,0,0,2,1,565219.9728419578,23950.96729396234,7793.636971723447,0.939999990021069,1.0600000105757046,1.0211192514556586,0.028678325901177696,-0.6267065854376449,0.224059669098632,-0.1938199322949178,0.14949196090365158,1462.600779699238,1416.6627482933836,151.80859920380271,151.42055984922126,1.000000004878913,1.000000004089273,0.21717401730846023,0.21582585078905406,3.419628242795625e-07,5.432394516446948e-07,25,38,3,34,3,28,1,0.0,0.0,0.0,0.0,0.0,1,0.0,0.0,0.0,0.0,0.0,1,0.0,0.0,0.0,0.0,0.0,0,,,,,,1,1,0,1.3898724293972045e-09,1.0335761135848998e-09,3.8478036290365e-11,9.937899506050567e-14,1.0335761135848998e-09,6.009284411326437e-08,4.2986754600349286e-08,2.217489721988012e-09,6.225242543678178e-12,4.2986754600349286e-08,2.1282685554844073e-09,1.3775540708138578e-09,2.5607495753495377e-11,1.7630341631047486e-13,1.3775540708138578e-09,3.0717903586861436e-10,2.0127625954824424e-10,5.773795446380644e-12,1.6576323647043978e-12,2.0127625954824424e-10,,,,,,,,,
2026-03-22T15:34:06Z,test_cases/pglib_opf_case300_ieee.mat,pglib_opf_case300_ieee,oracle_ac_constraint_dual__Pg_Qg_Va,oracle_ac_constraint_dual,constraint_only,ac_true,1,0,Pg+Qg+Va,3,,,optimal,ok,1,4833.443042644125,560386.5297993239,115.93940900005134,0,0.011802196502685547,0.04424715042114258,1.2357661724090576,1.2800133228302002,1.2800133228302002,1.2918155193328857,acopf_acdc_paper_study/cases/pglib_opf_case300_ieee/logs/oracle_ac_constraint_dual__Pg_Qg_Va.log,0,153,7.293709020031074e-10,8.817790941861858e-11,2.4370007523089043e-07,7.808851738823522e-08,7.808851738823522e-08,1.004,,,1.004,True,100.0,300,411,69,69,201,1,68,231,23525.85,7787.97,36077.0,0.0,12687.18,-8443.15,411,0,0,2,1,565219.9728419658,23950.967293961552,7793.636971698005,0.939999990021069,1.0600000105757046,1.0211192514555751,0.028678325900893996,-0.6267065854375232,0.22405966909845845,-0.19381993229496125,0.1494919609036224,1462.6007796992371,1416.6627482933836,151.8085992051363,151.4205598484544,1.0000000048789128,1.0000000040892727,0.21717401730861394,0.2158258507888323,3.419618792577239e-07,5.432394232229854e-07,25,38,3,34,3,28,1,0.0,0.0,0.0,0.0,0.0,1,0.0,0.0,0.0,0.0,0.0,0,,,,,,1,0.0,0.0,0.0,0.0,0.0,1,1,0,1.435411219128778e-09,1.0366481006940376e-09,3.983397513178692e-11,9.865570033901586e-14,1.0366481006940376e-09,6.345046896101885e-08,4.6461668290476155e-08,2.325472241954762e-09,6.160405519040069e-12,4.6461668290476155e-08,2.132573775108653e-09,1.3480674354582334e-09,2.6114900242291127e-11,1.729727472365994e-13,1.3480674354582334e-09,3.123463953338939e-10,2.0076321161077715e-10,5.835898503452527e-12,1.614909594938041e-12,2.0076321161077715e-10,,,,,,,,,
2026-03-22T15:34:06Z,test_cases/pglib_opf_case300_ieee.mat,pglib_opf_case300_ieee,oracle_ac_constraint_dual__Pg_Vm_Va,oracle_ac_constraint_dual,constraint_only,ac_true,1,0,Pg+Vm+Va,3,,,optimal,ok,1,4833.443042644106,560386.5297993214,115.93940900005083,0,0.011802196502685547,0.03785300254821777,0.6403200626373291,0.6781730651855469,0.6781730651855469,0.6899752616882324,acopf_acdc_paper_study/cases/pglib_opf_case300_ieee/logs/oracle_ac_constraint_dual__Pg_Vm_Va.log,0,67,7.285751092461005e-10,8.818101804308753e-11,2.4370007523089043e-07,7.80885173938577e-08,7.80885173938577e-08,0.394,,,0.394,True,100.0,300,411,69,69,201,1,68,231,23525.85,7787.97,36077.0,0.0,12687.18,-8443.15,411,0,0,2,1,565219.9728419634,23950.967293961592,7793.636971699316,0.939999990021069,1.0600000105757046,1.0211192514555802,0.028678325900910764,-0.6267065854375417,0.2240596690984075,-0.19381993229500297,0.14949196090362182,1462.6007796992371,1416.6627482933839,151.80859920505978,151.4205598484961,1.0000000048789124,1.000000004089273,0.2171740173086059,0.21582585078884567,3.4196189346857864e-07,5.432394516446948e-07,25,38,3,34,3,28,1,0.0,0.0,0.0,0.0,0.0,0,,,,,,1,0.0,0.0,0.0,0.0,0.0,1,0.0,0.0,0.0,0.0,0.0,1,1,0,1.4349951927055345e-09,1.036519536867786e-09,3.9818060505939635e-11,9.869814693347801e-14,1.036519536867786e-09,6.325646998196065e-08,4.626663985263235e-08,2.3193640131970233e-09,6.1129989958885744e-12,4.626663985263235e-08,2.1321906851049542e-09,1.3496841422266925e-09,2.6085628842172544e-11,1.7275070263167436e-13,1.3496841422266925e-09,3.1195376579466984e-10,2.0080017509860326e-10,5.815439674955458e-12,1.5845935674718703e-12,2.0080017509860326e-10,,,,,,,,,
2026-03-22T15:34:07Z,test_cases/pglib_opf_case300_ieee.mat,pglib_opf_case300_ieee,oracle_ac_constraint_dual__Qg_Vm_Va,oracle_ac_constraint_dual,constraint_only,ac_true,1,0,Qg+Vm+Va,3,,,optimal,ok,1,4833.443042644206,560386.5297993332,115.93940900005326,0,0.011802196502685547,0.0182802677154541,0.7464067935943604,0.7646870613098145,0.7646870613098145,0.7764892578125,acopf_acdc_paper_study/cases/pglib_opf_case300_ieee/logs/oracle_ac_constraint_dual__Qg_Vm_Va.log,0,77,7.336908541616284e-10,1.1372636166129269e-10,2.4370007523089043e-07,7.808852276547596e-08,7.808852276547596e-08,0.499,,,0.499,True,100.0,300,411,69,69,201,1,68,231,23525.85,7787.97,36077.0,0.0,12687.18,-8443.15,411,0,0,2,1,565219.9728419752,23950.967293961483,7793.63697170493,0.939999990021069,1.0600000105757046,1.021119251455078,0.028678325900870928,-0.6267065854374758,0.22405966909847497,-0.19381993229491967,0.14949196090359518,1462.6007796992376,1416.6627482933843,151.8085992052573,151.42055984944747,1.0000000048789128,1.000000004089273,0.21717401730924424,0.21582585078950173,3.4196155240806547e-07,5.432394516446948e-07,25,38,3,34,3,28,0,,,,,,1,0.0,0.0,0.0,0.0,0.0,1,0.0,0.0,0.0,0.0,0.0,1,0.0,0.0,0.0,0.0,0.0,1,1,0,1.4343667947824054e-09,1.0363332414442539e-09,3.984078587717392e-11,9.849079745021533e-14,1.0363332414442539e-09,6.110610336993282e-08,4.435768730104428e-08,2.2678594967139778e-09,6.032840893510638e-12,4.435768730104428e-08,2.0386890552518146e-09,1.247961511907647e-09,2.5567106950082538e-11,1.7130741269966165e-13,1.247961511907647e-09,3.1288833966104097e-10,2.0074896606159243e-10,5.8377901355581115e-12,1.6761245169583106e-12,2.0074896606159243e-10,,,,,,,,,
2026-03-22T15:34:07Z,test_cases/pglib_opf_case300_ieee.mat,pglib_opf_case300_ieee,oracle_ac_constraint_dual__Pg_Qg_Vm_Va,oracle_ac_constraint_dual,constraint_only,ac_true,1,0,Pg+Qg+Vm+Va,4,,,optimal,ok,1,4833.443042644109,560386.529799322,115.93940900005096,0,0.011802196502685547,0.045243024826049805,0.28454089164733887,0.32978391647338867,0.32978391647338867,0.3415861129760742,acopf_acdc_paper_study/cases/pglib_opf_case300_ieee/logs/oracle_ac_constraint_dual__Pg_Qg_Vm_Va.log,0,6,7.301667098808701e-10,8.817968577545798e-11,2.4370007523089043e-07,7.808851738927177e-08,7.808851738927177e-08,0.049,,,0.049,False,100.0,300,411,69,69,201,1,68,231,23525.85,7787.97,36077.0,0.0,12687.18,-8443.15,411,0,0,2,1,565219.972841964,23950.967293961567,7793.63697169802,0.939999990021069,1.0600000105757046,1.0211192514555747,0.028678325900894145,-0.6267065854375293,0.2240596690984235,-0.19381993229498748,0.1494919609036228,1462.6007796992371,1416.6627482933836,151.808599205137,151.4205598484556,1.000000004878913,1.0000000040892727,0.21717401730861607,0.21582585078883462,3.4196180820345035e-07,5.432394232229854e-07,25,38,3,34,3,28,1,0.0,0.0,0.0,0.0,0.0,1,0.0,0.0,0.0,0.0,0.0,1,0.0,0.0,0.0,0.0,0.0,1,0.0,0.0,0.0,0.0,0.0,1,1,0,1.434945065346467e-09,1.0364946678720344e-09,3.980122212343622e-11,9.86554026069349e-14,1.0364946678720344e-09,6.344943814471438e-08,4.646088047621788e-08,2.3254460499432393e-09,6.10178574333986e-12,4.646088047621788e-08,2.1325802568900007e-09,1.3480681015920482e-09,2.611526328522018e-11,1.730837695390619e-13,1.3480681015920482e-09,3.12304253926473e-10,2.0078570750481362e-10,5.825520497127849e-12,1.598159105054009e-12,2.0078570750481362e-10,,,,,,,,,
2026-03-22T15:34:09Z,test_cases/pglib_opf_case300_ieee.mat,pglib_opf_case300_ieee,oracle_ac_bounds_dual__Pg,oracle_ac_bounds_dual,bounds_only,ac_true,1,0,Pg,1,,,optimal,ok,1,4833.443042644086,560386.5297993191,115.93940900005035,0,0.011802196502685547,0.0457301139831543,1.9272358417510986,1.972965955734253,1.972965955734253,1.9847681522369385,acopf_acdc_paper_study/cases/pglib_opf_case300_ieee/logs/oracle_ac_bounds_dual__Pg.log,0,217,7.301666285771685e-10,8.818634711360573e-11,2.4370007523089043e-07,7.808851829781331e-08,7.808851829781331e-08,1.581,,,1.581,True,100.0,300,411,69,69,201,1,68,231,23525.85,7787.97,36077.0,0.0,12687.18,-8443.15,411,0,0,2,1,565219.9728419611,23950.967293961894,7793.636971700607,0.939999990021069,1.0600000105757046,1.0211192514555671,0.028678325900893913,-0.6267065854376588,0.2240596690985856,-0.19381993229490055,0.14949196090365308,1462.6007796992376,1416.6627482933836,151.8085992051438,151.42055984850285,1.0000000048789133,1.0000000040892727,0.2171740173086326,0.21582585078885258,3.419618508360145e-07,5.432394232229854e-07,25,38,3,34,3,28,1,0.0,0.0,0.0,0.0,0.0,0,,,,,,0,,,,,,0,,,,,,0,0,1,1.400523740367054e-09,1.0361571600725483e-09,3.863831567858356e-11,9.870636423832734e-14,1.0361571600725483e-09,6.337350581547501e-08,4.638935502399022e-08,2.3235744762440803e-09,6.1806115780882465e-12,4.638935502399022e-08,2.132654241081528e-09,1.348113176646848e-09,2.6115591541161128e-11,1.729727472365994e-13,1.348113176646848e-09,3.1260267980518525e-10,2.011429911519258e-10,5.903582109568114e-12,1.6101703304016723e-12,2.011429911519258e-10,,,,,,,,,
2026-03-22T15:34:11Z,test_cases/pglib_opf_case300_ieee.mat,pglib_opf_case300_ieee,oracle_ac_bounds_dual__Qg,oracle_ac_bounds_dual,bounds_only,ac_true,1,0,Qg,1,,,optimal,ok,1,4833.44304264414,560386.5297993255,115.93940900005167,0,0.011802196502685547,0.09613490104675293,1.2397639751434326,1.3358988761901855,1.3358988761901855,1.347701072692871,acopf_acdc_paper_study/cases/pglib_opf_case300_ieee/logs/oracle_ac_bounds_dual__Qg.log,0,118,7.29370885750901e-10,8.818235031071708e-11,2.4370007523089043e-07,7.808851760906836e-08,7.808851760906836e-08,0.955,,,0.955,True,100.0,300,411,69,69,201,1,68,231,23525.85,7787.97,36077.0,0.0,12687.18,-8443.15,411,0,0,2,1,565219.9728419675,23950.967293961854,7793.636971700441,0.939999990021069,1.0600000105757046,1.021119251455569,0.028678325900893316,-0.6267065854376163,0.22405966909862585,-0.19381993229483233,0.14949196090364067,1462.6007796992367,1416.6627482933834,151.80859920514106,151.42055984850057,1.0000000048789124,1.0000000040892723,0.21717401730862596,0.21582585078884647,3.419619147848607e-07,5.432393663795665e-07,25,38,3,34,3,28,0,,,,,,1,0.0,0.0,0.0,0.0,0.0,0,,,,,,0,,,,,,0,0,1,1.4002817130678398e-09,1.0358909285912432e-09,3.864564173162494e-11,9.866781778060104e-14,1.0358909285912432e-09,6.337316931632975e-08,4.6389073471431175e-08,2.32355418676746e-09,6.136979813220478e-12,4.6389073471431175e-08,2.1326415503492326e-09,1.348109845977774e-09,2.6114584568877793e-11,1.73749903353837e-13,1.348109845977774e-09,3.127623704785024e-10,2.0110985793353464e-10,5.911529905635223e-12,1.6889267762110194e-12,2.0110985793353464e-10,,,,,,,,,
2026-03-22T15:34:12Z,test_cases/pglib_opf_case300_ieee.mat,pglib_opf_case300_ieee,oracle_ac_bounds_dual__Vm,oracle_ac_bounds_dual,bounds_only,ac_true,1,0,Vm,1,,,optimal,ok,1,4833.4430426441295,560386.5297993243,115.93940900005143,0,0.011802196502685547,0.03305220603942871,0.8761329650878906,0.9091851711273193,0.9091851711273193,0.9209873676300049,acopf_acdc_paper_study/cases/pglib_opf_case300_ieee/logs/oracle_ac_bounds_dual__Vm.log,0,112,7.227771830139199e-10,8.832046205498045e-11,2.4370007523089043e-07,7.80885175355058e-08,7.80885175355058e-08,0.639,,,0.639,True,100.0,300,411,69,69,201,1,68,231,23525.85,7787.97,36077.0,0.0,12687.18,-8443.15,411,0,0,2,1,565219.9728419663,23950.96729396207,7793.636971710965,0.939999990021069,1.0600000105757046,1.0211192514556062,0.02867832590102421,-0.6267065854376234,0.2240596690986963,-0.19381993229482744,0.14949196090364422,1462.6007796992367,1416.6627482933827,151.8085992045507,151.42055984883356,1.000000004878913,1.000000004089273,0.21717401730855726,0.21582585078894656,3.4196231268879274e-07,5.432394516446948e-07,25,38,3,34,3,28,0,,,,,,0,,,,,,1,0.0,0.0,0.0,0.0,0.0,0,,,,,,0,0,1,1.388908028548747e-09,1.0331879796154908e-09,3.8371965235529924e-11,9.898948129517794e-14,1.0331879796154908e-09,6.187874236028622e-08,4.486530480463102e-08,2.275832548331053e-09,6.077027769890719e-12,4.486530480463102e-08,2.1293948816879977e-09,1.3602643456067653e-09,2.5880474060121136e-11,1.7474910407599964e-13,1.3602643456067653e-09,3.102835546529646e-10,2.0122649380116542e-10,5.864836008333263e-12,1.7481710523625793e-12,2.0122649380116542e-10,,,,,,,,,
2026-03-22T15:34:14Z,test_cases/pglib_opf_case300_ieee.mat,pglib_opf_case300_ieee,oracle_ac_bounds_dual__Va,oracle_ac_bounds_dual,bounds_only,ac_true,1,0,Va,1,,,optimal,ok,1,4833.443042644207,560386.5297993334,115.93940900005332,0,0.011802196502685547,0.04496312141418457,1.9697411060333252,2.0147042274475098,2.0147042274475098,2.0265064239501953,acopf_acdc_paper_study/cases/pglib_opf_case300_ieee/logs/oracle_ac_bounds_dual__Va.log,0,262,7.294845877374627e-10,8.817391261572993e-11,2.4370007523089043e-07,7.80885174022565e-08,7.80885174022565e-08,1.723,,,1.723,True,100.0,300,411,69,69,201,1,68,231,23525.85,7787.97,36077.0,0.0,12687.18,-8443.15,411,0,0,2,1,565219.9728419754,23950.967293961516,7793.636971697819,0.939999990021069,1.0600000105757046,1.021119251455577,0.028678325900893625,-0.6267065854374599,0.2240596690985173,-0.1938199322948544,0.1494919609036073,1462.6007796992378,1416.6627482933843,151.8085992051337,151.42055984845197,1.0000000048789126,1.0000000040892725,0.21717401730860605,0.21582585078882538,3.419618508360145e-07,5.432393948012759e-07,25,38,3,34,3,28,0,,,,,,0,,,,,,0,,,,,,1,0.0,0.0,0.0,0.0,0.0,0,0,1,1.43515536564909e-09,1.0364049618516447e-09,3.9820098298834664e-11,9.865632502581446e-14,1.0364049618516447e-09,6.34506792216937e-08,4.646194762258915e-08,2.3254666276856482e-09,6.0144111913018605e-12,4.646194762258915e-08,2.1325725538836483e-09,1.3480674354582334e-09,2.6114093110152225e-11,1.7275070263167436e-13,1.3480674354582334e-09,3.1262267340005964e-10,2.0071788675579683e-10,5.845011575439374e-12,1.7300050281221502e-12,2.0071788675579683e-10,,,,,,,,,
2026-03-22T15:34:17Z,test_cases/pglib_opf_case300_ieee.mat,pglib_opf_case300_ieee,oracle_ac_bounds_dual__Pg_Qg,oracle_ac_bounds_dual,bounds_only,ac_true,1,0,Pg+Qg,2,,,optimal,ok,1,4833.4430426441195,560386.5297993233,115.93940900005121,0,0.011802196502685547,0.2715320587158203,2.5992980003356934,2.8708300590515137,2.8708300590515137,2.882632255554199,acopf_acdc_paper_study/cases/pglib_opf_case300_ieee/logs/oracle_ac_bounds_dual__Pg_Qg.log,0,128,7.298255698109297e-10,8.817702124019888e-11,2.4370007523089043e-07,7.808851827883249e-08,7.808851827883249e-08,1.708,,,1.708,True,100.0,300,411,69,69,201,1,68,231,23525.85,7787.97,36077.0,0.0,12687.18,-8443.15,411,0,0,2,1,565219.9728419653,23950.96729396186,7793.636971700564,0.939999990021069,1.0600000105757046,1.021119251455569,0.028678325900893406,-0.6267065854376171,0.22405966909863195,-0.19381993229484654,0.14949196090364592,1462.6007796992378,1416.662748293384,151.80859920514203,151.4205598485013,1.000000004878913,1.0000000040892725,0.217174017308628,0.2158258507888483,3.419618792577239e-07,5.432393948012759e-07,25,38,3,34,3,28,1,0.0,0.0,0.0,0.0,0.0,1,0.0,0.0,0.0,0.0,0.0,0,,,,,,0,,,,,,0,0,1,1.4003433009165636e-09,1.036009722454878e-09,3.8647561889305125e-11,9.870532034962919e-14,1.036009722454878e-09,6.337327882568074e-08,4.638885719998598e-08,2.3235663091659554e-09,6.096123605914272e-12,4.638885719998598e-08,2.132654212250813e-09,1.3481118443792184e-09,2.6114891730581272e-11,1.7397194795876203e-13,1.3481118443792184e-09,3.127044861063115e-10,2.0111145387913254e-10,5.913828126565916e-12,1.6715795414512513e-12,2.0111145387913254e-10,,,,,,,,,
2026-03-22T15:34:18Z,test_cases/pglib_opf_case300_ieee.mat,pglib_opf_case300_ieee,oracle_ac_bounds_dual__Pg_Vm,oracle_ac_bounds_dual,bounds_only,ac_true,1,0,Pg+Vm,2,,,optimal,ok,1,4833.443042644105,560386.5297993213,115.9394090000508,0,0.011802196502685547,0.0832831859588623,1.1733109951019287,1.256594181060791,1.256594181060791,1.2683963775634766,acopf_acdc_paper_study/cases/pglib_opf_case300_ieee/logs/oracle_ac_bounds_dual__Pg_Vm.log,0,125,7.11522378179485e-10,8.836442688675561e-11,2.4370007523089043e-07,7.811253319179141e-08,7.811253319179141e-08,0.903,,,0.903,True,100.0,300,411,69,69,201,1,68,231,23525.85,7787.97,36077.0,0.0,12687.18,-8443.15,411,0,0,2,1,565219.9728419633,23950.967293962334,7793.636971728695,0.939999990021069,1.0600000105757046,1.0211192514556713,0.028678325901241086,-0.6267065854375798,0.2240596690986776,-0.19381993229482555,0.14949196090363492,1462.6007796992376,1416.6627482933834,151.80859920347896,151.42055984940706,1.0000000048789124,1.000000004089273,0.21717401730842217,0.21582585078910563,3.4196315112922093e-07,5.432394516446948e-07,25,38,3,34,3,28,1,0.0,0.0,0.0,0.0,0.0,0,,,,,,1,0.0,0.0,0.0,0.0,0.0,0,,,,,,0,0,1,1.3899230628927603e-09,1.0333518485339255e-09,3.853077345229313e-11,9.95322213354305e-14,1.0333518485339255e-09,5.928357692259908e-08,4.2126608867931736e-08,2.1910668111279046e-09,6.0992322303832225e-12,4.2126608867931736e-08,2.125854136732823e-09,1.3813878929624934e-09,2.547772178414694e-11,1.7252865802674933e-13,1.3813878929624934e-09,3.06243007864492e-10,2.0123708949215668e-10,5.749917379611428e-12,1.7513490657705688e-12,2.0123708949215668e-10,,,,,,,,,
2026-03-22T15:34:20Z,test_cases/pglib_opf_case300_ieee.mat,pglib_opf_case300_ieee,oracle_ac_bounds_dual__Pg_Va,oracle_ac_bounds_dual,bounds_only,ac_true,1,0,Pg+Va,2,,,optimal,ok,1,4833.443042644215,560386.5297993344,115.9394090000535,0,0.011802196502685547,0.04163932800292969,1.9372708797454834,1.978910207748413,1.978910207748413,1.9907124042510986,acopf_acdc_paper_study/cases/pglib_opf_case300_ieee/logs/oracle_ac_bounds_dual__Pg_Va.log,0,272,7.290290067241764e-10,8.818368257834663e-11,2.4370007523089043e-07,7.808851630338203e-08,7.808851630338203e-08,1.694,,,1.694,True,100.0,300,411,69,69,201,1,68,231,23525.85,7787.97,36077.0,0.0,12687.18,-8443.15,411,0,0,2,1,565219.9728419763,23950.96729396094,7793.636971694427,0.939999990021069,1.0600000105757046,1.0211192514555887,0.028678325900893843,-0.6267065854376488,0.22405966909850195,-0.19381993229504207,0.14949196090337205,1462.6007796992376,1416.6627482933864,151.80859920510292,151.420559848419,1.000000004878913,1.000000004089273,0.21717401730849417,0.21582585078871103,3.4196189346857864e-07,5.432394516446948e-07,25,38,3,34,3,28,1,0.0,0.0,0.0,0.0,0.0,0,,,,,,0,,,,,,1,0.0,0.0,0.0,0.0,0.0,0,0,1,1.4345528551426723e-09,1.0356235868869135e-09,3.992769757619226e-11,1.00400953519788e-13,1.0356235868869135e-09,6.34527247375793e-08,4.646615137104959e-08,2.3252910311314426e-09,5.168310224235029e-12,4.646615137104959e-08,2.1324652399765652e-09,1.348086531294257e-09,2.6103903113157875e-11,1.4088730182493236e-13,1.348086531294257e-09,3.12462939851719e-10,2.0107646797606904e-10,5.875836534633323e-12,1.9858533220618035e-12,2.0107646797606904e-10,,,,,,,,,
2026-03-22T15:34:21Z,test_cases/pglib_opf_case300_ieee.mat,pglib_opf_case300_ieee,oracle_ac_bounds_dual__Qg_Vm,oracle_ac_bounds_dual,bounds_only,ac_true,1,0,Qg+Vm,2,,,optimal,ok,1,4833.443042643783,560386.5297992838,115.93940900004306,0,0.011802196502685547,0.04388785362243652,0.7258579730987549,0.7697458267211914,0.7697458267211914,0.781548023223877,acopf_acdc_paper_study/cases/pglib_opf_case300_ieee/logs/oracle_ac_bounds_dual__Qg_Vm.log,0,80,1.5155594127109936e-09,9.030554082301023e-11,2.4370007523089043e-07,7.85945568364848e-08,7.85945568364848e-08,0.474,,,0.474,True,100.0,300,411,69,69,201,1,68,231,23525.85,7787.97,36077.0,0.0,12687.18,-8443.15,411,0,0,2,1,565219.9728419258,23950.967293964484,7793.636971872867,0.939999990021069,1.0600000105757046,1.0211192514558274,0.028678325902708805,-0.6267065854374027,0.22405966909849132,-0.19381993229500055,0.1494919609036532,1462.6007796992371,1416.6627482933836,151.80859919518997,151.42055985411716,1.0000000048789124,1.0000000040892727,0.21717401730758584,0.2158258507904907,3.4196762044302886e-07,5.432394232229854e-07,25,38,3,34,3,28,0,,,,,,1,0.0,0.0,0.0,0.0,0.0,1,0.0,0.0,0.0,0.0,0.0,0,,,,,,0,0,1,1.4010662026955232e-09,1.0349723300606684e-09,3.983961167246282e-11,1.0287544592574356e-13,1.0349723300606684e-09,4.408374791821821e-08,2.714120328484171e-08,1.6047163914707605e-09,5.74429392941056e-12,2.714120328484171e-08,2.146028378120048e-09,1.5052246116198376e-09,2.293931193146174e-11,1.6181500583911657e-13,1.5052246116198376e-09,2.8973547850912337e-10,2.0130274530627545e-10,5.0275766680605665e-12,1.6218137943724287e-12,2.0130274530627545e-10,,,,,,,,,
2026-03-22T15:34:22Z,test_cases/pglib_opf_case300_ieee.mat,pglib_opf_case300_ieee,oracle_ac_bounds_dual__Qg_Va,oracle_ac_bounds_dual,bounds_only,ac_true,1,0,Qg+Va,2,,,optimal,ok,1,4833.443042644194,560386.529799332,115.93940900005302,0,0.011802196502685547,0.0316929817199707,1.6022939682006836,1.6339869499206543,1.6339869499206543,1.6457891464233398,acopf_acdc_paper_study/cases/pglib_opf_case300_ieee/logs/oracle_ac_bounds_dual__Qg_Va.log,0,219,7.282301407195345e-10,8.822986785617104e-11,2.4370007523089043e-07,7.808855908965451e-08,7.808855908965451e-08,1.362,,,1.362,True,100.0,300,411,69,69,201,1,68,231,23525.85,7787.97,36077.0,0.0,12687.18,-8443.15,411,0,0,2,1,565219.972841974,23950.96729396159,7793.636971697747,0.939999990021069,1.0600000105757046,1.021119251455616,0.02867832590088037,-0.6267065854361503,0.22405966909805133,-0.19381993229545974,0.1494919609036315,1462.6007796992378,1416.6627482933836,151.8085992051426,151.42055984845254,1.0000000048789126,1.0000000040892725,0.21717401730862795,0.21582585078883995,3.4196192189028807e-07,5.432393948012759e-07,25,38,3,34,3,28,0,,,,,,1,0.0,0.0,0.0,0.0,0.0,0,,,,,,1,0.0,0.0,0.0,0.0,0.0,0,0,1,1.4367059481856567e-09,1.0426497443205562e-09,3.98825317311159e-11,1.0096859460815416e-13,1.0426497443205562e-09,6.347630386054918e-08,4.6481952509225266e-08,2.3261815244264876e-09,5.715872219980156e-12,4.6481952509225266e-08,2.133225248536414e-09,1.3481653571290053e-09,2.6139201173928466e-11,1.7974510768681284e-13,1.3481653571290053e-09,3.111045926853309e-10,2.0126719735280574e-10,5.738989828791193e-12,1.796132687026386e-12,2.0126719735280574e-10,,,,,,,,,
2026-03-22T15:34:23Z,test_cases/pglib_opf_case300_ieee.mat,pglib_opf_case300_ieee,oracle_ac_bounds_dual__Vm_Va,oracle_ac_bounds_dual,bounds_only,ac_true,1,0,Vm+Va,2,,,optimal,ok,1,4833.443042644055,560386.5297993155,115.93940900004961,0,0.011802196502685547,0.04841303825378418,0.7515420913696289,0.7999551296234131,0.7999551296234131,0.8117573261260986,acopf_acdc_paper_study/cases/pglib_opf_case300_ieee/logs/oracle_ac_bounds_dual__Vm_Va.log,0,88,9.667023266779387e-10,8.44098124730408e-11,2.4370007523089043e-07,7.830537588548498e-08,7.830537588548498e-08,0.518,,,0.518,True,100.0,300,411,69,69,201,1,68,231,23525.85,7787.97,36077.0,0.0,12687.18,-8443.15,411,0,0,2,1,565219.9728419575,23950.967293962818,7793.636971781608,0.939999990021069,1.0600000105757046,1.0211192514558889,0.028678325901875815,-0.6267065854373015,0.2240596690984314,-0.19381993229490654,0.14949196090358804,1462.6007796992378,1416.6627482933845,151.80859920007373,151.42055985105378,1.0000000048789137,1.0000000040892727,0.21717401730791763,0.21582585078950262,3.4196516196516313e-07,5.432394232229854e-07,25,38,3,34,3,28,0,,,,,,0,,,,,,1,0.0,0.0,0.0,0.0,0.0,1,0.0,0.0,0.0,0.0,0.0,0,0,1,1.4401808832647488e-09,1.0369827219136596e-09,4.0632449649157235e-11,1.010606876035999e-13,1.0369827219136596e-09,5.2298624890226926e-08,3.3687734379839185e-08,1.9331292066802354e-09,5.5071502913506265e-12,3.3687734379839185e-08,2.1409330369962858e-09,1.463497101283906e-09,2.4318561978968015e-11,1.66644475996236e-13,1.463497101283906e-09,2.961222124598469e-10,2.007487232003058e-10,5.347459140712015e-12,1.7336687641034132e-12,2.007487232003058e-10,,,,,,,,,
2026-03-22T15:34:24Z,test_cases/pglib_opf_case300_ieee.mat,pglib_opf_case300_ieee,oracle_ac_bounds_dual__Pg_Qg_Vm,oracle_ac_bounds_dual,bounds_only,ac_true,1,0,Pg+Qg+Vm,3,,,optimal,ok,1,4833.443042644129,560386.5297993241,115.93940900005138,0,0.011802196502685547,0.04332709312438965,0.9558961391448975,0.9992232322692871,0.9992232322692871,1.0110254287719727,acopf_acdc_paper_study/cases/pglib_opf_case300_ieee/logs/oracle_ac_bounds_dual__Pg_Qg_Vm.log,0,124,7.283477253636455e-10,8.818190622150723e-11,2.4370007523089043e-07,7.808852038745787e-08,7.808852038745787e-08,0.721,,,0.721,True,100.0,300,411,69,69,201,1,68,231,23525.85,7787.97,36077.0,0.0,12687.18,-8443.15,411,0,0,2,1,565219.9728419661,23950.96729396195,7793.636971701391,0.939999990021069,1.0600000105757046,1.021119251455565,0.028678325900900067,-0.6267065854376637,0.22405966909867495,-0.19381993229485692,0.14949196090365316,1462.6007796992371,1416.6627482933827,151.80859920514214,151.4205598485184,1.0000000048789137,1.0000000040892727,0.21717401730863464,0.21582585078886082,3.419619147848607e-07,5.432394232229854e-07,25,38,3,34,3,28,1,0.0,0.0,0.0,0.0,0.0,1,0.0,0.0,0.0,0.0,0.0,1,0.0,0.0,0.0,0.0,0.0,0,,,,,,0,0,1,1.388356246853318e-09,1.0331704380917017e-09,3.8259220536930317e-11,9.86704993016236e-14,1.0331704380917017e-09,6.335269048053115e-08,4.6365647321522374e-08,2.3226486105294686e-09,6.144640352090391e-12,4.6365647321522374e-08,2.1324164353797225e-09,1.348631428754743e-09,2.6107354426467093e-11,1.7447154831984335e-13,1.348631428754743e-09,3.126887005569844e-10,2.0123679805861272e-10,5.9193456285304886e-12,1.7130602492088087e-12,2.0123679805861272e-10,,,,,,,,,
2026-03-22T15:34:26Z,test_cases/pglib_opf_case300_ieee.mat,pglib_opf_case300_ieee,oracle_ac_bounds_dual__Pg_Qg_Va,oracle_ac_bounds_dual,bounds_only,ac_true,1,0,Pg+Qg+Va,3,,,optimal,ok,1,4833.443042644192,560386.5297993316,115.93940900005293,0,0.011802196502685547,0.04805111885070801,1.5945608615875244,1.6426119804382324,1.6426119804382324,1.654414176940918,acopf_acdc_paper_study/cases/pglib_opf_case300_ieee/logs/oracle_ac_bounds_dual__Pg_Qg_Va.log,0,224,7.292570836795349e-10,8.817657715098903e-11,2.4370007523089043e-07,7.808852034766156e-08,7.808852034766156e-08,1.365,,,1.365,True,100.0,300,411,69,69,201,1,68,231,23525.85,7787.97,36077.0,0.0,12687.18,-8443.15,411,0,0,2,1,565219.9728419735,23950.967293961512,7793.636971697782,0.939999990021069,1.0600000105757046,1.021119251455578,0.02867832590089333,-0.6267065854374463,0.22405966909850142,-0.19381993229487907,0.14949196090360894,1462.6007796992371,1416.6627482933836,151.80859920513416,151.4205598484522,1.0000000048789128,1.000000004089273,0.21717401730860728,0.2158258507888262,3.419618792577239e-07,5.432394516446948e-07,25,38,3,34,3,28,1,0.0,0.0,0.0,0.0,0.0,1,0.0,0.0,0.0,0.0,0.0,0,,,,,,1,0.0,0.0,0.0,0.0,0.0,0,0,1,1.4351465029840018e-09,1.036531527276452e-09,3.981812076461068e-11,9.87204982536017e-14,1.036531527276452e-09,6.345123714161144e-08,4.6462377945033495e-08,2.3254756700197598e-09,6.0320637373934005e-12,4.6462377945033495e-08,2.1325845650737143e-09,1.3480665472798137e-09,2.6113888829115695e-11,1.7219559111936178e-13,1.3480665472798137e-09,3.125547282085642e-10,2.0073625400796047e-10,5.842967505953941e-12,1.7097226412410294e-12,2.0073625400796047e-10,,,,,,,,,
2026-03-22T15:34:26Z,test_cases/pglib_opf_case300_ieee.mat,pglib_opf_case300_ieee,oracle_ac_bounds_dual__Pg_Vm_Va,oracle_ac_bounds_dual,bounds_only,ac_true,1,0,Pg+Vm+Va,3,,,optimal,ok,1,4833.443042644194,560386.5297993318,115.93940900005298,0,0.011802196502685547,0.03456521034240723,0.6587109565734863,0.6932761669158936,0.6932761669158936,0.7050783634185791,acopf_acdc_paper_study/cases/pglib_opf_case300_ieee/logs/oracle_ac_bounds_dual__Pg_Vm_Va.log,0,70,7.274382576326457e-10,8.814771135234878e-11,2.4370007523089043e-07,7.80885174032783e-08,7.80885174032783e-08,0.426,,,0.426,True,100.0,300,411,69,69,201,1,68,231,23525.85,7787.97,36077.0,0.0,12687.18,-8443.15,411,0,0,2,1,565219.9728419738,23950.967293961567,7793.636971700387,0.939999990021069,1.0600000105757046,1.0211192514555902,0.028678325900928198,-0.6267065854374478,0.22405966909849018,-0.19381993229487685,0.14949196090360492,1462.6007796992371,1416.6627482933839,151.8085992049706,151.42055984853633,1.0000000048789135,1.0000000040892725,0.2171740173085841,0.21582585078884844,3.4196204268255315e-07,5.432393948012759e-07,25,38,3,34,3,28,1,0.0,0.0,0.0,0.0,0.0,0,,,,,,1,0.0,0.0,0.0,0.0,0.0,1,0.0,0.0,0.0,0.0,0.0,0,0,1,1.434855902434459e-09,1.0362255498108652e-09,3.9838498915005474e-11,9.874556958180748e-14,1.0362255498108652e-09,6.304730140774867e-08,4.60549594016868e-08,2.3127004221211544e-09,5.965783422823279e-12,4.60549594016868e-08,2.1319395327897226e-09,1.3517453822942116e-09,2.6052865790641514e-11,1.7219559111936178e-13,1.3517453822942116e-09,3.1185746239786136e-10,2.0073144535448506e-10,5.823031390117065e-12,1.7265702756397161e-12,2.0073144535448506e-10,,,,,,,,,
2026-03-22T15:34:27Z,test_cases/pglib_opf_case300_ieee.mat,pglib_opf_case300_ieee,oracle_ac_bounds_dual__Qg_Vm_Va,oracle_ac_bounds_dual,bounds_only,ac_true,1,0,Qg+Vm+Va,3,,,optimal,ok,1,4833.443042643772,560386.5297992826,115.93940900004279,0,0.011802196502685547,0.046684980392456055,0.7027990818023682,0.7494840621948242,0.7494840621948242,0.7612862586975098,acopf_acdc_paper_study/cases/pglib_opf_case300_ieee/logs/oracle_ac_bounds_dual__Qg_Vm_Va.log,0,75,7.27888763949784e-10,9.01083652138368e-11,2.4370007523089043e-07,7.836130946885981e-08,7.836130946885981e-08,0.469,,,0.469,True,100.0,300,411,69,69,201,1,68,231,23525.85,7787.97,36077.0,0.0,12687.18,-8443.15,411,0,0,2,1,565219.9728419245,23950.967293957263,7793.636971692384,0.9399999900210689,1.0600000105757048,1.021119251455751,0.028678325900962025,-0.6267065854385307,0.22405966909858532,-0.193819932298142,0.1494919609034506,1462.6007796992362,1416.6627482934375,151.80859920439062,151.4205598479605,1.0000000048789126,1.0000000040892716,0.21717401730828648,0.215825850788518,3.4196185794144185e-07,5.432392811144382e-07,25,38,3,34,3,28,0,,,,,,1,0.0,0.0,0.0,0.0,0.0,1,0.0,0.0,0.0,0.0,0.0,1,0.0,0.0,0.0,0.0,0.0,0,0,1,2.4228024396377115e-09,1.6189476426120564e-09,8.860876739201287e-11,9.932222010964733e-14,1.6189476426120564e-09,6.296011196237077e-08,4.5992634145619604e-08,2.317463545340266e-09,1.3915979479861562e-11,4.5992634145619604e-08,2.1249799703972286e-09,1.3389234165828157e-09,2.630899239205083e-11,3.51163542688937e-13,1.3389234165828157e-09,3.315069490871234e-10,1.9917896498800047e-10,9.544734189935918e-12,6.433908961156476e-12,1.9917896498800047e-10,,,,,,,,,
2026-03-22T15:34:27Z,test_cases/pglib_opf_case300_ieee.mat,pglib_opf_case300_ieee,oracle_ac_bounds_dual__Pg_Qg_Vm_Va,oracle_ac_bounds_dual,bounds_only,ac_true,1,0,Pg+Qg+Vm+Va,4,,,optimal,ok,1,4833.44304264409,560386.5297993197,115.93940900005047,0,0.011802196502685547,0.04427003860473633,0.3256080150604248,0.36987805366516113,0.36987805366516113,0.3816802501678467,acopf_acdc_paper_study/cases/pglib_opf_case300_ieee/logs/oracle_ac_bounds_dual__Pg_Qg_Vm_Va.log,0,15,7.299393415387963e-10,8.817035990205113e-11,2.4370007523089043e-07,7.808853060363134e-08,7.808853060363134e-08,0.095,,,0.095,False,100.0,300,411,69,69,201,1,68,231,23525.85,7787.97,36077.0,0.0,12687.18,-8443.15,411,0,0,2,1,565219.9728419617,23950.967293961578,7793.636971698079,0.939999990021069,1.0600000105757046,1.0211192514555747,0.028678325900893652,-0.6267065854375423,0.22405966909841296,-0.19381993229501746,0.14949196090362588,1462.6007796992376,1416.6627482933839,151.80859920513745,151.42055984845598,1.0000000048789128,1.0000000040892725,0.21717401730861746,0.21582585078883587,3.4196185794144185e-07,5.432393948012759e-07,25,38,3,34,3,28,1,0.0,0.0,0.0,0.0,0.0,1,0.0,0.0,0.0,0.0,0.0,1,0.0,0.0,0.0,0.0,0.0,1,0.0,0.0,0.0,0.0,0.0,0,0,1,1.434960660411897e-09,1.0365064362360954e-09,3.980602998909345e-11,9.866080932411634e-14,1.0365064362360954e-09,6.344864156379372e-08,4.646081963599613e-08,2.3254034625824678e-09,6.10045347571031e-12,4.646081963599613e-08,2.1325192409358423e-09,1.348068767725863e-09,2.6114755913297927e-11,1.7352785874891197e-13,1.348068767725863e-09,3.122114961454474e-10,2.0078468054851584e-10,5.825014142910035e-12,1.5717219192801224e-12,2.0078468054851584e-10,,,,,,,,,
2026-03-22T15:34:28Z,test_cases/pglib_opf_case300_ieee.mat,pglib_opf_case300_ieee,oracle_ac_primal_dual_all_bounds__Pg,oracle_ac_primal_dual_all_bounds,full_all_bounds,ac_true,1,0,Pg,1,,,optimal,ok,1,4833.443042644142,560386.5297993259,115.93940900005175,0,0.011802196502685547,0.05022311210632324,0.6236729621887207,0.673896074295044,0.673896074295044,0.6856982707977295,acopf_acdc_paper_study/cases/pglib_opf_case300_ieee/logs/oracle_ac_primal_dual_all_bounds__Pg.log,0,54,1.0154349780790545e-09,1.837090479739345e-10,2.4370007523089043e-07,7.818314764265088e-08,7.818314764265088e-08,0.337,,,0.337,True,100.0,300,411,69,69,201,1,68,231,23525.85,7787.97,36077.0,0.0,12687.18,-8443.15,411,0,0,2,1,565219.9728419678,23950.967293962418,7793.636971766412,0.939999990021069,1.0600000105757046,1.0211192514538743,0.02867832590128719,-0.6267065854376044,0.22405966909856054,-0.19381993229496067,0.14949196090358566,1462.6007796992378,1416.6627482933836,151.8085992031923,151.42055985342714,1.000000004878913,1.0000000040892727,0.21717401731065336,0.21582585079167252,3.419625329570408e-07,5.432394232229854e-07,25,38,3,34,3,28,1,0.0,0.0,0.0,0.0,0.0,0,,,,,,0,,,,,,0,,,,,,1,1,1,1.4013810260013262e-09,1.036311925162181e-09,3.877555445643754e-11,9.930907765231685e-14,1.036311925162181e-09,4.9232644510780244e-08,3.255635983023808e-08,1.9232107918588986e-09,6.212586001197451e-12,3.255635983023808e-08,1.805817185401639e-09,1.248053660418691e-09,2.3222899159236476e-11,1.730837695390619e-13,1.248053660418691e-09,3.044755588694569e-10,2.0115218518634848e-10,5.6715597973253095e-12,1.6366491495389823e-12,2.0115218518634848e-10,,,,,,,,,
2026-03-22T15:34:29Z,test_cases/pglib_opf_case300_ieee.mat,pglib_opf_case300_ieee,oracle_ac_primal_dual_all_bounds__Qg,oracle_ac_primal_dual_all_bounds,full_all_bounds,ac_true,1,0,Qg,1,,,optimal,ok,1,4833.443042644025,560386.529799312,115.93940900004888,0,0.011802196502685547,0.034967660903930664,0.7191462516784668,0.7541139125823975,0.7541139125823975,0.765916109085083,acopf_acdc_paper_study/cases/pglib_opf_case300_ieee/logs/oracle_ac_primal_dual_all_bounds__Qg.log,0,39,8.094530599660611e-10,8.764899916968716e-11,2.4370007523089043e-07,7.82212343916608e-08,7.82212343916608e-08,0.401,,,0.401,True,100.0,300,411,69,69,201,1,68,231,23525.85,7787.97,36077.0,0.0,12687.18,-8443.15,411,0,0,2,1,565219.972841954,23950.96729396277,7793.636971759957,0.939999990021069,1.0600000105757046,1.021119251455774,0.02867832590160286,-0.6267065854375102,0.22405966909857583,-0.19381993229486227,0.14949196090362726,1462.6007796992371,1416.6627482933839,151.8085992015655,151.42055985040437,1.0000000048789128,1.0000000040892727,0.21717401730817573,0.21582585078937097,3.419643164193076e-07,5.432394232229854e-07,25,38,3,34,3,28,0,,,,,,1,0.0,0.0,0.0,0.0,0.0,0,,,,,,0,,,,,,1,1,1,1.4042986398258236e-09,1.0365364122577603e-09,3.922532400942248e-11,1.0041898116023243e-13,1.0365364122577603e-09,5.500155664878058e-08,3.724351360645528e-08,2.041768622933546e-09,6.167844013305057e-12,3.724351360645528e-08,2.126661286083338e-09,1.420266348972632e-09,2.4793533892619733e-11,1.7114087924596788e-13,1.420266348972632e-09,3.0004227664580066e-10,2.011202593354966e-10,5.546021735030234e-12,1.6552870185648771e-12,2.011202593354966e-10,,,,,,,,,
2026-03-22T15:34:31Z,test_cases/pglib_opf_case300_ieee.mat,pglib_opf_case300_ieee,oracle_ac_primal_dual_all_bounds__Vm,oracle_ac_primal_dual_all_bounds,full_all_bounds,ac_true,1,0,Vm,1,,,optimal,ok,1,4833.443042644172,560386.5297993293,115.93940900005246,0,0.011802196502685547,0.06053805351257324,2.0748379230499268,2.1353759765625,2.1353759765625,2.1471781730651855,acopf_acdc_paper_study/cases/pglib_opf_case300_ieee/logs/oracle_ac_primal_dual_all_bounds__Vm.log,0,63,7.293709029117091e-10,8.894573966244934e-11,2.4370007523089043e-07,7.808851747174641e-08,7.808851747174641e-08,1.265,,,1.265,True,100.0,300,411,69,69,201,1,68,231,23525.85,7787.97,36077.0,0.0,12687.18,-8443.15,411,0,0,2,1,565219.9728419713,23950.96729396192,7793.636971701379,0.939999990021069,1.0600000105757046,1.0211192514555505,0.028678325900897413,-0.6267065854376042,0.22405966909871503,-0.1938199322947866,0.14949196090364636,1462.6007796992371,1416.6627482933827,151.8085992051524,151.4205598485428,1.0000000048789133,1.0000000040892727,0.2171740173086506,0.215825850788876,3.41961900574006e-07,5.432394232229854e-07,25,38,3,34,3,28,0,,,,,,0,,,,,,1,0.0,0.0,0.0,0.0,0.0,0,,,,,,1,1,1,1.388260293751051e-09,1.0331058231116685e-09,3.8260137802916155e-11,9.866066879605644e-14,1.0331058231116685e-09,6.330105760037783e-08,4.632256311865035e-08,2.3215771749161298e-09,6.140421504596816e-12,4.632256311865035e-08,2.1295624646212224e-09,1.3437171375585422e-09,2.6093833760398864e-11,1.7591483825185605e-13,1.3437171375585422e-09,3.128991391493999e-10,2.0120415056279484e-10,5.928622714285181e-12,1.771985336240789e-12,2.0120415056279484e-10,,,,,,,,,
2026-03-22T15:34:32Z,test_cases/pglib_opf_case300_ieee.mat,pglib_opf_case300_ieee,oracle_ac_primal_dual_all_bounds__Va,oracle_ac_primal_dual_all_bounds,full_all_bounds,ac_true,1,0,Va,1,,,optimal,ok,1,4833.443042644146,560386.5297993264,115.93940900005187,0,0.011802196502685547,0.19628691673278809,0.6199350357055664,0.8162219524383545,0.8162219524383545,0.82802414894104,acopf_acdc_paper_study/cases/pglib_opf_case300_ieee/logs/oracle_ac_primal_dual_all_bounds__Va.log,0,6,7.289160756140679e-10,8.817835350782843e-11,2.4370007523089043e-07,7.808851948728045e-08,7.808851948728045e-08,0.102,,,0.102,False,100.0,300,411,69,69,201,1,68,231,23525.85,7787.97,36077.0,0.0,12687.18,-8443.15,411,0,0,2,1,565219.9728419684,23950.96729396155,7793.636971697977,0.939999990021069,1.0600000105757046,1.0211192514555756,0.028678325900894253,-0.6267065854375108,0.22405966909845346,-0.1938199322949401,0.14949196090361838,1462.6007796992371,1416.6627482933836,151.80859920513595,151.42055984845356,1.0000000048789124,1.0000000040892734,0.21717401730861208,0.2158258507888304,3.41961900574006e-07,5.432395084881136e-07,25,38,3,34,3,28,0,,,,,,0,,,,,,0,,,,,,1,0.0,0.0,0.0,0.0,0.0,1,1,1,1.4353678506985554e-09,1.0366096869773855e-09,3.983477630537995e-11,9.868375367318223e-14,1.0366096869773855e-09,6.345125837767734e-08,4.646269768926459e-08,2.3254706138790687e-09,6.036504629491901e-12,4.646269768926459e-08,2.132571335617938e-09,1.3480874194726766e-09,2.611452831757788e-11,1.7341683644644945e-13,1.3480874194726766e-09,3.123980807196928e-10,2.0075278245323958e-10,5.837835338115086e-12,1.6390985790870616e-12,2.0075278245323958e-10,,,,,,,,,
2026-03-22T15:34:33Z,test_cases/pglib_opf_case300_ieee.mat,pglib_opf_case300_ieee,oracle_ac_primal_dual_all_bounds__Pg_Qg,oracle_ac_primal_dual_all_bounds,full_all_bounds,ac_true,1,0,Pg+Qg,2,,,optimal,ok,1,4833.443042644158,560386.5297993275,115.93940900005208,0,0.011802196502685547,0.1614971160888672,0.7424988746643066,0.9039959907531738,0.9039959907531738,0.9157981872558594,acopf_acdc_paper_study/cases/pglib_opf_case300_ieee/logs/oracle_ac_primal_dual_all_bounds__Pg_Qg.log,0,36,7.295982757168789e-10,8.817746532940873e-11,2.4370007523089043e-07,7.808851743682983e-08,7.808851743682983e-08,0.348,,,0.348,False,100.0,300,411,69,69,201,1,68,231,23525.85,7787.97,36077.0,0.0,12687.18,-8443.15,411,0,0,2,1,565219.9728419695,23950.967293961887,7793.636971700496,0.939999990021069,1.0600000105757046,1.0211192514555683,0.028678325900893514,-0.6267065854376204,0.2240596690986321,-0.19381993229482258,0.14949196090364122,1462.6007796992371,1416.6627482933836,151.80859920514126,151.42055984850074,1.0000000048789128,1.000000004089273,0.2171740173086259,0.21582585078884664,3.4196189346857864e-07,5.432394516446948e-07,25,38,3,34,3,28,1,0.0,0.0,0.0,0.0,0.0,1,0.0,0.0,0.0,0.0,0.0,0,,,,,,0,,,,,,1,1,1,1.4002743969480352e-09,1.035876495691923e-09,3.863737740100792e-11,9.865816959887579e-14,1.035876495691923e-09,6.33729744871443e-08,4.638881279106499e-08,2.3235555315049856e-09,6.140088437689428e-12,4.638881279106499e-08,2.1326396152111695e-09,1.3481094018885642e-09,2.6114712614599968e-11,1.7330581414398694e-13,1.3481094018885642e-09,3.1278784945612745e-10,2.0110242637816356e-10,5.912083604793506e-12,1.6937284907925232e-12,2.0110242637816356e-10,,,,,,,,,
2026-03-22T15:34:34Z,test_cases/pglib_opf_case300_ieee.mat,pglib_opf_case300_ieee,oracle_ac_primal_dual_all_bounds__Pg_Vm,oracle_ac_primal_dual_all_bounds,full_all_bounds,ac_true,1,0,Pg+Vm,2,,,optimal,ok,1,4833.443042644101,560386.5297993211,115.93940900005076,0,0.011802196502685547,0.062150001525878906,0.7223560810089111,0.78450608253479,0.78450608253479,0.7963082790374756,acopf_acdc_paper_study/cases/pglib_opf_case300_ieee/logs/oracle_ac_primal_dual_all_bounds__Pg_Vm.log,0,64,8.872546212859562e-10,8.885736590968918e-11,2.4370007523089043e-07,7.826313901550027e-08,7.826313901550027e-08,0.443,,,0.443,True,100.0,300,411,69,69,201,1,68,231,23525.85,7787.97,36077.0,0.0,12687.18,-8443.15,411,0,0,2,1,565219.972841963,23950.96729396299,7793.636971772829,0.939999990021069,1.0600000105757046,1.0211192514557725,0.028678325901734362,-0.6267065854374413,0.2240596690986983,-0.19381993229475838,0.14949196090361785,1462.6007796992378,1416.662748293384,151.80859920087548,151.42055985084727,1.0000000048789133,1.0000000040892725,0.21717401730812513,0.21582585078951466,3.4196470721781225e-07,5.432393948012759e-07,25,38,3,34,3,28,1,0.0,0.0,0.0,0.0,0.0,0,,,,,,1,0.0,0.0,0.0,0.0,0.0,0,,,,,,1,1,1,1.3928113245253028e-09,1.0335767797187145e-09,3.89592817499284e-11,1.0071099521293298e-13,1.0335767797187145e-09,5.337859980406886e-08,3.529821279713019e-08,1.983050914349716e-09,5.980105299840943e-12,3.529821279713019e-08,2.122267682680373e-09,1.4253174196454665e-09,2.4507941972136866e-11,1.6819878823071122e-13,1.4253174196454665e-09,2.9849781445516466e-10,2.0119268057117168e-10,5.51940187420071e-12,1.8420265313068285e-12,2.0119268057117168e-10,,,,,,,,,
2026-03-22T15:34:34Z,test_cases/pglib_opf_case300_ieee.mat,pglib_opf_case300_ieee,oracle_ac_primal_dual_all_bounds__Pg_Va,oracle_ac_primal_dual_all_bounds,full_all_bounds,ac_true,1,0,Pg+Va,2,,,optimal,ok,1,4833.443042644178,560386.5297993302,115.93940900005263,0,0.011802196502685547,0.04474806785583496,0.2979867458343506,0.34273481369018555,0.34273481369018555,0.3545370101928711,acopf_acdc_paper_study/cases/pglib_opf_case300_ieee/logs/oracle_ac_primal_dual_all_bounds__Pg_Va.log,0,6,7.292570673913031e-10,8.817346852652008e-11,2.4370007523089043e-07,7.80885213491152e-08,7.80885213491152e-08,0.053,,,0.053,False,100.0,300,411,69,69,201,1,68,231,23525.85,7787.97,36077.0,0.0,12687.18,-8443.15,411,0,0,2,1,565219.9728419721,23950.967293961538,7793.636971697861,0.939999990021069,1.0600000105757046,1.0211192514555782,0.02867832590089389,-0.6267065854374692,0.22405966909849362,-0.193819932294897,0.14949196090361233,1462.600779699238,1416.6627482933845,151.80859920513498,151.42055984845237,1.0000000048789137,1.0000000040892725,0.21717401730860875,0.21582585078882716,3.4196187215229656e-07,5.432393948012759e-07,25,38,3,34,3,28,1,0.0,0.0,0.0,0.0,0.0,0,,,,,,0,,,,,,1,0.0,0.0,0.0,0.0,0.0,1,1,1,1.4353283402202733e-09,1.0365457381311671e-09,3.9832094269780117e-11,9.871066504811702e-14,1.0365457381311671e-09,6.345203080038685e-08,4.646372042671487e-08,2.325466948433505e-09,5.9935389984389076e-12,4.646372042671487e-08,2.1325665107749576e-09,1.348103850773441e-09,2.611348692838078e-11,1.730837695390619e-13,1.348103850773441e-09,3.124927608070511e-10,2.0073101514306302e-10,5.843703095205488e-12,1.6897871990551039e-12,2.0073101514306302e-10,,,,,,,,,
2026-03-22T15:34:35Z,test_cases/pglib_opf_case300_ieee.mat,pglib_opf_case300_ieee,oracle_ac_primal_dual_all_bounds__Qg_Vm,oracle_ac_primal_dual_all_bounds,full_all_bounds,ac_true,1,0,Qg+Vm,2,,,optimal,ok,1,4833.443042644149,560386.5297993266,115.9394090000519,0,0.011802196502685547,0.04986381530761719,0.5427799224853516,0.5926437377929688,0.5926437377929688,0.6044459342956543,acopf_acdc_paper_study/cases/pglib_opf_case300_ieee/logs/oracle_ac_primal_dual_all_bounds__Qg_Vm.log,0,47,7.176613647765996e-10,8.799316830732096e-11,2.4370007523089043e-07,7.808851758567647e-08,7.808851758567647e-08,0.307,,,0.307,True,100.0,300,411,69,69,201,1,68,231,23525.85,7787.97,36077.0,0.0,12687.18,-8443.15,411,0,0,2,1,565219.9728419685,23950.967293962203,7793.636971718853,0.939999990021069,1.0600000105757046,1.021119251455644,0.028678325901123045,-0.6267065854375818,0.22405966909869715,-0.1938199322947935,0.14949196090363723,1462.6007796992371,1416.6627482933836,151.8085992040673,151.4205598490765,1.0000000048789128,1.000000004089273,0.21717401730848584,0.21582585078900748,3.419627034872974e-07,5.432394516446948e-07,25,38,3,34,3,28,0,,,,,,1,0.0,0.0,0.0,0.0,0.0,1,0.0,0.0,0.0,0.0,0.0,0,,,,,,1,1,1,1.389326374886886e-09,1.0332386057854137e-09,3.843135477659819e-11,9.924235676118251e-14,1.0332386057854137e-09,6.073514919084986e-08,4.366795858246064e-08,2.238562700394551e-09,6.107447880765449e-12,4.366795858246064e-08,2.128917799090847e-09,1.3719934077727203e-09,2.5706135738564246e-11,1.7275070263167436e-13,1.3719934077727203e-09,3.084953522345976e-10,2.012161548492486e-10,5.812909161540906e-12,1.7751078384975472e-12,2.012161548492486e-10,,,,,,,,,
2026-03-22T15:34:35Z,test_cases/pglib_opf_case300_ieee.mat,pglib_opf_case300_ieee,oracle_ac_primal_dual_all_bounds__Qg_Va,oracle_ac_primal_dual_all_bounds,full_all_bounds,ac_true,1,0,Qg+Va,2,,,optimal,ok,1,4833.4430426441095,560386.529799322,115.93940900005096,0,0.011802196502685547,0.045983076095581055,0.29026103019714355,0.3362441062927246,0.3362441062927246,0.34804630279541016,acopf_acdc_paper_study/cases/pglib_opf_case300_ieee/logs/oracle_ac_primal_dual_all_bounds__Qg_Va.log,0,7,7.29370901987252e-10,8.817790941861858e-11,2.4370007523089043e-07,7.808851738832296e-08,7.808851738832296e-08,0.055,,,0.055,False,100.0,300,411,69,69,201,1,68,231,23525.85,7787.97,36077.0,0.0,12687.18,-8443.15,411,0,0,2,1,565219.972841964,23950.967293961556,7793.636971698025,0.939999990021069,1.0600000105757046,1.0211192514555743,0.028678325900894183,-0.626706585437547,0.22405966909843256,-0.1938199322949881,0.149491960903624,1462.600779699237,1416.6627482933834,151.8085992051368,151.42055984845476,1.0000000048789128,1.000000004089273,0.21717401730861557,0.2158258507888337,3.4196185794144185e-07,5.432394516446948e-07,25,38,3,34,3,28,0,,,,,,1,0.0,0.0,0.0,0.0,0.0,0,,,,,,1,0.0,0.0,0.0,0.0,0.0,1,1,1,1.4354208374749493e-09,1.036697172551726e-09,3.983449093236498e-11,9.865571333567765e-14,1.036697172551726e-09,6.345058058150636e-08,4.6461842373446416e-08,2.325475295269207e-09,6.1810556672980965e-12,4.6461842373446416e-08,2.1325728883238985e-09,1.3480674354582334e-09,2.611513597964669e-11,1.730837695390619e-13,1.3480674354582334e-09,3.122981227015292e-10,2.007819674409994e-10,5.8327228723981105e-12,1.5860993074490182e-12,2.007819674409994e-10,,,,,,,,,
2026-03-22T15:34:35Z,test_cases/pglib_opf_case300_ieee.mat,pglib_opf_case300_ieee,oracle_ac_primal_dual_all_bounds__Vm_Va,oracle_ac_primal_dual_all_bounds,full_all_bounds,ac_true,1,0,Vm+Va,2,,,optimal,ok,1,4833.443042644193,560386.5297993318,115.93940900005298,0,0.011802196502685547,0.05187582969665527,0.26678919792175293,0.3186650276184082,0.3186650276184082,0.33046722412109375,acopf_acdc_paper_study/cases/pglib_opf_case300_ieee/logs/oracle_ac_primal_dual_all_bounds__Vm_Va.log,0,3,7.292572152496656e-10,8.816192220706398e-11,2.4370007523089043e-07,7.808849747723015e-08,7.808849747723015e-08,0.032,,,0.032,False,100.0,300,411,69,69,201,1,68,231,23525.85,7787.97,36077.0,0.0,12687.18,-8443.15,411,0,0,2,1,565219.9728419738,23950.967293961534,7793.636971697818,0.939999990021069,1.0600000105757046,1.0211192514555774,0.02867832590089332,-0.62670658543746,0.22405966909848857,-0.19381993229488595,0.1494919609036071,1462.6007796992371,1416.662748293384,151.80859920513396,151.42055984845226,1.000000004878913,1.0000000040892727,0.21717401730860714,0.2158258507888265,3.4196187215229656e-07,5.432394232229854e-07,25,38,3,34,3,28,0,,,,,,0,,,,,,1,0.0,0.0,0.0,0.0,0.0,1,0.0,0.0,0.0,0.0,0.0,1,1,1,1.4346390132137543e-09,1.0361764779531768e-09,3.980633373774361e-11,9.865068900093233e-14,1.0361764779531768e-09,6.345126025137669e-08,4.646238416228243e-08,2.3254929086960275e-09,5.983769035822206e-12,4.646238416228243e-08,2.132630936539979e-09,1.348130940215242e-09,2.6114707803633528e-11,1.7286172493413687e-13,1.348130940215242e-09,3.125511800236583e-10,2.0074170103967504e-10,5.837686767722986e-12,1.713865160901662e-12,2.0074170103967504e-10,,,,,,,,,
2026-03-22T15:34:36Z,test_cases/pglib_opf_case300_ieee.mat,pglib_opf_case300_ieee,oracle_ac_primal_dual_all_bounds__Pg_Qg_Vm,oracle_ac_primal_dual_all_bounds,full_all_bounds,ac_true,1,0,Pg+Qg+Vm,3,,,optimal,ok,1,4833.443042644276,560386.5297993412,115.93940900005492,0,0.011802196502685547,0.04419207572937012,0.6860918998718262,0.7302839756011963,0.7302839756011963,0.7420861721038818,acopf_acdc_paper_study/cases/pglib_opf_case300_ieee/logs/oracle_ac_primal_dual_all_bounds__Pg_Qg_Vm.log,0,70,7.292572150741709e-10,8.817613306177918e-11,2.4370007523089043e-07,7.808851750459392e-08,7.808851750459392e-08,0.436,,,0.436,True,100.0,300,411,69,69,201,1,68,231,23525.85,7787.97,36077.0,0.0,12687.18,-8443.15,411,0,0,2,1,565219.9728419832,23950.96729396185,7793.636971700471,0.939999990021069,1.0600000105757046,1.021119251455568,0.028678325900893746,-0.626706585437541,0.22405966909879932,-0.19381993229466413,0.1494919609036248,1462.6007796992378,1416.6627482933839,151.8085992051614,151.42055984849972,1.0000000048789137,1.0000000040892727,0.21717401730862196,0.2158258507888423,3.41961900574006e-07,5.432394232229854e-07,25,38,3,34,3,28,1,0.0,0.0,0.0,0.0,0.0,1,0.0,0.0,0.0,0.0,0.0,1,0.0,0.0,0.0,0.0,0.0,0,,,,,,1,1,1,1.387925287435641e-09,1.0326492994039427e-09,3.827135896665022e-11,9.865670891702803e-14,1.0326492994039427e-09,6.341614744104043e-08,4.6429202260611646e-08,2.3246343098759664e-09,5.934142066621462e-12,4.6429202260611646e-08,2.132566629222459e-09,1.3480847549374175e-09,2.611528474953199e-11,1.729727472365994e-13,1.3480847549374175e-09,3.13275526790869e-10,2.0115012433485902e-10,5.949794129600505e-12,1.9344872925763923e-12,2.0115012433485902e-10,,,,,,,,,
2026-03-22T15:34:36Z,test_cases/pglib_opf_case300_ieee.mat,pglib_opf_case300_ieee,oracle_ac_primal_dual_all_bounds__Pg_Qg_Va,oracle_ac_primal_dual_all_bounds,full_all_bounds,ac_true,1,0,Pg+Qg+Va,3,,,optimal,ok,1,4833.443042644167,560386.5297993287,115.93940900005232,0,0.011802196502685547,0.021009206771850586,0.3069026470184326,0.3279118537902832,0.3279118537902832,0.33971405029296875,acopf_acdc_paper_study/cases/pglib_opf_case300_ieee/logs/oracle_ac_primal_dual_all_bounds__Pg_Qg_Va.log,0,7,7.298256493454971e-10,8.817835350782843e-11,2.4370007523089043e-07,7.808851738811796e-08,7.808851738811796e-08,0.051,,,0.051,False,100.0,300,411,69,69,201,1,68,231,23525.85,7787.97,36077.0,0.0,12687.18,-8443.15,411,0,0,2,1,565219.9728419706,23950.967293961538,7793.636971697802,0.939999990021069,1.0600000105757046,1.0211192514555762,0.028678325900893576,-0.626706585437485,0.22405966909848646,-0.1938199322949113,0.14949196090361327,1462.6007796992378,1416.6627482933843,151.80859920513498,151.42055984845314,1.0000000048789128,1.0000000040892727,0.21717401730860972,0.21582585078882852,3.419618295197324e-07,5.432394232229854e-07,25,38,3,34,3,28,1,0.0,0.0,0.0,0.0,0.0,1,0.0,0.0,0.0,0.0,0.0,0,,,,,,1,0.0,0.0,0.0,0.0,0.0,1,1,1,1.4351209911508886e-09,1.0365095448605643e-09,3.9824300077190955e-11,9.865570277423559e-14,1.0365095448605643e-09,6.345066056847526e-08,4.6461994251956185e-08,2.3254642725848316e-09,6.080913550476907e-12,4.6461994251956185e-08,2.132571466533559e-09,1.3480667693244186e-09,2.611427962762036e-11,1.7263968032921184e-13,1.3480667693244186e-09,3.1248139081891013e-10,2.0074900075606195e-10,5.839216753351917e-12,1.677144534362185e-12,2.0074900075606195e-10,,,,,,,,,
2026-03-22T15:34:37Z,test_cases/pglib_opf_case300_ieee.mat,pglib_opf_case300_ieee,oracle_ac_primal_dual_all_bounds__Pg_Vm_Va,oracle_ac_primal_dual_all_bounds,full_all_bounds,ac_true,1,0,Pg+Vm+Va,3,,,optimal,ok,1,4833.44304264418,560386.5297993303,115.93940900005266,0,0.011802196502685547,0.05929994583129883,0.26497507095336914,0.32427501678466797,0.32427501678466797,0.3360772132873535,acopf_acdc_paper_study/cases/pglib_opf_case300_ieee/logs/oracle_ac_primal_dual_all_bounds__Pg_Vm_Va.log,0,3,7.291435282282966e-10,8.816147811785413e-11,2.4370007523089043e-07,7.808850059308054e-08,7.808850059308054e-08,0.028,,,0.028,False,100.0,300,411,69,69,201,1,68,231,23525.85,7787.97,36077.0,0.0,12687.18,-8443.15,411,0,0,2,1,565219.9728419723,23950.967293961516,7793.636971697849,0.939999990021069,1.0600000105757046,1.0211192514555767,0.028678325900893486,-0.6267065854374821,0.22405966909847902,-0.19381993229489883,0.14949196090360747,1462.6007796992376,1416.662748293384,151.80859920513413,151.42055984845226,1.0000000048789128,1.0000000040892725,0.21717401730860766,0.2158258507888269,3.4196187215229656e-07,5.432393948012759e-07,25,38,3,34,3,28,1,0.0,0.0,0.0,0.0,0.0,0,,,,,,1,0.0,0.0,0.0,0.0,0.0,1,0.0,0.0,0.0,0.0,0.0,1,1,1,1.4346409512799503e-09,1.0361991265028792e-09,3.980486294294414e-11,9.864844727529786e-14,1.0361991265028792e-09,6.345109233151725e-08,4.646221496429348e-08,2.3254906522481807e-09,6.041611655405177e-12,4.646221496429348e-08,2.132631804687265e-09,1.348133604750501e-09,2.6114800692293255e-11,1.7330581414398694e-13,1.348133604750501e-09,3.1252567469966734e-10,2.0075043016820615e-10,5.836831187648606e-12,1.7029294641091042e-12,2.0075043016820615e-10,,,,,,,,,
2026-03-22T15:34:37Z,test_cases/pglib_opf_case300_ieee.mat,pglib_opf_case300_ieee,oracle_ac_primal_dual_all_bounds__Qg_Vm_Va,oracle_ac_primal_dual_all_bounds,full_all_bounds,ac_true,1,0,Qg+Vm+Va,3,,,optimal,ok,1,4833.44304264417,560386.529799329,115.9394090000524,0,0.011802196502685547,0.04756593704223633,0.26306891441345215,0.3106348514556885,0.3106348514556885,0.322437047958374,acopf_acdc_paper_study/cases/pglib_opf_case300_ieee/logs/oracle_ac_primal_dual_all_bounds__Qg_Vm_Va.log,0,3,7.292572151741473e-10,8.817480079414963e-11,2.4370007523089043e-07,7.808851726629294e-08,7.808851726629294e-08,0.031,,,0.031,False,100.0,300,411,69,69,201,1,68,231,23525.85,7787.97,36077.0,0.0,12687.18,-8443.15,411,0,0,2,1,565219.972841971,23950.967293961545,7793.636971697856,0.939999990021069,1.0600000105757046,1.021119251455576,0.028678325900893847,-0.6267065854374886,0.22405966909846226,-0.1938199322949214,0.14949196090361114,1462.6007796992371,1416.6627482933839,151.80859920513487,151.42055984845365,1.0000000048789128,1.0000000040892727,0.21717401730861002,0.21582585078882915,3.4196187215229656e-07,5.432394232229854e-07,25,38,3,34,3,28,0,,,,,,1,0.0,0.0,0.0,0.0,0.0,1,0.0,0.0,0.0,0.0,0.0,1,0.0,0.0,0.0,0.0,0.0,1,1,1,1.4347336878373358e-09,1.0363006008873299e-09,3.979931146357059e-11,9.865568429832942e-14,1.0363006008873299e-09,6.344959237436875e-08,4.6461073655024165e-08,2.3254447218992846e-09,6.0533800194662035e-12,4.6461073655024165e-08,2.1325815306532767e-09,1.3480672134136285e-09,2.6114593820736332e-11,1.7363888105137448e-13,1.3480672134136285e-09,3.124776774534105e-10,2.0076208750996472e-10,5.831203188135422e-12,1.6825499327133286e-12,2.0076208750996472e-10,,,,,,,,,
2026-03-22T15:34:37Z,test_cases/pglib_opf_case300_ieee.mat,pglib_opf_case300_ieee,oracle_ac_primal_dual_all_bounds__Pg_Qg_Vm_Va,oracle_ac_primal_dual_all_bounds,full_all_bounds,ac_true,1,0,Pg+Qg+Vm+Va,4,,,optimal,ok,1,4833.443042644141,560386.5297993257,115.93940900005173,0,0.011802196502685547,0.05229806900024414,0.25519704818725586,0.3074951171875,0.3074951171875,0.31929731369018555,acopf_acdc_paper_study/cases/pglib_opf_case300_ieee/logs/oracle_ac_primal_dual_all_bounds__Pg_Qg_Vm_Va.log,0,2,7.28802580391319e-10,8.821254837698689e-11,2.4370007523089043e-07,7.808864229501773e-08,7.808864229501773e-08,0.024,,,0.024,False,100.0,300,411,69,69,201,1,68,231,23525.85,7787.97,36077.0,0.0,12687.18,-8443.15,411,0,0,2,1,565219.9728419677,23950.96729396155,7793.6369716979525,0.939999990021069,1.0600000105757046,1.0211192514555758,0.02867832590089293,-0.6267065854375269,0.22405966909842698,-0.19381993229496242,0.14949196090361455,1462.6007796992371,1416.662748293384,151.80859920513444,151.42055984845615,1.0000000048789128,1.0000000040892922,0.21717401730861224,0.21582585078883199,3.4196178688716827e-07,5.43242038020253e-07,25,38,3,34,3,28,1,0.0,0.0,0.0,0.0,0.0,1,0.0,0.0,0.0,0.0,0.0,1,0.0,0.0,0.0,0.0,0.0,1,0.0,0.0,0.0,0.0,0.0,1,1,1,1.4346042612123185e-09,1.03624109293321e-09,3.9795592105694705e-11,9.847715566696245e-14,1.03624109293321e-09,6.344185190717306e-08,4.645664208879907e-08,2.3251305059553604e-09,6.1102234383270115e-12,4.645664208879907e-08,2.1322305193250773e-09,1.3478782534548372e-09,2.6110749858550736e-11,1.7341683644644945e-13,1.3478782534548372e-09,3.123488353021101e-10,2.0075528045504498e-10,5.8252812397292335e-12,1.6360177101937268e-12,2.0075528045504498e-10,,,,,,,,,
2026-03-22T15:34:38Z,test_cases/pglib_opf_case300_ieee.mat,pglib_opf_case300_ieee,oracle_ac_dual_only_constraint__none,oracle_ac_dual_only_constraint,constraint_only,ac_true,1,0,,0,,,optimal,ok,1,4833.443042644119,560386.529799323,115.93940900005114,0,0.011802196502685547,0.03620290756225586,1.0229299068450928,1.0591328144073486,1.0591328144073486,1.0709350109100342,acopf_acdc_paper_study/cases/pglib_opf_case300_ieee/logs/oracle_ac_dual_only_constraint__none.log,0,130,7.290298415397057e-10,8.817746532940873e-11,2.4370007523089043e-07,7.808851775205845e-08,7.808851775205845e-08,0.794,,,0.794,True,100.0,300,411,69,69,201,1,68,231,23525.85,7787.97,36077.0,0.0,12687.18,-8443.15,411,0,0,2,1,565219.9728419649,23950.96729396188,7793.636971700421,0.939999990021069,1.0600000105757046,1.0211192514555683,0.028678325900893656,-0.6267065854376402,0.2240596690986158,-0.19381993229486094,0.14949196090364583,1462.6007796992378,1416.6627482933839,151.80859920514243,151.42055984850157,1.0000000048789135,1.0000000040892727,0.21717401730862873,0.21582585078884903,3.4196187215229656e-07,5.432394232229854e-07,25,38,3,34,3,28,0,,,,,,0,,,,,,0,,,,,,0,,,,,,1,1,0,1.400331578662453e-09,1.0359797464332132e-09,3.864064650670345e-11,9.86581449290412e-14,1.0359797464332132e-09,6.337325080607194e-08,4.638938433387807e-08,2.3235538466610944e-09,6.236344773924429e-12,4.638938433387807e-08,2.1326374144620865e-09,1.3481096239331691e-09,2.6114856203444486e-11,1.7363888105137448e-13,1.3481096239331691e-09,3.126930333205913e-10,2.0112211202016894e-10,5.909000041296372e-12,1.653732706330402e-12,2.0112211202016894e-10,,,,,,,,,
2026-03-22T15:34:39Z,test_cases/pglib_opf_case300_ieee.mat,pglib_opf_case300_ieee,oracle_ac_dual_only_bounds__none,oracle_ac_dual_only_bounds,all_bounds_only,ac_true,1,0,,0,,,optimal,ok,1,4833.443042644158,560386.5297993275,115.93940900005208,0,0.011802196502685547,0.05081486701965332,0.794593095779419,0.8454079627990723,0.8454079627990723,0.8572101593017578,acopf_acdc_paper_study/cases/pglib_opf_case300_ieee/logs/oracle_ac_dual_only_bounds__none.log,0,97,7.292572235530501e-10,8.822143016118389e-11,2.4370007523089043e-07,7.808851744146793e-08,7.808851744146793e-08,0.561,,,0.561,True,100.0,300,411,69,69,201,1,68,231,23525.85,7787.97,36077.0,0.0,12687.18,-8443.15,411,0,0,2,1,565219.9728419695,23950.967293961843,7793.63697170112,0.939999990021069,1.0600000105757046,1.0211192514555716,0.028678325900902673,-0.6267065854376126,0.22405966909864475,-0.19381993229480698,0.1494919609036369,1462.6007796992367,1416.6627482933832,151.80859920509712,151.42055984852377,1.000000004878913,1.0000000040892727,0.21717401730861902,0.21582585078885183,3.419618508360145e-07,5.432394232229854e-07,25,38,3,34,3,28,0,,,,,,0,,,,,,0,,,,,,0,,,,,,0,0,1,1.4003255323634953e-09,1.0358109925334702e-09,3.865349129568795e-11,9.868191664400809e-14,1.0358109925334702e-09,6.326212281875101e-08,4.627767102860503e-08,2.3200739095094497e-09,6.103784144784186e-12,4.627767102860503e-08,2.1322999896104024e-09,1.3488234973380031e-09,2.609730616794555e-11,1.730837695390619e-13,1.3488234973380031e-09,3.1263434348823624e-10,2.010948699227022e-10,5.910843079460585e-12,1.7104789806765552e-12,2.010948699227022e-10,,,,,,,,,
2026-03-22T15:34:40Z,test_cases/pglib_opf_case300_ieee.mat,pglib_opf_case300_ieee,oracle_ac_dual_only_full__none,oracle_ac_dual_only_full,full_all_bounds,ac_true,1,0,,0,,,optimal,ok,1,4833.443042644207,560386.5297993334,115.93940900005332,0,0.011802196502685547,0.04312491416931152,0.5230107307434082,0.5661356449127197,0.5661356449127197,0.5779378414154053,acopf_acdc_paper_study/cases/pglib_opf_case300_ieee/logs/oracle_ac_dual_only_full__none.log,0,46,7.305077642482815e-10,9.07558472817982e-11,2.4370007523089043e-07,7.808851743457196e-08,7.808851743457196e-08,0.287,,,0.287,True,100.0,300,411,69,69,201,1,68,231,23525.85,7787.97,36077.0,0.0,12687.18,-8443.15,411,0,0,2,1,565219.9728419754,23950.96729396184,7793.636971701163,0.939999990021069,1.0600000105757046,1.0211192514555203,0.028678325900892594,-0.6267065854375639,0.22405966909867547,-0.19381993229474556,0.1494919609036303,1462.600779699238,1416.6627482933843,151.80859920514172,151.4205598486044,1.0000000048789124,1.000000004089273,0.217174017308683,0.2158258507889111,3.4196179399259563e-07,5.432394516446948e-07,25,38,3,34,3,28,0,,,,,,0,,,,,,0,,,,,,0,,,,,,1,1,1,1.4000356596909934e-09,1.0357059654353407e-09,3.86284931796115e-11,9.864530068024771e-14,1.0357059654353407e-09,6.310634747644303e-08,4.6151681587502935e-08,2.31697393653387e-09,6.079581282847357e-12,4.6151681587502935e-08,2.12278820157226e-09,1.3324041869822167e-09,2.6055560301922278e-11,1.7186252421197423e-13,1.3324041869822167e-09,3.129768024766898e-10,2.010639640892542e-10,5.919109409789162e-12,1.7608900448884413e-12,2.010639640892542e-10,,,,,,,,,
2026-03-22T15:34:40Z,test_cases/pglib_opf_case300_ieee.mat,pglib_opf_case300_ieee,dc_seed__Pg,dc_seed,none,dcopf,0,1,Pg,1,,,optimal,ok,1,4833.443042641992,560386.5297990744,115.93940899999973,0,0.011802196502685547,0.04664182662963867,0.43027400970458984,0.4769158363342285,0.5284430980682373,0.5402452945709229,acopf_acdc_paper_study/cases/pglib_opf_case300_ieee/logs/dc_seed__Pg.log,0,32,2.6828108876401275e-09,3.2848079811742537e-10,2.437000823363178e-07,7.902565343445313e-08,7.902565343445313e-08,0.2,,,0.2,False,100.0,300,411,69,69,201,1,68,231,23525.85,7787.97,36077.0,0.0,12687.18,-8443.15,411,0,0,2,1,565219.9728417164,23950.967293951024,7793.6369716782065,0.9399999900210693,1.0600000105757046,1.0211192514562226,0.02867832589893771,-0.6267065854299387,0.22405966909595848,-0.19381993229554348,0.1494919609028018,1462.6007796992378,1416.6627482933898,151.80859919445217,151.42055986492454,1.0000000048789128,1.0000000040893222,0.21717401730892444,0.21582585079751965,3.417925427129376e-07,5.432460028487185e-07,25,38,3,34,3,28,1,14.184832363135001,7.194662756129659,0.6937597982713231,1.3634490869662841e-08,7.194662756129659,0,,,,,,0,,,,,,0,,,,,,0,0,0,5.017460115958822e-13,3.863576125695545e-13,1.6554464209790023e-14,0.0,3.863576125695545e-13,2.160157189398923e-12,1.8034462812011043e-12,7.658758892781708e-14,2.0261570199409107e-15,1.8034462812011043e-12,6.096175891858625e-14,4.1744385725905886e-14,1.4740061023606662e-15,4.440892098500626e-16,4.1744385725905886e-14,2.0999016227791096e-13,3.229361222878424e-14,1.0075745215017602e-14,1.0477729794899915e-14,3.229361222878424e-14,native_only,ipopt,nlp,optimal,ok,0.006370067596435547,0.04515719413757324,0.05152726173400879,517536.884866393
2026-03-22T15:34:41Z,test_cases/pglib_opf_case300_ieee.mat,pglib_opf_case300_ieee,dc_seed__Va,dc_seed,none,dcopf,0,1,Va,1,,,optimal,ok,1,4833.44304264198,560386.5297990729,115.93940899999942,0,0.011802196502685547,0.04674482345581055,0.413240909576416,0.45998573303222656,0.5115129947662354,0.5233151912689209,acopf_acdc_paper_study/cases/pglib_opf_case300_ieee/logs/dc_seed__Va.log,0,30,2.6817877063822714e-09,3.2848257447426477e-10,2.437000823363178e-07,7.902564727333189e-08,7.902564727333189e-08,0.185,,,0.185,False,100.0,300,411,69,69,201,1,68,231,23525.85,7787.97,36077.0,0.0,12687.18,-8443.15,411,0,0,2,1,565219.9728417149,23950.96729395068,7793.636971675267,0.9399999900210693,1.0600000105757046,1.0211192514562306,0.028678325898938015,-0.6267065854298932,0.22405966909563174,-0.19381993229573458,0.1494919609027662,1462.6007796992371,1416.6627482933898,151.80859919444546,151.42055986487532,1.0000000048789128,1.0000000040893222,0.21717401730891053,0.21582585079750483,3.41792571134647e-07,5.432460028487185e-07,25,38,3,34,3,28,0,,,,,,0,,,,,,0,,,,,,1,7.303713047856928,1.1570425422282806,0.2977914992849379,0.1579662319703178,1.1570425422282806,0,0,0,8.027430353317686e-11,5.6562754480182775e-11,2.2774041943014073e-12,0.0,5.6562754480182775e-11,1.1645041566708038e-10,8.7430285233836e-11,3.0892748101991545e-12,8.215650382226158e-15,8.7430285233836e-11,1.9293217455027364e-12,1.368904989362818e-12,2.5471846853974967e-14,2.886579864025407e-15,1.368904989362818e-12,9.428422616493812e-12,3.5563323119713885e-12,2.9783866490005567e-13,1.2048695374744511e-13,3.5563323119713885e-12,native_only,ipopt,nlp,optimal,ok,0.006370067596435547,0.04515719413757324,0.05152726173400879,517536.884866393
2026-03-22T15:34:41Z,test_cases/pglib_opf_case300_ieee.mat,pglib_opf_case300_ieee,dc_seed__Pg_Va,dc_seed,none,dcopf,0,1,Pg+Va,2,,,optimal,ok,1,4833.443042642036,560386.5297990794,115.93940900000075,0,0.011802196502685547,0.0352020263671875,0.41754913330078125,0.45275115966796875,0.5042784214019775,0.5160806179046631,acopf_acdc_paper_study/cases/pglib_opf_case300_ieee/logs/dc_seed__Pg_Va.log,0,30,2.682810887828063e-09,3.284910121692519e-10,2.437000823363178e-07,7.902566024037054e-08,7.902566024037054e-08,0.188,,,0.188,False,100.0,300,411,69,69,201,1,68,231,23525.85,7787.97,36077.0,0.0,12687.18,-8443.15,411,0,0,2,1,565219.9728417214,23950.967293950667,7793.636971675139,0.9399999900210693,1.0600000105757046,1.0211192514562322,0.02867832589893709,-0.6267065854298325,0.22405966909568897,-0.19381993229565325,0.14949196090275865,1462.600779699237,1416.6627482933893,151.80859919444242,151.42055986487415,1.000000004878914,1.0000000040893218,0.2171740173089046,0.21582585079749986,3.4179249297494607e-07,5.432459460052996e-07,25,38,3,34,3,28,1,14.184832363135001,7.194662756129659,0.6937597982713231,1.3634490869662841e-08,7.194662756129659,0,,,,,,0,,,,,,1,7.303713047856928,1.1570425422282806,0.2977914992849379,0.1579662319703178,1.1570425422282806,0,0,0,8.048671464327457e-11,5.67235147741485e-11,2.275898176266466e-12,0.0,5.67235147741485e-11,1.1320127081217454e-10,8.556666486470021e-11,3.0875852398153927e-12,1.0547118733938987e-14,8.556666486470021e-11,1.9344285061681907e-12,1.3389289676979388e-12,2.634633252303805e-14,2.4424906541753444e-15,1.3389289676979388e-12,9.257081940342462e-12,3.527136915870699e-12,3.0383030293068546e-13,1.6293910665154954e-13,3.527136915870699e-12,native_only,ipopt,nlp,optimal,ok,0.006370067596435547,0.04515719413757324,0.05152726173400879,517536.884866393
