timestamp_utc,case_file,case_name,run_name,family,dual_mode,seed_source,is_oracle,is_practical,blocks,num_blocks,seed_vm_policy,seed_qg_policy,termination,status,success,objective,objective_gap_vs_baseline_abs,objective_gap_vs_baseline_rel,objective_matches_baseline,shared_case_prep_time,build_time,solve_time,total_time,end_to_end_time,full_pipeline_time_including_shared_case_prep,log_path,hit_max_iter,iterations,dual_inf,constr_viol,var_bound_viol,compl_inf,overall_nlp_error,ipopt_reported_total_sec,ipopt_cpu_sec_no_func_eval,ipopt_cpu_sec_func_eval,ipopt_cpu_total_est,restoration_used,baseMVA,nb,nl,ng_total,ng_active,n_load_buses,n_ref_buses,n_pv_buses,n_pq_buses,total_pd_mw,total_qd_mvar,sum_pmax_mw,sum_pmin_mw,sum_qmax_mvar,sum_qmin_mvar,n_branch_with_limits,n_branch_out_of_service,gencost_any_pwl,gencost_max_poly_degree,gencost_any_quadratic,objective_value,total_pg_mw,total_qg_mvar,vm_min,vm_max,vm_mean,vm_std,va_min_rad,va_max_rad,va_mean_rad,va_std_rad,max_line_mva_from,max_line_mva_to,mean_line_mva_from,mean_line_mva_to,max_thermal_util_from,max_thermal_util_to,mean_thermal_util_from,mean_thermal_util_to,max_flow_limit_violation_sq_from,max_flow_limit_violation_sq_to,n_pg_at_lb,n_pg_at_ub,n_qg_at_lb,n_qg_at_ub,n_vm_at_lb,n_vm_at_ub,init_has_Pg,init_Pg_l2,init_Pg_linf,init_Pg_mean_abs,init_Pg_median_abs,init_Pg_max_abs,init_has_Qg,init_Qg_l2,init_Qg_linf,init_Qg_mean_abs,init_Qg_median_abs,init_Qg_max_abs,init_has_Vm,init_Vm_l2,init_Vm_linf,init_Vm_mean_abs,init_Vm_median_abs,init_Vm_max_abs,init_has_Va,init_Va_l2,init_Va_linf,init_Va_mean_abs,init_Va_median_abs,init_Va_max_abs,init_has_duals,init_has_constraint_duals,init_has_bound_mults,dist_to_baseline_Pg_l2,dist_to_baseline_Pg_linf,dist_to_baseline_Pg_mean_abs,dist_to_baseline_Pg_median_abs,dist_to_baseline_Pg_max_abs,dist_to_baseline_Qg_l2,dist_to_baseline_Qg_linf,dist_to_baseline_Qg_mean_abs,dist_to_baseline_Qg_median_abs,dist_to_baseline_Qg_max_abs,dist_to_baseline_Vm_l2,dist_to_baseline_Vm_linf,dist_to_baseline_Vm_mean_abs,dist_to_baseline_Vm_median_abs,dist_to_baseline_Vm_max_abs,dist_to_baseline_Va_l2,dist_to_baseline_Va_linf,dist_to_baseline_Va_mean_abs,dist_to_baseline_Va_median_abs,dist_to_baseline_Va_max_abs,dc_seed_mode,dc_solver,dc_solver_problem_type,dc_termination,dc_status,dc_build_time,dc_solve_time,dc_total_time,dc_objective
2026-03-22T16:46:53Z,test_cases/pglib_opf_case500_ieee.mat,pglib_opf_case500_ieee,baseline_default,baseline,none,case_default,0,1,,0,,,optimal,ok,1,3867.7644462430244,,,,0.04619121551513672,1.1525659561157227,0.8524370193481445,2.005002975463867,2.005002975463867,2.051194190979004,acopf_acdc_paper_study/cases/pglib_opf_case500_ieee/logs/baseline_default.log,0,33,3.310995505941076e-07,5.533985564243338e-08,1.1375540864833056e-07,1.9875796661694788e-07,3.310995505941076e-07,0.452,,,0.452,False,100.0,500,733,224,171,281,1,113,386,17772.920733832,4588.223415012,23303.998,7525.690999999999,10767.371,-2440.518,733,5,0,2,1,454945.9804212011,18096.320291376454,2897.274432053438,0.9776405814145609,1.1000000093551694,1.0685758755983248,0.020951541636884945,-0.5577063817107122,0.15966422250383364,-0.1877938342956905,0.13948664417622036,1170.151470811492,1179.8843189764432,119.82785433254931,119.94434484124936,1.0000000040243264,0.9950222413647929,0.31566252076730206,0.31629731134304323,6.242268124623251e-08,0.0,10,150,25,24,0,16,,,,,,,,,,,,,,,,,,,,,,,,,,,,,,,,,,,,,,,,,,,,,,,,,,,,,,,,
2026-03-22T16:46:54Z,test_cases/pglib_opf_case500_ieee.mat,pglib_opf_case500_ieee,oracle_ac_primal_only__Pg,oracle_ac_primal_only,none,ac_true,1,0,Pg,1,,,optimal,ok,1,5262.773914700019,451078.21568319335,116.6250483845651,0,0.04619121551513672,0.031197071075439453,0.8271243572235107,0.8583214282989502,0.8583214282989502,0.9045126438140869,acopf_acdc_paper_study/cases/pglib_opf_case500_ieee/logs/oracle_ac_primal_only__Pg.log,0,31,2.46242506725012e-07,3.8565254156797124e-08,1.1412289602219516e-07,2.060244248381651e-07,2.46242506725012e-07,0.423,,,0.423,False,100.0,500,733,224,171,281,1,113,386,17772.920733832,4588.223415012,23303.998,7525.690999999999,10767.371,-2440.518,733,5,0,2,1,454945.98012943636,18096.320287066636,2897.2743379602075,0.9776406171844143,1.1000000095781068,1.068575888827722,0.020951591079846912,-0.5577063726268834,0.15966421773651243,-0.1877938384085175,0.13948663597289576,1170.1514626669755,1179.8843129517768,119.82784874458648,119.94434585133372,1.0000000041565684,0.995022241924068,0.3156625108161408,0.31629731305932446,6.447393019470837e-08,0.0,10,150,25,24,0,16,1,0.0,0.0,0.0,0.0,0.0,0,,,,,,0,,,,,,0,,,,,,0,0,0,1.1814502890577694e-07,1.0084026280665626e-07,2.1838727724307777e-09,7.288108450076436e-10,1.0084026280665626e-07,0.00029316802280086066,0.00020494001023124708,6.686837407233538e-06,4.516780833171974e-07,0.00020494001023124708,1.0472495063649621e-05,7.591466784528933e-06,1.344705087378273e-07,2.848381619457996e-08,7.591466784528933e-06,1.2847253088135748e-06,1.0746549397450122e-06,1.5034814170766933e-08,4.438772901321775e-09,1.0746549397450122e-06,,,,,,,,,
2026-03-22T16:46:55Z,test_cases/pglib_opf_case500_ieee.mat,pglib_opf_case500_ieee,oracle_ac_primal_only__Qg,oracle_ac_primal_only,none,ac_true,1,0,Qg,1,,,optimal,ok,1,3867.764446243032,451078.21597495896,116.6250484600003,0,0.04619121551513672,0.04347586631774902,0.8523509502410889,0.8958268165588379,0.8958268165588379,0.9420180320739746,acopf_acdc_paper_study/cases/pglib_opf_case500_ieee/logs/oracle_ac_primal_only__Qg.log,0,33,3.310967903415369e-07,5.5339650417707276e-08,1.1375540864833056e-07,1.9875751830261929e-07,3.310967903415369e-07,0.449,,,0.449,False,100.0,500,733,224,171,281,1,113,386,17772.920733832,4588.223415012,23303.998,7525.690999999999,10767.371,-2440.518,733,5,0,2,1,454945.98042120197,18096.320291376443,2897.2744320509423,0.9776405814146265,1.1000000093551694,1.0685758755983443,0.02095154163743567,-0.5577063817108969,0.15966422250365414,-0.18779383429582056,0.13948664417621404,1170.1514708117693,1179.8843189767206,119.82785433251199,119.94434484125574,1.0000000040243255,0.9950222413647982,0.3156625207671607,0.31629731134292444,6.242266437084254e-08,0.0,10,150,25,24,0,16,0,,,,,,1,0.0,0.0,0.0,0.0,0.0,0,,,,,,0,,,,,,0,0,0,1.026232969790368e-12,5.719869022868806e-13,1.510292865428678e-14,0.0,5.719869022868806e-13,3.0233998041420747e-09,1.832659579648066e-09,6.479582854927278e-11,7.359807208118241e-13,1.832659579648066e-09,9.323839047441152e-11,6.625899828804904e-11,1.056970733159801e-12,1.1102230246251565e-13,6.625899828804904e-11,1.1556038587865985e-11,9.140382895012067e-12,1.9392874223035392e-13,1.5007439735370554e-13,9.140382895012067e-12,,,,,,,,,
2026-03-22T16:46:56Z,test_cases/pglib_opf_case500_ieee.mat,pglib_opf_case500_ieee,oracle_ac_primal_only__Vm,oracle_ac_primal_only,none,ac_true,1,0,Vm,1,,,optimal,ok,1,3867.764446243047,451078.21597496077,116.62504846000077,0,0.04619121551513672,0.10458803176879883,0.8591282367706299,0.9637162685394287,0.9637162685394287,1.0099074840545654,acopf_acdc_paper_study/cases/pglib_opf_case500_ieee/logs/oracle_ac_primal_only__Vm.log,0,33,3.3108584331331377e-07,5.5310482249826265e-08,1.1375540864833056e-07,1.9869367328357133e-07,3.3108584331331377e-07,0.46,,,0.46,False,100.0,500,733,224,171,281,1,113,386,17772.920733832,4588.223415012,23303.998,7525.690999999999,10767.371,-2440.518,733,5,0,2,1,454945.98042120377,18096.320291374876,2897.27443207258,0.977640581409517,1.1000000093551694,1.068575875612659,0.020951541673064615,-0.5577063816958588,0.15966422251749574,-0.18779383429328744,0.13948664416304474,1170.1514707535966,1179.884318919581,119.82785432413452,119.94434483862386,1.0000000040243284,0.9950222413645017,0.31566252075568746,0.31629731134378586,6.242271322065562e-08,0.0,10,150,25,24,0,16,0,,,,,,0,,,,,,1,0.0,0.0,0.0,0.0,0.0,0,,,,,,0,0,0,9.002833485454117e-11,5.384581669432009e-11,1.5277714471604062e-12,0.0,5.384581669432009e-11,2.998279304872058e-07,2.619357570843306e-07,4.538408008368329e-09,1.1601858362908501e-11,2.619357570843306e-07,1.1116028161201863e-08,9.673971845813867e-09,9.345210671973803e-11,6.888933867799096e-12,9.673971845813867e-09,1.5172199968158504e-09,1.3484679067810035e-09,2.0909934050400983e-11,1.4592625718901076e-11,1.3484679067810035e-09,,,,,,,,,
2026-03-22T16:46:58Z,test_cases/pglib_opf_case500_ieee.mat,pglib_opf_case500_ieee,oracle_ac_primal_only__Va,oracle_ac_primal_only,none,ac_true,1,0,Va,1,,,optimal,ok,1,3867.7644462430376,451078.21597495954,116.62504846000046,0,0.04619121551513672,0.10744500160217285,1.3148510456085205,1.4222960472106934,1.4222960472106934,1.46848726272583,acopf_acdc_paper_study/cases/pglib_opf_case500_ieee/logs/oracle_ac_primal_only__Va.log,0,60,3.310851544993177e-07,5.531052271745551e-08,1.1375540864833056e-07,1.9869376174475822e-07,3.310851544993177e-07,0.911,,,0.911,False,100.0,500,733,224,171,281,1,113,386,17772.920733832,4588.223415012,23303.998,7525.690999999999,10767.371,-2440.518,733,5,0,2,1,454945.98042120255,18096.320291374825,2897.2744320725246,0.977640581409452,1.1000000093551694,1.0685758756126216,0.020951541672992374,-0.5577063816955918,0.15966422251752505,-0.18779383429320348,0.13948664416299048,1170.1514707541442,1179.8843189192114,119.82785432413263,119.94434483861478,1.0000000040243264,0.9950222413644968,0.3156625207556824,0.3162973113437707,6.242268124623251e-08,0.0,10,150,25,24,0,16,0,,,,,,0,,,,,,0,,,,,,1,0.0,0.0,0.0,0.0,0.0,0,0,0,8.775571997428767e-11,5.397682301122586e-11,1.483970876452636e-12,0.0,5.397682301122586e-11,2.994474523110945e-07,2.6157793442393995e-07,4.531834879853661e-09,1.2632422885516803e-11,2.6157793442393995e-07,1.1102354762538877e-08,9.660677147138585e-09,9.334616613010383e-11,6.884715020305521e-12,9.660677147138585e-09,1.5154980795221672e-09,1.3465292908465543e-09,2.0953084814313998e-11,1.459472820375396e-11,1.3465292908465543e-09,,,,,,,,,
2026-03-22T16:46:58Z,test_cases/pglib_opf_case500_ieee.mat,pglib_opf_case500_ieee,oracle_ac_primal_only__Pg_Qg,oracle_ac_primal_only,none,ac_true,1,0,Pg+Qg,2,,,optimal,ok,1,5262.773914700025,451078.2156831939,116.62504838456523,0,0.04619121551513672,0.07611203193664551,0.8248231410980225,0.900935173034668,0.900935173034668,0.9471263885498047,acopf_acdc_paper_study/cases/pglib_opf_case500_ieee/logs/oracle_ac_primal_only__Pg_Qg.log,0,31,2.462419462355859e-07,3.856525537804245e-08,1.1412289602219516e-07,2.0602442511273071e-07,2.462419462355859e-07,0.428,,,0.428,False,100.0,500,733,224,171,281,1,113,386,17772.920733832,4588.223415012,23303.998,7525.690999999999,10767.371,-2440.518,733,5,0,2,1,454945.9801294369,18096.320287066646,2897.274337960199,0.9776406171844203,1.1000000095781068,1.0685758888277226,0.020951591079845976,-0.5577063726268836,0.15966421773651035,-0.18779383840851857,0.13948663597289612,1170.1514626669746,1179.8843129517784,119.82784874458673,119.94434585133389,1.0000000041565655,0.9950222419240663,0.3156625108161411,0.3162973130593247,6.447388578578739e-08,0.0,10,150,25,24,0,16,1,0.0,0.0,0.0,0.0,0.0,1,0.0,0.0,0.0,0.0,0.0,0,,,,,,0,,,,,,0,0,0,1.1814503843767629e-07,1.0084028057022465e-07,2.183872640632372e-09,7.288108450076436e-10,1.0084028057022465e-07,0.00029316802099030727,0.0002049400092780651,6.686837362472321e-06,4.516780833171974e-07,0.0002049400092780651,1.0472495003811499e-05,7.591466752332465e-06,1.344705078627495e-07,2.8483814751290026e-08,7.591466752332465e-06,1.2847253057512513e-06,1.0746549377466108e-06,1.5034813952994726e-08,4.438770850878626e-09,1.0746549377466108e-06,,,,,,,,,
2026-03-22T16:46:59Z,test_cases/pglib_opf_case500_ieee.mat,pglib_opf_case500_ieee,oracle_ac_primal_only__Pg_Vm,oracle_ac_primal_only,none,ac_true,1,0,Pg+Vm,2,,,optimal,ok,1,5262.773914700019,451078.21568319335,116.6250483845651,0,0.04619121551513672,0.0872340202331543,0.7998781204223633,0.8871121406555176,0.8871121406555176,0.9333033561706543,acopf_acdc_paper_study/cases/pglib_opf_case500_ieee/logs/oracle_ac_primal_only__Pg_Vm.log,0,29,2.4624557202937e-07,3.8565247828525884e-08,1.1412289602219516e-07,2.0602440342281966e-07,2.4624557202937e-07,0.401,,,0.401,False,100.0,500,733,224,171,281,1,113,386,17772.920733832,4588.223415012,23303.998,7525.690999999999,10767.371,-2440.518,733,5,0,2,1,454945.98012943636,18096.320287066636,2897.2743379601798,0.9776406171843641,1.1000000095781068,1.0685758888277015,0.020951591079857612,-0.55770637262693,0.15966421773650585,-0.18779383840853123,0.13948663597290364,1170.1514626665946,1179.8843129519323,119.82784874456456,119.94434585131475,1.000000004156566,0.9950222419240606,0.3156625108161109,0.3162973130592992,6.447389289121475e-08,0.0,10,150,25,24,0,16,1,0.0,0.0,0.0,0.0,0.0,0,,,,,,1,0.0,0.0,0.0,0.0,0.0,0,,,,,,0,0,0,1.1814504108642494e-07,1.0084026991208361e-07,2.183871407700487e-09,7.288108450076436e-10,1.0084026991208361e-07,0.0002931681519812869,0.00020494008341959136,6.686840144667983e-06,4.516780834004641e-07,0.00020494008341959136,1.0472499454035307e-05,7.5914694055434495e-06,1.3447054182225137e-07,2.8483835068371377e-08,7.5914694055434495e-06,1.2847257744445272e-06,1.0746553046891982e-06,1.5034818126610657e-08,4.4387455482020055e-09,1.0746553046891982e-06,,,,,,,,,
2026-03-22T16:47:00Z,test_cases/pglib_opf_case500_ieee.mat,pglib_opf_case500_ieee,oracle_ac_primal_only__Pg_Va,oracle_ac_primal_only,none,ac_true,1,0,Pg+Va,2,,,optimal,ok,1,5262.773914702224,451078.21568338387,116.62504838461436,0,0.04619121551513672,0.04335904121398926,1.0028460025787354,1.0462050437927246,1.0462050437927246,1.0923962593078613,acopf_acdc_paper_study/cases/pglib_opf_case500_ieee/logs/oracle_ac_primal_only__Pg_Va.log,0,39,3.0636971579467496e-07,4.4103587171218095e-08,1.1412289602219516e-07,2.2258469298878214e-07,3.0636971579467496e-07,0.571,,,0.571,False,100.0,500,733,224,171,281,1,113,386,17772.920733832,4588.223415012,23303.998,7525.690999999999,10767.371,-2440.518,733,5,0,2,1,454945.98012962687,18096.32028769074,2897.2743616823655,0.977640616575708,1.1000000095781073,1.0685758872937168,0.02095157974146449,-0.5577063715990292,0.1596642186583318,-0.18779383688171292,0.1394866375259332,1170.1514678445837,1179.8843180917154,119.82785045687922,119.94434622052215,1.000000004156568,0.9950222418861513,0.3156625144443987,0.31629731468634364,6.447392308928102e-08,0.0,10,150,25,24,0,16,1,0.0,0.0,0.0,0.0,0.0,0,,,,,,0,,,,,,1,0.0,0.0,0.0,0.0,0.0,0,0,0,1.0477458322629954e-07,8.602391732281944e-08,2.066603540393555e-09,7.288108450076436e-10,8.602391732281944e-08,0.00022355950887775823,0.0001494415798915516,5.277741715047964e-06,3.7223090876281617e-07,0.0001494415798915516,8.09688734114277e-06,5.561059117864531e-06,1.0953202749020008e-07,2.5288612537366362e-08,5.561059117864531e-06,9.724503243405263e-07,7.93004551413734e-07,1.1987779892036144e-08,3.584445434912098e-09,7.93004551413734e-07,,,,,,,,,
2026-03-22T16:47:01Z,test_cases/pglib_opf_case500_ieee.mat,pglib_opf_case500_ieee,oracle_ac_primal_only__Qg_Vm,oracle_ac_primal_only,none,ac_true,1,0,Qg+Vm,2,,,optimal,ok,1,3867.764446243043,451078.21597496024,116.62504846000064,0,0.04619121551513672,0.07257199287414551,0.889880895614624,0.9624528884887695,0.9624528884887695,1.0086441040039062,acopf_acdc_paper_study/cases/pglib_opf_case500_ieee/logs/oracle_ac_primal_only__Qg_Vm.log,0,35,3.310878248080889e-07,5.53104816392036e-08,1.1375540864833056e-07,1.986936763213426e-07,3.310878248080889e-07,0.482,,,0.482,False,100.0,500,733,224,171,281,1,113,386,17772.920733832,4588.223415012,23303.998,7525.690999999999,10767.371,-2440.518,733,5,0,2,1,454945.98042120325,18096.320291374865,2897.2744320725837,0.977640581409514,1.1000000093551694,1.0685758756126593,0.020951541673062166,-0.5577063816958664,0.15966422251749432,-0.18779383429328939,0.13948664416304668,1170.151470753603,1179.8843189195893,119.82785432413525,119.94434483862422,1.0000000040243244,0.995022241364499,0.3156625207556888,0.31629731134378664,6.24226492718094e-08,0.0,10,150,25,24,0,16,0,,,,,,1,0.0,0.0,0.0,0.0,0.0,1,0.0,0.0,0.0,0.0,0.0,0,,,,,,0,0,0,9.011307574986298e-11,5.3855586656936794e-11,1.529061513329956e-12,0.0,5.3855586656936794e-11,2.998129444293683e-07,2.6192331875618535e-07,4.5381075322181135e-09,1.1559364576640974e-11,2.6192331875618535e-07,1.1115493613297353e-08,9.673525092068758e-09,9.34473625147092e-11,6.895151116736997e-12,9.673525092068758e-09,1.517150270050535e-09,1.348409953139118e-09,2.0907936249459862e-11,1.4592896335763328e-11,1.348409953139118e-09,,,,,,,,,
2026-03-22T16:47:04Z,test_cases/pglib_opf_case500_ieee.mat,pglib_opf_case500_ieee,oracle_ac_primal_only__Qg_Va,oracle_ac_primal_only,none,ac_true,1,0,Qg+Va,2,,,optimal,ok,1,3867.764446243042,451078.21597496024,116.62504846000064,0,0.04619121551513672,0.07851099967956543,2.128854751586914,2.2073657512664795,2.2073657512664795,2.253556966781616,acopf_acdc_paper_study/cases/pglib_opf_case500_ieee/logs/oracle_ac_primal_only__Qg_Va.log,0,60,3.3108523806739854e-07,5.531047442275394e-08,1.1375540864833056e-07,1.98693672693678e-07,3.3108523806739854e-07,1.715,,,1.715,False,100.0,500,733,224,171,281,1,113,386,17772.920733832,4588.223415012,23303.998,7525.690999999999,10767.371,-2440.518,733,5,0,2,1,454945.98042120325,18096.32029137484,2897.2744320723305,0.9776405814094479,1.1000000093551694,1.0685758756126487,0.02095154167306536,-0.5577063816956027,0.15966422251752968,-0.18779383429321228,0.13948664416298034,1170.1514707541417,1179.8843189192116,119.82785432412747,119.94434483861654,1.0000000040243264,0.9950222413644971,0.31566252075567364,0.31629731134377165,6.242268124623251e-08,0.0,10,150,25,24,0,16,0,,,,,,1,0.0,0.0,0.0,0.0,0.0,0,,,,,,1,0.0,0.0,0.0,0.0,0.0,0,0,0,8.800364037002919e-11,5.403721914376547e-11,1.4891214023323737e-12,0.0,5.403721914376547e-11,2.998339844945802e-07,2.6194105628984943e-07,4.537882584627634e-09,1.2620043898792233e-11,2.6194105628984943e-07,1.111584489393614e-08,9.674017142913272e-09,9.344449569681502e-11,6.889044890101559e-12,9.674017142913272e-09,1.5174746929078076e-09,1.3483911903700019e-09,2.0970594241554413e-11,1.4596018838020086e-11,1.3483911903700019e-09,,,,,,,,,
2026-03-22T16:47:05Z,test_cases/pglib_opf_case500_ieee.mat,pglib_opf_case500_ieee,oracle_ac_primal_only__Vm_Va,oracle_ac_primal_only,none,ac_true,1,0,Vm+Va,2,,,optimal,ok,1,3867.7644462430367,451078.21597495954,116.62504846000046,0,0.04619121551513672,0.07144999504089355,1.7760770320892334,1.847527027130127,1.847527027130127,1.8937182426452637,acopf_acdc_paper_study/cases/pglib_opf_case500_ieee/logs/oracle_ac_primal_only__Vm_Va.log,0,36,3.310944741975562e-07,5.534004748897203e-08,1.1375540864833056e-07,1.987583679214957e-07,3.310944741975562e-07,0.867,,,0.867,False,100.0,500,733,224,171,281,1,113,386,17772.920733832,4588.223415012,23303.998,7525.690999999999,10767.371,-2440.518,733,5,0,2,1,454945.98042120255,18096.320291376425,2897.2744320555616,0.9776405814146221,1.1000000093551694,1.0685758755972943,0.020951541636783984,-0.5577063817111707,0.15966422250310458,-0.18779383429595015,0.13948664417641007,1170.1514708107331,1179.8843189753377,119.82785433227981,119.94434484102725,1.000000004024329,0.9950222413648028,0.3156625207665116,0.3162973113422788,6.24227212142614e-08,0.0,10,150,25,24,0,16,0,,,,,,0,,,,,,1,0.0,0.0,0.0,0.0,0.0,1,0.0,0.0,0.0,0.0,0.0,0,0,0,7.083438904409851e-12,3.963274153306884e-12,1.0337994268306377e-13,0.0,3.963274153306884e-12,5.827478263937247e-09,2.609811200482426e-09,1.3565717170083922e-10,2.074895810721955e-12,2.609811200482426e-09,1.9416937983026113e-10,6.357381288069064e-11,2.874048998791068e-12,2.349231920106831e-13,6.357381288069064e-11,2.1345719893957184e-11,9.194936478884586e-12,5.774879153976501e-13,5.134226377379036e-13,9.194936478884586e-12,,,,,,,,,
2026-03-22T16:47:07Z,test_cases/pglib_opf_case500_ieee.mat,pglib_opf_case500_ieee,oracle_ac_primal_only__Pg_Qg_Vm,oracle_ac_primal_only,none,ac_true,1,0,Pg+Qg+Vm,3,,,optimal,ok,1,5262.773914702221,451078.21568338363,116.62504838461429,0,0.04619121551513672,0.13869428634643555,0.9252598285675049,1.0639541149139404,1.0639541149139404,1.1101453304290771,acopf_acdc_paper_study/cases/pglib_opf_case500_ieee/logs/oracle_ac_primal_only__Pg_Qg_Vm.log,0,27,3.0633718123290613e-07,4.40976339888266e-08,1.1412289602219516e-07,2.2256694843404163e-07,3.0633718123290613e-07,0.475,,,0.475,False,100.0,500,733,224,171,281,1,113,386,17772.920733832,4588.223415012,23303.998,7525.690999999999,10767.371,-2440.518,733,5,0,2,1,454945.98012962664,18096.320287690258,2897.27436165091,0.9776406165756052,1.1000000095781073,1.0685758872982083,0.02095157975268573,-0.5577063715979227,0.15966421865976313,-0.18779383688218962,0.1394866375236737,1170.1514678421302,1179.8843180900683,119.82785045596432,119.94434622074564,1.0000000041565653,0.9950222418861386,0.31566251444315224,0.3162973146868995,6.447388312125213e-08,0.0,10,150,25,24,0,16,1,0.0,0.0,0.0,0.0,0.0,1,0.0,0.0,0.0,0.0,0.0,1,0.0,0.0,0.0,0.0,0.0,0,,,,,,0,0,0,1.0478412055201716e-07,8.603755086156184e-08,2.0665993715284157e-09,7.288108450076436e-10,8.603755086156184e-08,0.00022361711946206474,0.0001494999244459061,5.27877271020538e-06,3.722705668174342e-07,0.0001494999244459061,8.098905898992972e-06,5.5632063635790985e-06,1.0955005172408328e-07,2.529094689229794e-08,5.5632063635790985e-06,9.7275869384654e-07,7.933033246976251e-07,1.1990540357941137e-08,3.5838786105468756e-09,7.933033246976251e-07,,,,,,,,,
2026-03-22T16:47:08Z,test_cases/pglib_opf_case500_ieee.mat,pglib_opf_case500_ieee,oracle_ac_primal_only__Pg_Qg_Va,oracle_ac_primal_only,none,ac_true,1,0,Pg+Qg+Va,3,,,optimal,ok,1,5262.773914700016,451078.2156831931,116.62504838456503,0,0.04619121551513672,0.15487170219421387,1.1325182914733887,1.2873899936676025,1.2873899936676025,1.3335812091827393,acopf_acdc_paper_study/cases/pglib_opf_case500_ieee/logs/oracle_ac_primal_only__Pg_Qg_Va.log,0,48,2.4624403691846444e-07,3.8565246551769405e-08,1.1412289602219516e-07,2.0602440183759916e-07,2.4624403691846444e-07,0.702,,,0.702,False,100.0,500,733,224,171,281,1,113,386,17772.920733832,4588.223415012,23303.998,7525.690999999999,10767.371,-2440.518,733,5,0,2,1,454945.9801294361,18096.320287066603,2897.27433795994,0.9776406171843041,1.1000000095781068,1.0685758888276862,0.020951591079863257,-0.5577063726266867,0.15966421773653233,-0.18779383840846106,0.1394866359728428,1170.1514626670626,1179.8843129516072,119.82784874455665,119.94434585130723,1.0000000041565669,0.9950222419240594,0.3156625108160938,0.3162973130592819,6.447390799024788e-08,0.0,10,150,25,24,0,16,1,0.0,0.0,0.0,0.0,0.0,1,0.0,0.0,0.0,0.0,0.0,0,,,,,,1,0.0,0.0,0.0,0.0,0.0,0,0,0,1.1814577119830587e-07,1.0084046353497911e-07,2.18389200460998e-09,7.288108450076436e-10,1.0084046353497911e-07,0.00029316816368465536,0.00020494009145244352,6.686839905753399e-06,4.51678083407403e-07,0.00020494009145244352,1.0472499525309375e-05,7.591469532775008e-06,1.3447053200699166e-07,2.848381452924542e-08,7.591469532775008e-06,1.2847256825528268e-06,1.0746552376872387e-06,1.503481922208013e-08,4.438818212298967e-09,1.0746552376872387e-06,,,,,,,,,
2026-03-22T16:47:09Z,test_cases/pglib_opf_case500_ieee.mat,pglib_opf_case500_ieee,oracle_ac_primal_only__Pg_Vm_Va,oracle_ac_primal_only,none,ac_true,1,0,Pg+Vm+Va,3,,,optimal,ok,1,5262.773914702214,451078.2156833831,116.62504838461416,0,0.04619121551513672,0.09237504005432129,0.8148243427276611,0.9071993827819824,0.9071993827819824,0.9533905982971191,acopf_acdc_paper_study/cases/pglib_opf_case500_ieee/logs/oracle_ac_primal_only__Pg_Vm_Va.log,0,28,3.063617482629028e-07,4.4105437968511296e-08,1.1412289602219516e-07,2.225901754776472e-07,3.063617482629028e-07,0.414,,,0.414,False,100.0,500,733,224,171,281,1,113,386,17772.920733832,4588.223415012,23303.998,7525.690999999999,10767.371,-2440.518,733,5,0,2,1,454945.9801296261,18096.32028769078,2897.2743616792573,0.9776406165762116,1.1000000095781073,1.068575887291538,0.02095157973953179,-0.5577063716009335,0.15966421865626315,-0.18779383688239734,0.13948663752709134,1170.1514678479796,1179.8843180950407,119.82785045713915,119.94434622047523,1.0000000041565664,0.9950222418861866,0.3156625144441157,0.3162973146852113,6.447389822028526e-08,0.0,10,150,25,24,0,16,1,0.0,0.0,0.0,0.0,0.0,0,,,,,,1,0.0,0.0,0.0,0.0,0.0,1,0.0,0.0,0.0,0.0,0.0,0,0,0,1.047737538674174e-07,8.602075762809136e-08,2.0666664445913253e-09,7.288108450076436e-10,8.602075762809136e-08,0.0002235485174602404,0.00014942358657027421,5.2776374670310435e-06,3.722653103555018e-07,0.00014942358657027421,8.096381916907172e-06,5.560388320891008e-06,1.0952920531548394e-07,2.5288637961473626e-08,5.560388320891008e-06,9.723610427170101e-07,7.929106441012523e-07,1.1987064938329597e-08,3.5859124281056864e-09,7.929106441012523e-07,,,,,,,,,
2026-03-22T16:47:10Z,test_cases/pglib_opf_case500_ieee.mat,pglib_opf_case500_ieee,oracle_ac_primal_only__Qg_Vm_Va,oracle_ac_primal_only,none,ac_true,1,0,Qg+Vm+Va,3,,,optimal,ok,1,3867.764446243041,451078.21597496007,116.62504846000058,0,0.04619121551513672,0.048948049545288086,0.9075028896331787,0.9564509391784668,0.9564509391784668,1.0026421546936035,acopf_acdc_paper_study/cases/pglib_opf_case500_ieee/logs/oracle_ac_primal_only__Qg_Vm_Va.log,0,34,3.31232948364978e-07,5.535078118068526e-08,1.1375540864833056e-07,1.9878201709184394e-07,3.31232948364978e-07,0.511,,,0.511,False,100.0,500,733,224,171,281,1,113,386,17772.920733832,4588.223415012,23303.998,7525.690999999999,10767.371,-2440.518,733,5,0,2,1,454945.9804212031,18096.320291377775,2897.274432177335,0.9776405814121606,1.1000000093551694,1.0685758755943215,0.020951541609683582,-0.557706381704522,0.15966422250982673,-0.1877938342905785,0.13948664417763218,1170.1514707980427,1179.8843189627391,119.82785433390993,119.94434484050936,1.0000000040243278,0.99502224136463,0.3156625207722964,0.31629731134667644,6.242270078615775e-08,0.0,10,150,25,24,0,16,0,,,,,,1,0.0,0.0,0.0,0.0,0.0,1,0.0,0.0,0.0,0.0,0.0,1,0.0,0.0,0.0,0.0,0.0,0,0,0,3.7735639014768e-11,2.8602897828022833e-11,4.981870179545772e-13,0.0,2.8602897828022833e-11,1.4130659257658998e-07,9.822533636461017e-08,2.8891003272757525e-09,2.975561463891552e-11,9.822533636461017e-08,4.4990172636033136e-09,3.570587825407756e-09,4.614866111474214e-11,5.234701561107613e-12,3.570587825407756e-09,5.810427197503744e-10,4.938471437343495e-10,7.935063810933434e-12,5.0366191252371184e-12,4.938471437343495e-10,,,,,,,,,
2026-03-22T16:47:11Z,test_cases/pglib_opf_case500_ieee.mat,pglib_opf_case500_ieee,oracle_ac_primal_only__Pg_Qg_Vm_Va,oracle_ac_primal_only,none,ac_true,1,0,Pg+Qg+Vm+Va,4,,,optimal,ok,1,5262.773914702199,451078.21568338183,116.62504838461383,0,0.04619121551513672,0.0843503475189209,0.8039700984954834,0.8883204460144043,0.8883204460144043,0.934511661529541,acopf_acdc_paper_study/cases/pglib_opf_case500_ieee/logs/oracle_ac_primal_only__Pg_Qg_Vm_Va.log,0,27,3.0634716982570406e-07,4.409840714814095e-08,1.1412289602219516e-07,2.2256923202217933e-07,3.0634716982570406e-07,0.396,,,0.396,False,100.0,500,733,224,171,281,1,113,386,17772.920733832,4588.223415012,23303.998,7525.690999999999,10767.371,-2440.518,733,5,0,2,1,454945.98012962483,18096.320287690254,2897.2743616537223,0.9776406165755507,1.1000000095781073,1.0685758872975455,0.020951579751336543,-0.5577063715979172,0.15966421865950584,-0.18779383688210707,0.13948663752393095,1170.1514678429342,1179.8843180900337,119.827850456062,119.94434622069816,1.0000000041565673,0.9950222418861379,0.315662514443227,0.31629731468671773,6.447391509567524e-08,0.0,10,150,25,24,0,16,1,0.0,0.0,0.0,0.0,0.0,1,0.0,0.0,0.0,0.0,0.0,1,0.0,0.0,0.0,0.0,0.0,1,0.0,0.0,0.0,0.0,0.0,0,0,0,1.0478369039930836e-07,8.603601475698497e-08,2.066625402038197e-09,7.288108450076436e-10,8.603601475698497e-08,0.00022360999531501576,0.00014949241962719517,5.278648240209007e-06,3.7226186311301035e-07,0.00014949241962719517,8.09864920037047e-06,5.562929415114937e-06,1.0954781515670753e-07,2.5290626703977637e-08,5.562929415114937e-06,9.727192034722858e-07,7.932646642755392e-07,1.199019139001612e-08,3.583995933365003e-09,7.932646642755392e-07,,,,,,,,,
2026-03-22T16:47:12Z,test_cases/pglib_opf_case500_ieee.mat,pglib_opf_case500_ieee,oracle_ac_primal_dual__Pg,oracle_ac_primal_dual,full,ac_true,1,0,Pg,1,,,optimal,ok,1,5262.773914708474,451078.2156839242,116.62504838475405,0,0.04619121551513672,0.1014719009399414,1.2595062255859375,1.360978126525879,1.360978126525879,1.4071693420410156,acopf_acdc_paper_study/cases/pglib_opf_case500_ieee/logs/oracle_ac_primal_dual__Pg.log,0,58,6.166571579333446e-08,1.146858774614401e-08,1.1412289602219516e-07,1.251445004631657e-07,1.251445004631657e-07,0.858,,,0.858,False,100.0,500,733,224,171,281,1,113,386,17772.920733832,4588.223415012,23303.998,7525.690999999999,10767.371,-2440.518,733,5,0,2,1,454945.9801301672,18096.320284231762,2897.2743535917352,0.9776406171674269,1.1000000095781053,1.0685758964620184,0.020951640066616765,-0.5577063683354222,0.15966422231164468,-0.187793841623271,0.13948662432147185,1170.1513939044069,1179.8842446859433,119.8278366565631,119.94434153669083,1.000000004156562,0.9950222419054073,0.3156624893516635,0.3162973064894153,6.447383160690379e-08,0.0,10,150,25,24,0,16,1,0.0,0.0,0.0,0.0,0.0,0,,,,,,0,,,,,,0,,,,,,1,1,1,1.8563926579575793e-07,1.7574593158542484e-07,2.681302615918873e-09,7.288108450076436e-10,1.7574593158542484e-07,0.0006616474859504845,0.000512764691578127,1.354327902509585e-05,6.82051709277598e-07,0.000512764691578127,2.4008229876077606e-05,1.890367874723964e-05,2.6710604439461604e-07,4.1242405712793584e-08,1.890367874723964e-05,3.036947351944727e-06,2.6473484499717204e-06,3.270817717449988e-08,7.507435138831564e-09,2.6473484499717204e-06,,,,,,,,,
2026-03-22T16:47:17Z,test_cases/pglib_opf_case500_ieee.mat,pglib_opf_case500_ieee,oracle_ac_primal_dual__Qg,oracle_ac_primal_dual,full,ac_true,1,0,Qg,1,,,maxIterations,warning,0,3867.764621179886,,,,0.04619121551513672,0.08186793327331543,4.9478888511657715,5.029756784439087,5.029756784439087,5.075947999954224,acopf_acdc_paper_study/cases/pglib_opf_case500_ieee/logs/oracle_ac_primal_dual__Qg.log,1,300,0.00015073811023924577,2.5980298956895798e-06,8.138598239781913e-08,1.185237161929549e-06,0.00015073811023924577,4.537,,,4.537,False,100.0,500,733,224,171,281,1,113,386,17772.920733832,4588.223415012,23303.998,7525.690999999999,10767.371,-2440.518,733,5,0,2,1,,,,,,,,,,,,,,,,,,,,,,,,,,,,0,,,,,,1,0.0,0.0,0.0,0.0,0.0,0,,,,,,0,,,,,,1,1,1,,,,,,,,,,,,,,,,,,,,,,,,,,,,,
2026-03-22T16:47:22Z,test_cases/pglib_opf_case500_ieee.mat,pglib_opf_case500_ieee,oracle_ac_primal_dual__Vm,oracle_ac_primal_dual,full,ac_true,1,0,Vm,1,,,optimal,ok,1,3867.7644463013826,451078.2159818222,116.62504846177478,0,0.04619121551513672,0.09206700325012207,4.616102933883667,4.708169937133789,4.708169937133789,4.754361152648926,acopf_acdc_paper_study/cases/pglib_opf_case500_ieee/logs/oracle_ac_primal_dual__Vm.log,0,185,8.518292376777603e-07,9.963132446833001e-08,1.1375540864833056e-07,2.8966353763183997e-07,8.518292376777603e-07,4.093,,,4.093,False,100.0,500,733,224,171,281,1,113,386,17772.920733832,4588.223415012,23303.998,7525.690999999999,10767.371,-2440.518,733,5,0,2,1,454945.98042806523,18096.32029699688,2897.274488618788,0.9776404933486914,1.100000009354721,1.0685758736691018,0.020951469538484386,-0.5577063856202568,0.15966424279164984,-0.18779381916847493,0.13948665205441868,1170.1514052417094,1179.8842539125235,119.82786521270806,119.94434403509322,1.0000000040247532,0.9950222406000021,0.3156625490045884,0.31629732117328196,6.242930083999454e-08,0.0,10,150,25,24,0,16,0,,,,,,0,,,,,,1,0.0,0.0,0.0,0.0,0.0,0,,,,,,1,1,1,2.056083347743182e-07,1.1071212080437931e-07,3.043978563022896e-09,2.3092638912203256e-14,1.1071212080437931e-07,0.0005784229225427461,0.0003373807315564248,1.3761605444966283e-05,6.010554419889208e-07,0.0003373807315564248,1.969161453450421e-05,1.2310556803951656e-05,2.614523065345153e-07,4.5791240799175625e-08,1.2310556803951656e-05,2.155629719045107e-06,1.7128280862810374e-06,3.100737446084376e-08,1.586033199219017e-08,1.7128280862810374e-06,,,,,,,,,
2026-03-22T16:47:25Z,test_cases/pglib_opf_case500_ieee.mat,pglib_opf_case500_ieee,oracle_ac_primal_dual__Va,oracle_ac_primal_dual,full,ac_true,1,0,Va,1,,,optimal,ok,1,3867.7644463015,451078.21598183614,116.62504846177838,0,0.04619121551513672,0.10169792175292969,2.8829410076141357,2.9846389293670654,2.9846389293670654,3.030830144882202,acopf_acdc_paper_study/cases/pglib_opf_case500_ieee/logs/oracle_ac_primal_dual__Va.log,0,187,8.496134435928435e-07,9.962706259969423e-08,1.1375541220104424e-07,2.89654988489326e-07,8.496134435928435e-07,2.462,,,2.462,True,100.0,500,733,224,171,281,1,113,386,17772.920733832,4588.223415012,23303.998,7525.690999999999,10767.371,-2440.518,733,5,0,2,1,454945.98042807914,18096.32029699536,2897.27448811164,0.9776404933506824,1.100000009354721,1.0685758736283308,0.020951469598514426,-0.5577063856808792,0.15966424273236218,-0.18779381920053154,0.13948665207048672,1170.1514053311441,1179.884254000398,119.82786520738354,119.94434403211764,1.000000004024752,0.9950222406007607,0.3156625489654735,0.31629732112303727,6.242928307642615e-08,0.0,10,150,25,24,0,16,0,,,,,,0,,,,,,0,,,,,,1,0.0,0.0,0.0,0.0,0.0,1,1,1,2.054813114982625e-07,1.107116918142026e-07,3.046734595597122e-09,2.015054789694659e-14,1.107116918142026e-07,0.000578174602118074,0.00033735000162093964,1.3754581644847479e-05,6.010383286321822e-07,0.00033735000162093964,1.9686830457723663e-05,1.230978414334949e-05,2.6133292508689896e-07,4.5759342315321305e-08,1.230978414334949e-05,2.1550029799657993e-06,1.7127408535738686e-06,3.097360366255813e-08,1.580525557653978e-08,1.7127408535738686e-06,,,,,,,,,
2026-03-22T16:47:26Z,test_cases/pglib_opf_case500_ieee.mat,pglib_opf_case500_ieee,oracle_ac_primal_dual__Pg_Qg,oracle_ac_primal_dual,full,ac_true,1,0,Pg+Qg,2,,,optimal,ok,1,5262.773914736304,451078.2156863301,116.6250483853761,0,0.04619121551513672,0.0715780258178711,1.4892659187316895,1.5608439445495605,1.5608439445495605,1.6070351600646973,acopf_acdc_paper_study/cases/pglib_opf_case500_ieee/logs/oracle_ac_primal_dual__Pg_Qg.log,0,73,7.52097898852784e-07,7.06059822275229e-08,1.1412289602219516e-07,2.965443573916424e-07,7.52097898852784e-07,1.082,,,1.082,False,100.0,500,733,224,171,281,1,113,386,17772.920733832,4588.223415012,23303.998,7525.690999999999,10767.371,-2440.518,733,5,0,2,1,454945.9801325731,18096.320291623546,2897.2743555143143,0.9776405639957082,1.1000000095778493,1.0685758889131713,0.0209515334573591,-0.557706369047601,0.15966423251516837,-0.1877938261941099,0.13948664185966572,1170.1514505837895,1179.8843009726045,119.82785946190184,119.94434719204854,1.0000000041568045,0.9950222413158756,0.3156625359428375,0.3162973228375319,6.447758860161912e-08,0.0,10,150,25,24,0,16,1,0.0,0.0,0.0,0.0,0.0,1,0.0,0.0,0.0,0.0,0.0,0,,,,,,0,,,,,,1,1,1,1.2590207581764143e-07,8.011857888234886e-08,2.7763063206321766e-09,7.288034620245298e-10,8.011857888234886e-08,0.00018927803059096598,0.00011635297582415771,4.504984374464747e-06,2.53092294344448e-07,0.00011635297582415771,6.277280156432198e-06,3.4929114618442725e-06,8.310114841547644e-08,1.251157577542017e-08,3.4929114618442725e-06,5.673150490714345e-07,3.5667215811385766e-07,1.2990763794825747e-08,1.036154724520788e-08,3.5667215811385766e-07,,,,,,,,,
2026-03-22T16:47:27Z,test_cases/pglib_opf_case500_ieee.mat,pglib_opf_case500_ieee,oracle_ac_primal_dual__Pg_Vm,oracle_ac_primal_dual,full,ac_true,1,0,Pg+Vm,2,,,optimal,ok,1,5262.773914742419,451078.21568685875,116.62504838551277,0,0.04619121551513672,0.08742904663085938,0.9598219394683838,1.0472509860992432,1.0472509860992432,1.0934422016143799,acopf_acdc_paper_study/cases/pglib_opf_case500_ieee/logs/oracle_ac_primal_dual__Pg_Vm.log,0,42,7.521028666646176e-07,7.059562084910098e-08,1.1412289602219516e-07,2.9654297093387797e-07,7.521028666646176e-07,0.557,,,0.557,False,100.0,500,733,224,171,281,1,113,386,17772.920733832,4588.223415012,23303.998,7525.690999999999,10767.371,-2440.518,733,5,0,2,1,454945.98013310175,18096.320291386695,2897.2743656349257,0.9776405671843887,1.1000000095778477,1.06857588985165,0.020951533557510157,-0.5577063707887477,0.1596642323469576,-0.18779382656547647,0.1394866424556711,1170.1514506656663,1179.8843010544188,119.82785969066516,119.94434751248761,1.000000004156798,0.9950222413906169,0.3156625369812351,0.31629732425749707,6.447749179017137e-08,0.0,10,150,25,24,0,16,1,0.0,0.0,0.0,0.0,0.0,0,,,,,,1,0.0,0.0,0.0,0.0,0.0,0,,,,,,1,1,1,1.115772702314218e-07,6.912219419064058e-08,2.549934676056663e-09,7.288001868666072e-10,6.912219419064058e-08,0.00017006383944347505,8.713097121836044e-05,4.1575237128228705e-06,2.5196633895996357e-07,8.713097121836044e-05,5.665592235109869e-06,2.710398360861177e-06,7.743936047854838e-08,1.1354934215113133e-08,2.710398360861177e-06,5.474436383678597e-07,3.564597473443287e-07,1.24357091021289e-08,1.034625363421221e-08,3.564597473443287e-07,,,,,,,,,
2026-03-22T16:47:28Z,test_cases/pglib_opf_case500_ieee.mat,pglib_opf_case500_ieee,oracle_ac_primal_dual__Pg_Va,oracle_ac_primal_dual,full,ac_true,1,0,Pg+Va,2,,,optimal,ok,1,5262.773914711213,451078.21568416094,116.62504838481526,0,0.04619121551513672,0.047065019607543945,0.9932048320770264,1.0402698516845703,1.0402698516845703,1.086461067199707,acopf_acdc_paper_study/cases/pglib_opf_case500_ieee/logs/oracle_ac_primal_dual__Pg_Va.log,0,41,7.742656344208619e-08,1.1453473114375612e-08,1.1412289602219516e-07,1.2512728622678755e-07,1.2512728622678755e-07,0.554,,,0.554,False,100.0,500,733,224,171,281,1,113,386,17772.920733832,4588.223415012,23303.998,7525.690999999999,10767.371,-2440.518,733,5,0,2,1,454945.98013040394,18096.320284265694,2897.2743623904194,0.977640617192076,1.1000000095781055,1.0685758971936028,0.020951639120767477,-0.5577063675175556,0.1596642234020316,-0.18779384110708827,0.13948662408592968,1170.1513923279638,1179.8842431206283,119.82783673278931,119.94434158627277,1.000000004156562,0.9950222418916969,0.31566248999891094,0.3162973073540878,6.447382894236853e-08,0.0,10,150,25,24,0,16,1,0.0,0.0,0.0,0.0,0.0,0,,,,,,0,,,,,,1,0.0,0.0,0.0,0.0,0.0,1,1,1,1.8514810995446042e-07,1.7550453890180506e-07,2.6560338550899905e-09,7.288108450076436e-10,1.7550453890180506e-07,0.0006591717567564143,0.0005128255081781607,1.3434605654311236e-05,6.826867659237568e-07,0.0005128255081781607,2.3976962620222207e-05,1.8912082768718363e-05,2.65709304496875e-07,4.121843300008976e-08,1.8912082768718363e-05,3.0361304068550073e-06,2.648877165015162e-06,3.2868827194082475e-08,7.963796749008503e-09,2.648877165015162e-06,,,,,,,,,
2026-03-22T16:47:31Z,test_cases/pglib_opf_case500_ieee.mat,pglib_opf_case500_ieee,oracle_ac_primal_dual__Qg_Vm,oracle_ac_primal_dual,full,ac_true,1,0,Qg+Vm,2,,,optimal,ok,1,3867.7644463012725,451078.21598180925,116.62504846177143,0,0.04619121551513672,0.06563520431518555,3.0108249187469482,3.076460123062134,3.076460123062134,3.1226513385772705,acopf_acdc_paper_study/cases/pglib_opf_case500_ieee/logs/oracle_ac_primal_dual__Qg_Vm.log,0,209,8.513972877453949e-07,9.962750174841162e-08,1.1375540864833056e-07,2.8965485827561345e-07,8.513972877453949e-07,2.611,,,2.611,False,100.0,500,733,224,171,281,1,113,386,17772.920733832,4588.223415012,23303.998,7525.690999999999,10767.371,-2440.518,733,5,0,2,1,454945.98042805225,18096.320296994876,2897.2744881070857,0.9776404933481654,1.1000000093547209,1.068575873628063,0.020951469598728865,-0.5577063856671839,0.15966424272931465,-0.18779381919882476,0.13948665206679792,1170.1514053265087,1179.884253996705,119.82786520706158,119.9443440317913,1.0000000040247528,0.9950222406007697,0.31566254896505097,0.31629732112265907,6.242929284638876e-08,0.0,10,150,25,24,0,16,0,,,,,,1,0.0,0.0,0.0,0.0,0.0,1,0.0,0.0,0.0,0.0,0.0,0,,,,,,1,1,1,2.054829400102134e-07,1.1069297123356137e-07,3.0420966486809826e-09,2.4424906541753444e-14,1.1069297123356137e-07,0.000578170767412982,0.0003373496173447177,1.375451476123408e-05,6.010385276544045e-07,0.0003373496173447177,1.9686712364295083e-05,1.230976985566734e-05,2.61332176441309e-07,4.576016998658616e-08,1.230976985566734e-05,2.155004885902263e-06,1.7127391345739262e-06,3.097458916792589e-08,1.581197242583876e-08,1.7127391345739262e-06,,,,,,,,,
2026-03-22T16:47:36Z,test_cases/pglib_opf_case500_ieee.mat,pglib_opf_case500_ieee,oracle_ac_primal_dual__Qg_Va,oracle_ac_primal_dual,full,ac_true,1,0,Qg+Va,2,,,optimal,ok,1,3867.764446301348,451078.21598181804,116.6250484617737,0,0.04619121551513672,0.0910189151763916,4.441179990768433,4.532198905944824,4.532198905944824,4.578390121459961,acopf_acdc_paper_study/cases/pglib_opf_case500_ieee/logs/oracle_ac_primal_dual__Qg_Va.log,0,175,8.522398497054972e-07,9.970965303418566e-08,1.1375540864833056e-07,2.8983338849455226e-07,8.522398497054972e-07,4.026,,,4.026,False,100.0,500,733,224,171,281,1,113,386,17772.920733832,4588.223415012,23303.998,7525.690999999999,10767.371,-2440.518,733,5,0,2,1,454945.98042806104,18096.320297000715,2897.2744889875976,0.9776404933574502,1.1000000093547206,1.068575873598743,0.02095146943332574,-0.557706385654039,0.1596642427557226,-0.18779381917498564,0.1394866520832125,1170.151405230335,1179.884253900316,119.827865213877,119.94434402737568,1.0000000040247554,0.9950222406005657,0.31566254899381213,0.31629732114714587,6.242933547895291e-08,0.0,10,150,25,24,0,16,0,,,,,,1,0.0,0.0,0.0,0.0,0.0,0,,,,,,1,0.0,0.0,0.0,0.0,0.0,1,1,1,2.0556478450163426e-07,1.1083741968676009e-07,3.04259350148862e-09,2.4424906541753444e-14,1.1083741968676009e-07,0.0005788145529286046,0.00033795751833393117,1.3768025202773856e-05,6.009991491808322e-07,0.00033795751833393117,1.9706051790137287e-05,1.2331899813977643e-05,2.615313663234531e-07,4.578446566316785e-08,1.2331899813977643e-05,2.158268790249825e-06,1.7158047434101542e-06,3.1011068821080103e-08,1.5831301283797394e-08,1.7158047434101542e-06,,,,,,,,,
2026-03-22T16:47:40Z,test_cases/pglib_opf_case500_ieee.mat,pglib_opf_case500_ieee,oracle_ac_primal_dual__Vm_Va,oracle_ac_primal_dual,full,ac_true,1,0,Vm+Va,2,,,optimal,ok,1,3867.764446241866,451078.2159748216,116.62504845996479,0,0.04619121551513672,0.11583590507507324,3.601916790008545,3.717752695083618,3.717752695083618,3.763943910598755,acopf_acdc_paper_study/cases/pglib_opf_case500_ieee/logs/oracle_ac_primal_dual__Vm_Va.log,0,222,8.512983635936065e-07,9.955438290409901e-08,1.1375540864833056e-07,3.4420997146134124e-07,8.512983635936065e-07,3.128,,,3.128,False,100.0,500,733,224,171,281,1,113,386,17772.920733832,4588.223415012,23303.998,7525.690999999999,10767.371,-2440.518,733,5,0,2,1,454945.9804210646,18096.320296491333,2897.2743132750697,0.9776402409680816,1.1000000093546285,1.0685758699808043,0.02095149751011306,-0.5577064778153443,0.15966424494315282,-0.18779382356449803,0.13948666294001422,1170.151487805744,1179.8843358770523,119.82786946049261,119.94434593802838,1.0000000040246866,0.9950222407677982,0.31566255084723366,0.3162973140968358,6.242826611213559e-08,0.0,10,150,25,24,0,16,0,,,,,,0,,,,,,1,0.0,0.0,0.0,0.0,0.0,1,0.0,0.0,0.0,0.0,0.0,1,1,1,1.947222517766312e-07,1.0272407324762867e-07,2.7707980947716926e-09,2.398081733190338e-14,1.0272407324762867e-07,0.000640385325856834,0.00033729016189720795,1.5636743583764963e-05,7.630220745236116e-07,0.00033729016189720795,2.3308226531226202e-05,1.2300874224768776e-05,3.4021858604593726e-07,7.357328690726916e-08,1.2300874224768776e-05,2.337143299217879e-06,1.7137038576392483e-06,3.763260877239578e-08,1.8922940041299352e-08,1.7137038576392483e-06,,,,,,,,,
2026-03-22T16:47:41Z,test_cases/pglib_opf_case500_ieee.mat,pglib_opf_case500_ieee,oracle_ac_primal_dual__Pg_Qg_Vm,oracle_ac_primal_dual,full,ac_true,1,0,Pg+Qg+Vm,3,,,optimal,ok,1,5262.773914729698,451078.21568575926,116.62504838522851,0,0.04619121551513672,0.07345104217529297,0.8480839729309082,0.9215350151062012,0.9215350151062012,0.9677262306213379,acopf_acdc_paper_study/cases/pglib_opf_case500_ieee/logs/oracle_ac_primal_dual__Pg_Qg_Vm.log,0,32,7.448431263089273e-07,7.055730061322762e-08,1.1412289602219516e-07,2.965183107639264e-07,7.448431263089273e-07,0.441,,,0.441,False,100.0,500,733,224,171,281,1,113,386,17772.920733832,4588.223415012,23303.998,7525.690999999999,10767.371,-2440.518,733,5,0,2,1,454945.98013200227,18096.32029123304,2897.2743912741053,0.9776404786798218,1.1000000095777787,1.0685758820504752,0.020951536578406968,-0.5577064036997329,0.1596642328947777,-0.18779382827882796,0.13948664618268783,1170.1514499009868,1179.8843002958454,119.82785787201115,119.94434557175984,1.0000000041567794,0.9950222414458756,0.31566253141332695,0.3162973180389331,6.447720046764971e-08,0.0,10,150,25,24,0,16,1,0.0,0.0,0.0,0.0,0.0,1,0.0,0.0,0.0,0.0,0.0,1,0.0,0.0,0.0,0.0,0.0,0,,,,,,1,1,1,1.0506413656516832e-07,6.372398031473381e-08,2.453112538390411e-09,7.288045722475545e-10,6.372398031473381e-08,0.00017203234038285566,8.776198772474098e-05,4.4042968936297385e-06,3.571865077045544e-07,8.776198772474098e-05,5.793704972770982e-06,2.7040374739328854e-06,9.124154311268562e-08,2.0163163250153104e-08,2.7040374739328854e-06,5.546868335748971e-07,3.5484639469840484e-07,1.2386700088710694e-08,9.888742345809387e-09,3.5484639469840484e-07,,,,,,,,,
2026-03-22T16:47:42Z,test_cases/pglib_opf_case500_ieee.mat,pglib_opf_case500_ieee,oracle_ac_primal_dual__Pg_Qg_Va,oracle_ac_primal_dual,full,ac_true,1,0,Pg+Qg+Va,3,,,optimal,ok,1,5262.773914738884,451078.215686553,116.62504838543371,0,0.04619121551513672,0.09482598304748535,1.0348050594329834,1.1296310424804688,1.1296310424804688,1.1758222579956055,acopf_acdc_paper_study/cases/pglib_opf_case500_ieee/logs/oracle_ac_primal_dual__Pg_Qg_Va.log,0,47,7.668195133020265e-07,7.059757006766532e-08,1.1412289602219516e-07,2.9654223906453295e-07,7.668195133020265e-07,0.631,,,0.631,False,100.0,500,733,224,171,281,1,113,386,17772.920733832,4588.223415012,23303.998,7525.690999999999,10767.371,-2440.518,733,5,0,2,1,454945.980132796,18096.320291636846,2897.274357189933,0.9776405648193736,1.1000000095778466,1.068575890104331,0.02095153302930136,-0.557706368289212,0.15966423342709585,-0.18779382579074508,0.1394866416934408,1170.1514512303777,1179.884301614265,119.82785978135463,119.9443474424482,1.0000000041568042,0.9950222413098725,0.3156625370330193,0.3162973239575863,6.447758593708386e-08,0.0,10,150,25,24,0,16,1,0.0,0.0,0.0,0.0,0.0,1,0.0,0.0,0.0,0.0,0.0,0,,,,,,1,0.0,0.0,0.0,0.0,0.0,1,1,1,1.2693518387570866e-07,8.04425519529417e-08,2.7903618567795115e-09,7.288035175356811e-10,8.04425519529417e-08,0.00019189773137821232,0.0001140801137541475,4.59985079051119e-06,2.570333403340008e-07,0.0001140801137541475,6.350024874210919e-06,3.4242833111264304e-06,8.519787356608965e-08,1.2357478818003642e-08,3.4242833111264304e-06,5.807925342131669e-07,3.5570263580420036e-07,1.362775101990526e-08,1.107336723704666e-08,3.5570263580420036e-07,,,,,,,,,
2026-03-22T16:47:43Z,test_cases/pglib_opf_case500_ieee.mat,pglib_opf_case500_ieee,oracle_ac_primal_dual__Pg_Vm_Va,oracle_ac_primal_dual,full,ac_true,1,0,Pg+Vm+Va,3,,,optimal,ok,1,5262.773914713982,451078.21568440023,116.62504838487713,0,0.04619121551513672,0.05133628845214844,0.8690869808197021,0.9204232692718506,0.9204232692718506,0.9666144847869873,acopf_acdc_paper_study/cases/pglib_opf_case500_ieee/logs/oracle_ac_primal_dual__Pg_Vm_Va.log,0,28,9.367637953416907e-08,1.1441030123293672e-08,1.1412289602219516e-07,1.2511590479768122e-07,1.2511590479768122e-07,0.458,,,0.458,False,100.0,500,733,224,171,281,1,113,386,17772.920733832,4588.223415012,23303.998,7525.690999999999,10767.371,-2440.518,733,5,0,2,1,454945.98013064323,18096.320284300924,2897.274370984065,0.9776406172172666,1.1000000095781055,1.0685758979770692,0.020951638172322033,-0.5577063666768847,0.15966422452324677,-0.18779384057701515,0.13948662384526875,1170.151390852584,1179.8842416558582,119.82783682806247,119.94434164974076,1.0000000041565644,0.9950222418776088,0.31566249069616426,0.31629730826053826,6.447386624586215e-08,0.0,10,150,25,24,0,16,1,0.0,0.0,0.0,0.0,0.0,0,,,,,,1,0.0,0.0,0.0,0.0,0.0,1,0.0,0.0,0.0,0.0,0.0,1,1,1,1.8468315843304004e-07,1.7524846462890764e-07,2.629808908356003e-09,7.288108450076436e-10,1.7524846462890764e-07,0.0006565924812686532,0.000512860805360893,1.3320036608494645e-05,6.833315903675974e-07,0.000512860805360893,2.3940609326688296e-05,1.8919723534960298e-05,2.641905529863209e-07,4.120820651376533e-08,1.8919723534960298e-05,3.0352289674365073e-06,2.650309795862449e-06,3.3077101599516534e-08,8.450096061025578e-09,2.650309795862449e-06,,,,,,,,,
2026-03-22T16:47:46Z,test_cases/pglib_opf_case500_ieee.mat,pglib_opf_case500_ieee,oracle_ac_primal_dual__Qg_Vm_Va,oracle_ac_primal_dual,full,ac_true,1,0,Qg+Vm+Va,3,,,optimal,ok,1,3867.764446298632,451078.2159814985,116.62504846169108,0,0.04619121551513672,0.10143709182739258,3.274066209793091,3.3755033016204834,3.3755033016204834,3.42169451713562,acopf_acdc_paper_study/cases/pglib_opf_case500_ieee/logs/oracle_ac_primal_dual__Qg_Vm_Va.log,0,223,8.516951332463975e-07,1.0972261543784612e-07,1.1375540864833056e-07,3.114555745620893e-07,8.516951332463975e-07,2.863,,,2.863,True,100.0,500,733,224,171,281,1,113,386,17772.920733832,4588.223415012,23303.998,7525.690999999999,10767.371,-2440.518,733,5,0,2,1,454945.9804277415,18096.320297465565,2897.2745371136502,0.9776404943109074,1.1000000093547215,1.0685758648482573,0.02095145611571671,-0.557706389711037,0.15966423841631983,-0.187793819883543,0.13948665563054924,1170.1514033194694,1179.8842520032301,119.82786534571085,119.94434305110842,1.0000000040247503,0.995022240670231,0.3156625476914924,0.3162973179817815,6.24292582074304e-08,0.0,10,150,25,24,0,16,0,,,,,,1,0.0,0.0,0.0,0.0,0.0,1,0.0,0.0,0.0,0.0,0.0,1,0.0,0.0,0.0,0.0,0.0,1,1,1,1.9956560985925758e-07,1.2622561174069347e-07,2.8436267540593668e-09,2.2870594307278225e-14,1.2622561174069347e-07,0.0006308119917549637,0.0004100883134176003,1.457828434756349e-05,5.940052919990724e-07,0.0004100883134176003,2.161014358605858e-05,1.5000050178404223e-05,2.721791702948728e-07,4.6606112635849684e-08,1.5000050178404223e-05,2.501268984967152e-06,2.087912832904326e-06,3.1867892427324135e-08,1.3718383852501237e-08,2.087912832904326e-06,,,,,,,,,
2026-03-22T16:47:47Z,test_cases/pglib_opf_case500_ieee.mat,pglib_opf_case500_ieee,oracle_ac_primal_dual__Pg_Qg_Vm_Va,oracle_ac_primal_dual,full,ac_true,1,0,Pg+Qg+Vm+Va,4,,,optimal,ok,1,5262.773914697407,451078.2156829677,116.62504838450675,0,0.04619121551513672,0.07582473754882812,0.48572492599487305,0.5615496635437012,0.5615496635437012,0.6077408790588379,acopf_acdc_paper_study/cases/pglib_opf_case500_ieee/logs/oracle_ac_primal_dual__Pg_Qg_Vm_Va.log,0,3,1.1326174435800564e-07,2.067683124717945e-08,1.1412289602219516e-07,1.5253047829608226e-07,1.5253047829608226e-07,0.058,,,0.058,False,100.0,500,733,224,171,281,1,113,386,17772.920733832,4588.223415012,23303.998,7525.690999999999,10767.371,-2440.518,733,5,0,2,1,454945.9801292107,18096.320285014823,2897.274318159272,0.9776406183351739,1.1000000095781053,1.068575890933269,0.020951626071279227,-0.5577063741714802,0.15966421605192027,-0.1877938427600488,0.13948662982591517,1170.151425098178,1179.8842756540932,119.82784078540463,119.94434300169392,1.0000000041565642,0.9950222420035814,0.3156624948396075,0.31629730587920835,6.44738635813269e-08,0.0,10,150,25,24,0,16,1,0.0,0.0,0.0,0.0,0.0,1,0.0,0.0,0.0,0.0,0.0,1,0.0,0.0,0.0,0.0,0.0,1,0.0,0.0,0.0,0.0,0.0,1,1,1,1.6562191796013767e-07,1.511240763640842e-07,2.6747693702293835e-09,7.288108450076436e-10,1.511240763640842e-07,0.0005419203413329367,0.0004003600256279882,1.1643897426176119e-05,5.84063396646961e-07,0.0004003600256279882,1.9330342454764863e-05,1.4748460934299601e-05,2.2712839412530883e-07,3.947133231374522e-08,1.4748460934299601e-05,2.4063439790258473e-06,2.0680692427721414e-06,2.6187698205954293e-08,6.694566932058388e-09,2.0680692427721414e-06,,,,,,,,,
2026-03-22T16:47:48Z,test_cases/pglib_opf_case500_ieee.mat,pglib_opf_case500_ieee,oracle_ac_constraint_dual__Pg,oracle_ac_constraint_dual,constraint_only,ac_true,1,0,Pg,1,,,optimal,ok,1,5262.773914709783,451078.2156840373,116.6250483847833,0,0.04619121551513672,0.04443192481994629,1.6346619129180908,1.679093837738037,1.679093837738037,1.7252850532531738,acopf_acdc_paper_study/cases/pglib_opf_case500_ieee/logs/oracle_ac_constraint_dual__Pg.log,0,42,7.661712878491379e-07,9.46839112669906e-08,1.1412289602219516e-07,3.6737429382227057e-07,7.661712878491379e-07,1.206,,,1.206,False,100.0,500,733,224,171,281,1,113,386,17772.920733832,4588.223415012,23303.998,7525.690999999999,10767.371,-2440.518,733,5,0,2,1,454945.9801302803,18096.32029361584,2897.2744610767168,0.9776405537056859,1.1000000095778504,1.068575863096169,0.0209514969586539,-0.5577063749123401,0.1596642224376495,-0.18779382653979781,0.13948664940910319,1170.1514440101753,1179.8842944465914,119.82785913187183,119.94434359578383,1.0000000041568162,0.9950222412619703,0.31566252968336006,0.31629731059848143,6.447777423090884e-08,0.0,10,150,25,24,0,16,1,0.0,0.0,0.0,0.0,0.0,0,,,,,,0,,,,,,0,,,,,,1,1,0,1.3976689197515617e-07,9.055516381195616e-08,3.0628713494759106e-09,7.288027958907151e-10,9.055516381195616e-08,0.0003865486430176313,0.00026985881531088607,7.779615442697377e-06,3.0477659318517425e-07,0.00026985881531088607,1.3085227467325865e-05,9.833957531624193e-06,1.2972962324719894e-07,1.788591241780324e-08,9.833957531624193e-06,1.5103732061672566e-06,1.3487526836497565e-06,1.7026198114385536e-08,6.1588033978265955e-09,1.3487526836497565e-06,,,,,,,,,
2026-03-22T16:47:52Z,test_cases/pglib_opf_case500_ieee.mat,pglib_opf_case500_ieee,oracle_ac_constraint_dual__Qg,oracle_ac_constraint_dual,constraint_only,ac_true,1,0,Qg,1,,,optimal,ok,1,3867.76444629765,451078.2159813831,116.62504846166125,0,0.04619121551513672,0.3579833507537842,2.7821178436279297,3.140101194381714,3.140101194381714,3.1862924098968506,acopf_acdc_paper_study/cases/pglib_opf_case500_ieee/logs/oracle_ac_constraint_dual__Qg.log,0,108,8.52099972113268e-07,1.1348164402624761e-07,1.1375540864833056e-07,3.195759196290784e-07,8.52099972113268e-07,1.898,,,1.898,False,100.0,500,733,224,171,281,1,113,386,17772.920733832,4588.223415012,23303.998,7525.690999999999,10767.371,-2440.518,733,5,0,2,1,454945.9804276261,18096.320297636892,2897.2745549633746,0.9776404946607042,1.1000000093547215,1.068575861658848,0.020951451209135327,-0.5577063911774467,0.15966423685168002,-0.18779382013067,0.13948665692523346,1170.1514025837837,1179.8842512732276,119.8278653966587,119.9443426948972,1.000000004024749,0.9950222406954475,0.3156625472313268,0.3162973168433814,6.24292360029699e-08,0.0,10,150,25,24,0,16,0,,,,,,1,0.0,0.0,0.0,0.0,0.0,0,,,,,,0,,,,,,1,1,0,1.9815948438157723e-07,1.3187396641356486e-07,2.771045060160459e-09,2.4646951146678475e-14,1.3187396641356486e-07,0.0006512362536876723,0.00043654499822709525,1.4878372665852993e-05,5.914924156649737e-07,0.00043654499822709525,2.235610253494038e-05,1.5978524349202772e-05,2.7663455451087946e-07,4.678232290444839e-08,1.5978524349202772e-05,2.632148127400069e-06,2.2243605290322987e-06,3.230154239490803e-08,1.3236081439216285e-08,2.2243605290322987e-06,,,,,,,,,
2026-03-22T16:47:53Z,test_cases/pglib_opf_case500_ieee.mat,pglib_opf_case500_ieee,oracle_ac_constraint_dual__Vm,oracle_ac_constraint_dual,constraint_only,ac_true,1,0,Vm,1,,,optimal,ok,1,3867.7644462990224,451078.2159815444,116.62504846170295,0,0.04619121551513672,0.09668993949890137,1.5933668613433838,1.6900568008422852,1.6900568008422852,1.7362480163574219,acopf_acdc_paper_study/cases/pglib_opf_case500_ieee/logs/oracle_ac_constraint_dual__Vm.log,0,88,8.525440572480086e-07,9.962174385425016e-08,1.1375540864833056e-07,2.8965436750752686e-07,8.525440572480086e-07,1.176,,,1.176,False,100.0,500,733,224,171,281,1,113,386,17772.920733832,4588.223415012,23303.998,7525.690999999999,10767.371,-2440.518,733,5,0,2,1,454945.9804277874,18096.320296967762,2897.2744931708685,0.9776404809234355,1.1000000093547138,1.0685758725880046,0.02095147008907948,-0.5577063901774405,0.15966424290033707,-0.1877938193543371,0.1394866525780874,1170.1514052636278,1179.884253934268,119.82786496895791,119.9443437833901,1.0000000040247479,0.9950222406085653,0.3156625482514163,0.3162973203622206,6.242921646304467e-08,0.0,10,150,25,24,0,16,0,,,,,,0,,,,,,1,0.0,0.0,0.0,0.0,0.0,0,,,,,,1,1,0,2.0459551803453442e-07,1.102647653183908e-07,3.0240659370918257e-09,2.4091839634365897e-14,1.102647653183908e-07,0.0005786548718692859,0.0003373500804825236,1.3795134399208131e-05,6.01353080205945e-07,0.0003373500804825236,1.9699714048818153e-05,1.230900999749096e-05,2.630361832938188e-07,4.6906302508809006e-08,1.230900999749096e-05,2.1559383207926967e-06,1.7127108203479624e-06,3.088733040759381e-08,1.554407166176608e-08,1.7127108203479624e-06,,,,,,,,,
2026-03-22T16:47:55Z,test_cases/pglib_opf_case500_ieee.mat,pglib_opf_case500_ieee,oracle_ac_constraint_dual__Va,oracle_ac_constraint_dual,constraint_only,ac_true,1,0,Va,1,,,optimal,ok,1,3867.764446282615,451078.2159796145,116.62504846120399,0,0.04619121551513672,0.11127400398254395,1.4356410503387451,1.546915054321289,1.546915054321289,1.5931062698364258,acopf_acdc_paper_study/cases/pglib_opf_case500_ieee/logs/oracle_ac_constraint_dual__Va.log,0,80,8.549592055902977e-07,1.776742996617564e-07,1.1375540864833056e-07,4.5841711083813846e-07,8.549592055902977e-07,1.032,,,1.032,False,100.0,500,733,224,171,281,1,113,386,17772.920733832,4588.223415012,23303.998,7525.690999999999,10767.371,-2440.518,733,5,0,2,1,454945.98042585753,18096.320300287323,2897.274831572657,0.977640499073625,1.100000009354724,1.0685758120912237,0.020951375280979075,-0.5577064143302954,0.15966421255532826,-0.1877938240025552,0.13948667705002046,1170.1513912646817,1179.8842400357933,119.82786616454477,119.944337154389,1.0000000040247328,0.9950222410876108,0.3156625400101685,0.3162972990952257,6.242898109576345e-08,0.0,10,150,25,24,0,16,0,,,,,,0,,,,,,0,,,,,,1,0.0,0.0,0.0,0.0,0.0,1,1,0,2.2688443349918515e-07,2.1936102223563125e-07,2.2518745837074567e-09,2.425837308805967e-14,2.1936102223563125e-07,0.0010174918139163713,0.0008464751189150577,1.9574577258486366e-05,7.789658508783326e-07,0.0008464751189150577,3.568467237640925e-05,3.113991632996971e-05,3.5376529928998757e-07,6.377596384332662e-08,3.113991632996971e-05,4.812153355694969e-06,4.338702300168973e-06,4.947547700492469e-08,1.4219446162200278e-08,4.338702300168973e-06,,,,,,,,,
2026-03-22T16:47:56Z,test_cases/pglib_opf_case500_ieee.mat,pglib_opf_case500_ieee,oracle_ac_constraint_dual__Pg_Qg,oracle_ac_constraint_dual,constraint_only,ac_true,1,0,Pg+Qg,2,,,optimal,ok,1,5262.773914757091,451078.2156881271,116.6250483858407,0,0.04619121551513672,0.07728314399719238,1.152358055114746,1.2296411991119385,1.2296411991119385,1.2758324146270752,acopf_acdc_paper_study/cases/pglib_opf_case500_ieee/logs/oracle_ac_constraint_dual__Pg_Qg.log,0,54,8.535503398694202e-07,7.228635817702056e-08,1.1412289602219516e-07,3.016637364024492e-07,8.535503398694202e-07,0.753,,,0.753,False,100.0,500,733,224,171,281,1,113,386,17772.920733832,4588.223415012,23303.998,7525.690999999999,10767.371,-2440.518,733,5,0,2,1,454945.9801343701,18096.320291680277,2897.274422857191,0.9776405665474845,1.1000000095778288,1.0685758924274344,0.02095152559296364,-0.5577063672706942,0.1596642377433785,-0.187793823760845,0.1394866418823195,1170.1514423371164,1179.8842927857415,119.82786027620884,119.94434767918777,1.0000000041568025,0.9950222413264883,0.3156625406353164,0.3162973286556658,6.447756106808811e-08,0.0,10,150,25,24,0,16,1,0.0,0.0,0.0,0.0,0.0,1,0.0,0.0,0.0,0.0,0.0,0,,,,,,0,,,,,,1,1,0,1.2175438772732077e-07,7.462808371272445e-08,2.6930822873690946e-09,7.288039616248909e-10,7.462808371272445e-08,0.00020534098621405807,9.214246275296434e-05,4.999622637689263e-06,2.563984041192846e-07,9.214246275296434e-05,6.497479407641272e-06,3.2205852711353344e-06,9.120361438186286e-08,1.157086559899767e-08,3.2205852711353344e-06,6.839940873048506e-07,4.255423802085323e-07,1.6501960743784745e-08,1.4792981714584208e-08,4.255423802085323e-07,,,,,,,,,
2026-03-22T16:47:57Z,test_cases/pglib_opf_case500_ieee.mat,pglib_opf_case500_ieee,oracle_ac_constraint_dual__Pg_Vm,oracle_ac_constraint_dual,constraint_only,ac_true,1,0,Pg+Vm,2,,,optimal,ok,1,5262.773914711965,451078.2156842261,116.6250483848321,0,0.04619121551513672,0.09054708480834961,0.7366161346435547,0.8271632194519043,0.8271632194519043,0.873354434967041,acopf_acdc_paper_study/cases/pglib_opf_case500_ieee/logs/oracle_ac_constraint_dual__Pg_Vm.log,0,24,7.523583143092356e-07,8.265075446267645e-08,1.1412289602219516e-07,2.965491319337246e-07,7.523583143092356e-07,0.333,,,0.333,False,100.0,500,733,224,171,281,1,113,386,17772.920733832,4588.223415012,23303.998,7525.690999999999,10767.371,-2440.518,733,5,0,2,1,454945.9801304691,18096.32029257892,2897.274314529108,0.9776405522854007,1.1000000095778546,1.0685758852630034,0.020951532977450678,-0.5577063616187792,0.15966423320966536,-0.18779382467316952,0.13948663940895015,1170.1514502118064,1179.8843006038564,119.8278585684551,119.94434592947401,1.0000000041568293,0.9950222410143089,0.31566253186047316,0.31629731723044746,6.447797673558853e-08,0.0,10,150,25,24,0,16,1,0.0,0.0,0.0,0.0,0.0,0,,,,,,1,0.0,0.0,0.0,0.0,0.0,0,,,,,,1,1,0,1.9035353062624328e-07,1.2441708796551154e-07,3.916999361356996e-09,7.288024628238077e-10,1.2441708796551154e-07,0.0002892770414878669,0.00023377538498341177,5.90262439298295e-06,2.867358129463298e-07,0.00023377538498341177,9.489506368122316e-06,7.0166916379399424e-06,1.0602081430932663e-07,1.6373055022889105e-08,7.0166916379399424e-06,6.852572348551689e-07,3.5746503478095715e-07,1.5424248492026734e-08,1.0177243658926471e-08,3.5746503478095715e-07,,,,,,,,,
2026-03-22T16:47:58Z,test_cases/pglib_opf_case500_ieee.mat,pglib_opf_case500_ieee,oracle_ac_constraint_dual__Pg_Va,oracle_ac_constraint_dual,constraint_only,ac_true,1,0,Pg+Va,2,,,optimal,ok,1,5262.773914729765,451078.2156857648,116.62504838522993,0,0.04619121551513672,0.048970937728881836,0.7789859771728516,0.8279569149017334,0.8279569149017334,0.8741481304168701,acopf_acdc_paper_study/cases/pglib_opf_case500_ieee/logs/oracle_ac_constraint_dual__Pg_Va.log,0,24,7.549437669766509e-07,9.242852022639525e-08,1.1412289602219516e-07,3.608087827964688e-07,7.549437669766509e-07,0.348,,,0.348,False,100.0,500,733,224,171,281,1,113,386,17772.920733832,4588.223415012,23303.998,7525.690999999999,10767.371,-2440.518,733,5,0,2,1,454945.9801320078,18096.320292707424,2897.2744730593495,0.9776405668571057,1.1000000095778495,1.0685758683047286,0.020951501141769923,-0.5577063792019038,0.15966422219321535,-0.18779382789540913,0.13948665057878243,1170.1514468248772,1179.8842972406458,119.82785998788368,119.9443450073126,1.0000000041568011,0.9950222414997963,0.315662533421142,0.3162973158136492,6.447753886362761e-08,0.0,10,150,25,24,0,16,1,0.0,0.0,0.0,0.0,0.0,0,,,,,,0,,,,,,1,0.0,0.0,0.0,0.0,0.0,1,1,0,9.232802868487161e-08,5.568271665978841e-08,2.236971767665851e-09,7.288035730468323e-10,5.568271665978841e-08,0.0003204171641315461,0.000252775349368628,6.416622695121081e-06,2.524695436045832e-07,0.000252775349368628,1.09806078915544e-05,9.198115231034976e-06,1.0842382875275724e-07,1.4452480656679256e-08,9.198115231034976e-06,1.3892164499688276e-06,1.2609634119503665e-06,1.4339037986067836e-08,4.815787602030497e-09,1.2609634119503665e-06,,,,,,,,,
2026-03-22T16:47:59Z,test_cases/pglib_opf_case500_ieee.mat,pglib_opf_case500_ieee,oracle_ac_constraint_dual__Qg_Vm,oracle_ac_constraint_dual,constraint_only,ac_true,1,0,Qg+Vm,2,,,optimal,ok,1,3867.7644462993358,451078.2159815815,116.62504846171254,0,0.04619121551513672,0.07883715629577637,1.592972993850708,1.6718101501464844,1.6718101501464844,1.718001365661621,acopf_acdc_paper_study/cases/pglib_opf_case500_ieee/logs/oracle_ac_constraint_dual__Qg_Vm.log,0,93,8.51102897302423e-07,1.0718604559478706e-07,1.137554104246874e-07,3.05977521349776e-07,8.51102897302423e-07,1.19,,,1.19,False,100.0,500,733,224,171,281,1,113,386,17772.920733832,4588.223415012,23303.998,7525.690999999999,10767.371,-2440.518,733,5,0,2,1,454945.9804278245,18096.320297348982,2897.27452502542,0.9776404939893711,1.1000000093547213,1.0685758670223764,0.020951459459132706,-0.5577063887387783,0.15966423949239167,-0.18779381971327358,0.1394866547500789,1170.1514038122764,1179.88425249344,119.82786531025009,119.9443432930646,1.000000004024753,0.9950222406529992,0.3156625480055348,0.3162973187594538,6.242929817545928e-08,0.0,10,150,25,24,0,16,0,,,,,,1,0.0,0.0,0.0,0.0,0.0,1,0.0,0.0,0.0,0.0,0.0,0,,,,,,1,1,0,2.0077118188340614e-07,1.2237699165140725e-07,2.894068506858483e-09,2.398081733190338e-14,1.2237699165140725e-07,0.0006172779045080525,0.00039205044685031165,1.4374794634861579e-05,6.022873434985421e-07,0.00039205044685031165,2.11152150561646e-05,1.4332869846755969e-05,2.693757656231366e-07,4.717644697116441e-08,1.4332869846755969e-05,2.413411841233246e-06,1.9948673948555484e-06,3.1609422736841754e-08,1.4086213893232946e-08,1.9948673948555484e-06,,,,,,,,,
2026-03-22T16:48:01Z,test_cases/pglib_opf_case500_ieee.mat,pglib_opf_case500_ieee,oracle_ac_constraint_dual__Qg_Va,oracle_ac_constraint_dual,constraint_only,ac_true,1,0,Qg+Va,2,,,optimal,ok,1,3867.7644462703747,451078.2159781751,116.62504846083183,0,0.04619121551513672,0.09447503089904785,1.5333898067474365,1.6278648376464844,1.6278648376464844,1.674056053161621,acopf_acdc_paper_study/cases/pglib_opf_case500_ieee/logs/oracle_ac_constraint_dual__Qg_Va.log,0,86,8.569644648084255e-07,2.3832469253637356e-07,1.137554104246874e-07,5.897601716392096e-07,8.569644648084255e-07,1.13,,,1.13,False,100.0,500,733,224,171,281,1,113,386,17772.920733832,4588.223415012,23303.998,7525.690999999999,10767.371,-2440.518,733,5,0,2,1,454945.9804244181,18096.32030245184,2897.275056380824,0.9776405045009336,1.1000000093547275,1.0685757718133586,0.020951313286499667,-0.5577064325420164,0.1596641927151894,-0.18779382712559423,0.13948669339739816,1170.1513821218794,1179.8842309592408,119.82786684608682,119.94433268561203,1.0000000040247201,0.9950222414064048,0.3156625342709341,0.31629728476085583,6.242878569651111e-08,0.0,10,150,25,24,0,16,0,,,,,,1,0.0,0.0,0.0,0.0,0.0,0,,,,,,1,0.0,0.0,0.0,0.0,0.0,1,1,0,3.0109109339903876e-07,2.907731366796895e-07,2.9740319230873133e-09,2.3092638912203256e-14,2.907731366796895e-07,0.0013490192960997605,0.001180790936782139,2.344469894073394e-05,9.703512489078747e-07,0.001180790936782139,4.76853495051519e-05,4.3505358565454344e-05,4.1777970964318455e-07,6.134279706415668e-08,4.3505358565454344e-05,6.670269968323785e-06,6.063289205049394e-06,7.343178905976976e-08,2.8393285641040156e-08,6.063289205049394e-06,,,,,,,,,
2026-03-22T16:48:03Z,test_cases/pglib_opf_case500_ieee.mat,pglib_opf_case500_ieee,oracle_ac_constraint_dual__Vm_Va,oracle_ac_constraint_dual,constraint_only,ac_true,1,0,Vm+Va,2,,,optimal,ok,1,3867.764446270925,451078.21597823966,116.62504846084852,0,0.04619121551513672,0.0502018928527832,1.9792609214782715,2.0294628143310547,2.0294628143310547,2.0756540298461914,acopf_acdc_paper_study/cases/pglib_opf_case500_ieee/logs/oracle_ac_constraint_dual__Vm_Va.log,0,93,8.566354022273545e-07,2.3857167902319176e-07,1.1375540864833056e-07,5.903428155211332e-07,8.566354022273545e-07,1.566,,,1.566,False,100.0,500,733,224,171,281,1,113,386,17772.920733832,4588.223415012,23303.998,7525.690999999999,10767.371,-2440.518,733,5,0,2,1,454945.98042448267,18096.32030246206,2897.2750571265815,0.9776405043769859,1.1000000093547269,1.0685757716509878,0.020951313085645608,-0.5577064326936254,0.15966419262416692,-0.18779382716514958,0.13948669346004797,1170.1513820472228,1179.8842308849994,119.82786683364711,119.94433266169898,1.0000000040247206,0.9950222414078336,0.3156625342062189,0.3162972846776234,6.242879369011689e-08,0.0,10,150,25,24,0,16,0,,,,,,0,,,,,,1,0.0,0.0,0.0,0.0,0.0,1,0.0,0.0,0.0,0.0,0.0,1,1,0,3.0143050471934865e-07,2.9106369314746416e-07,2.9796732615131958e-09,2.4868995751603507e-14,2.9106369314746416e-07,0.0013504014476618392,0.0011821950054591857,2.345831071272881e-05,9.705678783999971e-07,0.0011821950054591857,4.7732889603184916e-05,4.3556410069589546e-05,4.1791936523116747e-07,6.137011410167759e-08,4.3556410069589546e-05,6.677256272677975e-06,6.070146890135852e-06,7.351979544800737e-08,2.8400047420110847e-08,6.070146890135852e-06,,,,,,,,,
2026-03-22T16:48:05Z,test_cases/pglib_opf_case500_ieee.mat,pglib_opf_case500_ieee,oracle_ac_constraint_dual__Pg_Qg_Vm,oracle_ac_constraint_dual,constraint_only,ac_true,1,0,Pg+Qg+Vm,3,,,optimal,ok,1,5262.773914673033,451078.21568086074,116.62504838396201,0,0.04619121551513672,0.6539838314056396,1.4945597648620605,2.1485435962677,2.1485435962677,2.194734811782837,acopf_acdc_paper_study/cases/pglib_opf_case500_ieee/logs/oracle_ac_constraint_dual__Pg_Qg_Vm.log,0,29,7.515027242683354e-07,7.05297527603399e-08,1.1412289602219516e-07,2.965290025618347e-07,7.515027242683354e-07,0.619,,,0.619,False,100.0,500,733,224,171,281,1,113,386,17772.920733832,4588.223415012,23303.998,7525.690999999999,10767.371,-2440.518,733,5,0,2,1,454945.98012710374,18096.320290764033,2897.274455611209,0.9776403033778187,1.1000000095777687,1.068575866175562,0.020951545836024328,-0.557706467928715,0.15966423378443056,-0.18779383087142867,0.13948665371400334,1170.1514523300214,1179.8843027065225,119.8278544332676,119.94434209450229,1.0000000041567423,0.9950222415751008,0.3156625203909459,0.3162973062367943,6.447662670439058e-08,0.0,10,150,25,24,0,16,1,0.0,0.0,0.0,0.0,0.0,1,0.0,0.0,0.0,0.0,0.0,1,0.0,0.0,0.0,0.0,0.0,0,,,,,,1,1,0,9.560365517830899e-08,5.431726424198757e-08,2.330630419832514e-09,7.197047766777098e-10,5.431726424198757e-08,0.000180105967304949,9.161003869026518e-05,4.807559336145526e-06,4.227595850891941e-07,9.161003869026518e-05,6.407379241491048e-06,2.7108984006485315e-06,1.187130428164096e-07,2.4726833358634792e-08,2.7108984006485315e-06,6.832550174306697e-07,3.580237612071935e-07,1.705178824067199e-08,1.1783600518955328e-08,3.580237612071935e-07,,,,,,,,,
2026-03-22T16:48:06Z,test_cases/pglib_opf_case500_ieee.mat,pglib_opf_case500_ieee,oracle_ac_constraint_dual__Pg_Qg_Va,oracle_ac_constraint_dual,constraint_only,ac_true,1,0,Pg+Qg+Va,3,,,optimal,ok,1,5262.773914677573,451078.21568125306,116.62504838406345,0,0.04619121551513672,0.25489211082458496,0.9681198596954346,1.2230119705200195,1.2230119705200195,1.2692031860351562,acopf_acdc_paper_study/cases/pglib_opf_case500_ieee/logs/oracle_ac_constraint_dual__Pg_Qg_Va.log,0,33,2.7122586815399257e-07,1.6985569228911146e-08,1.1412289602219516e-07,2.1238750718167652e-07,2.7122586815399257e-07,0.525,,,0.525,False,100.0,500,733,224,171,281,1,113,386,17772.920733832,4588.223415012,23303.998,7525.690999999999,10767.371,-2440.518,733,5,0,2,1,454945.98012749606,18096.32028470131,2897.273984407711,0.9776406181724526,1.100000009578105,1.0685759167269693,0.02095165393084514,-0.5577063728427958,0.15966421785649454,-0.18779384355090725,0.1394866283559012,1170.1515197881506,1179.8843696598865,119.82785108201877,119.94435157480522,1.0000000041565626,0.9950222419946745,0.3156625148501116,0.31629731830529767,6.44738413768664e-08,0.0,10,150,25,24,0,16,1,0.0,0.0,0.0,0.0,0.0,1,0.0,0.0,0.0,0.0,0.0,0,,,,,,1,0.0,0.0,0.0,0.0,0.0,1,1,0,1.7163147118152003e-07,1.609428310622718e-07,2.532672183664745e-09,7.288108450076436e-10,1.609428310622718e-07,0.0005534020997114894,0.0004443988916963959,1.0971655215353511e-05,5.939702108076483e-07,0.0004443988916963959,1.8892829794334443e-05,1.637158884770784e-05,1.9133589877129432e-07,3.429294037626818e-08,1.637158884770784e-05,2.5798503124824787e-06,2.293815914128361e-06,2.5691283693474605e-08,5.4147881872745884e-09,2.293815914128361e-06,,,,,,,,,
2026-03-22T16:48:07Z,test_cases/pglib_opf_case500_ieee.mat,pglib_opf_case500_ieee,oracle_ac_constraint_dual__Pg_Vm_Va,oracle_ac_constraint_dual,constraint_only,ac_true,1,0,Pg+Vm+Va,3,,,optimal,ok,1,5262.773914715016,451078.21568448964,116.62504838490025,0,0.04619121551513672,0.1062631607055664,0.6424498558044434,0.7487130165100098,0.7487130165100098,0.7949042320251465,acopf_acdc_paper_study/cases/pglib_opf_case500_ieee/logs/oracle_ac_constraint_dual__Pg_Vm_Va.log,0,15,8.259697487829907e-07,8.803218461139739e-08,1.1412289602219516e-07,2.965379102145303e-07,8.259697487829907e-07,0.218,,,0.218,False,100.0,500,733,224,171,281,1,113,386,17772.920733832,4588.223415012,23303.998,7525.690999999999,10767.371,-2440.518,733,5,0,2,1,454945.98013073264,18096.320292872526,2897.2743460634424,0.9776405368510663,1.1000000095778353,1.0685758865531325,0.020951529640275465,-0.5577063617182917,0.15966423795502596,-0.1877938224530538,0.13948663854819257,1170.1514442931048,1179.8842947272303,119.82785853342294,119.94434568213875,1.0000000041568344,0.9950222409097003,0.31566253309789516,0.31629731894308344,6.447805578346788e-08,0.0,10,150,25,24,0,16,1,0.0,0.0,0.0,0.0,0.0,0,,,,,,1,0.0,0.0,0.0,0.0,0.0,1,0.0,0.0,0.0,0.0,0.0,1,1,0,2.123083736221605e-07,1.3738671333918262e-07,4.286575573578069e-09,7.288026293572614e-10,1.3738671333918262e-07,0.00032166774478238104,0.0002561605651152654,6.688158606891942e-06,3.479089045188566e-07,0.0002561605651152654,1.0401776832052482e-05,7.68397751671479e-06,1.2061305473398675e-07,2.100659846071551e-08,7.68397751671479e-06,7.673071991570768e-07,3.529888007586246e-07,1.8679502979068876e-08,1.3453730823842491e-08,3.529888007586246e-07,,,,,,,,,
2026-03-22T16:48:09Z,test_cases/pglib_opf_case500_ieee.mat,pglib_opf_case500_ieee,oracle_ac_constraint_dual__Qg_Vm_Va,oracle_ac_constraint_dual,constraint_only,ac_true,1,0,Qg+Vm+Va,3,,,optimal,ok,1,3867.764446289494,451078.21598042373,116.6250484614132,0,0.04619121551513672,0.05066084861755371,1.7643871307373047,1.8150479793548584,1.8150479793548584,1.8612391948699951,acopf_acdc_paper_study/cases/pglib_opf_case500_ieee/logs/oracle_ac_constraint_dual__Qg_Vm_Va.log,0,102,8.535118753623551e-07,1.473944375995906e-07,1.1375540864833056e-07,3.9289309110378595e-07,8.535118753623551e-07,1.355,,,1.355,False,100.0,500,733,224,171,281,1,113,386,17772.920733832,4588.223415012,23303.998,7525.690999999999,10767.371,-2440.518,733,5,0,2,1,454945.98042666673,18096.32029909545,2897.2747067414284,0.9776404976406182,1.1000000093547233,1.0685758344513248,0.020951409443982667,-0.5577064037124998,0.15966422347964518,-0.18779382225683433,0.13948666796831352,1170.1513963758343,1179.8842451098724,119.82786582823329,119.94433965870665,1.0000000040247372,0.9950222409107748,0.31566254328676363,0.31629730711201487,6.242905037368018e-08,0.0,10,150,25,24,0,16,0,,,,,,1,0.0,0.0,0.0,0.0,0.0,1,0.0,0.0,0.0,0.0,0.0,1,0.0,0.0,0.0,0.0,0.0,1,1,0,2.0276380543961162e-07,1.7999993096040612e-07,2.432302069164746e-09,2.453592884421596e-14,1.7999993096040612e-07,0.0008439806518297279,0.0006619533129675892,1.7434619535928814e-05,6.759452556293066e-07,0.0006619533129675892,2.9383557277383246e-05,2.4315310221734165e-05,3.184168504168916e-07,6.029285681830032e-08,2.4315310221734165e-05,3.807615156613634e-06,3.3869479816178716e-06,3.940340469789899e-08,9.364133607414615e-09,3.3869479816178716e-06,,,,,,,,,
2026-03-22T16:48:10Z,test_cases/pglib_opf_case500_ieee.mat,pglib_opf_case500_ieee,oracle_ac_constraint_dual__Pg_Qg_Vm_Va,oracle_ac_constraint_dual,constraint_only,ac_true,1,0,Pg+Qg+Vm+Va,4,,,optimal,ok,1,5262.773914747867,451078.2156873293,116.62504838563443,0,0.04619121551513672,0.07420611381530762,0.47911500930786133,0.553321123123169,0.553321123123169,0.5995123386383057,acopf_acdc_paper_study/cases/pglib_opf_case500_ieee/logs/oracle_ac_constraint_dual__Pg_Qg_Vm_Va.log,0,4,8.953247053964384e-07,7.119362527285844e-08,1.1412289602219516e-07,3.320226053589722e-07,8.953247053964384e-07,0.076,,,0.076,False,100.0,500,733,224,171,281,1,113,386,17772.920733832,4588.223415012,23303.998,7525.690999999999,10767.371,-2440.518,733,5,0,2,1,454945.9801335723,18096.3202920519,2897.274261923321,0.9776405633966606,1.1000000095778244,1.0685759059617217,0.020951534832691184,-0.5577063619523335,0.15966424157466858,-0.18779382214353219,0.13948664020521775,1170.1514884096675,1179.8843385245946,119.82786594928463,119.94435193729058,1.0000000041567787,0.9950222411877757,0.31566255213408373,0.31629733568762464,6.447719069768709e-08,0.0,10,150,25,24,0,16,1,0.0,0.0,0.0,0.0,0.0,1,0.0,0.0,0.0,0.0,0.0,1,0.0,0.0,0.0,0.0,0.0,1,0.0,0.0,0.0,0.0,0.0,1,1,0,1.5437112252347837e-07,9.536563339018755e-08,3.176741089420783e-09,7.288076253608722e-10,9.536563339018755e-08,0.0002662275574545417,0.00012564307409557163,6.384653814234389e-06,2.9839480177962317e-07,0.00012564307409557163,9.291466313377809e-06,3.7681453166626966e-06,1.277268895325534e-07,1.6313382422694644e-08,3.7681453166626966e-06,8.196094752625089e-07,3.7637364667941764e-07,2.0611030600751244e-08,1.7618346545567043e-08,3.7637364667941764e-07,,,,,,,,,
2026-03-22T16:48:11Z,test_cases/pglib_opf_case500_ieee.mat,pglib_opf_case500_ieee,oracle_ac_bounds_dual__Pg,oracle_ac_bounds_dual,bounds_only,ac_true,1,0,Pg,1,,,optimal,ok,1,5262.7739147313705,451078.2156859034,116.62504838526577,0,0.04619121551513672,0.07187294960021973,1.521338939666748,1.5932118892669678,1.5932118892669678,1.6394031047821045,acopf_acdc_paper_study/cases/pglib_opf_case500_ieee/logs/oracle_ac_bounds_dual__Pg.log,0,83,7.521929436875524e-07,7.062112256095432e-08,1.1412289602219516e-07,3.369195280579589e-07,7.521929436875524e-07,1.104,,,1.104,True,100.0,500,733,224,171,281,1,113,386,17772.920733832,4588.223415012,23303.998,7525.690999999999,10767.371,-2440.518,733,5,0,2,1,454945.9801321464,18096.320291489323,2897.274185492391,0.9776405665541705,1.1000000095778486,1.0685759026622597,0.020951544577701,-0.5577063700332571,0.1596642329247711,-0.1877938266835863,0.13948664244751785,1170.1515060210343,1179.884356008328,119.82786600363477,119.94435230502027,1.0000000041568,0.9950222413719317,0.3156625489433899,0.3162973309856883,6.44775246527729e-08,0.0,10,150,25,24,0,16,1,0.0,0.0,0.0,0.0,0.0,0,,,,,,0,,,,,,0,,,,,,0,0,1,1.2036784074760143e-07,7.431796866796958e-08,2.6809449634147693e-09,7.288001868666072e-10,7.431796866796958e-08,0.0002200582022681337,0.00011408130074003816,5.1179218279935445e-06,2.887009159513454e-07,0.00011408130074003816,8.43518448228605e-06,3.4164413689197204e-06,1.0729102968198845e-07,1.299453078473789e-08,3.4164413689197204e-06,6.836686159500074e-07,3.572794083778197e-07,1.4285428614059262e-08,1.1009901240699449e-08,3.572794083778197e-07,,,,,,,,,
2026-03-22T16:48:14Z,test_cases/pglib_opf_case500_ieee.mat,pglib_opf_case500_ieee,oracle_ac_bounds_dual__Qg,oracle_ac_bounds_dual,bounds_only,ac_true,1,0,Qg,1,,,optimal,ok,1,3867.764446300674,451078.21598173864,116.62504846175317,0,0.04619121551513672,0.11881184577941895,3.0070531368255615,3.1258649826049805,3.1258649826049805,3.172056198120117,acopf_acdc_paper_study/cases/pglib_opf_case500_ieee/logs/oracle_ac_bounds_dual__Qg.log,0,206,8.482164663549212e-07,9.9626301597322e-08,1.1375541397740108e-07,2.8965420413521563e-07,8.482164663549212e-07,2.596,,,2.596,True,100.0,500,733,224,171,281,1,113,386,17772.920733832,4588.223415012,23303.998,7525.690999999999,10767.371,-2440.518,733,5,0,2,1,454945.98042798165,18096.320297002167,2897.2744579884543,0.9776404933654198,1.1000000093547213,1.0685758758454806,0.02095147148346459,-0.557706385659245,0.1596642428253302,-0.18779381924116442,0.13948665210088146,1170.1514147335563,1179.8842633349889,119.82786628866292,119.94434486034747,1.000000004024758,0.9950222406010898,0.31566255104113217,0.31629732232875096,6.242937722333863e-08,0.0,10,150,25,24,0,16,0,,,,,,1,0.0,0.0,0.0,0.0,0.0,0,,,,,,0,,,,,,0,0,1,2.064155035568956e-07,1.1077337314091551e-07,3.063890363301676e-09,1.865174681370263e-14,1.1077337314091551e-07,0.000583548501604334,0.0003373507857757918,1.3890199284099293e-05,6.010703052965541e-07,0.0003373507857757918,2.001366818686954e-05,1.2309432312562762e-05,2.6620653045350553e-07,4.63256898397546e-08,1.2309432312562762e-05,2.167975039817631e-06,1.7126908865155999e-06,3.1253382155587986e-08,1.5845752231180565e-08,1.7126908865155999e-06,,,,,,,,,
2026-03-22T16:48:18Z,test_cases/pglib_opf_case500_ieee.mat,pglib_opf_case500_ieee,oracle_ac_bounds_dual__Vm,oracle_ac_bounds_dual,bounds_only,ac_true,1,0,Vm,1,,,optimal,ok,1,3867.7644463012766,451078.2159818097,116.62504846177154,0,0.04619121551513672,0.09172201156616211,3.0928077697753906,3.1845297813415527,3.1845297813415527,3.2307209968566895,acopf_acdc_paper_study/cases/pglib_opf_case500_ieee/logs/oracle_ac_bounds_dual__Vm.log,0,209,8.513504788020226e-07,9.962723168666088e-08,1.1375540864833056e-07,2.8965430212263993e-07,8.513504788020226e-07,2.672,,,2.672,True,100.0,500,733,224,171,281,1,113,386,17772.920733832,4588.223415012,23303.998,7525.690999999999,10767.371,-2440.518,733,5,0,2,1,454945.9804280527,18096.32029699487,2897.2744881060316,0.9776404933482187,1.1000000093547209,1.0685758736283035,0.02095146959909735,-0.5577063856672846,0.15966424272947777,-0.18779381919882746,0.13948665206676508,1170.1514053266765,1179.88425399687,119.82786520706733,119.94434403182822,1.0000000040247548,0.9950222406007695,0.31566254896510065,0.31629732112276265,6.242932304445503e-08,0.0,10,150,25,24,0,16,0,,,,,,0,,,,,,1,0.0,0.0,0.0,0.0,0.0,0,,,,,,0,0,1,2.0548281871109823e-07,1.1069284466813656e-07,3.042171321597874e-09,2.4424906541753444e-14,1.1069284466813656e-07,0.0005781694365589929,0.000337347726451831,1.375449156124337e-05,6.010386309545854e-07,0.000337347726451831,1.9686663737130034e-05,1.2309699960910692e-05,2.6133186844923274e-07,4.576015899537822e-08,1.2309699960910692e-05,2.154996100212831e-06,1.712729413891334e-06,3.097455949650715e-08,1.581196015787434e-08,1.712729413891334e-06,,,,,,,,,
2026-03-22T16:48:22Z,test_cases/pglib_opf_case500_ieee.mat,pglib_opf_case500_ieee,oracle_ac_bounds_dual__Va,oracle_ac_bounds_dual,bounds_only,ac_true,1,0,Va,1,,,optimal,ok,1,3867.7644463012452,451078.21598180593,116.62504846177058,0,0.04619121551513672,0.11489105224609375,4.527268171310425,4.6421592235565186,4.6421592235565186,4.688350439071655,acopf_acdc_paper_study/cases/pglib_opf_case500_ieee/logs/oracle_ac_bounds_dual__Va.log,0,240,8.514585729120066e-07,9.962722480327812e-08,1.1375540864833056e-07,2.8965430013936787e-07,8.514585729120066e-07,3.465,,,3.465,True,100.0,500,733,224,171,281,1,113,386,17772.920733832,4588.223415012,23303.998,7525.690999999999,10767.371,-2440.518,733,5,0,2,1,454945.98042804893,18096.320296994738,2897.2744880855416,0.9776404933483815,1.1000000093547209,1.0685758736295874,0.02095146960012338,-0.5577063856660014,0.15966424272939264,-0.18779381919865182,0.13948665206644037,1170.151405332161,1179.8842540014025,119.82786520762014,119.94434403225942,1.0000000040247528,0.9950222406007748,0.3156625489660806,0.3162973211233332,6.242929284638876e-08,0.0,10,150,25,24,0,16,0,,,,,,0,,,,,,0,,,,,,1,0.0,0.0,0.0,0.0,0.0,0,0,1,2.0548113092631264e-07,1.1069136629515697e-07,3.042069937627008e-09,2.4424906541753444e-14,1.1069136629515697e-07,0.0005781727757703537,0.00033734772150212367,1.3754566012900531e-05,6.010406078628058e-07,0.00033734772150212367,1.9686846522187625e-05,1.2309699516155348e-05,2.6133422525487227e-07,4.5760869316069375e-08,1.2309699516155348e-05,2.155003592131463e-06,1.712729350192288e-06,3.097485561059756e-08,1.581266423356098e-08,1.712729350192288e-06,,,,,,,,,
2026-03-22T16:48:24Z,test_cases/pglib_opf_case500_ieee.mat,pglib_opf_case500_ieee,oracle_ac_bounds_dual__Pg_Qg,oracle_ac_bounds_dual,bounds_only,ac_true,1,0,Pg+Qg,2,,,optimal,ok,1,5262.773914730866,451078.21568586,116.62504838525456,0,0.04619121551513672,0.10301399230957031,1.1914489269256592,1.2944629192352295,1.2944629192352295,1.3406541347503662,acopf_acdc_paper_study/cases/pglib_opf_case500_ieee/logs/oracle_ac_bounds_dual__Pg_Qg.log,0,61,7.521762659530823e-07,7.06153867047199e-08,1.1412289602219516e-07,2.9654555167252007e-07,7.521762659530823e-07,0.785,,,0.785,False,100.0,500,733,224,171,281,1,113,386,17772.920733832,4588.223415012,23303.998,7525.690999999999,10767.371,-2440.518,733,5,0,2,1,454945.980132103,18096.320291842192,2897.274342536657,0.9776405622493054,1.100000009577851,1.0685758884205405,0.020951533523025725,-0.5577063670343841,0.15966423267742016,-0.18779382583977502,0.13948664127094978,1170.1514515648985,1179.8843019466085,119.82785940072598,119.94434701931588,1.0000000041568122,0.9950222412471483,0.3156625353122004,0.31629732176852116,6.447771472295472e-08,0.0,10,150,25,24,0,16,1,0.0,0.0,0.0,0.0,0.0,1,0.0,0.0,0.0,0.0,0.0,0,,,,,,0,,,,,,0,0,1,1.3988056304165137e-07,9.02201262586999e-08,3.011776193551248e-09,7.288032399799249e-10,9.02201262586999e-08,0.00020983879493434408,0.00014287233217344375,4.833333114034711e-06,2.592207670737423e-07,0.00014287233217344375,6.949784021050546e-06,4.288865024681954e-06,8.866064080148561e-08,1.3666156317704292e-08,4.288865024681954e-06,5.909703433535215e-07,3.568464385372838e-07,1.3560549817721278e-08,1.0334318199800574e-08,3.568464385372838e-07,,,,,,,,,
2026-03-22T16:48:25Z,test_cases/pglib_opf_case500_ieee.mat,pglib_opf_case500_ieee,oracle_ac_bounds_dual__Pg_Vm,oracle_ac_bounds_dual,bounds_only,ac_true,1,0,Pg+Vm,2,,,optimal,ok,1,5262.773914737903,451078.2156864681,116.62504838541177,0,0.04619121551513672,0.07691025733947754,1.1128509044647217,1.1897611618041992,1.1897611618041992,1.235952377319336,acopf_acdc_paper_study/cases/pglib_opf_case500_ieee/logs/oracle_ac_bounds_dual__Pg_Vm.log,0,53,7.54224921440034e-07,8.292613856708542e-08,1.1412289602219516e-07,3.328437963203722e-07,7.54224921440034e-07,0.673,,,0.673,False,100.0,500,733,224,171,281,1,113,386,17772.920733832,4588.223415012,23303.998,7525.690999999999,10767.371,-2440.518,733,5,0,2,1,454945.9801327111,18096.320292038945,2897.2744343144614,0.9776405685165003,1.1000000095778468,1.0685758777152055,0.020951514750623682,-0.5577063763487571,0.15966422641258327,-0.18779382748188136,0.13948664738608682,1170.1514477670319,1179.8842981767634,119.82785989257124,119.94434615647867,1.0000000041567956,0.9950222414858662,0.315662535261077,0.3162973199587655,6.44774527103209e-08,0.0,10,150,25,24,0,16,1,0.0,0.0,0.0,0.0,0.0,0,,,,,,1,0.0,0.0,0.0,0.0,0.0,0,,,,,,0,0,1,9.159436359297897e-08,5.652633960906428e-08,2.212582333865638e-09,7.288036285579835e-10,5.652633960906428e-08,0.0002444509214374523,0.00017848164025002777,5.3021825142788455e-06,2.51752170554731e-07,0.00017848164025002777,8.281281674600698e-06,6.448725714536252e-06,9.129834183396746e-08,1.1373931463332099e-08,6.448725714536252e-06,9.939106250174548e-07,8.777179983099348e-07,1.2234338602679446e-08,6.300179475338119e-09,8.777179983099348e-07,,,,,,,,,
2026-03-22T16:48:26Z,test_cases/pglib_opf_case500_ieee.mat,pglib_opf_case500_ieee,oracle_ac_bounds_dual__Pg_Va,oracle_ac_bounds_dual,bounds_only,ac_true,1,0,Pg+Va,2,,,optimal,ok,1,5262.773914720475,451078.21568496164,116.62504838502228,0,0.04619121551513672,0.07685184478759766,1.283945083618164,1.3607969284057617,1.3607969284057617,1.4069881439208984,acopf_acdc_paper_study/cases/pglib_opf_case500_ieee/logs/oracle_ac_bounds_dual__Pg_Va.log,0,69,7.514200047108134e-07,7.292893949850665e-08,1.1412289602219516e-07,4.0123938752878383e-07,7.514200047108134e-07,0.878,,,0.878,False,100.0,500,733,224,171,281,1,113,386,17772.920733832,4588.223415012,23303.998,7525.690999999999,10767.371,-2440.518,733,5,0,2,1,454945.98013120465,18096.320291579046,2897.2740051285873,0.9776405616631302,1.1000000095778424,1.0685759145780203,0.02095155358485419,-0.5577063736169235,0.159664232343779,-0.18779382734751332,0.13948664398995195,1170.151566846887,1179.8844163934268,119.82787305987924,119.94435741643807,1.000000004156798,0.9950222414168813,0.3156625621022916,0.3162973379908877,6.447749179017137e-08,0.0,10,150,25,24,0,16,1,0.0,0.0,0.0,0.0,0.0,0,,,,,,0,,,,,,1,0.0,0.0,0.0,0.0,0.0,0,0,1,1.173895596904633e-07,7.095101373089108e-08,2.630467438918361e-09,7.288039616248909e-10,7.095101373089108e-08,0.00029531801052103487,0.00018731355214184672,6.258313543382251e-06,2.951058794553596e-07,0.00018731355214184672,1.2272386424789252e-05,5.629999856759937e-06,1.4121987562476514e-07,1.6279050218948043e-08,5.629999856759937e-06,9.335302091515013e-07,5.579535453104079e-07,1.57187670636166e-08,1.0572496211835869e-08,5.579535453104079e-07,,,,,,,,,
2026-03-22T16:48:29Z,test_cases/pglib_opf_case500_ieee.mat,pglib_opf_case500_ieee,oracle_ac_bounds_dual__Qg_Vm,oracle_ac_bounds_dual,bounds_only,ac_true,1,0,Qg+Vm,2,,,optimal,ok,1,3867.76444630124,451078.2159818054,116.62504846177043,0,0.04619121551513672,0.0839700698852539,2.8533871173858643,2.937357187271118,2.937357187271118,2.983548402786255,acopf_acdc_paper_study/cases/pglib_opf_case500_ieee/logs/oracle_ac_bounds_dual__Qg_Vm.log,0,194,8.496852546846658e-07,9.962879815583747e-08,1.137554104246874e-07,2.896542980671965e-07,8.496852546846658e-07,2.451,,,2.451,False,100.0,500,733,224,171,281,1,113,386,17772.920733832,4588.223415012,23303.998,7525.690999999999,10767.371,-2440.518,733,5,0,2,1,454945.9804280484,18096.32029699329,2897.2744880440405,0.9776404933425185,1.1000000093547229,1.0685758736334992,0.020951469603341606,-0.5577063856593963,0.15966424273092802,-0.18779381919593208,0.13948665206466423,1170.151405347431,1179.8842540174837,119.82786520941468,119.94434403369003,1.0000000040247536,0.9950222406008303,0.31566254897004564,0.3162973211262614,6.24293079454219e-08,0.0,10,150,25,24,0,16,0,,,,,,1,0.0,0.0,0.0,0.0,0.0,1,0.0,0.0,0.0,0.0,0.0,0,,,,,,0,0,1,2.0533391080968009e-07,1.1067554872568053e-07,3.0399092273741108e-09,2.1038726316646716e-14,1.1067554872568053e-07,0.0005781675286826366,0.0003373476351166693,1.3754517787372361e-05,6.010376590202468e-07,0.0003373476351166693,1.9686918314716866e-05,1.2309690406109297e-05,2.6133881673584545e-07,4.576387491184164e-08,1.2309690406109297e-05,2.1550310437799587e-06,1.7127308633846372e-06,3.097682599448939e-08,1.5816709261762263e-08,1.7127308633846372e-06,,,,,,,,,
2026-03-22T16:48:32Z,test_cases/pglib_opf_case500_ieee.mat,pglib_opf_case500_ieee,oracle_ac_bounds_dual__Qg_Va,oracle_ac_bounds_dual,bounds_only,ac_true,1,0,Qg+Va,2,,,optimal,ok,1,3867.7644463010424,451078.2159817823,116.62504846176446,0,0.04619121551513672,0.04799175262451172,3.1349239349365234,3.182915687561035,3.182915687561035,3.229106903076172,acopf_acdc_paper_study/cases/pglib_opf_case500_ieee/logs/oracle_ac_bounds_dual__Qg_Va.log,0,217,8.86478599283988e-07,1.1179956910245537e-07,1.1375540864833056e-07,3.1599371865830337e-07,8.86478599283988e-07,2.73,,,2.73,True,100.0,500,733,224,171,281,1,113,386,17772.920733832,4588.223415012,23303.998,7525.690999999999,10767.371,-2440.518,733,5,0,2,1,454945.9804280253,18096.32029765715,2897.274518053403,0.9776404935449258,1.1000000093547113,1.0685758685880073,0.020951454222181618,-0.5577063888082404,0.15966424043342195,-0.18779381880880502,0.1394866558634865,1170.1514150532028,1179.8842636520471,119.82786740310272,119.94434437449634,1.0000000040247514,0.9950222406512979,0.3156625525563316,0.31629732150826045,6.242927330646353e-08,0.0,10,150,25,24,0,16,0,,,,,,1,0.0,0.0,0.0,0.0,0.0,0,,,,,,1,0.0,0.0,0.0,0.0,0.0,0,0,1,2.0601250077337943e-07,1.3009446053757756e-07,2.9181145321364385e-09,2.4424906541753444e-14,1.3009446053757756e-07,0.0006596723026365592,0.00042499354088121333,1.5266986985018233e-05,6.145902461396346e-07,0.00042499354088121333,2.268482552195022e-05,1.5535106626884954e-05,2.874969321076115e-07,4.9975475091557087e-08,1.5535106626884954e-05,2.608545177644191e-06,2.1616275745206526e-06,3.3748195555412287e-08,1.4726161370187674e-08,2.1616275745206526e-06,,,,,,,,,
2026-03-22T16:48:37Z,test_cases/pglib_opf_case500_ieee.mat,pglib_opf_case500_ieee,oracle_ac_bounds_dual__Vm_Va,oracle_ac_bounds_dual,bounds_only,ac_true,1,0,Vm+Va,2,,,optimal,ok,1,3867.7644462859575,451078.21598000766,116.62504846130564,0,0.04619121551513672,0.1310112476348877,4.983229875564575,5.114241123199463,5.114241123199463,5.1604323387146,acopf_acdc_paper_study/cases/pglib_opf_case500_ieee/logs/oracle_ac_bounds_dual__Vm_Va.log,0,222,8.51689869336606e-07,1.0075074415027974e-07,1.1375540864833056e-07,2.8965617113796626e-07,8.51689869336606e-07,4.385,,,4.385,True,100.0,500,733,224,171,281,1,113,386,17772.920733832,4588.223415012,23303.998,7525.690999999999,10767.371,-2440.518,733,5,0,2,1,454945.98042625067,18096.320297836057,2897.2744518662416,0.9776404842165775,1.100000009354728,1.0685758705223465,0.020951469134257238,-0.5577063787347842,0.1596642433329811,-0.18779381784497656,0.13948664987044268,1170.1514049955729,1179.8842536672055,119.82786444676326,119.94434294888839,1.0000000040247774,0.9950222403353673,0.3156625454594717,0.316297316286297,6.242967387493081e-08,0.0,10,150,25,24,0,16,0,,,,,,0,,,,,,1,0.0,0.0,0.0,0.0,0.0,1,0.0,0.0,0.0,0.0,0.0,0,0,1,2.61954550831818e-07,1.3641783214168868e-07,4.078676635543965e-09,2.531308496145357e-14,1.3641783214168868e-07,0.0006364130993067347,0.00034705094943733583,1.496389092595831e-05,6.69301309680348e-07,0.00034705094943733583,2.1514562668509015e-05,1.231969252368792e-05,2.812389800008752e-07,5.0662261608103165e-08,1.231969252368792e-05,2.198898097836872e-06,1.7133770640470614e-06,3.332525656070983e-08,1.7031273238932165e-08,1.7133770640470614e-06,,,,,,,,,
2026-03-22T16:48:39Z,test_cases/pglib_opf_case500_ieee.mat,pglib_opf_case500_ieee,oracle_ac_bounds_dual__Pg_Qg_Vm,oracle_ac_bounds_dual,bounds_only,ac_true,1,0,Pg+Qg+Vm,3,,,optimal,ok,1,5262.773914738293,451078.21568650194,116.62504838542053,0,0.04619121551513672,0.10529732704162598,1.4550809860229492,1.5603783130645752,1.5603783130645752,1.606569528579712,acopf_acdc_paper_study/cases/pglib_opf_case500_ieee/logs/oracle_ac_bounds_dual__Pg_Qg_Vm.log,0,65,7.527724167649306e-07,8.165699616480282e-08,1.1412289602219516e-07,3.2910544174580313e-07,7.527724167649306e-07,0.905,,,0.905,True,100.0,500,733,224,171,281,1,113,386,17772.920733832,4588.223415012,23303.998,7525.690999999999,10767.371,-2440.518,733,5,0,2,1,454945.98013274494,18096.32029197603,2897.274426901708,0.9776405683804219,1.1000000095778482,1.0685758788829243,0.02095151670218886,-0.5577063758411612,0.1596642269610487,-0.18779382742085446,0.13948664690778123,1170.1514481569534,1179.8842985638637,119.82785986273656,119.94434628578199,1.000000004156796,0.995022241477348,0.3156625353876093,0.31629732033119745,6.447745981574826e-08,0.0,10,150,25,24,0,16,1,0.0,0.0,0.0,0.0,0.0,1,0.0,0.0,0.0,0.0,0.0,1,0.0,0.0,0.0,0.0,0.0,0,,,,,,0,0,1,9.310579765525148e-08,5.7723161139833223e-08,2.224798945654181e-09,7.288001868666072e-10,5.7723161139833223e-08,0.00023556560155172109,0.00016832359135116048,5.178219878538359e-06,2.518014960428694e-07,0.00016832359135116048,7.967539547509472e-06,6.073524628336102e-06,8.957619427607532e-08,1.0787338688977854e-08,6.073524628336102e-06,9.423620881976442e-07,8.254331043122676e-07,1.2053248966480448e-08,6.536493166175994e-09,8.254331043122676e-07,,,,,,,,,
2026-03-22T16:48:40Z,test_cases/pglib_opf_case500_ieee.mat,pglib_opf_case500_ieee,oracle_ac_bounds_dual__Pg_Qg_Va,oracle_ac_bounds_dual,bounds_only,ac_true,1,0,Pg+Qg+Va,3,,,optimal,ok,1,5262.773914757437,451078.2156881569,116.6250483858484,0,0.04619121551513672,0.04449105262756348,1.5348072052001953,1.5792982578277588,1.5792982578277588,1.6254894733428955,acopf_acdc_paper_study/cases/pglib_opf_case500_ieee/logs/oracle_ac_bounds_dual__Pg_Qg_Va.log,0,91,8.612586136339299e-07,7.062556339754167e-08,1.1412289602219516e-07,2.967821116602466e-07,8.612586136339299e-07,1.13,,,1.13,True,100.0,500,733,224,171,281,1,113,386,17772.920733832,4588.223415012,23303.998,7525.690999999999,10767.371,-2440.518,733,5,0,2,1,454945.9801343999,18096.320291627846,2897.2743920359217,0.9776405668027722,1.1000000095778282,1.0685758962258314,0.020951529239621566,-0.5577063657541125,0.1596642391341539,-0.18779382339591727,0.13948664105156014,1170.151449648196,1179.8843000436293,119.8278611603046,119.94434855331161,1.0000000041568053,0.9950222413019111,0.31566254282499195,0.31629733056874976,6.447760547700909e-08,0.0,10,150,25,24,0,16,1,0.0,0.0,0.0,0.0,0.0,1,0.0,0.0,0.0,0.0,0.0,0,,,,,,1,0.0,0.0,0.0,0.0,0.0,0,0,1,1.278568382897986e-07,7.80083002638321e-08,2.796076364330068e-09,7.288009640227244e-10,7.80083002638321e-08,0.00020551590113117977,8.912198551509765e-05,5.0251914894579294e-06,2.826603346661738e-07,8.912198551509765e-05,6.589683545722123e-06,2.7032425786721603e-06,9.460702406349775e-08,1.2288741246813117e-08,2.7032425786721603e-06,6.66397874625557e-07,3.532219541857451e-07,1.7307487707001143e-08,1.586148179813507e-08,3.532219541857451e-07,,,,,,,,,
2026-03-22T16:48:41Z,test_cases/pglib_opf_case500_ieee.mat,pglib_opf_case500_ieee,oracle_ac_bounds_dual__Pg_Vm_Va,oracle_ac_bounds_dual,bounds_only,ac_true,1,0,Pg+Vm+Va,3,,,optimal,ok,1,5262.773914723172,451078.21568519477,116.62504838508256,0,0.04619121551513672,0.06463170051574707,0.8379459381103516,0.9025776386260986,0.9025776386260986,0.9487688541412354,acopf_acdc_paper_study/cases/pglib_opf_case500_ieee/logs/oracle_ac_bounds_dual__Pg_Vm_Va.log,0,34,1.477729359724932e-07,1.1402590593956319e-08,1.1412289602219516e-07,1.2507346403942484e-07,1.477729359724932e-07,0.431,,,0.431,False,100.0,500,733,224,171,281,1,113,386,17772.920733832,4588.223415012,23303.998,7525.690999999999,10767.371,-2440.518,733,5,0,2,1,454945.98013143777,18096.320284417307,2897.274399449614,0.9776406173038429,1.1000000095781062,1.068575900579689,0.020951635033775066,-0.5577063638916498,0.1596642282411101,-0.18779383882020678,0.13948662304736872,1170.1513859705824,1179.8842368091157,119.82783714514886,119.94434186161358,1.0000000041565629,0.9950222418309875,0.31566249301101373,0.31629731126916405,6.447384404140166e-08,0.0,10,150,25,24,0,16,1,0.0,0.0,0.0,0.0,0.0,0,,,,,,1,0.0,0.0,0.0,0.0,0.0,1,0.0,0.0,0.0,0.0,0.0,0,0,1,1.8351370523790554e-07,1.744085267318951e-07,2.5428422414887766e-09,7.288108450076436e-10,1.744085267318951e-07,0.0006486520280907398,0.000512998055282321,1.2940967337319753e-05,6.534260512947032e-07,0.000512998055282321,2.3832796535545287e-05,1.89458046901958e-05,2.591652590464566e-07,4.092842920133677e-08,1.89458046901958e-05,3.034154914135437e-06,2.655163675438499e-06,3.406104458006403e-08,1.016302077216924e-08,2.655163675438499e-06,,,,,,,,,
2026-03-22T16:48:46Z,test_cases/pglib_opf_case500_ieee.mat,pglib_opf_case500_ieee,oracle_ac_bounds_dual__Qg_Vm_Va,oracle_ac_bounds_dual,bounds_only,ac_true,1,0,Qg+Vm+Va,3,,,maxIterations,warning,0,3909.90207641139,,,,0.04619121551513672,0.0717000961303711,4.479026794433594,4.550726890563965,4.550726890563965,4.596918106079102,acopf_acdc_paper_study/cases/pglib_opf_case500_ieee/logs/oracle_ac_bounds_dual__Qg_Vm_Va.log,1,300,43.95188862371502,0.0008856877321183898,7.64668656172418e-09,0.034443567067143306,43.95188862371502,4.079,,,4.079,True,100.0,500,733,224,171,281,1,113,386,17772.920733832,4588.223415012,23303.998,7525.690999999999,10767.371,-2440.518,733,5,0,2,1,,,,,,,,,,,,,,,,,,,,,,,,,,,,0,,,,,,1,0.0,0.0,0.0,0.0,0.0,1,0.0,0.0,0.0,0.0,0.0,1,0.0,0.0,0.0,0.0,0.0,0,0,1,,,,,,,,,,,,,,,,,,,,,,,,,,,,,
2026-03-22T16:48:47Z,test_cases/pglib_opf_case500_ieee.mat,pglib_opf_case500_ieee,oracle_ac_bounds_dual__Pg_Qg_Vm_Va,oracle_ac_bounds_dual,bounds_only,ac_true,1,0,Pg+Qg+Vm+Va,4,,,optimal,ok,1,5262.773914742397,451078.21568685677,116.62504838551226,0,0.04619121551513672,0.10583114624023438,0.7057960033416748,0.8116271495819092,0.8116271495819092,0.8578183650970459,acopf_acdc_paper_study/cases/pglib_opf_case500_ieee/logs/oracle_ac_bounds_dual__Pg_Qg_Vm_Va.log,0,22,7.520531859277983e-07,7.059570245049329e-08,1.1412289602219516e-07,2.9654301935064774e-07,7.520531859277983e-07,0.295,,,0.295,False,100.0,500,733,224,171,281,1,113,386,17772.920733832,4588.223415012,23303.998,7525.690999999999,10767.371,-2440.518,733,5,0,2,1,454945.9801330998,18096.320291386146,2897.2743655836007,0.9776405671844527,1.1000000095778477,1.068575889847275,0.020951533562905748,-0.5577063707933715,0.1596642323391268,-0.1877938265685867,0.13948664245685877,1170.1514506742285,1179.8843010620826,119.82785969029968,119.94434751228339,1.0000000041567971,0.9950222413906853,0.31566253697731744,0.3162973242524095,6.44774793556735e-08,0.0,10,150,25,24,0,16,1,0.0,0.0,0.0,0.0,0.0,1,0.0,0.0,0.0,0.0,0.0,1,0.0,0.0,0.0,0.0,0.0,1,0.0,0.0,0.0,0.0,0.0,0,0,1,1.1156057114531628e-07,6.911158756395253e-08,2.5497033258269166e-09,7.28800131355456e-10,6.911158756395253e-08,0.00017003967319268752,8.713032586699088e-05,4.156849733402482e-06,2.519712580806299e-07,8.713032586699088e-05,5.665119785535712e-06,2.7104331661309544e-06,7.742782655695279e-08,1.1356078855051521e-08,2.7104331661309544e-06,5.473607309890636e-07,3.564663593608186e-07,1.2431343640163193e-08,1.0339048943375229e-08,3.564663593608186e-07,,,,,,,,,
2026-03-22T16:48:48Z,test_cases/pglib_opf_case500_ieee.mat,pglib_opf_case500_ieee,oracle_ac_primal_dual_all_bounds__Pg,oracle_ac_primal_dual_all_bounds,full_all_bounds,ac_true,1,0,Pg,1,,,optimal,ok,1,5262.773914742465,451078.21568686276,116.62504838551382,0,0.04619121551513672,0.08752298355102539,1.0602149963378906,1.147737979888916,1.147737979888916,1.1939291954040527,acopf_acdc_paper_study/cases/pglib_opf_case500_ieee/logs/oracle_ac_primal_dual_all_bounds__Pg.log,0,28,7.530731987246265e-07,7.059263545938776e-08,1.1412289602219516e-07,2.9654127789636807e-07,7.530731987246265e-07,0.626,,,0.626,False,100.0,500,733,224,171,281,1,113,386,17772.920733832,4588.223415012,23303.998,7525.690999999999,10767.371,-2440.518,733,5,0,2,1,454945.98013310577,18096.320291388467,2897.274366144306,0.9776405669683322,1.1000000095778542,1.0685758898720061,0.020951533516091272,-0.557706370816243,0.15966423240690836,-0.18779382653979634,0.13948664245006642,1170.1514505897499,1179.8843009785292,119.82785969079166,119.94434751053872,1.000000004156754,0.9950222413893793,0.3156625370020825,0.31629732428749974,6.447680966914504e-08,0.0,10,150,25,24,0,16,1,0.0,0.0,0.0,0.0,0.0,0,,,,,,0,,,,,,0,,,,,,1,1,1,1.1172198665990642e-07,6.920533235366122e-08,2.5522341884484055e-09,7.288004089112121e-10,6.920533235366122e-08,0.00017034216987947946,8.720930016568873e-05,4.165285799823587e-06,2.51910230120167e-07,8.720930016568873e-05,5.671557731733552e-06,2.709931937516785e-06,7.75934436711978e-08,1.1334918004202166e-08,2.709931937516785e-06,5.482274509556067e-07,3.563756621610681e-07,1.2474239843758179e-08,1.0405933372360093e-08,3.563756621610681e-07,,,,,,,,,
2026-03-22T16:48:50Z,test_cases/pglib_opf_case500_ieee.mat,pglib_opf_case500_ieee,oracle_ac_primal_dual_all_bounds__Qg,oracle_ac_primal_dual_all_bounds,full_all_bounds,ac_true,1,0,Qg,1,,,optimal,ok,1,3867.7644462806243,451078.21597938036,116.62504846114345,0,0.04619121551513672,0.30402612686157227,1.7461717128753662,2.0501978397369385,2.0501978397369385,2.096389055252075,acopf_acdc_paper_study/cases/pglib_opf_case500_ieee/logs/oracle_ac_primal_dual_all_bounds__Qg.log,0,37,8.511889885218086e-07,9.959312546881094e-08,1.1375540864833056e-07,2.8964984686826174e-07,8.511889885218086e-07,0.926,,,0.926,False,100.0,500,733,224,171,281,1,113,386,17772.920733832,4588.223415012,23303.998,7525.690999999999,10767.371,-2440.518,733,5,0,2,1,454945.98042562336,18096.320296746377,2897.2745239098076,0.9776403881950253,1.1000000093546742,1.0685758641956367,0.020951474489939306,-0.5577064243772818,0.15966424330645934,-0.18779382091221541,0.13948665655177894,1170.1514060223446,1179.8842546867645,119.82786311307888,119.94434187379231,1.0000000040247112,0.9950222406745766,0.31566254235461355,0.3162973139425361,6.24286498052129e-08,0.0,10,150,25,24,0,16,0,,,,,,1,0.0,0.0,0.0,0.0,0.0,0,,,,,,0,,,,,,1,1,1,1.9650034247918927e-07,1.0698083841020889e-07,2.8667617631410365e-09,2.453592884421596e-14,1.0698083841020889e-07,0.0005798634057106374,0.00033732839935507464,1.4016312214555303e-05,6.232658500138211e-07,0.00033732839935507464,1.9781319714574574e-05,1.2307470895533967e-05,2.755838417758394e-07,5.832087457413593e-08,1.2307470895533967e-05,2.163792710175181e-06,1.7133581880629523e-06,3.187034253433684e-08,1.681911976597443e-08,1.7133581880629523e-06,,,,,,,,,
2026-03-22T16:48:51Z,test_cases/pglib_opf_case500_ieee.mat,pglib_opf_case500_ieee,oracle_ac_primal_dual_all_bounds__Vm,oracle_ac_primal_dual_all_bounds,full_all_bounds,ac_true,1,0,Vm,1,,,optimal,ok,1,3867.764446302308,451078.215981931,116.6250484618029,0,0.04619121551513672,0.2586081027984619,0.7527880668640137,1.0113961696624756,1.0113961696624756,1.0575873851776123,acopf_acdc_paper_study/cases/pglib_opf_case500_ieee/logs/oracle_ac_primal_dual_all_bounds__Vm.log,0,18,8.590512679130104e-07,9.96221042881551e-08,1.1375540864833056e-07,2.896533652499046e-07,8.590512679130104e-07,0.29,,,0.29,False,100.0,500,733,224,171,281,1,113,386,17772.920733832,4588.223415012,23303.998,7525.690999999999,10767.371,-2440.518,733,5,0,2,1,454945.980428174,18096.32029700926,2897.274492714706,0.977640493363291,1.1000000093547175,1.0685758740522273,0.020951469079904046,-0.5577063852172802,0.15966424331055867,-0.1877938189155236,0.1394866519363419,1170.1514045260762,1179.8842532020765,119.82786526329977,119.94434406963533,1.0000000040247543,0.9950222405930277,0.31566254934526605,0.31629732161442675,6.242931771538451e-08,0.0,10,150,25,24,0,16,0,,,,,,0,,,,,,1,0.0,0.0,0.0,0.0,0.0,0,,,,,,1,1,1,2.0683512445936596e-07,1.1071826166997312e-07,3.0628428635208443e-09,2.4702462297909733e-14,1.1071826166997312e-07,0.000580407265446939,0.0003373603038097084,1.3819480516588365e-05,6.012221480614782e-07,0.0003373603038097084,1.9727165420568918e-05,1.2306706211662188e-05,2.624413851812779e-07,4.617975091214532e-08,1.2306706211662188e-05,2.1596587071975794e-06,1.7121034901618204e-06,3.127983302363432e-08,1.6303914232573824e-08,1.7121034901618204e-06,,,,,,,,,
2026-03-22T16:48:52Z,test_cases/pglib_opf_case500_ieee.mat,pglib_opf_case500_ieee,oracle_ac_primal_dual_all_bounds__Va,oracle_ac_primal_dual_all_bounds,full_all_bounds,ac_true,1,0,Va,1,,,optimal,ok,1,3867.7644463012803,451078.21598181,116.62504846177163,0,0.04619121551513672,0.19596600532531738,0.578883171081543,0.7748491764068604,0.7748491764068604,0.8210403919219971,acopf_acdc_paper_study/cases/pglib_opf_case500_ieee/logs/oracle_ac_primal_dual_all_bounds__Va.log,0,8,8.514568769804577e-07,9.962722685719072e-08,1.1375540864833056e-07,2.896543011834448e-07,8.514568769804577e-07,0.143,,,0.143,False,100.0,500,733,224,171,281,1,113,386,17772.920733832,4588.223415012,23303.998,7525.690999999999,10767.371,-2440.518,733,5,0,2,1,454945.980428053,18096.320296994854,2897.2744881015105,0.9776404933602991,1.1000000093547209,1.068575873629201,0.02095146959847257,-0.5577063856631663,0.15966424272941154,-0.18779381919855942,0.13948665206623098,1170.151405327126,1179.884253996403,119.82786520725355,119.94434403202256,1.0000000040247534,0.995022240600763,0.31566254896570606,0.316297321123424,6.242930528088664e-08,0.0,10,150,25,24,0,16,0,,,,,,0,,,,,,0,,,,,,1,0.0,0.0,0.0,0.0,0.0,1,1,1,2.0548026706868723e-07,1.1069249650219604e-07,3.0420535788295693e-09,2.4424906541753444e-14,1.1069249650219604e-07,0.0005781688468007067,0.0003373477217358256,1.3754456129492211e-05,6.010397160024356e-07,0.0003373477217358256,1.9686643598896038e-05,1.2309700035517679e-05,2.613304912226777e-07,4.576049095206258e-08,1.2309700035517679e-05,2.154996265760287e-06,1.7127294597019116e-06,3.09747565029764e-08,1.5813191353575284e-08,1.7127294597019116e-06,,,,,,,,,
2026-03-22T16:48:53Z,test_cases/pglib_opf_case500_ieee.mat,pglib_opf_case500_ieee,oracle_ac_primal_dual_all_bounds__Pg_Qg,oracle_ac_primal_dual_all_bounds,full_all_bounds,ac_true,1,0,Pg+Qg,2,,,optimal,ok,1,5262.773914738073,451078.215686483,116.62504838541564,0,0.04619121551513672,0.07191705703735352,1.0046899318695068,1.0766069889068604,1.0766069889068604,1.122798204421997,acopf_acdc_paper_study/cases/pglib_opf_case500_ieee/logs/oracle_ac_primal_dual_all_bounds__Pg_Qg.log,0,42,7.519410864435892e-07,7.058674733606551e-08,1.1412289602219516e-07,2.9653890613177036e-07,7.519410864435892e-07,0.575,,,0.575,False,100.0,500,733,224,171,281,1,113,386,17772.920733832,4588.223415012,23303.998,7525.690999999999,10767.371,-2440.518,733,5,0,2,1,454945.980132726,18096.32029134691,2897.274371112346,0.977640551080999,1.1000000095778415,1.0685758884062924,0.020951534315305123,-0.5577063767367051,0.1596642324269114,-0.18779382683353232,0.1394866431472915,1170.1514507735515,1179.884301160977,119.8278593696632,119.94434718246507,1.000000004156765,0.9950222414022123,0.3156625359679354,0.31629732315785286,6.447698019940162e-08,0.0,10,150,25,24,0,16,1,0.0,0.0,0.0,0.0,0.0,1,0.0,0.0,0.0,0.0,0.0,0,,,,,,0,,,,,,1,1,1,1.104233536637013e-07,6.815489395073371e-08,2.534041554787494e-09,7.288005199335146e-10,6.815489395073371e-08,0.00017015579348177932,8.725865795256027e-05,4.192197931524788e-06,2.6784999110872343e-07,8.725865795256027e-05,5.671781414104616e-06,2.7097227541794666e-06,7.95750723969757e-08,1.4534693781875774e-08,2.7097227541794666e-06,5.449184293187e-07,3.5651241769851794e-07,1.2164449966063885e-08,9.846313181460786e-09,3.5651241769851794e-07,,,,,,,,,
2026-03-22T16:48:54Z,test_cases/pglib_opf_case500_ieee.mat,pglib_opf_case500_ieee,oracle_ac_primal_dual_all_bounds__Pg_Vm,oracle_ac_primal_dual_all_bounds,full_all_bounds,ac_true,1,0,Pg+Vm,2,,,optimal,ok,1,5262.7739147423445,451078.21568685217,116.62504838551108,0,0.04619121551513672,0.049285888671875,1.1478080749511719,1.1970939636230469,1.1970939636230469,1.2432851791381836,acopf_acdc_paper_study/cases/pglib_opf_case500_ieee/logs/oracle_ac_primal_dual_all_bounds__Pg_Vm.log,0,53,7.519800083784917e-07,7.059560885869232e-08,1.1412289602219516e-07,2.965429716242922e-07,7.519800083784917e-07,0.736,,,0.736,True,100.0,500,733,224,171,281,1,113,386,17772.920733832,4588.223415012,23303.998,7525.690999999999,10767.371,-2440.518,733,5,0,2,1,454945.9801330952,18096.320291386284,2897.2743656299335,0.9776405670486847,1.1000000095778477,1.0685758898350672,0.020951533568648054,-0.557706370841389,0.1596642323420016,-0.18779382657019297,0.1394866424622843,1170.1514506742124,1179.884301062898,119.82785968736803,119.94434750922889,1.000000004156801,0.9950222413907449,0.31566253696860147,0.31629732424284984,6.447753619909236e-08,0.0,10,150,25,24,0,16,1,0.0,0.0,0.0,0.0,0.0,0,,,,,,1,0.0,0.0,0.0,0.0,0.0,0,,,,,,1,1,1,1.1156136507741144e-07,6.911498062756039e-08,2.5496761354820334e-09,7.288002978889097e-10,6.911498062756039e-08,0.00017005282601929234,8.715016084527571e-05,4.157406594715118e-06,2.519879815365833e-07,8.715016084527571e-05,5.665531930028607e-06,2.7104258539800696e-06,7.74495594662028e-08,1.1356779516802362e-08,2.7104258539800696e-06,5.473514470098982e-07,3.5646658470833703e-07,1.2429803466297065e-08,1.0341452238819826e-08,3.5646658470833703e-07,,,,,,,,,
2026-03-22T16:48:55Z,test_cases/pglib_opf_case500_ieee.mat,pglib_opf_case500_ieee,oracle_ac_primal_dual_all_bounds__Pg_Va,oracle_ac_primal_dual_all_bounds,full_all_bounds,ac_true,1,0,Pg+Va,2,,,optimal,ok,1,5262.773914742403,451078.21568685723,116.62504838551239,0,0.04619121551513672,0.08564376831054688,0.5338921546936035,0.6195359230041504,0.6195359230041504,0.6657271385192871,acopf_acdc_paper_study/cases/pglib_opf_case500_ieee/logs/oracle_ac_primal_dual_all_bounds__Pg_Va.log,0,8,7.520514847008297e-07,7.059566031752951e-08,1.1412289602219516e-07,2.9654298335677637e-07,7.520514847008297e-07,0.126,,,0.126,False,100.0,500,733,224,171,281,1,113,386,17772.920733832,4588.223415012,23303.998,7525.690999999999,10767.371,-2440.518,733,5,0,2,1,454945.98013310024,18096.320291386466,2897.274365584303,0.9776405671945693,1.1000000095778477,1.0685758898481574,0.0209515335622451,-0.5577063707900412,0.15966423234079888,-0.1877938265681812,0.13948664245658268,1170.1514506742094,1179.884301062109,119.82785969030073,119.94434751231447,1.000000004156799,0.9950222413906882,0.31566253697794416,0.3162973242531314,6.447750422466925e-08,0.0,10,150,25,24,0,16,1,0.0,0.0,0.0,0.0,0.0,0,,,,,,0,,,,,,1,0.0,0.0,0.0,0.0,0.0,1,1,1,1.1156167611705293e-07,6.911338856774307e-08,2.549684238623932e-09,7.288001868666072e-10,6.911338856774307e-08,0.00017003901402427285,8.712943173026788e-05,4.156826346927108e-06,2.519675198486837e-07,8.712943173026788e-05,5.665098018003742e-06,2.710429329866315e-06,7.742641413166496e-08,1.1355959284031769e-08,2.710429329866315e-06,5.473640930214423e-07,3.5646613348594425e-07,1.2431722990720853e-08,1.0340220498415709e-08,3.5646613348594425e-07,,,,,,,,,
2026-03-22T16:48:56Z,test_cases/pglib_opf_case500_ieee.mat,pglib_opf_case500_ieee,oracle_ac_primal_dual_all_bounds__Qg_Vm,oracle_ac_primal_dual_all_bounds,full_all_bounds,ac_true,1,0,Qg+Vm,2,,,optimal,ok,1,3867.7644462744984,451078.21597865986,116.62504846095716,0,0.04619121551513672,0.07691383361816406,0.7916700839996338,0.8685839176177979,0.8685839176177979,0.9147751331329346,acopf_acdc_paper_study/cases/pglib_opf_case500_ieee/logs/oracle_ac_primal_dual_all_bounds__Qg_Vm.log,0,26,8.580643769946317e-07,9.957831137441531e-08,1.1375540864833056e-07,2.896476914351418e-07,8.580643769946317e-07,0.387,,,0.387,False,100.0,500,733,224,171,281,1,113,386,17772.920733832,4588.223415012,23303.998,7525.690999999999,10767.371,-2440.518,733,5,0,2,1,454945.98042490287,18096.320296661484,2897.274541667881,0.9776403503200117,1.1000000093546585,1.0685758612165663,0.020951475792861312,-0.557706438071247,0.15966424405823565,-0.18779382129174882,0.13948665809048852,1170.1514055406988,1179.8842542092004,119.82786241540188,119.94434114145902,1.0000000040247072,0.9950222406983794,0.31566254036319663,0.3162973118670653,6.242858585636668e-08,0.0,10,150,25,24,0,16,0,,,,,,1,0.0,0.0,0.0,0.0,0.0,1,0.0,0.0,0.0,0.0,0.0,0,,,,,,1,1,1,1.9375374642394902e-07,1.0557601148875051e-07,2.8075368205282672e-09,2.4313884239290928e-14,1.0557601148875051e-07,0.0005818866194789717,0.0003373332660317474,1.4151727799090868e-05,7.473291158688333e-07,0.0003373332660317474,1.9842717187551904e-05,1.230384200190393e-05,2.818117020555455e-07,6.569709909420851e-08,1.230384200190393e-05,2.1744862603209825e-06,1.7130204101323265e-06,3.288151879474112e-08,1.749486422614535e-08,1.7130204101323265e-06,,,,,,,,,
2026-03-22T16:48:56Z,test_cases/pglib_opf_case500_ieee.mat,pglib_opf_case500_ieee,oracle_ac_primal_dual_all_bounds__Qg_Va,oracle_ac_primal_dual_all_bounds,full_all_bounds,ac_true,1,0,Qg+Va,2,,,optimal,ok,1,3867.7644462454123,451078.2159752389,116.62504846007268,0,0.04619121551513672,0.10175895690917969,0.5574638843536377,0.6592228412628174,0.6592228412628174,0.7054140567779541,acopf_acdc_paper_study/cases/pglib_opf_case500_ieee/logs/oracle_ac_primal_dual_all_bounds__Qg_Va.log,0,10,7.705956796433689e-08,1.719981468362164e-08,1.1375540864833056e-07,1.150276181904628e-07,1.150276181904628e-07,0.156,,,0.156,False,100.0,500,733,224,171,281,1,113,386,17772.920733832,4588.223415012,23303.998,7525.690999999999,10767.371,-2440.518,733,5,0,2,1,454945.9804214819,18096.32028730719,2897.2744285790745,0.9776405849454038,1.1000000093551663,1.068575880057466,0.02095160797833024,-0.5577063839195942,0.15966422091786203,-0.18779384209944786,0.13948663183761326,1170.151389337696,1179.884238090913,119.82783824533426,119.94433896156825,1.000000004024322,0.9950222415231705,0.31566248954632503,0.3162972984614462,6.242261196831578e-08,0.0,10,150,25,24,0,16,0,,,,,,1,0.0,0.0,0.0,0.0,0.0,0,,,,,,1,0.0,0.0,0.0,0.0,0.0,1,1,1,1.0509540084176846e-07,9.995179750532657e-08,1.1269553954543615e-09,5.551115123125783e-17,9.995179750532657e-08,0.0004960769283664973,0.0003854209716769308,9.823973308517718e-06,5.718624795925109e-08,0.0003854209716769308,1.7819743445393657e-05,1.412643474041353e-05,1.8563371228275116e-07,1.4435206141527601e-08,1.412643474041353e-05,2.227678859697929e-06,1.961316643095401e-06,2.2896281347553367e-08,4.51755802211018e-09,1.961316643095401e-06,,,,,,,,,
2026-03-22T16:48:57Z,test_cases/pglib_opf_case500_ieee.mat,pglib_opf_case500_ieee,oracle_ac_primal_dual_all_bounds__Vm_Va,oracle_ac_primal_dual_all_bounds,full_all_bounds,ac_true,1,0,Vm+Va,2,,,optimal,ok,1,3867.7644462388243,451078.215974464,116.62504845987235,0,0.04619121551513672,0.0885162353515625,0.48546409606933594,0.5739803314208984,0.5739803314208984,0.6201715469360352,acopf_acdc_paper_study/cases/pglib_opf_case500_ieee/logs/oracle_ac_primal_dual_all_bounds__Vm_Va.log,0,4,1.5447368650166925e-07,1.7049136658009445e-08,1.1375540864833056e-07,1.4681581831324058e-07,1.5447368650166925e-07,0.076,,,0.076,False,100.0,500,733,224,171,281,1,113,386,17772.920733832,4588.223415012,23303.998,7525.690999999999,10767.371,-2440.518,733,5,0,2,1,454945.980420707,18096.320287505558,2897.2742282076233,0.9776405841719327,1.1000000093551665,1.068575897666517,0.02095161944259364,-0.5577063808810002,0.1596642243574409,-0.18779384097436003,0.13948663116405807,1170.1514532569274,1179.8843015483696,119.8278461376222,119.94434495292404,1.0000000040243227,0.9950222414641114,0.3156625057349312,0.31629730880908286,6.242261996192155e-08,0.0,10,150,25,24,0,16,0,,,,,,0,,,,,,1,0.0,0.0,0.0,0.0,0.0,1,0.0,0.0,0.0,0.0,0.0,1,1,1,1.0005839609858106e-07,9.805595846401616e-08,9.204869810504878e-10,5.551115123125783e-17,9.805595846401616e-08,0.00045924791717284123,0.00038691152537750906,8.361159959943064e-06,5.434756780720029e-08,0.00038691152537750906,1.5969070634997267e-05,1.419843525574116e-05,1.4562127915129786e-07,9.96952520537775e-09,1.419843525574116e-05,2.1751841899986236e-06,1.9723119005499168e-06,2.0733383654747572e-08,3.3873059773759095e-09,1.9723119005499168e-06,,,,,,,,,
2026-03-22T16:48:58Z,test_cases/pglib_opf_case500_ieee.mat,pglib_opf_case500_ieee,oracle_ac_primal_dual_all_bounds__Pg_Qg_Vm,oracle_ac_primal_dual_all_bounds,full_all_bounds,ac_true,1,0,Pg+Qg+Vm,3,,,optimal,ok,1,5262.773914729698,451078.21568575926,116.62504838522851,0,0.04619121551513672,0.04811692237854004,0.844843864440918,0.892960786819458,0.892960786819458,0.9391520023345947,acopf_acdc_paper_study/cases/pglib_opf_case500_ieee/logs/oracle_ac_primal_dual_all_bounds__Pg_Qg_Vm.log,0,32,7.448431263089273e-07,7.055730061322762e-08,1.1412289602219516e-07,2.965183107639264e-07,7.448431263089273e-07,0.439,,,0.439,False,100.0,500,733,224,171,281,1,113,386,17772.920733832,4588.223415012,23303.998,7525.690999999999,10767.371,-2440.518,733,5,0,2,1,454945.98013200227,18096.32029123304,2897.2743912741053,0.9776404786798218,1.1000000095777787,1.0685758820504752,0.020951536578406968,-0.5577064036997329,0.1596642328947777,-0.18779382827882796,0.13948664618268783,1170.1514499009868,1179.8843002958454,119.82785787201115,119.94434557175984,1.0000000041567794,0.9950222414458756,0.31566253141332695,0.3162973180389331,6.447720046764971e-08,0.0,10,150,25,24,0,16,1,0.0,0.0,0.0,0.0,0.0,1,0.0,0.0,0.0,0.0,0.0,1,0.0,0.0,0.0,0.0,0.0,0,,,,,,1,1,1,1.0506413656516832e-07,6.372398031473381e-08,2.453112538390411e-09,7.288045722475545e-10,6.372398031473381e-08,0.00017203234038285566,8.776198772474098e-05,4.4042968936297385e-06,3.571865077045544e-07,8.776198772474098e-05,5.793704972770982e-06,2.7040374739328854e-06,9.124154311268562e-08,2.0163163250153104e-08,2.7040374739328854e-06,5.546868335748971e-07,3.5484639469840484e-07,1.2386700088710694e-08,9.888742345809387e-09,3.5484639469840484e-07,,,,,,,,,
2026-03-22T16:48:58Z,test_cases/pglib_opf_case500_ieee.mat,pglib_opf_case500_ieee,oracle_ac_primal_dual_all_bounds__Pg_Qg_Va,oracle_ac_primal_dual_all_bounds,full_all_bounds,ac_true,1,0,Pg+Qg+Va,3,,,optimal,ok,1,5262.773914728524,451078.21568565734,116.62504838520215,0,0.04619121551513672,0.08241701126098633,0.5473361015319824,0.6297531127929688,0.6297531127929688,0.6759443283081055,acopf_acdc_paper_study/cases/pglib_opf_case500_ieee/logs/oracle_ac_primal_dual_all_bounds__Pg_Qg_Va.log,0,9,1.795740188790325e-07,1.1381052433812044e-08,1.1412289602219516e-07,1.2504518498538908e-07,1.795740188790325e-07,0.142,,,0.142,False,100.0,500,733,224,171,281,1,113,386,17772.920733832,4588.223415012,23303.998,7525.690999999999,10767.371,-2440.518,733,5,0,2,1,454945.98013190035,18096.32028448521,2897.2744160152047,0.9776406173548874,1.1000000095781064,1.0685759021020127,0.02095163320527713,-0.5577063622642261,0.1596642304128676,-0.18779383779466416,0.13948662258056352,1170.1513830494534,1179.8842339091286,119.82783732849659,119.94434198311849,1.0000000041565629,0.995022241803744,0.3156624943614519,0.3162973130238525,6.447384404140166e-08,0.0,10,150,25,24,0,16,1,0.0,0.0,0.0,0.0,0.0,1,0.0,0.0,0.0,0.0,0.0,0,,,,,,1,0.0,0.0,0.0,0.0,0.0,1,1,1,1.8309647631692632e-07,1.7392237339208805e-07,2.5023699400830614e-09,7.199560513732051e-10,1.7392237339208805e-07,0.0006444443080496717,0.0005130931820181428,1.272022142151157e-05,6.547259726319421e-07,0.0005130931820181428,2.377847272878052e-05,1.8961599018263442e-05,2.5621943671017e-07,4.136155895562155e-08,1.8961599018263442e-05,3.034884600786893e-06,2.658079053835527e-06,3.4853136928372414e-08,1.1398742894019875e-08,2.658079053835527e-06,,,,,,,,,
2026-03-22T16:48:59Z,test_cases/pglib_opf_case500_ieee.mat,pglib_opf_case500_ieee,oracle_ac_primal_dual_all_bounds__Pg_Vm_Va,oracle_ac_primal_dual_all_bounds,full_all_bounds,ac_true,1,0,Pg+Vm+Va,3,,,optimal,ok,1,5262.77391470108,451078.21568328503,116.6250483845888,0,0.04619121551513672,0.10936880111694336,0.479337215423584,0.5887060165405273,0.5887060165405273,0.6348972320556641,acopf_acdc_paper_study/cases/pglib_opf_case500_ieee/logs/oracle_ac_primal_dual_all_bounds__Pg_Vm_Va.log,0,4,1.0783496852437761e-07,1.1941755972966206e-08,1.1412289602219516e-07,1.3943307502282268e-07,1.3943307502282268e-07,0.075,,,0.075,False,100.0,500,733,224,171,281,1,113,386,17772.920733832,4588.223415012,23303.998,7525.690999999999,10767.371,-2440.518,733,5,0,2,1,454945.98012952803,18096.32028430939,2897.2742560910133,0.9776406170055415,1.1000000095781053,1.0685759028092152,0.020951645276213602,-0.5577063684623711,0.15966422209463235,-0.1877938418490693,0.13948662467001724,1170.1514248597728,1179.8842754174123,119.82784017961899,119.94434413058515,1.0000000041565624,0.9950222419061946,0.3156624958426074,0.31629730989278293,6.447383871233114e-08,0.0,10,150,25,24,0,16,1,0.0,0.0,0.0,0.0,0.0,0,,,,,,1,0.0,0.0,0.0,0.0,0.0,1,0.0,0.0,0.0,0.0,0.0,1,1,1,1.836192748088136e-07,1.7397249285622252e-07,2.6371718829510797e-09,7.288108450076436e-10,1.7397249285622252e-07,0.0006392200226435415,0.0005067637240072087,1.2955322370625534e-05,7.068658327002986e-07,0.0005067637240072087,2.2837314257688796e-05,1.8681775956652658e-05,2.496454856373287e-07,4.051650182024247e-08,1.8681775956652658e-05,2.9730850847414262e-06,2.6163817566371428e-06,3.152528359518648e-08,7.008515941209215e-09,2.6163817566371428e-06,,,,,,,,,
2026-03-22T16:49:00Z,test_cases/pglib_opf_case500_ieee.mat,pglib_opf_case500_ieee,oracle_ac_primal_dual_all_bounds__Qg_Vm_Va,oracle_ac_primal_dual_all_bounds,full_all_bounds,ac_true,1,0,Qg+Vm+Va,3,,,optimal,ok,1,3867.7644463005067,451078.21598171914,116.62504846174814,0,0.04619121551513672,0.08702588081359863,0.4882466793060303,0.5752725601196289,0.5752725601196289,0.6214637756347656,acopf_acdc_paper_study/cases/pglib_opf_case500_ieee/logs/oracle_ac_primal_dual_all_bounds__Qg_Vm_Va.log,0,3,8.331787435033802e-07,9.892537278233249e-08,1.1375540864833056e-07,2.881340578425919e-07,8.331787435033802e-07,0.065,,,0.065,False,100.0,500,733,224,171,281,1,113,386,17772.920733832,4588.223415012,23303.998,7525.690999999999,10767.371,-2440.518,733,5,0,2,1,454945.98042796215,18096.320296858445,2897.2744923191854,0.9776404938661937,1.1000000093547255,1.0685758722331502,0.02095147079639493,-0.5577063869049085,0.15966424150138878,-0.1877938198986767,0.13948665224298779,1170.1514023374978,1179.8842510283284,119.82786453037168,119.94434363790806,1.0000000040247494,0.9950222406306368,0.31566254724164233,0.31629731982868425,6.242924133204042e-08,0.0,10,150,25,24,0,16,0,,,,,,1,0.0,0.0,0.0,0.0,0.0,1,0.0,0.0,0.0,0.0,0.0,1,0.0,0.0,0.0,0.0,0.0,1,1,1,1.9865922982274353e-07,1.0839654684957623e-07,2.9343968445114452e-09,2.4424906541753444e-14,1.0839654684957623e-07,0.0005632819297181793,0.0003321363627484253,1.3392684245351095e-05,6.008705117459268e-07,0.0003321363627484253,1.9187179081702342e-05,1.2124796463730547e-05,2.5404284097918506e-07,4.4640236507298425e-08,1.2124796463730547e-05,2.1110904827910652e-06,1.6874564330859876e-06,2.991355375886133e-08,1.4713792170772955e-08,1.6874564330859876e-06,,,,,,,,,
2026-03-22T16:49:00Z,test_cases/pglib_opf_case500_ieee.mat,pglib_opf_case500_ieee,oracle_ac_primal_dual_all_bounds__Pg_Qg_Vm_Va,oracle_ac_primal_dual_all_bounds,full_all_bounds,ac_true,1,0,Pg+Qg+Vm+Va,4,,,optimal,ok,1,5262.773914697407,451078.2156829677,116.62504838450675,0,0.04619121551513672,0.052999019622802734,0.47230100631713867,0.5253000259399414,0.5253000259399414,0.5714912414550781,acopf_acdc_paper_study/cases/pglib_opf_case500_ieee/logs/oracle_ac_primal_dual_all_bounds__Pg_Qg_Vm_Va.log,0,3,1.1326174435800564e-07,2.067683124717945e-08,1.1412289602219516e-07,1.5253047829608226e-07,1.5253047829608226e-07,0.063,,,0.063,False,100.0,500,733,224,171,281,1,113,386,17772.920733832,4588.223415012,23303.998,7525.690999999999,10767.371,-2440.518,733,5,0,2,1,454945.9801292107,18096.320285014823,2897.274318159272,0.9776406183351739,1.1000000095781053,1.068575890933269,0.020951626071279227,-0.5577063741714802,0.15966421605192027,-0.1877938427600488,0.13948662982591517,1170.151425098178,1179.8842756540932,119.82784078540463,119.94434300169392,1.0000000041565642,0.9950222420035814,0.3156624948396075,0.31629730587920835,6.44738635813269e-08,0.0,10,150,25,24,0,16,1,0.0,0.0,0.0,0.0,0.0,1,0.0,0.0,0.0,0.0,0.0,1,0.0,0.0,0.0,0.0,0.0,1,0.0,0.0,0.0,0.0,0.0,1,1,1,1.6562191796013767e-07,1.511240763640842e-07,2.6747693702293835e-09,7.288108450076436e-10,1.511240763640842e-07,0.0005419203413329367,0.0004003600256279882,1.1643897426176119e-05,5.84063396646961e-07,0.0004003600256279882,1.9330342454764863e-05,1.4748460934299601e-05,2.2712839412530883e-07,3.947133231374522e-08,1.4748460934299601e-05,2.4063439790258473e-06,2.0680692427721414e-06,2.6187698205954293e-08,6.694566932058388e-09,2.0680692427721414e-06,,,,,,,,,
2026-03-22T16:49:02Z,test_cases/pglib_opf_case500_ieee.mat,pglib_opf_case500_ieee,oracle_ac_dual_only_constraint__none,oracle_ac_dual_only_constraint,constraint_only,ac_true,1,0,,0,,,optimal,ok,1,3867.7644463017314,451078.21598186315,116.62504846178537,0,0.04619121551513672,0.08569073677062988,1.9695720672607422,2.055262804031372,2.055262804031372,2.101454019546509,acopf_acdc_paper_study/cases/pglib_opf_case500_ieee/logs/oracle_ac_dual_only_constraint__none.log,0,104,8.5709976319183e-07,9.97573948446906e-08,1.1375540864833056e-07,2.8993945790109626e-07,8.5709976319183e-07,1.567,,,1.567,False,100.0,500,733,224,171,281,1,113,386,17772.920733832,4588.223415012,23303.998,7525.690999999999,10767.371,-2440.518,733,5,0,2,1,454945.98042810615,18096.320297015027,2897.274486172058,0.9776404933216071,1.100000009354719,1.0685758742586935,0.02095146941186231,-0.5577063853980179,0.15966424312938554,-0.18779381900402553,0.13948665202822927,1170.1514066027332,1179.8842552630824,119.82786546573146,119.94434421022954,1.000000004024752,0.995022240596178,0.31566254964303275,0.3162973216807409,6.242928041189089e-08,0.0,10,150,25,24,0,16,0,,,,,,0,,,,,,0,,,,,,0,,,,,,1,1,0,2.0659214310171115e-07,1.1098301655465548e-07,3.0574009156822547e-09,2.4369395390522186e-14,1.1098301655465548e-07,0.0005815265230983728,0.000338327351913581,1.3840526435511302e-05,6.009047116319055e-07,0.000338327351913581,1.9805224130499636e-05,1.2343437115092115e-05,2.6327086333055583e-07,4.609215309425707e-08,1.2343437115092115e-05,2.165502324416655e-06,1.7173185398178248e-06,3.126518209472412e-08,1.6128916861812836e-08,1.7173185398178248e-06,,,,,,,,,
2026-03-22T16:49:05Z,test_cases/pglib_opf_case500_ieee.mat,pglib_opf_case500_ieee,oracle_ac_dual_only_bounds__none,oracle_ac_dual_only_bounds,all_bounds_only,ac_true,1,0,,0,,,optimal,ok,1,3867.7644462445655,451078.2159751393,116.62504846004693,0,0.04619121551513672,0.07662320137023926,2.7952980995178223,2.8719213008880615,2.8719213008880615,2.9181125164031982,acopf_acdc_paper_study/cases/pglib_opf_case500_ieee/logs/oracle_ac_dual_only_bounds__none.log,0,71,7.231169237799839e-08,1.7246690131589304e-08,1.1375540864833056e-07,1.1512170691833631e-07,1.1512170691833631e-07,2.231,,,2.231,True,100.0,500,733,224,171,281,1,113,386,17772.920733832,4588.223415012,23303.998,7525.690999999999,10767.371,-2440.518,733,5,0,2,1,454945.9804213823,18096.32028729674,2897.274424604795,0.9776405849416138,1.100000009355166,1.0685758797624867,0.020951608319717464,-0.5577063842737074,0.159664220453856,-0.18779384231245264,0.1394866319558286,1170.151390208901,1179.8842389561235,119.82783824295888,119.9443389565396,1.0000000040243184,0.9950222415291385,0.31566248932996627,0.3162972981240838,6.242255778943218e-08,0.0,10,150,25,24,0,16,0,,,,,,0,,,,,,0,,,,,,0,,,,,,0,0,1,1.0541342467656498e-07,9.994810490354666e-08,1.1431723670653796e-09,5.551115123125783e-17,9.994810490354666e-08,0.0004965233772366694,0.0003849312824938389,9.858826737299088e-06,6.022284385759358e-08,0.0003849312824938389,1.7810211850419108e-05,1.4105857878421446e-05,1.8601105556292907e-07,1.4444601958985004e-08,1.4105857878421446e-05,2.2255391947545105e-06,1.9583038383258478e-06,2.293742372690474e-08,4.667867037344564e-09,1.9583038383258478e-06,,,,,,,,,
2026-03-22T16:49:06Z,test_cases/pglib_opf_case500_ieee.mat,pglib_opf_case500_ieee,oracle_ac_dual_only_full__none,oracle_ac_dual_only_full,full_all_bounds,ac_true,1,0,,0,,,optimal,ok,1,3867.7644463012257,451078.2159818035,116.62504846176994,0,0.04619121551513672,0.2757570743560791,0.9406349658966064,1.2163920402526855,1.2163920402526855,1.2625832557678223,acopf_acdc_paper_study/cases/pglib_opf_case500_ieee/logs/oracle_ac_dual_only_full__none.log,0,28,8.51367533430606e-07,9.962621044801168e-08,1.1375540864833056e-07,2.8966918284953966e-07,8.51367533430606e-07,0.476,,,0.476,False,100.0,500,733,224,171,281,1,113,386,17772.920733832,4588.223415012,23303.998,7525.690999999999,10767.371,-2440.518,733,5,0,2,1,454945.9804280465,18096.320296994818,2897.2744881640624,0.9776404934075137,1.1000000093547466,1.0685758736246358,0.02095146958333384,-0.5577063856458725,0.1596642427207549,-0.18779381919848112,0.13948665206596922,1170.1514053466547,1179.8842540161336,119.8278652074162,119.94434403129698,1.0000000040244739,0.9950222405985484,0.31566254896493884,0.316297321122158,6.24249665293064e-08,0.0,10,150,25,24,0,16,0,,,,,,0,,,,,,0,,,,,,0,,,,,,1,1,1,2.0547633877452924e-07,1.1070158345560799e-07,3.042330383638135e-09,2.375877272697835e-14,1.1070158345560799e-07,0.000578221829089286,0.00033739829222911855,1.375542454726036e-05,6.014756470567109e-07,0.00033739829222911855,1.9688335077685496e-05,1.2311555041666367e-05,2.6134398787380776e-07,4.577897827484634e-08,1.2311555041666367e-05,2.1552436658995003e-06,1.7129846484886802e-06,3.0976412964113035e-08,1.582443923120458e-08,1.7129846484886802e-06,,,,,,,,,
2026-03-22T16:49:07Z,test_cases/pglib_opf_case500_ieee.mat,pglib_opf_case500_ieee,dc_seed__Pg,dc_seed,none,dcopf,0,1,Pg,1,,,optimal,ok,1,5262.773914700018,451078.2156831933,116.62504838456508,0,0.04619121551513672,0.10231375694274902,0.8564071655273438,0.9587209224700928,1.0368177890777588,1.0830090045928955,acopf_acdc_paper_study/cases/pglib_opf_case500_ieee/logs/dc_seed__Pg.log,0,31,2.462487370083911e-07,3.856525454537518e-08,1.1412289602219516e-07,2.060244215296096e-07,2.462487370083911e-07,0.433,,,0.433,False,100.0,500,733,224,171,281,1,113,386,17772.920733832,4588.223415012,23303.998,7525.690999999999,10767.371,-2440.518,733,5,0,2,1,454945.9801294363,18096.320287066636,2897.274337960129,0.9776406171844124,1.1000000095781068,1.0685758888277201,0.020951591079849043,-0.5577063726268916,0.15966421773650843,-0.187793838408521,0.13948663597289715,1170.1514626669746,1179.884312951776,119.8278487445857,119.94434585133334,1.000000004156563,0.9950222419240639,0.3156625108161384,0.31629731305932274,6.44738458177585e-08,0.0,10,150,25,24,0,16,1,1.0057348044185146,0.4741089083344239,0.018912265999211843,5.164919325562067e-09,0.4741089083344239,0,,,,,,0,,,,,,0,,,,,,0,0,0,1.1814499546703305e-07,1.0084027168844045e-07,2.1838710713873132e-09,7.288108450076436e-10,1.0084027168844045e-07,0.0002931680432731054,0.00020494002157689373,6.686837881912668e-06,4.5167808335189186e-07,0.00020494002157689373,1.0472495759971533e-05,7.591467189316248e-06,1.344705173205174e-07,2.8483817082758378e-08,7.591467189316248e-06,1.284725383189677e-06,1.0746549976153874e-06,1.5034815117435185e-08,4.438769775350071e-09,1.0746549976153874e-06,native_only,ipopt,nlp,optimal,ok,0.007468700408935547,0.07062816619873047,0.07809686660766602,440428.2303605161
2026-03-22T16:49:09Z,test_cases/pglib_opf_case500_ieee.mat,pglib_opf_case500_ieee,dc_seed__Va,dc_seed,none,dcopf,0,1,Va,1,,,optimal,ok,1,3867.764446243034,451078.21597495925,116.62504846000039,0,0.04619121551513672,0.04404711723327637,1.4080650806427002,1.4521121978759766,1.5302090644836426,1.5764002799987793,acopf_acdc_paper_study/cases/pglib_opf_case500_ieee/logs/dc_seed__Va.log,0,56,3.3108198165630724e-07,5.531049068752125e-08,1.1375540864833056e-07,1.9869369528058098e-07,3.3108198165630724e-07,0.842,,,0.842,False,100.0,500,733,224,171,281,1,113,386,17772.920733832,4588.223415012,23303.998,7525.690999999999,10767.371,-2440.518,733,5,0,2,1,454945.98042120226,18096.32029137481,2897.274432072368,0.9776405814094562,1.1000000093551694,1.068575875612641,0.020951541673045585,-0.5577063816955392,0.15966422251753154,-0.18779383429319443,0.13948664416296894,1170.151470754226,1179.8843189192585,119.82785432412979,119.94434483861718,1.000000004024328,0.9950222413644978,0.3156625207556762,0.3162973113437717,6.242270345069301e-08,0.0,10,150,25,24,0,16,0,,,,,,0,,,,,,0,,,,,,1,1.1093399038332727,0.11339515499291253,0.04023501359447019,0.033370600869772074,0.11339515499291253,0,0,0,8.748336391809295e-11,5.4070969923714074e-11,1.4774952247288867e-12,0.0,5.4070969923714074e-11,2.997364169297071e-07,2.618487102146183e-07,4.53620398711146e-09,1.1551926082375985e-11,2.618487102146183e-07,1.1112402632622925e-08,9.67060143075571e-09,9.34203840952108e-11,6.888156711681859e-12,9.67060143075571e-09,1.5170121632746263e-09,1.3478946014888749e-09,2.0977538162288738e-11,1.462138743413277e-11,1.3478946014888749e-09,native_only,ipopt,nlp,optimal,ok,0.007468700408935547,0.07062816619873047,0.07809686660766602,440428.2303605161
2026-03-22T16:49:10Z,test_cases/pglib_opf_case500_ieee.mat,pglib_opf_case500_ieee,dc_seed__Pg_Va,dc_seed,none,dcopf,0,1,Pg+Va,2,,,optimal,ok,1,5262.773914700003,451078.21568319196,116.62504838456474,0,0.04619121551513672,0.10194015502929688,1.1527049541473389,1.2546451091766357,1.3327419757843018,1.3789331912994385,acopf_acdc_paper_study/cases/pglib_opf_case500_ieee/logs/dc_seed__Pg_Va.log,0,50,2.462411479752294e-07,3.856525176981762e-08,1.1412289602219516e-07,2.0602440648306314e-07,2.462411479752294e-07,0.75,,,0.75,False,100.0,500,733,224,171,281,1,113,386,17772.920733832,4588.223415012,23303.998,7525.690999999999,10767.371,-2440.518,733,5,0,2,1,454945.98012943496,18096.320287066577,2897.2743379598396,0.977640617184311,1.1000000095781068,1.0685758888276882,0.02095159107985868,-0.5577063726266692,0.15966421773653372,-0.18779383840845645,0.13948663597283928,1170.1514626671433,1179.8843129516515,119.82784874455909,119.94434585130911,1.0000000041565669,0.995022241924059,0.3156625108160983,0.3162973130592854,6.447390799024788e-08,0.0,10,150,25,24,0,16,1,1.0057348044185146,0.4741089083344239,0.018912265999211843,5.164919325562067e-09,0.4741089083344239,0,,,,,,0,,,,,,1,1.1093399038332727,0.11339515499291253,0.04023501359447019,0.033370600869772074,0.11339515499291253,0,0,0,1.1814579984983734e-07,1.008404586499978e-07,2.1838933310343304e-09,7.288108450076436e-10,1.008404586499978e-07,0.000293168136379119,0.00020494007535748482,6.686839269854861e-06,4.516780833935252e-07,0.00020494007535748482,1.0472498550805876e-05,7.591468932810486e-06,1.3447052130111102e-07,2.8483809755286416e-08,7.591468932810486e-06,1.2847255706688055e-06,1.0746551487444966e-06,1.5034818488946702e-08,4.438816647578392e-09,1.0746551487444966e-06,native_only,ipopt,nlp,optimal,ok,0.007468700408935547,0.07062816619873047,0.07809686660766602,440428.2303605161
