timestamp_utc,case_file,case_name,run_name,family,dual_mode,seed_source,is_oracle,is_practical,blocks,num_blocks,seed_vm_policy,seed_qg_policy,termination,status,success,objective,objective_gap_vs_baseline_abs,objective_gap_vs_baseline_rel,objective_matches_baseline,shared_case_prep_time,build_time,solve_time,total_time,end_to_end_time,full_pipeline_time_including_shared_case_prep,log_path,hit_max_iter,iterations,dual_inf,constr_viol,var_bound_viol,compl_inf,overall_nlp_error,ipopt_reported_total_sec,ipopt_cpu_sec_no_func_eval,ipopt_cpu_sec_func_eval,ipopt_cpu_total_est,restoration_used,baseMVA,nb,nl,ng_total,ng_active,n_load_buses,n_ref_buses,n_pv_buses,n_pq_buses,total_pd_mw,total_qd_mvar,sum_pmax_mw,sum_pmin_mw,sum_qmax_mvar,sum_qmin_mvar,n_branch_with_limits,n_branch_out_of_service,gencost_any_pwl,gencost_max_poly_degree,gencost_any_quadratic,objective_value,total_pg_mw,total_qg_mvar,vm_min,vm_max,vm_mean,vm_std,va_min_rad,va_max_rad,va_mean_rad,va_std_rad,max_line_mva_from,max_line_mva_to,mean_line_mva_from,mean_line_mva_to,max_thermal_util_from,max_thermal_util_to,mean_thermal_util_from,mean_thermal_util_to,max_flow_limit_violation_sq_from,max_flow_limit_violation_sq_to,n_pg_at_lb,n_pg_at_ub,n_qg_at_lb,n_qg_at_ub,n_vm_at_lb,n_vm_at_ub,init_has_Pg,init_Pg_l2,init_Pg_linf,init_Pg_mean_abs,init_Pg_median_abs,init_Pg_max_abs,init_has_Qg,init_Qg_l2,init_Qg_linf,init_Qg_mean_abs,init_Qg_median_abs,init_Qg_max_abs,init_has_Vm,init_Vm_l2,init_Vm_linf,init_Vm_mean_abs,init_Vm_median_abs,init_Vm_max_abs,init_has_Va,init_Va_l2,init_Va_linf,init_Va_mean_abs,init_Va_median_abs,init_Va_max_abs,init_has_duals,init_has_constraint_duals,init_has_bound_mults,dist_to_baseline_Pg_l2,dist_to_baseline_Pg_linf,dist_to_baseline_Pg_mean_abs,dist_to_baseline_Pg_median_abs,dist_to_baseline_Pg_max_abs,dist_to_baseline_Qg_l2,dist_to_baseline_Qg_linf,dist_to_baseline_Qg_mean_abs,dist_to_baseline_Qg_median_abs,dist_to_baseline_Qg_max_abs,dist_to_baseline_Vm_l2,dist_to_baseline_Vm_linf,dist_to_baseline_Vm_mean_abs,dist_to_baseline_Vm_median_abs,dist_to_baseline_Vm_max_abs,dist_to_baseline_Va_l2,dist_to_baseline_Va_linf,dist_to_baseline_Va_mean_abs,dist_to_baseline_Va_median_abs,dist_to_baseline_Va_max_abs,dc_seed_mode,dc_solver,dc_solver_problem_type,dc_termination,dc_status,dc_build_time,dc_solve_time,dc_total_time,dc_objective
2026-03-22T16:02:04Z,test_cases/pglib_opf_case4020_goc.mat,pglib_opf_case4020_goc,baseline_default,baseline,none,case_default,0,1,,0,,,optimal,ok,1,9276.255499670158,,,,0.09752106666564941,0.8385930061340332,15.533698081970215,16.372291088104248,16.372291088104248,16.469812154769897,acopf_acdc_paper_study/cases/pglib_opf_case4020_goc/logs/baseline_default.log,0,57,2.5685075861202527e-07,7.822941393828593e-12,1.2866364684782639e-07,9.12746261476507e-08,2.5685075861202527e-07,11.51,,,11.51,False,100.0,4020,6988,352,352,2606,1,88,3931,41730.083,15203.380000000001,44387.295000000006,21469.288,22126.607,-14795.214999999998,6988,0,0,2,1,822247.2874907613,42379.71658204738,2609.467710041921,1.0122708486475838,1.1000000107720955,1.0690162569851003,0.01695442829253142,-0.5459448160180107,-3.7404675008009327e-28,-0.32405126073375223,0.09710094523518317,1379.1491354516093,1378.9375417761512,43.61781928655789,43.64496424497165,0.84011513006778,0.8390937715320096,0.1904788434259778,0.19026372137074166,0.0,0.0,41,336,29,36,0,13,,,,,,,,,,,,,,,,,,,,,,,,,,,,,,,,,,,,,,,,,,,,,,,,,,,,,,,,
2026-03-22T16:02:14Z,test_cases/pglib_opf_case4020_goc.mat,pglib_opf_case4020_goc,oracle_ac_primal_only__Pg,oracle_ac_primal_only,none,ac_true,1,0,Pg,1,,,optimal,ok,1,9276.255499670271,812971.0319911011,87.64000000000091,0,0.09752106666564941,1.0173277854919434,9.810319900512695,10.827647686004639,10.827647686004639,10.925168752670288,acopf_acdc_paper_study/cases/pglib_opf_case4020_goc/logs/oracle_ac_primal_only__Pg.log,0,36,2.568460711605739e-07,7.799284148288208e-12,1.2866364684782639e-07,9.127462614793372e-08,2.568460711605739e-07,6.114,,,6.114,False,100.0,4020,6988,352,352,2606,1,88,3931,41730.083,15203.380000000001,44387.295000000006,21469.288,22126.607,-14795.214999999998,6988,0,0,2,1,822247.2874907713,42379.71658204751,2609.4677100400377,1.0122708486475758,1.1000000107720955,1.0690162569850958,0.01695442829252777,-0.5459448160180391,-4.640163855594841e-28,-0.3240512607337802,0.0971009452351807,1379.1491354516306,1378.9375417761762,43.61781928655748,43.64496424497127,0.8401151300677774,0.8390937715320071,0.1904788434259759,0.19026372137073985,0.0,0.0,41,336,29,36,0,13,1,0.0,0.0,0.0,0.0,0.0,0,,,,,,0,,,,,,0,,,,,,0,0,0,1.3347101202043632e-12,1.3347101202043632e-12,3.791790114216941e-15,0.0,1.3347101202043632e-12,2.3030839456657125e-11,1.6251222589858116e-11,4.1430157324084443e-13,7.474576513288866e-14,1.6251222589858116e-11,1.2679051228116662e-12,1.3322676295501878e-13,1.4637323967596573e-14,1.1546319456101628e-14,1.3322676295501878e-13,1.7962868638649026e-12,4.807265696626928e-14,2.79879802308055e-14,2.7755575615628914e-14,4.807265696626928e-14,,,,,,,,,
2026-03-22T16:02:31Z,test_cases/pglib_opf_case4020_goc.mat,pglib_opf_case4020_goc,oracle_ac_primal_only__Qg,oracle_ac_primal_only,none,ac_true,1,0,Qg,1,,,optimal,ok,1,9276.255499670184,812971.0319910933,87.64000000000007,0,0.09752106666564941,3.026270866394043,13.626972913742065,16.65324378013611,16.65324378013611,16.750764846801758,acopf_acdc_paper_study/cases/pglib_opf_case4020_goc/logs/oracle_ac_primal_only__Qg.log,0,57,2.5685226465752424e-07,7.800427598344892e-12,1.2866364684782639e-07,9.127462614755914e-08,2.5685226465752424e-07,9.745,,,9.745,False,100.0,4020,6988,352,352,2606,1,88,3931,41730.083,15203.380000000001,44387.295000000006,21469.288,22126.607,-14795.214999999998,6988,0,0,2,1,822247.2874907635,42379.71658204741,2609.4677100398153,1.012270848647536,1.1000000107720955,1.0690162569850967,0.016954428292528752,-0.545944816018097,2.217827763148662e-28,-0.32405126073383733,0.09710094523518108,1379.1491354517186,1378.937541776274,43.61781928655815,43.644964244972115,0.840115130067765,0.8390937715320004,0.19047884342597748,0.19026372137074168,0.0,0.0,41,336,29,36,0,13,0,,,,,,1,0.0,0.0,0.0,0.0,0.0,0,,,,,,0,,,,,,0,0,0,2.9465319073551655e-13,2.9465319073551655e-13,8.370829282258993e-16,0.0,2.9465319073551655e-13,3.340339436262382e-11,1.3631096251742747e-11,7.497756262917438e-13,1.4618167787361358e-13,1.3631096251742747e-11,2.5119644815179925e-12,3.5837999234900053e-13,2.7755575615628914e-14,2.5091040356528538e-14,3.5837999234900053e-13,5.414383584698536e-12,1.1640688413194766e-13,8.518206869552645e-14,8.526512829121202e-14,1.1640688413194766e-13,,,,,,,,,
2026-03-22T16:02:48Z,test_cases/pglib_opf_case4020_goc.mat,pglib_opf_case4020_goc,oracle_ac_primal_only__Vm,oracle_ac_primal_only,none,ac_true,1,0,Vm,1,,,optimal,ok,1,9276.25549967019,812971.0319910939,87.64000000000013,0,0.09752106666564941,1.6484322547912598,15.072322845458984,16.720755100250244,16.720755100250244,16.818276166915894,acopf_acdc_paper_study/cases/pglib_opf_case4020_goc/logs/oracle_ac_primal_only__Vm.log,0,55,2.5664302042936227e-07,7.252888830707161e-12,1.2866364684782639e-07,9.128525040193327e-08,2.5664302042936227e-07,11.43,,,11.43,False,100.0,4020,6988,352,352,2606,1,88,3931,41730.083,15203.380000000001,44387.295000000006,21469.288,22126.607,-14795.214999999998,6988,0,0,2,1,822247.287490764,42379.71658204742,2609.467710048425,1.0122708486469654,1.1000000107720955,1.0690162569849755,0.01695442829249815,-0.5459448160180811,6.000224823445959e-28,-0.32405126073378027,0.09710094523522779,1379.149135451391,1378.9375417759145,43.6178192866734,43.64496424508975,0.8401151300677739,0.8390937715320077,0.19047884342608756,0.19026372137085176,0.0,0.0,41,336,29,36,0,13,0,,,,,,0,,,,,,1,0.0,0.0,0.0,0.0,0.0,0,,,,,,0,0,0,3.8058447006285926e-13,3.8058445284150366e-13,1.0816099436549255e-15,0.0,3.8058445284150366e-13,0.000774861347672158,0.0007132266853766556,4.3882494604360755e-06,2.0080569151925687e-12,0.0007132266853766556,3.676111198344023e-11,4.623634808353927e-12,2.142581855440172e-13,4.6407322429331543e-14,4.623634808353927e-12,5.274817075283232e-12,9.402201239794294e-13,6.372421937833964e-14,5.789813073420191e-14,9.402201239794294e-13,,,,,,,,,
2026-03-22T16:03:05Z,test_cases/pglib_opf_case4020_goc.mat,pglib_opf_case4020_goc,oracle_ac_primal_only__Va,oracle_ac_primal_only,none,ac_true,1,0,Va,1,,,optimal,ok,1,9276.255499670286,812971.0319911024,87.64000000000105,0,0.09752106666564941,2.018563985824585,15.316695928573608,17.335259914398193,17.335259914398193,17.432780981063843,acopf_acdc_paper_study/cases/pglib_opf_case4020_goc/logs/oracle_ac_primal_only__Va.log,0,56,2.566396014715032e-07,7.814152675693482e-12,1.2866364684782639e-07,9.128525038909599e-08,2.566396014715032e-07,11.625,,,11.625,False,100.0,4020,6988,352,352,2606,1,88,3931,41730.083,15203.380000000001,44387.295000000006,21469.288,22126.607,-14795.214999999998,6988,0,0,2,1,822247.2874907725,42379.71658204753,2609.467710045966,1.0122708486469854,1.1000000107720955,1.069016256984971,0.016954428292497332,-0.5459448160180905,6.494994822025791e-27,-0.3240512607337888,0.09710094523522356,1379.1491354513998,1378.937541775924,43.61781928667503,43.64496424509101,0.8401151300677793,0.8390937715320128,0.19047884342608926,0.19026372137085307,0.0,0.0,41,336,29,36,0,13,0,,,,,,0,,,,,,0,,,,,,1,0.0,0.0,0.0,0.0,0.0,0,0,0,1.5130119422910395e-12,1.5130119379591633e-12,4.298733480921004e-15,0.0,1.5130119379591633e-12,0.0007748609289779055,0.0007132262988922555,4.388247142348667e-06,2.5376367673857203e-12,0.0007132262988922555,3.702942415562957e-11,4.6558312760680565e-12,2.2526673727038e-13,5.773159728050814e-14,4.6558312760680565e-12,5.468376143934716e-12,9.358902541833913e-13,6.865722059425419e-14,6.158962229108056e-14,9.358902541833913e-13,,,,,,,,,
2026-03-22T16:03:18Z,test_cases/pglib_opf_case4020_goc.mat,pglib_opf_case4020_goc,oracle_ac_primal_only__Pg_Qg,oracle_ac_primal_only,none,ac_true,1,0,Pg+Qg,2,,,optimal,ok,1,9276.255499670231,812971.0319910975,87.64000000000053,0,0.09752106666564941,1.6356761455535889,11.51835298538208,13.154029130935669,13.154029130935669,13.251550197601318,acopf_acdc_paper_study/cases/pglib_opf_case4020_goc/logs/oracle_ac_primal_only__Pg_Qg.log,0,36,2.5685446328590593e-07,7.81380296991181e-12,1.2866364684782639e-07,9.12746261477555e-08,2.5685446328590593e-07,7.847,,,7.847,False,100.0,4020,6988,352,352,2606,1,88,3931,41730.083,15203.380000000001,44387.295000000006,21469.288,22126.607,-14795.214999999998,6988,0,0,2,1,822247.2874907677,42379.71658204747,2609.467710041436,1.01227084864758,1.1000000107720955,1.0690162569850943,0.01695442829252974,-0.545944816018041,-1.7521377087843564e-27,-0.3240512607337838,0.09710094523518058,1379.149135451607,1378.9375417761526,43.61781928655793,43.64496424497173,0.8401151300677724,0.839093771532005,0.19047884342597735,0.19026372137074127,0.0,0.0,41,336,29,36,0,13,1,0.0,0.0,0.0,0.0,0.0,1,0.0,0.0,0.0,0.0,0.0,0,,,,,,0,,,,,,0,0,0,8.641976023682219e-13,8.641976023682219e-13,2.455106824909721e-15,0.0,8.641976023682219e-13,2.400950010567984e-11,1.262723259287668e-11,4.5053670883205754e-13,6.006306563222097e-14,1.262723259287668e-11,1.6430089376459934e-12,2.0161650127192843e-13,1.6859924180924518e-14,1.0658141036401503e-14,2.0161650127192843e-13,2.025272651737606e-12,4.268807529683727e-14,3.1616800802643584e-14,3.2529534621517087e-14,4.268807529683727e-14,,,,,,,,,
2026-03-22T16:03:30Z,test_cases/pglib_opf_case4020_goc.mat,pglib_opf_case4020_goc,oracle_ac_primal_only__Pg_Vm,oracle_ac_primal_only,none,ac_true,1,0,Pg+Vm,2,,,optimal,ok,1,9276.25549967029,812971.0319911027,87.64000000000108,0,0.09752106666564941,1.738739013671875,9.460286855697632,11.199025869369507,11.199025869369507,11.296546936035156,acopf_acdc_paper_study/cases/pglib_opf_case4020_goc/logs/oracle_ac_primal_only__Pg_Vm.log,0,33,2.5664041025216346e-07,7.267368661409295e-12,1.2866364684782639e-07,9.128550621090753e-08,2.5664041025216346e-07,5.765,,,5.765,False,100.0,4020,6988,352,352,2606,1,88,3931,41730.083,15203.380000000001,44387.295000000006,21469.288,22126.607,-14795.214999999998,6988,0,0,2,1,822247.2874907729,42379.716582047535,2609.4677100431268,1.0122708486469651,1.1000000107720955,1.0690162569849693,0.016954428292496052,-0.545944816018128,-4.528376112528232e-27,-0.324051260733825,0.09710094523522725,1379.149135451467,1378.9375417759993,43.61781928667679,43.64496424509309,0.8401151300677692,0.8390937715319994,0.19047884342609087,0.19026372137085498,0.0,0.0,41,336,29,36,0,13,1,0.0,0.0,0.0,0.0,0.0,0,,,,,,1,0.0,0.0,0.0,0.0,0.0,0,,,,,,0,0,0,1.5581980192676636e-12,1.5581980150614072e-12,4.427103018143288e-15,0.0,1.5581980150614072e-12,0.0007789400575450596,0.0007168267956241259,4.416665479196736e-06,1.934272186865371e-12,0.0007168267956241259,3.748730910368543e-11,4.700240197053063e-12,2.24318684136317e-13,5.284661597215745e-14,4.700240197053063e-12,6.833242869619561e-12,9.110628917952113e-13,9.413981134156634e-14,1.0091927293842673e-13,9.110628917952113e-13,,,,,,,,,
2026-03-22T16:03:42Z,test_cases/pglib_opf_case4020_goc.mat,pglib_opf_case4020_goc,oracle_ac_primal_only__Pg_Va,oracle_ac_primal_only,none,ac_true,1,0,Pg+Va,2,,,optimal,ok,1,9276.25549967025,812971.0319910992,87.64000000000071,0,0.09752106666564941,3.1009600162506104,9.273674011230469,12.374634027481079,12.374634027481079,12.472155094146729,acopf_acdc_paper_study/cases/pglib_opf_case4020_goc/logs/oracle_ac_primal_only__Pg_Va.log,0,31,2.56638770940124e-07,7.778451660026663e-12,1.2866364684782639e-07,9.128525040702024e-08,2.56638770940124e-07,5.418,,,5.418,False,100.0,4020,6988,352,352,2606,1,88,3931,41730.083,15203.380000000001,44387.295000000006,21469.288,22126.607,-14795.214999999998,6988,0,0,2,1,822247.2874907694,42379.71658204749,2609.4677100444774,1.0122708486469558,1.1000000107720955,1.0690162569849697,0.016954428292495098,-0.5459448160181458,2.500248715347217e-27,-0.3240512607338386,0.09710094523522547,1379.1491354514762,1378.937541776008,43.617819286675484,43.64496424509164,0.8401151300677767,0.8390937715320099,0.19047884342608895,0.190263721370853,0.0,0.0,41,336,29,36,0,13,1,0.0,0.0,0.0,0.0,0.0,0,,,,,,0,,,,,,1,0.0,0.0,0.0,0.0,0.0,0,0,0,1.089683904684345e-12,1.0896838986695911e-12,3.0960970056665375e-15,0.0,1.0896838986695911e-12,0.0007748625440619493,0.0007132277895557371,4.388256387115807e-06,2.5269092374102797e-12,0.0007132277895557371,3.739777002503921e-11,4.6558312760680565e-12,2.3770134561613446e-13,6.961098364399732e-14,4.6558312760680565e-12,7.447229531859699e-12,8.87526163673158e-13,1.0502523222299501e-13,1.1274314815068465e-13,8.87526163673158e-13,,,,,,,,,
2026-03-22T16:03:59Z,test_cases/pglib_opf_case4020_goc.mat,pglib_opf_case4020_goc,oracle_ac_primal_only__Qg_Vm,oracle_ac_primal_only,none,ac_true,1,0,Qg+Vm,2,,,optimal,ok,1,9276.255499670255,812971.0319910996,87.64000000000074,0,0.09752106666564941,1.6280910968780518,15.074753761291504,16.702844858169556,16.702844858169556,16.800365924835205,acopf_acdc_paper_study/cases/pglib_opf_case4020_goc/logs/oracle_ac_primal_only__Qg_Vm.log,0,55,2.566349008140632e-07,7.245530928230592e-12,1.2866364684782639e-07,9.12852504019885e-08,2.566349008140632e-07,9.872,,,9.872,False,100.0,4020,6988,352,352,2606,1,88,3931,41730.083,15203.380000000001,44387.295000000006,21469.288,22126.607,-14795.214999999998,6988,0,0,2,1,822247.2874907698,42379.7165820475,2609.467710044671,1.0122708486469576,1.1000000107720955,1.06901625698497,0.016954428292496517,-0.5459448160181293,-7.072069656237408e-27,-0.3240512607338284,0.09710094523522629,1379.149135451511,1378.937541776044,43.61781928667425,43.64496424509058,0.840115130067776,0.8390937715320094,0.19047884342608898,0.19026372137085312,0.0,0.0,41,336,29,36,0,13,0,,,,,,1,0.0,0.0,0.0,0.0,0.0,1,0.0,0.0,0.0,0.0,0.0,0,,,,,,0,0,0,1.1417533642649629e-12,1.141753358524511e-12,3.244021607527105e-15,0.0,1.141753358524511e-12,0.0007748613494264322,0.0007132266869972481,4.3882494512428694e-06,1.881770780864933e-12,0.0007132266869972481,3.7501467620611144e-11,4.703570866126938e-12,2.2158499468682703e-13,4.796163466380676e-14,4.703570866126938e-12,6.944732577490495e-12,9.084330510056304e-13,9.622937638826347e-14,1.031952301389083e-13,9.084330510056304e-13,,,,,,,,,
2026-03-22T16:04:15Z,test_cases/pglib_opf_case4020_goc.mat,pglib_opf_case4020_goc,oracle_ac_primal_only__Qg_Va,oracle_ac_primal_only,none,ac_true,1,0,Qg+Va,2,,,optimal,ok,1,9276.255499670237,812971.0319910981,87.64000000000058,0,0.09752106666564941,2.4858148097991943,13.956291198730469,16.442106008529663,16.442106008529663,16.539627075195312,acopf_acdc_paper_study/cases/pglib_opf_case4020_goc/logs/oracle_ac_primal_only__Qg_Va.log,0,55,2.566409603763695e-07,7.83072099923401e-12,1.2866364684782639e-07,9.12852503888341e-08,2.566409603763695e-07,9.527,,,9.527,False,100.0,4020,6988,352,352,2606,1,88,3931,41730.083,15203.380000000001,44387.295000000006,21469.288,22126.607,-14795.214999999998,6988,0,0,2,1,822247.2874907682,42379.71658204748,2609.4677100480612,1.0122708486469782,1.1000000107720955,1.069016256984978,0.01695442829249703,-0.5459448160181049,2.0995180832252594e-27,-0.3240512607337996,0.09710094523522704,1379.1491354514073,1378.9375417759306,43.617819286673985,43.644964245090115,0.8401151300677736,0.839093771532004,0.19047884342608823,0.19026372137085207,0.0,0.0,41,336,29,36,0,13,0,,,,,,1,0.0,0.0,0.0,0.0,0.0,0,,,,,,1,0.0,0.0,0.0,0.0,0.0,0,0,0,9.36917217476644e-13,9.369172104811696e-13,2.6621007324039766e-15,0.0,9.369172104811696e-13,0.0007748608870276566,0.0007132262605498152,4.388246834561647e-06,2.424271287188029e-12,0.0007132262605498152,3.713618927463628e-11,4.667821684734008e-12,2.2175881915739895e-13,5.1736392947532295e-14,4.667821684734008e-12,5.862666122636418e-12,9.304640391505359e-13,7.709928604890903e-14,7.577272143066693e-14,9.304640391505359e-13,,,,,,,,,
2026-03-22T16:04:30Z,test_cases/pglib_opf_case4020_goc.mat,pglib_opf_case4020_goc,oracle_ac_primal_only__Vm_Va,oracle_ac_primal_only,none,ac_true,1,0,Vm+Va,2,,,optimal,ok,1,9276.25549967022,812971.0319910966,87.64000000000041,0,0.09752106666564941,1.6539578437805176,13.266620874404907,14.920578718185425,14.920578718185425,15.018099784851074,acopf_acdc_paper_study/cases/pglib_opf_case4020_goc/logs/oracle_ac_primal_only__Vm_Va.log,0,55,2.5664478284109804e-07,7.25254262722435e-12,1.2866364684782639e-07,9.128525039590257e-08,2.5664478284109804e-07,9.637,,,9.637,False,100.0,4020,6988,352,352,2606,1,88,3931,41730.083,15203.380000000001,44387.295000000006,21469.288,22126.607,-14795.214999999998,6988,0,0,2,1,822247.2874907667,42379.716582047455,2609.467710045828,1.0122708486469951,1.1000000107720955,1.0690162569849728,0.016954428292496954,-0.5459448160180922,-1.3443398631126202e-27,-0.3240512607337847,0.09710094523522723,1379.1491354513687,1378.9375417758897,43.617819286674205,43.64496424509031,0.8401151300677797,0.8390937715320131,0.19047884342608845,0.19026372137085235,0.0,0.0,41,336,29,36,0,13,0,,,,,,0,,,,,,1,0.0,0.0,0.0,0.0,0.0,1,0.0,0.0,0.0,0.0,0.0,0,0,0,7.412959223837339e-13,7.41295913542217e-13,2.1063584115546792e-15,0.0,7.41295913542217e-13,0.0007748611056256872,0.0007132264623239681,4.388248279437777e-06,2.3922738789927678e-12,0.0007132264623239681,3.7242687050708226e-11,4.715783319397815e-12,2.2227510048133782e-13,5.551115123125783e-14,4.715783319397815e-12,5.476105509825175e-12,9.556244684461035e-13,6.764919781071272e-14,6.128431095930864e-14,9.556244684461035e-13,,,,,,,,,
2026-03-22T16:04:43Z,test_cases/pglib_opf_case4020_goc.mat,pglib_opf_case4020_goc,oracle_ac_primal_only__Pg_Qg_Vm,oracle_ac_primal_only,none,ac_true,1,0,Pg+Qg+Vm,3,,,optimal,ok,1,9276.255499670255,812971.0319910996,87.64000000000074,0,0.09752106666564941,3.030407190322876,9.545246839523315,12.575654029846191,12.575654029846191,12.67317509651184,acopf_acdc_paper_study/cases/pglib_opf_case4020_goc/logs/oracle_ac_primal_only__Pg_Qg_Vm.log,0,33,2.5664039699352794e-07,7.2512416171475795e-12,1.2866364684782639e-07,9.128550624409548e-08,2.5664039699352794e-07,5.756,,,5.756,False,100.0,4020,6988,352,352,2606,1,88,3931,41730.083,15203.380000000001,44387.295000000006,21469.288,22126.607,-14795.214999999998,6988,0,0,2,1,822247.2874907698,42379.7165820475,2609.4677100491585,1.0122708486469547,1.1000000107720955,1.0690162569849773,0.016954428292495893,-0.5459448160181463,1.2383054580263415e-27,-0.3240512607338479,0.09710094523522472,1379.1491354515344,1378.9375417760687,43.61781928667554,43.64496424509194,0.8401151300677708,0.839093771532004,0.19047884342608992,0.1902637213708541,0.0,0.0,41,336,29,36,0,13,1,0.0,0.0,0.0,0.0,0.0,1,0.0,0.0,0.0,0.0,0.0,1,0.0,0.0,0.0,0.0,0.0,0,,,,,,0,0,0,1.1366463383774794e-12,1.1366463326112353e-12,3.229513011182572e-15,0.0,1.1366463326112353e-12,0.0007789412018117858,0.0007168278354621194,4.416672321305043e-06,2.4083790517437365e-12,0.0007168278354621194,3.773935917715559e-11,4.71600536400274e-12,2.275312608307572e-13,5.218048215738236e-14,4.71600536400274e-12,7.86372271184866e-12,8.89316398300366e-13,1.1284685527096688e-13,1.2034817586936697e-13,8.89316398300366e-13,,,,,,,,,
2026-03-22T16:04:55Z,test_cases/pglib_opf_case4020_goc.mat,pglib_opf_case4020_goc,oracle_ac_primal_only__Pg_Qg_Va,oracle_ac_primal_only,none,ac_true,1,0,Pg+Qg+Va,3,,,optimal,ok,1,9276.255499670255,812971.0319910996,87.64000000000074,0,0.09752106666564941,1.6269409656524658,10.524930000305176,12.151870965957642,12.151870965957642,12.249392032623291,acopf_acdc_paper_study/cases/pglib_opf_case4020_goc/logs/oracle_ac_primal_only__Pg_Qg_Va.log,0,30,2.566401213876577e-07,7.8205183168015e-12,1.2866364684782639e-07,9.128550622561339e-08,2.566401213876577e-07,5.301,,,5.301,False,100.0,4020,6988,352,352,2606,1,88,3931,41730.083,15203.380000000001,44387.295000000006,21469.288,22126.607,-14795.214999999998,6988,0,0,2,1,822247.2874907698,42379.7165820475,2609.4677100456133,1.0122708486469776,1.1000000107720955,1.069016256984973,0.01695442829249747,-0.5459448160181054,3.7092761261301315e-27,-0.3240512607338024,0.09710094523522636,1379.1491354514205,1378.937541775948,43.617819286676294,43.644964245092424,0.8401151300677792,0.8390937715320096,0.1904788434260911,0.19026372137085498,0.0,0.0,41,336,29,36,0,13,1,0.0,0.0,0.0,0.0,0.0,1,0.0,0.0,0.0,0.0,0.0,0,,,,,,1,0.0,0.0,0.0,0.0,0.0,0,0,0,1.1395329182268983e-12,1.1395329124752607e-12,3.237713522159917e-15,0.0,1.1395329124752607e-12,0.0007789407845096703,0.0007168274549691489,4.416669776453834e-06,2.346400851394037e-12,0.0007168274549691489,3.751753389846067e-11,4.725109192804666e-12,2.2262396459196133e-13,4.907185768843192e-14,4.725109192804666e-12,5.996443006281022e-12,9.396164402097895e-13,7.932368485115436e-14,7.72715225139109e-14,9.396164402097895e-13,,,,,,,,,
2026-03-22T16:05:08Z,test_cases/pglib_opf_case4020_goc.mat,pglib_opf_case4020_goc,oracle_ac_primal_only__Pg_Vm_Va,oracle_ac_primal_only,none,ac_true,1,0,Pg+Vm+Va,3,,,optimal,ok,1,9276.25549967022,812971.0319910966,87.64000000000041,0,0.09752106666564941,1.6675467491149902,10.704694986343384,12.372241735458374,12.372241735458374,12.469762802124023,acopf_acdc_paper_study/cases/pglib_opf_case4020_goc/logs/oracle_ac_primal_only__Pg_Vm_Va.log,0,30,2.566455287778886e-07,7.257102876272959e-12,1.2866364684782639e-07,9.128525062151324e-08,2.566455287778886e-07,6.744,,,6.744,False,100.0,4020,6988,352,352,2606,1,88,3931,41730.083,15203.380000000001,44387.295000000006,21469.288,22126.607,-14795.214999999998,6988,0,0,2,1,822247.2874907667,42379.71658204745,2609.467710045754,1.0122708486469556,1.1000000107720955,1.0690162569849735,0.016954428292496024,-0.5459448160181218,-3.390334599479786e-27,-0.3240512607338166,0.09710094523522728,1379.1491354514878,1378.937541776017,43.61781928667402,43.644964245090094,0.8401151300677686,0.8390937715319994,0.1904788434260881,0.19026372137085187,0.0,0.0,41,336,29,36,0,13,1,0.0,0.0,0.0,0.0,0.0,0,,,,,,1,0.0,0.0,0.0,0.0,0.0,1,0.0,0.0,0.0,0.0,0.0,0,0,0,7.267520009380827e-13,7.267519919196275e-13,2.0650404523995954e-15,0.0,7.267519919196275e-13,0.0007748812145921198,0.0007132450056310802,4.388360944998878e-06,2.1737264765953057e-12,0.0007132450056310802,3.746800333889327e-11,4.711342427299314e-12,2.273446218456722e-13,5.417888360170764e-14,4.711342427299314e-12,6.529598368834435e-12,9.223871666463879e-13,8.897969943773971e-14,9.231504449758177e-14,9.223871666463879e-13,,,,,,,,,
2026-03-22T16:05:25Z,test_cases/pglib_opf_case4020_goc.mat,pglib_opf_case4020_goc,oracle_ac_primal_only__Qg_Vm_Va,oracle_ac_primal_only,none,ac_true,1,0,Qg+Vm+Va,3,,,optimal,ok,1,9276.255499670235,812971.0319910978,87.64000000000055,0,0.09752106666564941,1.6612441539764404,15.64096212387085,17.30220627784729,17.30220627784729,17.39972734451294,acopf_acdc_paper_study/cases/pglib_opf_case4020_goc/logs/oracle_ac_primal_only__Qg_Vm_Va.log,0,55,2.566375455928921e-07,7.261793843206966e-12,1.2866364684782639e-07,9.128525039685392e-08,2.566375455928921e-07,11.892,,,11.892,False,100.0,4020,6988,352,352,2606,1,88,3931,41730.083,15203.380000000001,44387.295000000006,21469.288,22126.607,-14795.214999999998,6988,0,0,2,1,822247.287490768,42379.71658204748,2609.4677100469708,1.0122708486469638,1.1000000107720955,1.069016256984972,0.016954428292497225,-0.5459448160180949,1.077343723371967e-27,-0.32405126073378804,0.0971009452352276,1379.1491354513694,1378.9375417758922,43.617819286673495,43.64496424508968,0.8401151300677833,0.8390937715320133,0.1904788434260879,0.19026372137085182,0.0,0.0,41,336,29,36,0,13,0,,,,,,1,0.0,0.0,0.0,0.0,0.0,1,0.0,0.0,0.0,0.0,0.0,1,0.0,0.0,0.0,0.0,0.0,0,0,0,9.031664377894558e-13,9.031664305325648e-13,2.566217834822713e-15,0.0,9.031664305325648e-13,0.0007748611364861816,0.0007132264908144004,4.388248322052026e-06,2.3198994808515394e-12,0.0007132264908144004,3.7126912332265934e-11,4.6844750301033855e-12,2.2173319012837276e-13,5.417888360170764e-14,4.6844750301033855e-12,5.505972012770713e-12,9.444112158973894e-13,6.91839223417e-14,6.472600233564663e-14,9.444112158973894e-13,,,,,,,,,
2026-03-22T16:05:38Z,test_cases/pglib_opf_case4020_goc.mat,pglib_opf_case4020_goc,oracle_ac_primal_only__Pg_Qg_Vm_Va,oracle_ac_primal_only,none,ac_true,1,0,Pg+Qg+Vm+Va,4,,,optimal,ok,1,9276.255499670235,812971.0319910978,87.64000000000055,0,0.09752106666564941,1.6630480289459229,10.864727973937988,12.527776002883911,12.527776002883911,12.62529706954956,acopf_acdc_paper_study/cases/pglib_opf_case4020_goc/logs/oracle_ac_primal_only__Pg_Qg_Vm_Va.log,0,30,2.566454587265346e-07,7.218069955473865e-12,1.2866364684782639e-07,9.128519357679227e-08,2.566454587265346e-07,7.195,,,7.195,False,100.0,4020,6988,352,352,2606,1,88,3931,41730.083,15203.380000000001,44387.295000000006,21469.288,22126.607,-14795.214999999998,6988,0,0,2,1,822247.287490768,42379.71658204748,2609.467710046575,1.012270848646953,1.1000000107720955,1.0690162569849773,0.016954428292497346,-0.5459448160181166,-8.247923774456777e-27,-0.3240512607338105,0.09710094523522741,1379.149135451433,1378.9375417759593,43.61781928667362,43.644964245089845,0.8401151300677725,0.8390937715320061,0.1904788434260879,0.19026372137085196,0.0,0.0,41,336,29,36,0,13,1,0.0,0.0,0.0,0.0,0.0,1,0.0,0.0,0.0,0.0,0.0,1,0.0,0.0,0.0,0.0,0.0,1,0.0,0.0,0.0,0.0,0.0,0,0,0,9.114931104078514e-13,9.114931032172535e-13,2.5898731549496693e-15,0.0,9.114931032172535e-13,0.000767010212360427,0.0007059635029131872,4.345052245901605e-06,2.3203487742318174e-12,0.0007059635029131872,3.682887994906237e-11,4.618527782440651e-12,2.2489257554058842e-13,5.906386491005833e-14,4.618527782440651e-12,6.231980416533976e-12,9.098277686803158e-13,8.417416501240273e-14,8.715250743307479e-14,9.098277686803158e-13,,,,,,,,,
2026-03-22T16:06:33Z,test_cases/pglib_opf_case4020_goc.mat,pglib_opf_case4020_goc,oracle_ac_primal_dual__Pg,oracle_ac_primal_dual,full,ac_true,1,0,Pg,1,,,optimal,ok,1,9276.255499672847,812971.0319913294,87.64000000002552,0,0.09752106666564941,1.6612489223480225,53.50298810005188,55.1642370223999,55.1642370223999,55.26175808906555,acopf_acdc_paper_study/cases/pglib_opf_case4020_goc/logs/oracle_ac_primal_dual__Pg.log,0,180,1.3416952929324168e-09,2.707474855907385e-13,1.2866364684782639e-07,9.093351669075055e-08,9.093351669075055e-08,49.83,,,49.83,True,100.0,4020,6988,352,352,2606,1,88,3931,41730.083,15203.380000000001,44387.295000000006,21469.288,22126.607,-14795.214999999998,6988,0,0,2,1,822247.2874909996,42379.71658205057,2609.4677104550706,1.0122708487253944,1.1000000107720955,1.0690162569811892,0.016954428290771848,-0.5459448160118291,4.3574691903766665e-27,-0.3240512607263056,0.09710094523653534,1379.1491354332743,1378.937541756552,43.61781926733057,43.64496422586538,0.8401151300681008,0.8390937715323634,0.19047884339162638,0.19026372133639885,0.0,0.0,41,336,29,36,0,13,1,0.0,0.0,0.0,0.0,0.0,0,,,,,,0,,,,,,0,,,,,,1,1,1,3.1846304060733905e-11,3.1846303372162765e-11,9.049983379487299e-14,0.0,3.1846303372162765e-11,0.000567428667506449,0.0004630170786875665,2.656434918855057e-06,4.253584290347945e-11,0.0004630170786875665,1.42871969162381e-09,2.8498758908312993e-10,1.1558548535100386e-11,3.54605234065275e-12,2.8498758908312993e-10,5.075555696639354e-10,3.361207839835956e-11,7.530333204703114e-12,6.811787245375456e-12,3.361207839835956e-11,,,,,,,,,
2026-03-22T16:07:40Z,test_cases/pglib_opf_case4020_goc.mat,pglib_opf_case4020_goc,oracle_ac_primal_dual__Qg,oracle_ac_primal_dual,full,ac_true,1,0,Qg,1,,,maxIterations,warning,0,9815.981213265852,,,,0.09752106666564941,1.6676480770111084,65.92236328125,67.59001135826111,67.59001135826111,67.68753242492676,acopf_acdc_paper_study/cases/pglib_opf_case4020_goc/logs/oracle_ac_primal_dual__Qg.log,1,300,106.61271524514466,0.005661371480558124,0.0,51.96292654110007,106.61271524514466,62.096,,,62.096,True,100.0,4020,6988,352,352,2606,1,88,3931,41730.083,15203.380000000001,44387.295000000006,21469.288,22126.607,-14795.214999999998,6988,0,0,2,1,,,,,,,,,,,,,,,,,,,,,,,,,,,,0,,,,,,1,0.0,0.0,0.0,0.0,0.0,0,,,,,,0,,,,,,1,1,1,,,,,,,,,,,,,,,,,,,,,,,,,,,,,
2026-03-22T16:08:58Z,test_cases/pglib_opf_case4020_goc.mat,pglib_opf_case4020_goc,oracle_ac_primal_dual__Vm,oracle_ac_primal_dual,full,ac_true,1,0,Vm,1,,,maxIterations,warning,0,9928.181880258322,,,,0.09752106666564941,0.9838321208953857,76.39089369773865,77.37472581863403,77.37472581863403,77.47224688529968,acopf_acdc_paper_study/cases/pglib_opf_case4020_goc/logs/oracle_ac_primal_dual__Vm.log,1,300,56.415779913161465,0.0004627098880436712,4.234310324591206e-08,0.990968167178136,56.415779913161465,72.666,,,72.666,True,100.0,4020,6988,352,352,2606,1,88,3931,41730.083,15203.380000000001,44387.295000000006,21469.288,22126.607,-14795.214999999998,6988,0,0,2,1,,,,,,,,,,,,,,,,,,,,,,,,,,,,0,,,,,,0,,,,,,1,0.0,0.0,0.0,0.0,0.0,0,,,,,,1,1,1,,,,,,,,,,,,,,,,,,,,,,,,,,,,,
2026-03-22T16:10:11Z,test_cases/pglib_opf_case4020_goc.mat,pglib_opf_case4020_goc,oracle_ac_primal_dual__Va,oracle_ac_primal_dual,full,ac_true,1,0,Va,1,,,maxIterations,warning,0,8835.46586875281,,,,0.09752106666564941,1.7806651592254639,71.0328049659729,72.81347012519836,72.81347012519836,72.91099119186401,acopf_acdc_paper_study/cases/pglib_opf_case4020_goc/logs/oracle_ac_primal_dual__Va.log,1,300,83.78196898684531,0.03833641693233204,0.0,6.948675250076212,83.78196898684531,65.651,,,65.651,True,100.0,4020,6988,352,352,2606,1,88,3931,41730.083,15203.380000000001,44387.295000000006,21469.288,22126.607,-14795.214999999998,6988,0,0,2,1,,,,,,,,,,,,,,,,,,,,,,,,,,,,0,,,,,,0,,,,,,0,,,,,,1,0.0,0.0,0.0,0.0,0.0,1,1,1,,,,,,,,,,,,,,,,,,,,,,,,,,,,,
2026-03-22T16:11:02Z,test_cases/pglib_opf_case4020_goc.mat,pglib_opf_case4020_goc,oracle_ac_primal_dual__Pg_Qg,oracle_ac_primal_dual,full,ac_true,1,0,Pg+Qg,2,,,optimal,ok,1,9276.255499672858,812971.0319913304,87.64000000002564,0,0.09752106666564941,1.6502289772033691,49.37652826309204,51.02675724029541,51.02675724029541,51.12427830696106,acopf_acdc_paper_study/cases/pglib_opf_case4020_goc/logs/oracle_ac_primal_dual__Pg_Qg.log,0,179,8.387897217420876e-10,2.3789595312922245e-13,1.2866364684782639e-07,9.106868328718559e-08,9.106868328718559e-08,45.393,,,45.393,True,100.0,4020,6988,352,352,2606,1,88,3931,41730.083,15203.380000000001,44387.295000000006,21469.288,22126.607,-14795.214999999998,6988,0,0,2,1,822247.2874910006,42379.716582050576,2609.4677104507423,1.012270848725706,1.1000000107720955,1.0690162569812882,0.016954428290800384,-0.5459448160117638,-2.7701834522748793e-30,-0.32405126072626533,0.09710094523650283,1379.1491354333252,1378.9375417566077,43.61781926732572,43.64496422585845,0.8401151300680968,0.8390937715323566,0.19047884339163806,0.19026372133641037,0.0,0.0,41,336,29,36,0,13,1,0.0,0.0,0.0,0.0,0.0,1,0.0,0.0,0.0,0.0,0.0,0,,,,,,0,,,,,,1,1,1,3.199207634072971e-11,3.199207565529605e-11,9.09139595992289e-14,0.0,3.199207565529605e-11,0.0007770237028189739,0.0004914807110245611,5.433379167674597e-06,4.199941089355619e-11,0.0004914807110245611,1.4189650345762416e-09,2.8502400439833764e-10,1.1498325508976656e-11,3.610223231476084e-12,2.8502400439833764e-10,5.090780293288091e-10,3.2857008780418084e-11,7.57111892182294e-12,6.87265522270053e-12,3.2857008780418084e-11,,,,,,,,,
2026-03-22T16:12:11Z,test_cases/pglib_opf_case4020_goc.mat,pglib_opf_case4020_goc,oracle_ac_primal_dual__Pg_Vm,oracle_ac_primal_dual,full,ac_true,1,0,Pg+Vm,2,,,optimal,ok,1,9276.255499672843,812971.0319913292,87.6400000000255,0,0.09752106666564941,1.648664951324463,67.21809220314026,68.86675715446472,68.86675715446472,68.96427822113037,acopf_acdc_paper_study/cases/pglib_opf_case4020_goc/logs/oracle_ac_primal_dual__Pg_Vm.log,0,253,8.064221175863491e-10,2.237011005435048e-13,1.2866364684782639e-07,9.093351678206407e-08,9.093351678206407e-08,63.418,,,63.418,True,100.0,4020,6988,352,352,2606,1,88,3931,41730.083,15203.380000000001,44387.295000000006,21469.288,22126.607,-14795.214999999998,6988,0,0,2,1,822247.2874909993,42379.71658205056,2609.4677104530456,1.0122708487253687,1.1000000107720955,1.06901625698119,0.01695442829077189,-0.5459448160118028,-1.0320907364780138e-31,-0.32405126072626944,0.09710094523654043,1379.149135433174,1378.9375417564424,43.617819267326055,43.644964225860974,0.8401151300680894,0.839093771532346,0.19047884339162563,0.1902637213363982,0.0,0.0,41,336,29,36,0,13,1,0.0,0.0,0.0,0.0,0.0,0,,,,,,1,0.0,0.0,0.0,0.0,0.0,0,,,,,,1,1,1,3.1822545311180056e-11,3.182254459943579e-11,9.043265268571243e-14,0.0,3.182254459943579e-11,0.0005674275087423007,0.00046301605445608907,2.656433428383729e-06,4.638836537118607e-11,0.00046301605445608907,1.4287231342738146e-09,2.8497870729893293e-10,1.1572174893295858e-11,3.5442759838133497e-12,2.8497870729893293e-10,5.097366171160549e-10,3.363421346991302e-11,7.56582502217593e-12,6.848965838912591e-12,3.363421346991302e-11,,,,,,,,,
2026-03-22T16:12:32Z,test_cases/pglib_opf_case4020_goc.mat,pglib_opf_case4020_goc,oracle_ac_primal_dual__Pg_Va,oracle_ac_primal_dual,full,ac_true,1,0,Pg+Va,2,,,optimal,ok,1,9276.255499672863,812971.0319913308,87.64000000002567,0,0.09752106666564941,0.9970839023590088,20.537363052368164,21.534446954727173,21.534446954727173,21.631968021392822,acopf_acdc_paper_study/cases/pglib_opf_case4020_goc/logs/oracle_ac_primal_dual__Pg_Va.log,0,71,1.217141764586339e-09,2.431926892465252e-13,1.2866364684782639e-07,9.093351678494153e-08,9.093351678494153e-08,16.85,,,16.85,True,100.0,4020,6988,352,352,2606,1,88,3931,41730.083,15203.380000000001,44387.295000000006,21469.288,22126.607,-14795.214999999998,6988,0,0,2,1,822247.287491001,42379.71658205058,2609.467710456289,1.0122708487254466,1.1000000107720955,1.0690162569811876,0.016954428290774436,-0.5459448160117516,-6.987522897480005e-32,-0.3240512607262142,0.0971009452365406,1379.1491354330012,1378.9375417562544,43.61781926732551,43.64496422586029,0.8401151300680936,0.8390937715323532,0.19047884339162607,0.19026372133639843,0.0,0.0,41,336,29,36,0,13,1,0.0,0.0,0.0,0.0,0.0,0,,,,,,0,,,,,,1,0.0,0.0,0.0,0.0,0.0,1,1,1,3.203182234667178e-11,3.203182163957763e-11,9.102718973156994e-14,0.0,3.203182163957763e-11,0.0005674275116697164,0.00046301606080390023,2.656432987193151e-06,4.313601212335705e-11,0.00046301606080390023,1.429583804356131e-09,2.849871449939201e-10,1.1587932548288752e-11,3.5411673593443993e-12,2.849871449939201e-10,5.130217653329016e-10,3.370675266678447e-11,7.620341828184664e-12,6.905892524500246e-12,3.370675266678447e-11,,,,,,,,,
2026-03-22T16:13:52Z,test_cases/pglib_opf_case4020_goc.mat,pglib_opf_case4020_goc,oracle_ac_primal_dual__Qg_Vm,oracle_ac_primal_dual,full,ac_true,1,0,Qg+Vm,2,,,maxIterations,warning,0,9163.969064218436,,,,0.09752106666564941,1.7702667713165283,78.42259788513184,80.19286465644836,80.19286465644836,80.29038572311401,acopf_acdc_paper_study/cases/pglib_opf_case4020_goc/logs/oracle_ac_primal_dual__Qg_Vm.log,1,300,89.89066427121506,0.008352152157440989,0.0,669.6639866002453,669.6639866002453,74.723,,,74.723,True,100.0,4020,6988,352,352,2606,1,88,3931,41730.083,15203.380000000001,44387.295000000006,21469.288,22126.607,-14795.214999999998,6988,0,0,2,1,,,,,,,,,,,,,,,,,,,,,,,,,,,,0,,,,,,1,0.0,0.0,0.0,0.0,0.0,1,0.0,0.0,0.0,0.0,0.0,0,,,,,,1,1,1,,,,,,,,,,,,,,,,,,,,,,,,,,,,,
2026-03-22T16:15:05Z,test_cases/pglib_opf_case4020_goc.mat,pglib_opf_case4020_goc,oracle_ac_primal_dual__Qg_Va,oracle_ac_primal_dual,full,ac_true,1,0,Qg+Va,2,,,maxIterations,warning,0,8464.272464802982,,,,0.09752106666564941,1.6752357482910156,70.74761319160461,72.42284893989563,72.42284893989563,72.52037000656128,acopf_acdc_paper_study/cases/pglib_opf_case4020_goc/logs/oracle_ac_primal_dual__Qg_Va.log,1,300,179.34430606483218,0.04632282090726203,0.0,4.197242415155734,179.34430606483218,66.909,,,66.909,True,100.0,4020,6988,352,352,2606,1,88,3931,41730.083,15203.380000000001,44387.295000000006,21469.288,22126.607,-14795.214999999998,6988,0,0,2,1,,,,,,,,,,,,,,,,,,,,,,,,,,,,0,,,,,,1,0.0,0.0,0.0,0.0,0.0,0,,,,,,1,0.0,0.0,0.0,0.0,0.0,1,1,1,,,,,,,,,,,,,,,,,,,,,,,,,,,,,
2026-03-22T16:16:25Z,test_cases/pglib_opf_case4020_goc.mat,pglib_opf_case4020_goc,oracle_ac_primal_dual__Vm_Va,oracle_ac_primal_dual,full,ac_true,1,0,Vm+Va,2,,,maxIterations,warning,0,9258.320949133555,,,,0.09752106666564941,0.9976282119750977,78.9867160320282,79.9843442440033,79.9843442440033,80.08186531066895,acopf_acdc_paper_study/cases/pglib_opf_case4020_goc/logs/oracle_ac_primal_dual__Vm_Va.log,1,300,394.5540331582615,0.0035809842762977453,1.3594013026363427e-08,0.43779229062953295,394.5540331582615,75.299,,,75.299,True,100.0,4020,6988,352,352,2606,1,88,3931,41730.083,15203.380000000001,44387.295000000006,21469.288,22126.607,-14795.214999999998,6988,0,0,2,1,,,,,,,,,,,,,,,,,,,,,,,,,,,,0,,,,,,0,,,,,,1,0.0,0.0,0.0,0.0,0.0,1,0.0,0.0,0.0,0.0,0.0,1,1,1,,,,,,,,,,,,,,,,,,,,,,,,,,,,,
2026-03-22T16:17:56Z,test_cases/pglib_opf_case4020_goc.mat,pglib_opf_case4020_goc,oracle_ac_primal_dual__Pg_Qg_Vm,oracle_ac_primal_dual,full,ac_true,1,0,Pg+Qg+Vm,3,,,maxIterations,warning,0,9278.443898895377,,,,0.09752106666564941,1.5027167797088623,90.10820388793945,91.61092066764832,91.61092066764832,91.70844173431396,acopf_acdc_paper_study/cases/pglib_opf_case4020_goc/logs/oracle_ac_primal_dual__Pg_Qg_Vm.log,1,300,51.64471244340524,0.0005960787616250947,1.1156038759452258e-07,0.00038823918717113826,51.64471244340524,86.19,,,86.19,True,100.0,4020,6988,352,352,2606,1,88,3931,41730.083,15203.380000000001,44387.295000000006,21469.288,22126.607,-14795.214999999998,6988,0,0,2,1,,,,,,,,,,,,,,,,,,,,,,,,,,,,1,0.0,0.0,0.0,0.0,0.0,1,0.0,0.0,0.0,0.0,0.0,1,0.0,0.0,0.0,0.0,0.0,0,,,,,,1,1,1,,,,,,,,,,,,,,,,,,,,,,,,,,,,,
2026-03-22T16:18:14Z,test_cases/pglib_opf_case4020_goc.mat,pglib_opf_case4020_goc,oracle_ac_primal_dual__Pg_Qg_Va,oracle_ac_primal_dual,full,ac_true,1,0,Pg+Qg+Va,3,,,optimal,ok,1,9276.255499672898,812971.0319913339,87.640000000026,0,0.09752106666564941,1.6061079502105713,15.74369192123413,17.349799871444702,17.349799871444702,17.44732093811035,acopf_acdc_paper_study/cases/pglib_opf_case4020_goc/logs/oracle_ac_primal_dual__Pg_Qg_Va.log,0,57,8.907838972880752e-10,2.4415610250974283e-13,1.2866364684782639e-07,9.093351654262182e-08,9.093351654262182e-08,11.11,,,11.11,True,100.0,4020,6988,352,352,2606,1,88,3931,41730.083,15203.380000000001,44387.295000000006,21469.288,22126.607,-14795.214999999998,6988,0,0,2,1,822247.2874910041,42379.71658205062,2609.4677104551192,1.0122708487254322,1.1000000107720955,1.0690162569811874,0.016954428290771782,-0.5459448160117739,1.7017359867468685e-30,-0.3240512607262374,0.09710094523653987,1379.1491354330808,1378.9375417563422,43.61781926732537,43.64496422586007,0.8401151300681046,0.8390937715323613,0.19047884339162474,0.19026372133639702,0.0,0.0,41,336,29,36,0,13,1,0.0,0.0,0.0,0.0,0.0,1,0.0,0.0,0.0,0.0,0.0,0,,,,,,1,0.0,0.0,0.0,0.0,0.0,1,1,1,3.245392913143756e-11,3.2453928433540113e-11,9.222635675987245e-14,0.0,3.2453928433540113e-11,0.0005674272430087136,0.00046301584366181814,2.6565469272363154e-06,4.817532137102454e-11,0.00046301584366181814,1.429168066588434e-09,2.8498337023563636e-10,1.1580217934376991e-11,3.538058734875449e-12,2.8498337023563636e-10,5.116336037933976e-10,3.3677408084464844e-11,7.597465613718542e-12,6.882647229922156e-12,3.3677408084464844e-11,,,,,,,,,
2026-03-22T16:18:27Z,test_cases/pglib_opf_case4020_goc.mat,pglib_opf_case4020_goc,oracle_ac_primal_dual__Pg_Vm_Va,oracle_ac_primal_dual,full,ac_true,1,0,Pg+Vm+Va,3,,,optimal,ok,1,9276.255499672872,812971.0319913316,87.64000000002575,0,0.09752106666564941,1.73240327835083,11.900152683258057,13.632555961608887,13.632555961608887,13.730077028274536,acopf_acdc_paper_study/cases/pglib_opf_case4020_goc/logs/oracle_ac_primal_dual__Pg_Vm_Va.log,0,31,1.2284981061336463e-09,2.35065865033277e-13,1.2866364684782639e-07,9.09335290143315e-08,9.09335290143315e-08,6.596,,,6.596,False,100.0,4020,6988,352,352,2606,1,88,3931,41730.083,15203.380000000001,44387.295000000006,21469.288,22126.607,-14795.214999999998,6988,0,0,2,1,822247.2874910018,42379.71658205059,2609.467710457311,1.0122708487253902,1.1000000107720955,1.0690162569811856,0.016954428290772143,-0.5459448160117779,3.910492825846061e-33,-0.32405126072623985,0.09710094523654136,1379.1491354330321,1378.9375417562899,43.61781926732441,43.64496422585909,0.840115130068093,0.8390937715323532,0.19047884339162457,0.1902637213363969,0.0,0.0,41,336,29,36,0,13,1,0.0,0.0,0.0,0.0,0.0,0,,,,,,1,0.0,0.0,0.0,0.0,0.0,1,0.0,0.0,0.0,0.0,0.0,1,1,1,3.214506509269255e-11,3.2145064388089395e-11,9.134890208529654e-14,0.0,3.2145064388089395e-11,0.000567427001516973,0.0004630156428577781,2.656446376116449e-06,5.4870219479141724e-11,0.0004630156428577781,1.4291459061286224e-09,2.8498226001261173e-10,1.1581882108979426e-11,3.535949311128661e-12,2.8498226001261173e-10,5.115100703980679e-10,3.367753992344902e-11,7.594997837527851e-12,6.876776925679451e-12,3.367753992344902e-11,,,,,,,,,
2026-03-22T16:19:47Z,test_cases/pglib_opf_case4020_goc.mat,pglib_opf_case4020_goc,oracle_ac_primal_dual__Qg_Vm_Va,oracle_ac_primal_dual,full,ac_true,1,0,Qg+Vm+Va,3,,,maxIterations,warning,0,9412.067577839474,,,,0.09752106666564941,1.780094861984253,77.44638705253601,79.22648191452026,79.22648191452026,79.32400298118591,acopf_acdc_paper_study/cases/pglib_opf_case4020_goc/logs/oracle_ac_primal_dual__Qg_Vm_Va.log,1,300,18.005580519113476,0.0016462235004278901,6.156061083117947e-08,2.158839248388163,18.005580519113476,72.113,,,72.113,True,100.0,4020,6988,352,352,2606,1,88,3931,41730.083,15203.380000000001,44387.295000000006,21469.288,22126.607,-14795.214999999998,6988,0,0,2,1,,,,,,,,,,,,,,,,,,,,,,,,,,,,0,,,,,,1,0.0,0.0,0.0,0.0,0.0,1,0.0,0.0,0.0,0.0,0.0,1,0.0,0.0,0.0,0.0,0.0,1,1,1,,,,,,,,,,,,,,,,,,,,,,,,,,,,,
2026-03-22T16:19:53Z,test_cases/pglib_opf_case4020_goc.mat,pglib_opf_case4020_goc,oracle_ac_primal_dual__Pg_Qg_Vm_Va,oracle_ac_primal_dual,full,ac_true,1,0,Pg+Qg+Vm+Va,4,,,optimal,ok,1,9276.255499672854,812971.0319913301,87.6400000000256,0,0.09752106666564941,1.7732460498809814,4.883360862731934,6.656606912612915,6.656606912612915,6.7541279792785645,acopf_acdc_paper_study/cases/pglib_opf_case4020_goc/logs/oracle_ac_primal_dual__Pg_Qg_Vm_Va.log,0,4,1.0713522334009856e-09,2.2562890516017288e-13,1.2866364684782639e-07,9.093351740624724e-08,9.093351740624724e-08,1.202,,,1.202,False,100.0,4020,6988,352,352,2606,1,88,3931,41730.083,15203.380000000001,44387.295000000006,21469.288,22126.607,-14795.214999999998,6988,0,0,2,1,822247.2874910003,42379.71658205057,2609.4677104573075,1.0122708487253924,1.1000000107720955,1.0690162569811885,0.01695442829077268,-0.54594481601175,9.520257315923813e-30,-0.32405126072621315,0.09710094523654009,1379.1491354330237,1378.9375417562799,43.61781926732494,43.644964225859525,0.8401151300680958,0.8390937715323559,0.19047884339162455,0.19026372133639677,0.0,0.0,41,336,29,36,0,13,1,0.0,0.0,0.0,0.0,0.0,1,0.0,0.0,0.0,0.0,0.0,1,0.0,0.0,0.0,0.0,0.0,1,0.0,0.0,0.0,0.0,0.0,1,1,1,3.194344859586784e-11,3.1943447886817466e-11,9.077612793395584e-14,0.0,3.1943447886817466e-11,0.000566311555912454,0.00046219489714982576,2.646325121078912e-06,4.8108381861533545e-11,0.00046219489714982576,1.4291931988441252e-09,2.8497892934353786e-10,1.1583410239835111e-11,3.5388358909926865e-12,2.8497892934353786e-10,5.130691990407161e-10,3.3702859947304376e-11,7.621295026801993e-12,6.9039496342071516e-12,3.3702859947304376e-11,,,,,,,,,
2026-03-22T16:20:11Z,test_cases/pglib_opf_case4020_goc.mat,pglib_opf_case4020_goc,oracle_ac_constraint_dual__Pg,oracle_ac_constraint_dual,constraint_only,ac_true,1,0,Pg,1,,,optimal,ok,1,9276.255499672816,812971.0319913266,87.64000000002521,0,0.09752106666564941,1.722095012664795,16.022325038909912,17.744420051574707,17.744420051574707,17.841941118240356,acopf_acdc_paper_study/cases/pglib_opf_case4020_goc/logs/oracle_ac_constraint_dual__Pg.log,0,55,1.2601758966617927e-09,2.344998307711906e-13,1.2866364684782639e-07,9.093351660677168e-08,9.093351660677168e-08,12.325,,,12.325,True,100.0,4020,6988,352,352,2606,1,88,3931,41730.083,15203.380000000001,44387.295000000006,21469.288,22126.607,-14795.214999999998,6988,0,0,2,1,822247.2874909968,42379.716582050525,2609.4677104538623,1.0122708487254115,1.1000000107720955,1.0690162569811874,0.016954428290772285,-0.5459448160117996,8.144584044415236e-27,-0.3240512607262764,0.097100945236536,1379.1491354332336,1378.9375417565057,43.61781926733097,43.64496422586569,0.8401151300680879,0.8390937715323475,0.19047884339162763,0.1902637213364001,0.0,0.0,41,336,29,36,0,13,1,0.0,0.0,0.0,0.0,0.0,0,,,,,,0,,,,,,0,,,,,,1,1,0,3.1473602199521115e-11,3.14736015027961e-11,8.944102166599042e-14,0.0,3.14736015027961e-11,0.0005674275848205761,0.0004630159964259528,2.6565601761690035e-06,4.838311001842399e-11,0.0004630159964259528,1.4289853456552663e-09,2.849838143248462e-10,1.1560979205469622e-11,3.5413894039493243e-12,2.849838143248462e-10,5.092874574524512e-10,3.3641929519934166e-11,7.559089819329963e-12,6.840916721984058e-12,3.3641929519934166e-11,,,,,,,,,
2026-03-22T16:21:13Z,test_cases/pglib_opf_case4020_goc.mat,pglib_opf_case4020_goc,oracle_ac_constraint_dual__Qg,oracle_ac_constraint_dual,constraint_only,ac_true,1,0,Qg,1,,,optimal,ok,1,9276.25549967285,812971.0319913297,87.64000000002555,0,0.09752106666564941,1.0046319961547852,61.14005398750305,62.14468598365784,62.14468598365784,62.242207050323486,acopf_acdc_paper_study/cases/pglib_opf_case4020_goc/logs/oracle_ac_constraint_dual__Qg.log,0,261,1.2888681574512026e-09,2.5549514387043727e-13,1.2866364684782639e-07,9.093351654768972e-08,9.093351654768972e-08,57.304,,,57.304,True,100.0,4020,6988,352,352,2606,1,88,3931,41730.083,15203.380000000001,44387.295000000006,21469.288,22126.607,-14795.214999999998,6988,0,0,2,1,822247.2874909999,42379.71658205057,2609.4677104573243,1.012270848725433,1.1000000107720955,1.0690162569811863,0.016954428290772452,-0.5459448160117846,2.348449293251185e-30,-0.32405126072626317,0.09710094523653434,1379.1491354331788,1378.9375417564488,43.6178192673313,43.644964225865934,0.8401151300681011,0.8390937715323575,0.19047884339162732,0.1902637213363997,0.0,0.0,41,336,29,36,0,13,0,,,,,,1,0.0,0.0,0.0,0.0,0.0,0,,,,,,0,,,,,,1,1,0,3.189415467206219e-11,3.189415398452411e-11,9.06357730345359e-14,0.0,3.189415398452411e-11,0.0005681031638394884,0.0004635109832020756,2.659241509554926e-06,4.2177476788918256e-11,0.0004635109832020756,1.429079622511382e-09,2.849898095291792e-10,1.1561651525601749e-11,3.5342839765917233e-12,2.849898095291792e-10,5.100609982850246e-10,3.3654821984807626e-11,7.572180881560887e-12,6.849756872817636e-12,3.3654821984807626e-11,,,,,,,,,
2026-03-22T16:22:25Z,test_cases/pglib_opf_case4020_goc.mat,pglib_opf_case4020_goc,oracle_ac_constraint_dual__Vm,oracle_ac_constraint_dual,constraint_only,ac_true,1,0,Vm,1,,,optimal,ok,1,9276.255499672834,812971.0319913283,87.64000000002541,0,0.09752106666564941,1.6636860370635986,70.32686996459961,71.99055600166321,71.99055600166321,72.08807706832886,acopf_acdc_paper_study/cases/pglib_opf_case4020_goc/logs/oracle_ac_constraint_dual__Vm.log,0,287,8.542940920983589e-10,2.620961835448426e-13,1.2866364684782639e-07,9.093350584678984e-08,9.093350584678984e-08,64.902,,,64.902,True,100.0,4020,6988,352,352,2606,1,88,3931,41730.083,15203.380000000001,44387.295000000006,21469.288,22126.607,-14795.214999999998,6988,0,0,2,1,822247.2874909985,42379.71658205055,2609.4677104597185,1.0122708487262515,1.1000000107720955,1.0690162569812,0.01695442829076834,-0.5459448160116613,-2.5018098576000995e-30,-0.32405126072612744,0.09710094523654646,1379.1491354327884,1378.9375417560284,43.61781926731679,43.64496422585096,0.8401151300680888,0.8390937715323519,0.1904788433916154,0.19026372133638625,0.0,0.0,41,336,29,36,0,13,0,,,,,,0,,,,,,1,0.0,0.0,0.0,0.0,0.0,0,,,,,,1,1,0,3.1711411988909395e-11,3.171141127467081e-11,9.011693301308465e-14,0.0,3.171141127467081e-11,0.0005676387636977501,0.00046320364790608526,2.656868957940398e-06,4.576430900904427e-11,0.00046320364790608526,1.4364758297690932e-09,2.84865908639631e-10,1.1629909086620254e-11,3.56326079753444e-12,2.84865908639631e-10,5.186066990553843e-10,3.402921000539294e-11,7.707520050951416e-12,6.983399969406889e-12,3.402921000539294e-11,,,,,,,,,
2026-03-22T16:23:15Z,test_cases/pglib_opf_case4020_goc.mat,pglib_opf_case4020_goc,oracle_ac_constraint_dual__Va,oracle_ac_constraint_dual,constraint_only,ac_true,1,0,Va,1,,,optimal,ok,1,9276.25549967284,812971.0319913288,87.64000000002545,0,0.09752106666564941,1.6366009712219238,48.124632835388184,49.76123380661011,49.76123380661011,49.85875487327576,acopf_acdc_paper_study/cases/pglib_opf_case4020_goc/logs/oracle_ac_constraint_dual__Va.log,0,202,9.764578446287435e-10,2.4335947635807434e-13,1.2866364684782639e-07,9.093351678706746e-08,9.093351678706746e-08,44.316,,,44.316,True,100.0,4020,6988,352,352,2606,1,88,3931,41730.083,15203.380000000001,44387.295000000006,21469.288,22126.607,-14795.214999999998,6988,0,0,2,1,822247.287490999,42379.71658205056,2609.467710454669,1.0122708487253995,1.1000000107720955,1.0690162569811903,0.016954428290772757,-0.5459448160117883,-3.594297591075718e-30,-0.32405126072625284,0.09710094523653973,1379.1491354330824,1378.9375417563429,43.61781926732628,43.64496422586092,0.8401151300680983,0.8390937715323582,0.19047884339162616,0.1902637213363984,0.0,0.0,41,336,29,36,0,13,0,,,,,,0,,,,,,0,,,,,,1,0.0,0.0,0.0,0.0,0.0,1,1,0,3.177824741348966e-11,3.177824670075324e-11,9.030680638263702e-14,0.0,3.177824670075324e-11,0.000567427510094013,0.0004630160566131414,2.6564334476492008e-06,4.793132904468145e-11,0.0004630160566131414,1.4290757771297714e-09,2.849809277449822e-10,1.1577236792233456e-11,3.5405012255296242e-12,2.849809277449822e-10,5.107170741861556e-10,3.366112943936628e-11,7.582199615606694e-12,6.863856705230376e-12,3.366112943936628e-11,,,,,,,,,
2026-03-22T16:23:38Z,test_cases/pglib_opf_case4020_goc.mat,pglib_opf_case4020_goc,oracle_ac_constraint_dual__Pg_Qg,oracle_ac_constraint_dual,constraint_only,ac_true,1,0,Pg+Qg,2,,,optimal,ok,1,9276.25549967285,812971.0319913297,87.64000000002555,0,0.09752106666564941,1.0873122215270996,21.23761820793152,22.324930429458618,22.324930429458618,22.422451496124268,acopf_acdc_paper_study/cases/pglib_opf_case4020_goc/logs/oracle_ac_constraint_dual__Pg_Qg.log,0,81,9.047455255446447e-10,2.633743058186374e-13,1.2866364684782639e-07,9.093351659703617e-08,9.093351659703617e-08,15.701,,,15.701,True,100.0,4020,6988,352,352,2606,1,88,3931,41730.083,15203.380000000001,44387.295000000006,21469.288,22126.607,-14795.214999999998,6988,0,0,2,1,822247.2874909999,42379.71658205057,2609.4677104558673,1.012270848725412,1.1000000107720955,1.0690162569811896,0.016954428290772105,-0.5459448160118086,3.0870938495809146e-31,-0.32405126072628393,0.09710094523653727,1379.1491354332504,1378.937541756524,43.617819267330475,43.6449642258652,0.8401151300681001,0.8390937715323632,0.1904788433916266,0.19026372133639902,0.0,0.0,41,336,29,36,0,13,1,0.0,0.0,0.0,0.0,0.0,1,0.0,0.0,0.0,0.0,0.0,0,,,,,,0,,,,,,1,1,0,3.189482080586261e-11,3.1894820118338885e-11,9.063766546014605e-14,0.0,3.1894820118338885e-11,0.0005674275472258419,0.00046301607486887164,2.6564324048233816e-06,4.22700832669598e-11,0.00046301607486887164,1.4290205848835217e-09,2.8498581272629053e-10,1.1565202692701212e-11,3.5436098499985746e-12,2.8498581272629053e-10,5.088615703734076e-10,3.3640437657744826e-11,7.551636054320106e-12,6.835310095709701e-12,3.3640437657744826e-11,,,,,,,,,
2026-03-22T16:23:59Z,test_cases/pglib_opf_case4020_goc.mat,pglib_opf_case4020_goc,oracle_ac_constraint_dual__Pg_Vm,oracle_ac_constraint_dual,constraint_only,ac_true,1,0,Pg+Vm,2,,,optimal,ok,1,9276.25549967287,812971.0319913315,87.64000000002575,0,0.09752106666564941,1.0385441780090332,20.019777059555054,21.058321237564087,21.058321237564087,21.155842304229736,acopf_acdc_paper_study/cases/pglib_opf_case4020_goc/logs/oracle_ac_constraint_dual__Pg_Vm.log,0,75,1.0261779067789858e-09,2.2825021807727445e-13,1.2866364684782639e-07,9.093350367748467e-08,9.093350367748467e-08,16.372,,,16.372,True,100.0,4020,6988,352,352,2606,1,88,3931,41730.083,15203.380000000001,44387.295000000006,21469.288,22126.607,-14795.214999999998,6988,0,0,2,1,822247.2874910017,42379.71658205059,2609.4677104534867,1.0122708487263645,1.1000000107720955,1.0690162569811887,0.01695442829076487,-0.5459448160117577,4.308582455322207e-31,-0.3240512607262177,0.09710094523654873,1379.1491354329721,1378.9375417562278,43.617819267318104,43.64496422585193,0.8401151300680969,0.8390937715323532,0.19047884339161644,0.19026372133638692,0.0,0.0,41,336,29,36,0,13,1,0.0,0.0,0.0,0.0,0.0,0,,,,,,1,0.0,0.0,0.0,0.0,0.0,0,,,,,,1,1,0,3.213107628288903e-11,3.213107557797912e-11,9.130916114748326e-14,0.0,3.213107557797912e-11,0.0005676796848038484,0.00046323968152794937,2.656974655552852e-06,4.618244675569372e-11,0.00046323968152794937,1.4375035316286844e-09,2.848195013172017e-10,1.1632412170043485e-11,3.559152972343327e-12,2.848195013172017e-10,5.133657564709547e-10,3.399910908363779e-11,7.618808439649667e-12,6.891279213938617e-12,3.399910908363779e-11,,,,,,,,,
2026-03-22T16:24:23Z,test_cases/pglib_opf_case4020_goc.mat,pglib_opf_case4020_goc,oracle_ac_constraint_dual__Pg_Va,oracle_ac_constraint_dual,constraint_only,ac_true,1,0,Pg+Va,2,,,optimal,ok,1,9276.255499672843,812971.0319913292,87.6400000000255,0,0.09752106666564941,1.789586067199707,22.873667001724243,24.66325306892395,24.66325306892395,24.7607741355896,acopf_acdc_paper_study/cases/pglib_opf_case4020_goc/logs/oracle_ac_constraint_dual__Pg_Va.log,0,95,1.3300582871071243e-09,2.448386569943558e-13,1.2866364684782639e-07,9.093351689681997e-08,9.093351689681997e-08,17.563,,,17.563,True,100.0,4020,6988,352,352,2606,1,88,3931,41730.083,15203.380000000001,44387.295000000006,21469.288,22126.607,-14795.214999999998,6988,0,0,2,1,822247.2874909993,42379.71658205056,2609.467710456482,1.0122708487254068,1.1000000107720955,1.0690162569811923,0.016954428290772983,-0.5459448160117994,-5.1259124387895296e-30,-0.32405126072626445,0.0971009452365394,1379.1491354330797,1378.9375417563417,43.617819267325245,43.64496422586008,0.8401151300681007,0.8390937715323572,0.19047884339162544,0.19026372133639785,0.0,0.0,41,336,29,36,0,13,1,0.0,0.0,0.0,0.0,0.0,0,,,,,,0,,,,,,1,0.0,0.0,0.0,0.0,0.0,1,1,0,3.182099099898034e-11,3.182099028720131e-11,9.04282370259554e-14,0.0,3.182099028720131e-11,0.0005674275663697792,0.0004630161067540328,2.656583602778715e-06,4.7991367824185005e-11,0.0004630161067540328,1.4291106115728298e-09,2.8498425841405606e-10,1.1579222323928292e-11,3.5375036233631363e-12,2.8498425841405606e-10,5.100255853238416e-10,3.3653170528058496e-11,7.570741124941267e-12,6.853656531191632e-12,3.3653170528058496e-11,,,,,,,,,
2026-03-22T16:25:30Z,test_cases/pglib_opf_case4020_goc.mat,pglib_opf_case4020_goc,oracle_ac_constraint_dual__Qg_Vm,oracle_ac_constraint_dual,constraint_only,ac_true,1,0,Qg+Vm,2,,,optimal,ok,1,9276.255499672834,812971.0319913282,87.6400000000254,0,0.09752106666564941,1.688114881515503,64.7815170288086,66.4696319103241,66.4696319103241,66.56715297698975,acopf_acdc_paper_study/cases/pglib_opf_case4020_goc/logs/oracle_ac_constraint_dual__Qg_Vm.log,0,276,8.914639978884314e-10,2.2768651910151316e-13,1.2866364684782639e-07,9.093351922433676e-08,9.093351922433676e-08,61.091,,,61.091,True,100.0,4020,6988,352,352,2606,1,88,3931,41730.083,15203.380000000001,44387.295000000006,21469.288,22126.607,-14795.214999999998,6988,0,0,2,1,822247.2874909984,42379.71658205055,2609.467710455366,1.0122708487253567,1.1000000107720955,1.0690162569811892,0.016954428290771012,-0.5459448160118037,3.0000439290974095e-31,-0.3240512607262706,0.09710094523653917,1379.1491354331108,1378.9375417563751,43.61781926732723,43.64496422586222,0.8401151300681012,0.8390937715323581,0.19047884339162705,0.19026372133639977,0.0,0.0,41,336,29,36,0,13,0,,,,,,1,0.0,0.0,0.0,0.0,0.0,1,0.0,0.0,0.0,0.0,0.0,0,,,,,,1,1,0,3.169564682231498e-11,3.169564610772113e-11,9.007214560697761e-14,0.0,3.169564610772113e-11,0.0005674072247790485,0.00046299800735205565,2.656355042645436e-06,4.59529636565037e-11,0.00046299800735205565,1.4285311435474558e-09,2.8498337023563636e-10,1.1568326562023634e-11,3.540279180924699e-12,2.8498337023563636e-10,5.096403801587242e-10,3.36251235188989e-11,7.564625403068175e-12,6.846342937016914e-12,3.36251235188989e-11,,,,,,,,,
2026-03-22T16:26:16Z,test_cases/pglib_opf_case4020_goc.mat,pglib_opf_case4020_goc,oracle_ac_constraint_dual__Qg_Va,oracle_ac_constraint_dual,constraint_only,ac_true,1,0,Qg+Va,2,,,optimal,ok,1,9276.255499672854,812971.0319913302,87.64000000002561,0,0.09752106666564941,2.450748920440674,43.48178219795227,45.932531118392944,45.932531118392944,46.030052185058594,acopf_acdc_paper_study/cases/pglib_opf_case4020_goc/logs/oracle_ac_constraint_dual__Qg_Va.log,0,204,9.90233352266781e-10,2.566196545712163e-13,1.2866364684782639e-07,9.093347970480053e-08,9.093347970480053e-08,38.638,,,38.638,True,100.0,4020,6988,352,352,2606,1,88,3931,41730.083,15203.380000000001,44387.295000000006,21469.288,22126.607,-14795.214999999998,6988,0,0,2,1,822247.2874910004,42379.716582050576,2609.4677104582397,1.012270848717592,1.1000000107720955,1.0690162569811503,0.01695442829082737,-0.545944816012225,-2.7524313345487827e-30,-0.3240512607267444,0.0971009452364549,1379.149135434261,1378.937541757596,43.617819267429475,43.64496422597043,0.8401151300681037,0.8390937715323672,0.19047884339180848,0.19026372133659547,0.0,0.0,41,336,29,36,0,13,0,,,,,,1,0.0,0.0,0.0,0.0,0.0,0,,,,,,1,0.0,0.0,0.0,0.0,0.0,1,1,0,3.1951109134567756e-11,3.195110842568738e-11,9.079789082847264e-14,0.0,3.195110842568738e-11,0.0005681815650338771,0.00046367472310382407,2.6574350771120424e-06,4.54431943464062e-11,0.00046367472310382407,1.360092147936938e-09,2.849358526901824e-10,1.1072882356737734e-11,3.472222509515177e-12,2.849358526901824e-10,4.768338648498189e-10,3.071749105076904e-11,7.0819256605366054e-12,6.427941512399116e-12,3.071749105076904e-11,,,,,,,,,
2026-03-22T16:27:27Z,test_cases/pglib_opf_case4020_goc.mat,pglib_opf_case4020_goc,oracle_ac_constraint_dual__Vm_Va,oracle_ac_constraint_dual,constraint_only,ac_true,1,0,Vm+Va,2,,,optimal,ok,1,9276.255499672938,812971.0319913374,87.64000000002639,0,0.09752106666564941,2.0907418727874756,68.7006950378418,70.79143691062927,70.79143691062927,70.88895797729492,acopf_acdc_paper_study/cases/pglib_opf_case4020_goc/logs/oracle_ac_constraint_dual__Vm_Va.log,0,280,1.0962750352288385e-09,2.6950181128262677e-13,1.2866364684782639e-07,9.093347551706385e-08,9.093347551706385e-08,64.333,,,64.333,True,100.0,4020,6988,352,352,2606,1,88,3931,41730.083,15203.380000000001,44387.295000000006,21469.288,22126.607,-14795.214999999998,6988,0,0,2,1,822247.2874910076,42379.71658205067,2609.46771045256,1.0122708487122136,1.1000000107720955,1.0690162569811088,0.01695442829086475,-0.5459448160125373,9.211065745750484e-31,-0.32405126072709534,0.09710094523639748,1379.1491354351824,1378.9375417585738,43.617819267471,43.644964226016576,0.8401151300680859,0.8390937715323501,0.1904788433918849,0.19026372133668223,0.0,0.0,41,336,29,36,0,13,0,,,,,,0,,,,,,1,0.0,0.0,0.0,0.0,0.0,1,0.0,0.0,0.0,0.0,0.0,1,1,0,3.2916114966789604e-11,3.2916114278691566e-11,9.353938472905271e-14,0.0,3.2916114278691566e-11,0.0005682527729484711,0.00046373545017253104,2.657415128246066e-06,4.326058261616694e-11,0.00046373545017253104,1.317230558294239e-09,2.8532642915024553e-10,1.074246540257553e-11,3.389288849575678e-12,2.8532642915024553e-10,4.528657484264671e-10,2.869920273651516e-11,6.725432054825986e-12,6.110639771961246e-12,2.869920273651516e-11,,,,,,,,,
2026-03-22T16:27:48Z,test_cases/pglib_opf_case4020_goc.mat,pglib_opf_case4020_goc,oracle_ac_constraint_dual__Pg_Qg_Vm,oracle_ac_constraint_dual,constraint_only,ac_true,1,0,Pg+Qg+Vm,3,,,optimal,ok,1,9276.25549967279,812971.0319913244,87.64000000002498,0,0.09752106666564941,1.770352840423584,19.61398196220398,21.384334802627563,21.384334802627563,21.481855869293213,acopf_acdc_paper_study/cases/pglib_opf_case4020_goc/logs/oracle_ac_constraint_dual__Pg_Qg_Vm.log,0,71,1.395150211104114e-09,2.3391708587247187e-13,1.2866364684782639e-07,9.093351678655305e-08,9.093351678655305e-08,15.131,,,15.131,True,100.0,4020,6988,352,352,2606,1,88,3931,41730.083,15203.380000000001,44387.295000000006,21469.288,22126.607,-14795.214999999998,6988,0,0,2,1,822247.2874909946,42379.716582050496,2609.4677104554153,1.0122708487254084,1.1000000107720955,1.0690162569811936,0.01695442829077073,-0.5459448160117998,1.7377239385217213e-31,-0.32405126072626544,0.09710094523654128,1379.1491354331758,1378.9375417564434,43.617819267325096,43.64496422586008,0.840115130068095,0.8390937715323519,0.19047884339162346,0.19026372133639616,0.0,0.0,41,336,29,36,0,13,1,0.0,0.0,0.0,0.0,0.0,1,0.0,0.0,0.0,0.0,0.0,1,0.0,0.0,0.0,0.0,0.0,0,,,,,,1,1,0,3.117695063709892e-11,3.117694991061626e-11,8.859857686520241e-14,0.0,3.117694991061626e-11,0.0005674457079979252,0.0004630282510124095,2.6565393050890613e-06,4.313741724937259e-11,0.0004630282510124095,1.4288978345691734e-09,2.849835922802413e-10,1.1575054900197697e-11,3.5373926010606738e-12,2.849835922802413e-10,5.099896524505065e-10,3.364527406679585e-11,7.569793194359807e-12,6.857514556202204e-12,3.364527406679585e-11,,,,,,,,,
2026-03-22T16:28:00Z,test_cases/pglib_opf_case4020_goc.mat,pglib_opf_case4020_goc,oracle_ac_constraint_dual__Pg_Qg_Va,oracle_ac_constraint_dual,constraint_only,ac_true,1,0,Pg+Qg+Va,3,,,optimal,ok,1,9276.25549967285,812971.0319913297,87.64000000002555,0,0.09752106666564941,1.700861930847168,10.136205673217773,11.837067604064941,11.837067604064941,11.93458867073059,acopf_acdc_paper_study/cases/pglib_opf_case4020_goc/logs/oracle_ac_constraint_dual__Pg_Qg_Va.log,0,34,9.633924570185997e-10,2.821865781678652e-13,1.2866364684782639e-07,9.093351672069054e-08,9.093351672069054e-08,6.458,,,6.458,False,100.0,4020,6988,352,352,2606,1,88,3931,41730.083,15203.380000000001,44387.295000000006,21469.288,22126.607,-14795.214999999998,6988,0,0,2,1,822247.2874909999,42379.71658205057,2609.4677104584825,1.0122708487254455,1.1000000107720955,1.0690162569811914,0.01695442829077292,-0.5459448160117645,7.015528709678655e-31,-0.3240512607262261,0.09710094523654143,1379.149135433022,1378.9375417562787,43.6178192673249,43.644964225859525,0.8401151300680887,0.8390937715323518,0.1904788433916246,0.19026372133639682,0.0,0.0,41,336,29,36,0,13,1,0.0,0.0,0.0,0.0,0.0,1,0.0,0.0,0.0,0.0,0.0,0,,,,,,1,0.0,0.0,0.0,0.0,0.0,1,1,0,3.189348856087041e-11,3.1893487850709334e-11,9.06341960131941e-14,0.0,3.1893487850709334e-11,0.0005674295357169536,0.0004630177423036175,2.656437757985143e-06,4.807351045021946e-11,0.0004630177423036175,1.429464749678226e-09,2.8498314819103143e-10,1.1584475722528893e-11,3.5401681586222367e-12,2.8498314819103143e-10,5.123397793088971e-10,3.3695470025296714e-11,7.608656587584765e-12,6.891126558272731e-12,3.3695470025296714e-11,,,,,,,,,
2026-03-22T16:28:11Z,test_cases/pglib_opf_case4020_goc.mat,pglib_opf_case4020_goc,oracle_ac_constraint_dual__Pg_Vm_Va,oracle_ac_constraint_dual,constraint_only,ac_true,1,0,Pg+Vm+Va,3,,,optimal,ok,1,9276.255499672818,812971.031991327,87.64000000002525,0,0.09752106666564941,2.445909023284912,8.498988151550293,10.944897174835205,10.944897174835205,11.042418241500854,acopf_acdc_paper_study/cases/pglib_opf_case4020_goc/logs/oracle_ac_constraint_dual__Pg_Vm_Va.log,0,19,1.2797214921027324e-09,2.389270846280722e-13,1.2866364684782639e-07,9.094519493585887e-08,9.094519493585887e-08,3.855,,,3.855,False,100.0,4020,6988,352,352,2606,1,88,3931,41730.083,15203.380000000001,44387.295000000006,21469.288,22126.607,-14795.214999999998,6988,0,0,2,1,822247.2874909971,42379.71658205053,2609.467710455889,1.0122708487254786,1.1000000107720955,1.0690162569812145,0.016954428290781132,-0.545944816011729,-2.4812392561409955e-30,-0.3240512607262,0.09710094523653233,1379.149135432995,1378.9375417562485,43.617819267322474,43.64496422585661,0.8401151300680887,0.8390937715323483,0.19047884339162546,0.19026372133639755,0.0,0.0,41,336,29,36,0,13,1,0.0,0.0,0.0,0.0,0.0,0,,,,,,1,0.0,0.0,0.0,0.0,0.0,1,0.0,0.0,0.0,0.0,0.0,1,1,0,3.151645683020337e-11,3.151645611154663e-11,8.956308311784551e-14,0.0,3.151645611154663e-11,0.0005816818453984858,0.0004634399687736268,3.3367823922149986e-06,2.5551329628503705e-10,0.0004634399687736268,1.4268741074093261e-09,2.849880331723398e-10,1.1566126497680657e-11,3.5575986601088516e-12,2.849880331723398e-10,5.136501251284512e-10,3.352897126607246e-11,7.634525909471173e-12,6.921130335513226e-12,3.352897126607246e-11,,,,,,,,,
2026-03-22T16:29:23Z,test_cases/pglib_opf_case4020_goc.mat,pglib_opf_case4020_goc,oracle_ac_constraint_dual__Qg_Vm_Va,oracle_ac_constraint_dual,constraint_only,ac_true,1,0,Qg+Vm+Va,3,,,optimal,ok,1,9276.25549967284,812971.0319913288,87.64000000002545,0,0.09752106666564941,1.7005412578582764,70.75972890853882,72.4602701663971,72.4602701663971,72.55779123306274,acopf_acdc_paper_study/cases/pglib_opf_case4020_goc/logs/oracle_ac_constraint_dual__Qg_Vm_Va.log,0,276,1.0492187750929253e-09,2.3515755429289126e-13,1.2866364684782639e-07,9.093351679239911e-08,9.093351679239911e-08,67.091,,,67.091,True,100.0,4020,6988,352,352,2606,1,88,3931,41730.083,15203.380000000001,44387.295000000006,21469.288,22126.607,-14795.214999999998,6988,0,0,2,1,822247.287490999,42379.716582050554,2609.467710454992,1.0122708487254037,1.1000000107720955,1.0690162569811894,0.016954428290772726,-0.5459448160117557,-3.343739904540285e-29,-0.3240512607262219,0.09710094523653853,1379.1491354330328,1378.9375417562887,43.6178192673253,43.64496422585993,0.8401151300680979,0.8390937715323581,0.19047884339162502,0.19026372133639718,0.0,0.0,41,336,29,36,0,13,0,,,,,,1,0.0,0.0,0.0,0.0,0.0,1,0.0,0.0,0.0,0.0,0.0,1,0.0,0.0,0.0,0.0,0.0,1,1,0,3.176659007199265e-11,3.176658935899468e-11,9.027368893445929e-14,0.0,3.176658935899468e-11,0.000567427504871236,0.0004630160518592774,2.6564332432981324e-06,4.8057221396780037e-11,0.0004630160518592774,1.4291297806887539e-09,2.849793734327477e-10,1.1578080396027241e-11,3.5408342924370118e-12,2.849793734327477e-10,5.125324519514004e-10,3.3691688328119085e-11,7.612693532492478e-12,6.8943878384075674e-12,3.3691688328119085e-11,,,,,,,,,
2026-03-22T16:29:30Z,test_cases/pglib_opf_case4020_goc.mat,pglib_opf_case4020_goc,oracle_ac_constraint_dual__Pg_Qg_Vm_Va,oracle_ac_constraint_dual,constraint_only,ac_true,1,0,Pg+Qg+Vm+Va,4,,,optimal,ok,1,9276.25549967286,812971.0319913306,87.64000000002565,0,0.09752106666564941,1.6856729984283447,5.285137891769409,6.970810890197754,6.970810890197754,7.068331956863403,acopf_acdc_paper_study/cases/pglib_opf_case4020_goc/logs/oracle_ac_constraint_dual__Pg_Qg_Vm_Va.log,0,6,1.0988131963473181e-09,2.684898058632045e-13,1.2866364684782639e-07,9.095526047333599e-08,9.095526047333599e-08,1.514,,,1.514,False,100.0,4020,6988,352,352,2606,1,88,3931,41730.083,15203.380000000001,44387.295000000006,21469.288,22126.607,-14795.214999999998,6988,0,0,2,1,822247.2874910007,42379.716582050576,2609.467710457064,1.0122708487256862,1.1000000107720955,1.0690162569811985,0.016954428290775425,-0.5459448160117011,-3.0171607558786576e-30,-0.32405126072616613,0.09710094523653783,1379.1491354328534,1378.9375417560975,43.61781926733855,43.64496422587276,0.8401151300680987,0.8390937715323552,0.1904788433916037,0.19026372133637562,0.0,0.0,41,336,29,36,0,13,1,0.0,0.0,0.0,0.0,0.0,1,0.0,0.0,0.0,0.0,0.0,1,0.0,0.0,0.0,0.0,0.0,1,0.0,0.0,0.0,0.0,0.0,1,1,0,3.200084712496917e-11,3.200084641719059e-11,9.093919194069766e-14,0.0,3.200084641719059e-11,0.0009610824324220161,0.000764030632898316,4.788549980759758e-06,4.8176171385527766e-11,0.000764030632898316,1.4309014156563059e-09,2.854416703002016e-10,1.1600523471617574e-11,3.5659253327935403e-12,2.854416703002016e-10,5.159046784159756e-10,3.367848361301995e-11,7.668410663581008e-12,6.950218178758405e-12,3.367848361301995e-11,,,,,,,,,
2026-03-22T16:29:50Z,test_cases/pglib_opf_case4020_goc.mat,pglib_opf_case4020_goc,oracle_ac_bounds_dual__Pg,oracle_ac_bounds_dual,bounds_only,ac_true,1,0,Pg,1,,,optimal,ok,1,9276.255499672785,812971.0319913239,87.64000000002493,0,0.09752106666564941,0.9891650676727295,18.43638586997986,19.425550937652588,19.425550937652588,19.523072004318237,acopf_acdc_paper_study/cases/pglib_opf_case4020_goc/logs/oracle_ac_bounds_dual__Pg.log,0,77,1.118534879607469e-09,2.49405540540034e-13,1.2866364684782639e-07,9.093351660424284e-08,9.093351660424284e-08,13.269,,,13.269,True,100.0,4020,6988,352,352,2606,1,88,3931,41730.083,15203.380000000001,44387.295000000006,21469.288,22126.607,-14795.214999999998,6988,0,0,2,1,822247.2874909941,42379.71658205049,2609.4677104562247,1.0122708487254428,1.1000000107720955,1.0690162569811887,0.016954428290775,-0.5459448160117616,-1.2168952618582485e-33,-0.3240512607262361,0.09710094523653853,1379.149135433161,1378.937541756426,43.61781926733085,43.644964225865465,0.8401151300680951,0.8390937715323581,0.19047884339162824,0.19026372133640035,0.0,0.0,41,336,29,36,0,13,1,0.0,0.0,0.0,0.0,0.0,0,,,,,,0,,,,,,0,,,,,,0,0,1,3.11117805238985e-11,3.111177981907076e-11,8.841311915540707e-14,0.0,3.111177981907076e-11,0.0005674274697392183,0.00046301600635789697,2.6564322846791518e-06,4.18078141550815e-11,0.00046301600635789697,1.4292609366986685e-09,2.8498403636945113e-10,1.1567196012527712e-11,3.5411673593443993e-12,2.8498403636945113e-10,5.117191427321049e-10,3.368558904037755e-11,7.598869988883623e-12,6.88027412820702e-12,3.368558904037755e-11,,,,,,,,,
2026-03-22T16:30:47Z,test_cases/pglib_opf_case4020_goc.mat,pglib_opf_case4020_goc,oracle_ac_bounds_dual__Qg,oracle_ac_bounds_dual,bounds_only,ac_true,1,0,Qg,1,,,maxIterations,warning,0,9201.521035208458,,,,0.09752106666564941,1.7555811405181885,55.18269205093384,56.938273191452026,56.938273191452026,57.035794258117676,acopf_acdc_paper_study/cases/pglib_opf_case4020_goc/logs/oracle_ac_bounds_dual__Qg.log,1,300,57.14053714645999,0.09381531931959282,1.1589255333177562e-08,23.13245081464172,57.14053714645999,51.56,,,51.56,True,100.0,4020,6988,352,352,2606,1,88,3931,41730.083,15203.380000000001,44387.295000000006,21469.288,22126.607,-14795.214999999998,6988,0,0,2,1,,,,,,,,,,,,,,,,,,,,,,,,,,,,0,,,,,,1,0.0,0.0,0.0,0.0,0.0,0,,,,,,0,,,,,,0,0,1,,,,,,,,,,,,,,,,,,,,,,,,,,,,,
2026-03-22T16:31:48Z,test_cases/pglib_opf_case4020_goc.mat,pglib_opf_case4020_goc,oracle_ac_bounds_dual__Vm,oracle_ac_bounds_dual,bounds_only,ac_true,1,0,Vm,1,,,maxIterations,warning,0,9131.923386284037,,,,0.09752106666564941,1.6974308490753174,59.318296909332275,61.01572775840759,61.01572775840759,61.11324882507324,acopf_acdc_paper_study/cases/pglib_opf_case4020_goc/logs/oracle_ac_bounds_dual__Vm.log,1,300,172.81099680756702,0.16298995002138755,9.984159277109939e-09,8.654531822563222,172.81099680756702,55.646,,,55.646,True,100.0,4020,6988,352,352,2606,1,88,3931,41730.083,15203.380000000001,44387.295000000006,21469.288,22126.607,-14795.214999999998,6988,0,0,2,1,,,,,,,,,,,,,,,,,,,,,,,,,,,,0,,,,,,0,,,,,,1,0.0,0.0,0.0,0.0,0.0,0,,,,,,0,0,1,,,,,,,,,,,,,,,,,,,,,,,,,,,,,
2026-03-22T16:32:46Z,test_cases/pglib_opf_case4020_goc.mat,pglib_opf_case4020_goc,oracle_ac_bounds_dual__Va,oracle_ac_bounds_dual,bounds_only,ac_true,1,0,Va,1,,,maxIterations,warning,0,8141.592696553475,,,,0.09752106666564941,1.7039637565612793,56.59972929954529,58.30369305610657,58.30369305610657,58.40121412277222,acopf_acdc_paper_study/cases/pglib_opf_case4020_goc/logs/oracle_ac_bounds_dual__Va.log,1,300,83.95769547503417,1.2436941706512152,0.0,1.803537232702181,83.95769547503417,52.927,,,52.927,True,100.0,4020,6988,352,352,2606,1,88,3931,41730.083,15203.380000000001,44387.295000000006,21469.288,22126.607,-14795.214999999998,6988,0,0,2,1,,,,,,,,,,,,,,,,,,,,,,,,,,,,0,,,,,,0,,,,,,0,,,,,,1,0.0,0.0,0.0,0.0,0.0,0,0,1,,,,,,,,,,,,,,,,,,,,,,,,,,,,,
2026-03-22T16:33:27Z,test_cases/pglib_opf_case4020_goc.mat,pglib_opf_case4020_goc,oracle_ac_bounds_dual__Pg_Qg,oracle_ac_bounds_dual,bounds_only,ac_true,1,0,Pg+Qg,2,,,optimal,ok,1,9276.255499672841,812971.0319913289,87.64000000002547,0,0.09752106666564941,1.7164039611816406,38.91098594665527,40.627389907836914,40.627389907836914,40.72491097450256,acopf_acdc_paper_study/cases/pglib_opf_case4020_goc/logs/oracle_ac_bounds_dual__Pg_Qg.log,0,216,1.4492552120937302e-09,2.7376770485474497e-13,1.2866364684782639e-07,9.093351778487368e-08,9.093351778487368e-08,35.237,,,35.237,True,100.0,4020,6988,352,352,2606,1,88,3931,41730.083,15203.380000000001,44387.295000000006,21469.288,22126.607,-14795.214999999998,6988,0,0,2,1,822247.2874909991,42379.71658205056,2609.4677104596803,1.0122708487254475,1.1000000107720955,1.0690162569811916,0.01695442829077192,-0.5459448160117877,3.372884144380791e-32,-0.3240512607262648,0.09710094523653384,1379.1491354331572,1378.937541756425,43.617819267331285,43.644964225866126,0.8401151300680952,0.8390937715323515,0.190478843391628,0.19026372133640052,0.0,0.0,41,336,29,36,0,13,1,0.0,0.0,0.0,0.0,0.0,1,0.0,0.0,0.0,0.0,0.0,0,,,,,,0,,,,,,0,0,1,3.178590792950265e-11,3.178590723962316e-11,9.032825387288547e-14,0.0,3.178590723962316e-11,0.0005674270530177264,0.00046301563213502206,2.656430496096415e-06,4.178255658127128e-11,0.00046301563213502206,1.4290386394646981e-09,2.8498692294931516e-10,1.155735993364432e-11,3.532285575147398e-12,2.8498692294931516e-10,5.099598470234435e-10,3.3653704822889097e-11,7.57056700013051e-12,6.8456906809899465e-12,3.3653704822889097e-11,,,,,,,,,
2026-03-22T16:33:55Z,test_cases/pglib_opf_case4020_goc.mat,pglib_opf_case4020_goc,oracle_ac_bounds_dual__Pg_Vm,oracle_ac_bounds_dual,bounds_only,ac_true,1,0,Pg+Vm,2,,,optimal,ok,1,9276.25549967318,812971.031991359,87.6400000000287,0,0.09752106666564941,1.7255048751831055,26.552924871444702,28.278429746627808,28.278429746627808,28.375950813293457,acopf_acdc_paper_study/cases/pglib_opf_case4020_goc/logs/oracle_ac_bounds_dual__Pg_Vm.log,0,111,1.0975495121594454e-09,3.2789247508610496e-12,1.2866364684782639e-07,9.155554469287381e-08,9.155554469287381e-08,22.044,,,22.044,True,100.0,4020,6988,352,352,2606,1,88,3931,41730.083,15203.380000000001,44387.295000000006,21469.288,22126.607,-14795.214999999998,6988,0,0,2,1,822247.2874910291,42379.716582050954,2609.4677103194376,1.0122708483395686,1.1000000107720955,1.0690162569786155,0.016954428293354022,-0.5459448160347791,-2.2282258941816036e-30,-0.3240512607519408,0.09710094523240474,1379.1491354982552,1378.9375418255124,43.61781926944526,43.64496422832185,0.8401151300680039,0.839093771532257,0.1904788433958084,0.19026372134133607,0.0,0.0,41,336,29,36,0,13,1,0.0,0.0,0.0,0.0,0.0,0,,,,,,1,0.0,0.0,0.0,0.0,0.0,0,,,,,,0,0,1,3.5804138045104614e-11,3.5804137432648986e-11,1.0174368055761794e-13,0.0,3.5804137432648986e-11,0.0005691171434543076,0.000464460052996718,2.6569316790029614e-06,5.844086325978992e-11,0.000464460052996718,4.62285838425439e-09,5.700211413994793e-10,3.3400959941480546e-11,6.1448623966953164e-12,5.700211413994793e-10,1.2741753783317417e-09,1.1291369922394878e-10,1.8581298074267967e-11,1.645833469510194e-11,1.1291369922394878e-10,,,,,,,,,
2026-03-22T16:34:15Z,test_cases/pglib_opf_case4020_goc.mat,pglib_opf_case4020_goc,oracle_ac_bounds_dual__Pg_Va,oracle_ac_bounds_dual,bounds_only,ac_true,1,0,Pg+Va,2,,,optimal,ok,1,9276.25549967282,812971.031991327,87.64000000002525,0,0.09752106666564941,1.6987440586090088,17.95782995223999,19.656574010849,19.656574010849,19.75409507751465,acopf_acdc_paper_study/cases/pglib_opf_case4020_goc/logs/oracle_ac_bounds_dual__Pg_Va.log,0,81,9.275458741686873e-10,2.3878776794945785e-13,1.2866364684782639e-07,9.09335167664956e-08,9.09335167664956e-08,14.298,,,14.298,True,100.0,4020,6988,352,352,2606,1,88,3931,41730.083,15203.380000000001,44387.295000000006,21469.288,22126.607,-14795.214999999998,6988,0,0,2,1,822247.2874909971,42379.71658205053,2609.4677104561774,1.012270848725439,1.1000000107720955,1.0690162569811907,0.01695442829077329,-0.5459448160117598,-3.4208354976867094e-35,-0.3240512607262235,0.0971009452365399,1379.1491354330435,1378.9375417563022,43.61781926732552,43.64496422586014,0.8401151300681001,0.8390937715323599,0.19047884339162566,0.19026372133639782,0.0,0.0,41,336,29,36,0,13,1,0.0,0.0,0.0,0.0,0.0,0,,,,,,0,,,,,,1,0.0,0.0,0.0,0.0,0.0,0,0,1,3.151956545460145e-11,3.151956473601558e-11,8.957191443735958e-14,0.0,3.151956473601558e-11,0.0005674274023615993,0.00046301597668729766,2.656506853774366e-06,4.767245279091448e-11,0.00046301597668729766,1.4293489623525903e-09,2.8497981752195756e-10,1.1581594224282693e-11,3.542166560066562e-12,2.8497981752195756e-10,5.124716643037359e-10,3.36934924405341e-11,7.611164932139492e-12,6.892125758994894e-12,3.36934924405341e-11,,,,,,,,,
2026-03-22T16:35:22Z,test_cases/pglib_opf_case4020_goc.mat,pglib_opf_case4020_goc,oracle_ac_bounds_dual__Qg_Vm,oracle_ac_bounds_dual,bounds_only,ac_true,1,0,Qg+Vm,2,,,maxIterations,warning,0,8624.62670404201,,,,0.09752106666564941,1.718376874923706,65.2789900302887,66.9973669052124,66.9973669052124,67.09488797187805,acopf_acdc_paper_study/cases/pglib_opf_case4020_goc/logs/oracle_ac_bounds_dual__Qg_Vm.log,1,300,67.4183620317609,0.037488762485701876,0.0,4.672337369797349,67.4183620317609,60.364,,,60.364,True,100.0,4020,6988,352,352,2606,1,88,3931,41730.083,15203.380000000001,44387.295000000006,21469.288,22126.607,-14795.214999999998,6988,0,0,2,1,,,,,,,,,,,,,,,,,,,,,,,,,,,,0,,,,,,1,0.0,0.0,0.0,0.0,0.0,1,0.0,0.0,0.0,0.0,0.0,0,,,,,,0,0,1,,,,,,,,,,,,,,,,,,,,,,,,,,,,,
2026-03-22T16:36:21Z,test_cases/pglib_opf_case4020_goc.mat,pglib_opf_case4020_goc,oracle_ac_bounds_dual__Qg_Va,oracle_ac_bounds_dual,bounds_only,ac_true,1,0,Qg+Va,2,,,maxIterations,warning,0,8408.833535723901,,,,0.09752106666564941,1.425766944885254,58.00692391395569,59.43269085884094,59.43269085884094,59.53021192550659,acopf_acdc_paper_study/cases/pglib_opf_case4020_goc/logs/oracle_ac_bounds_dual__Qg_Va.log,1,300,112.24184039667135,0.2945896501017387,0.0,5.247314222693745,112.24184039667135,54.212,,,54.212,True,100.0,4020,6988,352,352,2606,1,88,3931,41730.083,15203.380000000001,44387.295000000006,21469.288,22126.607,-14795.214999999998,6988,0,0,2,1,,,,,,,,,,,,,,,,,,,,,,,,,,,,0,,,,,,1,0.0,0.0,0.0,0.0,0.0,0,,,,,,1,0.0,0.0,0.0,0.0,0.0,0,0,1,,,,,,,,,,,,,,,,,,,,,,,,,,,,,
2026-03-22T16:37:09Z,test_cases/pglib_opf_case4020_goc.mat,pglib_opf_case4020_goc,oracle_ac_bounds_dual__Vm_Va,oracle_ac_bounds_dual,bounds_only,ac_true,1,0,Vm+Va,2,,,optimal,ok,1,9276.255499672836,812971.0319913285,87.64000000002542,0,0.09752106666564941,0.9884281158447266,46.88442897796631,47.872857093811035,47.872857093811035,47.970378160476685,acopf_acdc_paper_study/cases/pglib_opf_case4020_goc/logs/oracle_ac_bounds_dual__Vm_Va.log,0,247,1.2217278915431902e-09,2.332918988352136e-13,1.2866364684782639e-07,9.093352076013621e-08,9.093352076013621e-08,43.142,,,43.142,True,100.0,4020,6988,352,352,2606,1,88,3931,41730.083,15203.380000000001,44387.295000000006,21469.288,22126.607,-14795.214999999998,6988,0,0,2,1,822247.2874909986,42379.71658205055,2609.4677104584507,1.0122708487254288,1.1000000107720955,1.0690162569811907,0.01695442829077321,-0.5459448160117645,1.0159511150399476e-25,-0.3240512607262276,0.09710094523653899,1379.1491354330192,1378.937541756275,43.61781926732505,43.644964225859745,0.8401151300680915,0.8390937715323507,0.19047884339162496,0.1902637213363972,0.0,0.0,41,336,29,36,0,13,0,,,,,,0,,,,,,1,0.0,0.0,0.0,0.0,0.0,1,0.0,0.0,0.0,0.0,0.0,0,0,1,3.171796230460719e-11,3.17179615905161e-11,9.013554186491786e-14,0.0,3.17179615905161e-11,0.0005674309150730995,0.00046301908564894134,2.6564418648153987e-06,4.7459005475536387e-11,0.00046301908564894134,1.4293734355902663e-09,2.8498670090471023e-10,1.1580127238545826e-11,3.5345060211966484e-12,2.8498670090471023e-10,5.12219722221523e-10,3.369519940843446e-11,7.607167630409962e-12,6.886491377144921e-12,3.369519940843446e-11,,,,,,,,,
2026-03-22T16:37:48Z,test_cases/pglib_opf_case4020_goc.mat,pglib_opf_case4020_goc,oracle_ac_bounds_dual__Pg_Qg_Vm,oracle_ac_bounds_dual,bounds_only,ac_true,1,0,Pg+Qg+Vm,3,,,optimal,ok,1,9276.25549967291,812971.031991335,87.64000000002612,0,0.09752106666564941,1.7437629699707031,37.27794003486633,39.021703004837036,39.021703004837036,39.119224071502686,acopf_acdc_paper_study/cases/pglib_opf_case4020_goc/logs/oracle_ac_bounds_dual__Pg_Qg_Vm.log,0,167,1.4428882322597122e-09,4.295036346676587e-13,1.2866364684782639e-07,9.100028550195729e-08,9.100028550195729e-08,33.487,,,33.487,True,100.0,4020,6988,352,352,2606,1,88,3931,41730.083,15203.380000000001,44387.295000000006,21469.288,22126.607,-14795.214999999998,6988,0,0,2,1,822247.2874910051,42379.71658205064,2609.467710439517,1.0122708486712724,1.1000000107720955,1.0690162569808452,0.016954428291138343,-0.5459448160150268,-3.450949784279705e-27,-0.32405126072987334,0.09710094523595877,1379.1491354422692,1378.9375417660956,43.617819267734696,43.64496422631671,0.8401151300680767,0.8390937715323389,0.19047884339238383,0.19026372133726155,0.0,0.0,41,336,29,36,0,13,1,0.0,0.0,0.0,0.0,0.0,1,0.0,0.0,0.0,0.0,0.0,1,0.0,0.0,0.0,0.0,0.0,0,,,,,,0,0,1,3.259059756071725e-11,3.259059688787147e-11,9.261430400995453e-14,0.0,3.259059688787147e-11,0.0005685220182115226,0.0004639631175713532,2.6572245376778806e-06,3.263625480975918e-11,0.0004639631175713532,1.1075809062650921e-09,2.8894220349684474e-10,8.342634488154156e-12,2.470801341303286e-12,2.8894220349684474e-10,2.661389189856406e-10,1.9022033947990735e-11,3.911158870860803e-12,3.5620950633585835e-12,1.9022033947990735e-11,,,,,,,,,
2026-03-22T16:38:03Z,test_cases/pglib_opf_case4020_goc.mat,pglib_opf_case4020_goc,oracle_ac_bounds_dual__Pg_Qg_Va,oracle_ac_bounds_dual,bounds_only,ac_true,1,0,Pg+Qg+Va,3,,,optimal,ok,1,9276.255499672887,812971.0319913329,87.64000000002589,0,0.09752106666564941,0.9971041679382324,13.485842227935791,14.482946395874023,14.482946395874023,14.580467462539673,acopf_acdc_paper_study/cases/pglib_opf_case4020_goc/logs/oracle_ac_bounds_dual__Pg_Qg_Va.log,0,60,9.255094290305226e-10,2.5029621261190323e-13,1.2866364684782639e-07,9.093351656514025e-08,9.093351656514025e-08,9.721,,,9.721,True,100.0,4020,6988,352,352,2606,1,88,3931,41730.083,15203.380000000001,44387.295000000006,21469.288,22126.607,-14795.214999999998,6988,0,0,2,1,822247.287491003,42379.71658205061,2609.4677104553152,1.0122708487254102,1.1000000107720955,1.0690162569811896,0.01695442829077045,-0.5459448160117949,-1.7681575060567075e-31,-0.32405126072625773,0.09710094523654096,1379.1491354330315,1378.9375417562915,43.61781926732525,43.64496422585994,0.8401151300680968,0.8390937715323573,0.1904788433916243,0.19026372133639663,0.0,0.0,41,336,29,36,0,13,1,0.0,0.0,0.0,0.0,0.0,1,0.0,0.0,0.0,0.0,0.0,0,,,,,,1,0.0,0.0,0.0,0.0,0.0,0,0,1,3.232147952745968e-11,3.232147882670233e-11,9.185007946771967e-14,0.0,3.232147882670233e-11,0.0005674367243697055,0.0004630148549957802,2.6735243800962156e-06,4.812645421070627e-11,0.0004630148549957802,1.4291392380538854e-09,2.8498248205721666e-10,1.1579831952362262e-11,3.5381697571779114e-12,2.8498248205721666e-10,5.104502039069325e-10,3.3659922071827e-11,7.577374710965589e-12,6.858666412590253e-12,3.3659922071827e-11,,,,,,,,,
2026-03-22T16:38:15Z,test_cases/pglib_opf_case4020_goc.mat,pglib_opf_case4020_goc,oracle_ac_bounds_dual__Pg_Vm_Va,oracle_ac_bounds_dual,bounds_only,ac_true,1,0,Pg+Vm+Va,3,,,optimal,ok,1,9276.255499672849,812971.0319913295,87.64000000002554,0,0.09752106666564941,2.939263105392456,9.554826974868774,12.49409008026123,12.49409008026123,12.59161114692688,acopf_acdc_paper_study/cases/pglib_opf_case4020_goc/logs/oracle_ac_bounds_dual__Pg_Vm_Va.log,0,33,1.0716719167067414e-09,2.5520065215405883e-13,1.2866364684782639e-07,9.093351791324185e-08,9.093351791324185e-08,5.793,,,5.793,False,100.0,4020,6988,352,352,2606,1,88,3931,41730.083,15203.380000000001,44387.295000000006,21469.288,22126.607,-14795.214999999998,6988,0,0,2,1,822247.2874909997,42379.71658205057,2609.467710457852,1.0122708487253897,1.1000000107720955,1.0690162569811923,0.016954428290771203,-0.5459448160118083,1.414571491245793e-28,-0.32405126072627133,0.09710094523653866,1379.149135433134,1378.937541756399,43.61781926732562,43.64496422586039,0.8401151300681052,0.8390937715323584,0.19047884339162452,0.190263721336397,0.0,0.0,41,336,29,36,0,13,1,0.0,0.0,0.0,0.0,0.0,0,,,,,,1,0.0,0.0,0.0,0.0,0.0,1,0.0,0.0,0.0,0.0,0.0,0,0,1,3.1857628357974405e-11,3.185762764701394e-11,9.053232043451401e-14,0.0,3.185762764701394e-11,0.0005674272750245217,0.0004630158580835042,2.656448303684664e-06,5.889994048047242e-11,0.0004630158580835042,1.4289064657564751e-09,2.8498248205721666e-10,1.1573042027189569e-11,3.538058734875449e-12,2.8498248205721666e-10,5.096146397471026e-10,3.364522549453852e-11,7.563940996832786e-12,6.8429983901552305e-12,3.364522549453852e-11,,,,,,,,,
2026-03-22T16:39:17Z,test_cases/pglib_opf_case4020_goc.mat,pglib_opf_case4020_goc,oracle_ac_bounds_dual__Qg_Vm_Va,oracle_ac_bounds_dual,bounds_only,ac_true,1,0,Qg+Vm+Va,3,,,maxIterations,warning,0,9136.323954058747,,,,0.09752106666564941,2.3493199348449707,59.310279846191406,61.65959978103638,61.65959978103638,61.757120847702026,acopf_acdc_paper_study/cases/pglib_opf_case4020_goc/logs/oracle_ac_bounds_dual__Qg_Vm_Va.log,1,300,120.12318500005205,0.014299297061242559,0.0,7.887308393802335,120.12318500005205,54.601,,,54.601,True,100.0,4020,6988,352,352,2606,1,88,3931,41730.083,15203.380000000001,44387.295000000006,21469.288,22126.607,-14795.214999999998,6988,0,0,2,1,,,,,,,,,,,,,,,,,,,,,,,,,,,,0,,,,,,1,0.0,0.0,0.0,0.0,0.0,1,0.0,0.0,0.0,0.0,0.0,1,0.0,0.0,0.0,0.0,0.0,0,0,1,,,,,,,,,,,,,,,,,,,,,,,,,,,,,
2026-03-22T16:39:24Z,test_cases/pglib_opf_case4020_goc.mat,pglib_opf_case4020_goc,oracle_ac_bounds_dual__Pg_Qg_Vm_Va,oracle_ac_bounds_dual,bounds_only,ac_true,1,0,Pg+Qg+Vm+Va,4,,,optimal,ok,1,9276.25549967283,812971.031991328,87.64000000002537,0,0.09752106666564941,1.7103381156921387,4.928529739379883,6.6388678550720215,6.6388678550720215,6.736388921737671,acopf_acdc_paper_study/cases/pglib_opf_case4020_goc/logs/oracle_ac_bounds_dual__Pg_Qg_Vm_Va.log,0,5,1.1922738796895243e-09,2.3176399349475737e-13,1.2866364684782639e-07,9.09335167859439e-08,9.09335167859439e-08,1.265,,,1.265,False,100.0,4020,6988,352,352,2606,1,88,3931,41730.083,15203.380000000001,44387.295000000006,21469.288,22126.607,-14795.214999999998,6988,0,0,2,1,822247.2874909982,42379.71658205054,2609.4677104550647,1.0122708487253955,1.1000000107720955,1.0690162569811903,0.016954428290775644,-0.5459448160117509,-4.126988443926264e-31,-0.324051260726214,0.09710094523654114,1379.149135432971,1378.9375417562228,43.61781926732538,43.64496422586004,0.8401151300680988,0.8390937715323552,0.19047884339162677,0.19026372133639904,0.0,0.0,41,336,29,36,0,13,1,0.0,0.0,0.0,0.0,0.0,1,0.0,0.0,0.0,0.0,0.0,1,0.0,0.0,0.0,0.0,0.0,1,0.0,0.0,0.0,0.0,0.0,0,0,1,3.165767719572987e-11,3.165767648027895e-11,8.99642773471987e-14,0.0,3.165767648027895e-11,0.0005674264486493002,0.0004630152408542365,2.6564294419695474e-06,4.8055406876024165e-11,0.0004630152408542365,1.4292689035302274e-09,2.8497892934353786e-10,1.1584906941989254e-11,3.5418334931591744e-12,2.8497892934353786e-10,5.130346282588343e-10,3.3700729706875876e-11,7.620441791409206e-12,6.9037275896022265e-12,3.3700729706875876e-11,,,,,,,,,
2026-03-22T16:39:42Z,test_cases/pglib_opf_case4020_goc.mat,pglib_opf_case4020_goc,oracle_ac_primal_dual_all_bounds__Pg,oracle_ac_primal_dual_all_bounds,full_all_bounds,ac_true,1,0,Pg,1,,,optimal,ok,1,9276.255499672854,812971.03199133,87.64000000002558,0,0.09752106666564941,1.6791796684265137,16.828022003173828,18.507201671600342,18.507201671600342,18.60472273826599,acopf_acdc_paper_study/cases/pglib_opf_case4020_goc/logs/oracle_ac_primal_dual_all_bounds__Pg.log,0,50,1.243059036586305e-09,2.7122875140160316e-13,1.2866364684782639e-07,9.093351660123439e-08,9.093351660123439e-08,13.181,,,13.181,True,100.0,4020,6988,352,352,2606,1,88,3931,41730.083,15203.380000000001,44387.295000000006,21469.288,22126.607,-14795.214999999998,6988,0,0,2,1,822247.2874910001,42379.71658205057,2609.467710457022,1.0122708487254135,1.1000000107720955,1.0690162569811914,0.01695442829077327,-0.5459448160117943,-1.613117618946755e-30,-0.3240512607262728,0.0971009452365355,1379.1491354332197,1378.9375417564927,43.61781926733109,43.6449642258659,0.8401151300680983,0.839093771532361,0.19047884339162796,0.19026372133640043,0.0,0.0,41,336,29,36,0,13,1,0.0,0.0,0.0,0.0,0.0,0,,,,,,0,,,,,,0,,,,,,1,1,1,3.1920689001779215e-11,3.192068831481265e-11,9.07111546546738e-14,0.0,3.192068831481265e-11,0.0005674274680866324,0.00046301600466525095,2.6564321990480214e-06,4.198737885152681e-11,0.00046301600466525095,1.4289474237947171e-09,2.8498492454787083e-10,1.1561689140620642e-11,3.5413894039493243e-12,2.8498492454787083e-10,5.094962705854053e-10,3.364369199898576e-11,7.562613840164642e-12,6.843997590877393e-12,3.364369199898576e-11,,,,,,,,,
2026-03-22T16:39:54Z,test_cases/pglib_opf_case4020_goc.mat,pglib_opf_case4020_goc,oracle_ac_primal_dual_all_bounds__Qg,oracle_ac_primal_dual_all_bounds,full_all_bounds,ac_true,1,0,Qg,1,,,optimal,ok,1,9276.255499672841,812971.0319913289,87.64000000002547,0,0.09752106666564941,1.7140350341796875,9.957596778869629,11.671631813049316,11.671631813049316,11.769152879714966,acopf_acdc_paper_study/cases/pglib_opf_case4020_goc/logs/oracle_ac_primal_dual_all_bounds__Qg.log,0,20,1.0023736609437555e-09,2.3736083377459505e-13,1.2866364684782639e-07,9.093351747165232e-08,9.093351747165232e-08,5.302,,,5.302,False,100.0,4020,6988,352,352,2606,1,88,3931,41730.083,15203.380000000001,44387.295000000006,21469.288,22126.607,-14795.214999999998,6988,0,0,2,1,822247.2874909991,42379.71658205056,2609.46771045461,1.0122708487253897,1.1000000107720955,1.0690162569811874,0.016954428290771355,-0.5459448160118248,3.465717309272537e-30,-0.32405126072630247,0.09710094523653552,1379.1491354332625,1378.9375417565375,43.617819267330916,43.6449642258655,0.8401151300681027,0.8390937715323625,0.19047884339162724,0.19026372133639957,0.0,0.0,41,336,29,36,0,13,0,,,,,,1,0.0,0.0,0.0,0.0,0.0,0,,,,,,0,,,,,,1,1,1,3.1792680289805904e-11,3.179267960007337e-11,9.034749353325539e-14,0.0,3.179267960007337e-11,0.0005674271898580978,0.0004630157591734019,2.6564315681417635e-06,4.195328112688301e-11,0.0004630157591734019,1.4288325525457055e-09,2.84984480458661e-10,1.1558638181467001e-11,3.530731262912923e-12,2.84984480458661e-10,5.077428882715999e-10,3.3617511552286317e-11,7.533306249744336e-12,6.8106909001386384e-12,3.3617511552286317e-11,,,,,,,,,
2026-03-22T16:40:06Z,test_cases/pglib_opf_case4020_goc.mat,pglib_opf_case4020_goc,oracle_ac_primal_dual_all_bounds__Vm,oracle_ac_primal_dual_all_bounds,full_all_bounds,ac_true,1,0,Vm,1,,,optimal,ok,1,9276.255499672927,812971.0319913365,87.64000000002629,0,0.09752106666564941,1.7010729312896729,9.797735214233398,11.498808145523071,11.498808145523071,11.59632921218872,acopf_acdc_paper_study/cases/pglib_opf_case4020_goc/logs/oracle_ac_primal_dual_all_bounds__Vm.log,0,16,8.558484174375108e-10,2.4087966456425127e-13,1.2866364684782639e-07,9.093351552563291e-08,9.093351552563291e-08,5.887,,,5.887,False,100.0,4020,6988,352,352,2606,1,88,3931,41730.083,15203.380000000001,44387.295000000006,21469.288,22126.607,-14795.214999999998,6988,0,0,2,1,822247.2874910067,42379.71658205066,2609.467710453969,1.0122708487254681,1.1000000107720955,1.0690162569811887,0.016954428290773742,-0.5459448160117605,-4.6015524468549253e-32,-0.32405126072622803,0.0971009452365392,1379.1491354329928,1378.9375417562492,43.61781926732365,43.644964225858466,0.8401151300680978,0.8390937715323541,0.19047884339162366,0.19026372133639605,0.0,0.0,41,336,29,36,0,13,0,,,,,,0,,,,,,1,0.0,0.0,0.0,0.0,0.0,0,,,,,,1,1,1,3.280353835445406e-11,3.2803537663994575e-11,9.321956480093627e-14,0.0,3.2803537663994575e-11,0.0005674479117432242,0.0004630345719923712,2.6563818431879884e-06,4.6156051203283255e-11,0.0004630345719923712,1.4297115648941623e-09,2.8497981752195756e-10,1.158326773359613e-11,3.552713678800501e-12,2.8497981752195756e-10,5.122079877477257e-10,3.369786394369356e-11,7.606830981859577e-12,6.8890032567381354e-12,3.369786394369356e-11,,,,,,,,,
2026-03-22T16:40:12Z,test_cases/pglib_opf_case4020_goc.mat,pglib_opf_case4020_goc,oracle_ac_primal_dual_all_bounds__Va,oracle_ac_primal_dual_all_bounds,full_all_bounds,ac_true,1,0,Va,1,,,optimal,ok,1,9276.255499672834,812971.0319913283,87.64000000002541,0,0.09752106666564941,1.1054661273956299,5.5731987953186035,6.678664922714233,6.678664922714233,6.776185989379883,acopf_acdc_paper_study/cases/pglib_opf_case4020_goc/logs/oracle_ac_primal_dual_all_bounds__Va.log,0,8,1.2324844200304412e-09,2.672078898607851e-13,1.2866364684782639e-07,9.093351694187678e-08,9.093351694187678e-08,1.847,,,1.847,False,100.0,4020,6988,352,352,2606,1,88,3931,41730.083,15203.380000000001,44387.295000000006,21469.288,22126.607,-14795.214999999998,6988,0,0,2,1,822247.2874909985,42379.71658205055,2609.467710458416,1.012270848725417,1.1000000107720955,1.0690162569811923,0.016954428290773593,-0.5459448160117587,-4.8057207318373116e-33,-0.3240512607262244,0.09710094523653952,1379.1491354330415,1378.9375417562994,43.6178192673258,43.64496422586039,0.840115130068093,0.8390937715323532,0.19047884339162602,0.19026372133639824,0.0,0.0,41,336,29,36,0,13,0,,,,,,0,,,,,,0,,,,,,1,0.0,0.0,0.0,0.0,0.0,1,1,1,3.1704972695511636e-11,3.170497198112798e-11,9.00986395655198e-14,0.0,3.170497198112798e-11,0.0005674278476389912,0.0004630163569132595,2.6564359391879762e-06,4.826383737110973e-11,0.0004630163569132595,1.42920998282043e-09,2.849793734327477e-10,1.1581505019795888e-11,3.542610649276412e-12,2.849793734327477e-10,5.124049872873104e-10,3.368794826430488e-11,7.610291069935226e-12,6.892986181838978e-12,3.368794826430488e-11,,,,,,,,,
2026-03-22T16:41:15Z,test_cases/pglib_opf_case4020_goc.mat,pglib_opf_case4020_goc,oracle_ac_primal_dual_all_bounds__Pg_Qg,oracle_ac_primal_dual_all_bounds,full_all_bounds,ac_true,1,0,Pg+Qg,2,,,optimal,ok,1,9276.255499672863,812971.0319913309,87.64000000002568,0,0.09752106666564941,1.7377657890319824,61.05475091934204,62.79251670837402,62.79251670837402,62.89003777503967,acopf_acdc_paper_study/cases/pglib_opf_case4020_goc/logs/oracle_ac_primal_dual_all_bounds__Pg_Qg.log,0,184,1.1820300494614516e-09,2.735465972080276e-13,1.2866364684782639e-07,9.093351345798876e-08,9.093351345798876e-08,56.5,,,56.5,True,100.0,4020,6988,352,352,2606,1,88,3931,41730.083,15203.380000000001,44387.295000000006,21469.288,22126.607,-14795.214999999998,6988,0,0,2,1,822247.2874910011,42379.71658205058,2609.4677104604866,1.012270848725586,1.1000000107720955,1.0690162569811925,0.01695442829077194,-0.5459448160117861,-4.980152969967915e-31,-0.3240512607262642,0.09710094523653702,1379.1491354331417,1378.9375417564095,43.61781926732618,43.644964225860875,0.8401151300680949,0.8390937715323613,0.19047884339162213,0.19026372133639413,0.0,0.0,41,336,29,36,0,13,1,0.0,0.0,0.0,0.0,0.0,1,0.0,0.0,0.0,0.0,0.0,0,,,,,,0,,,,,,1,1,1,3.2057135408581674e-11,3.205713472453908e-11,9.109878650048753e-14,0.0,3.205713472453908e-11,0.0005674871778039134,0.00046306926799033477,2.65656853553593e-06,4.215306576016431e-11,0.00046306926799033477,1.4305846221812773e-09,2.84978485254328e-10,1.1575160067592666e-11,3.5431657607887246e-12,2.84978485254328e-10,5.10098633663532e-10,3.370845963468483e-11,7.571456241823505e-12,6.853129175254935e-12,3.370845963468483e-11,,,,,,,,,
2026-03-22T16:41:46Z,test_cases/pglib_opf_case4020_goc.mat,pglib_opf_case4020_goc,oracle_ac_primal_dual_all_bounds__Pg_Vm,oracle_ac_primal_dual_all_bounds,full_all_bounds,ac_true,1,0,Pg+Vm,2,,,optimal,ok,1,9276.255499672872,812971.0319913317,87.64000000002576,0,0.09752106666564941,0.9983508586883545,29.422094106674194,30.42044496536255,30.42044496536255,30.5179660320282,acopf_acdc_paper_study/cases/pglib_opf_case4020_goc/logs/oracle_ac_primal_dual_all_bounds__Pg_Vm.log,0,98,8.003031830522699e-10,2.50836645081116e-13,1.2866364684782639e-07,9.093351875846363e-08,9.093351875846363e-08,24.1,,,24.1,True,100.0,4020,6988,352,352,2606,1,88,3931,41730.083,15203.380000000001,44387.295000000006,21469.288,22126.607,-14795.214999999998,6988,0,0,2,1,822247.2874910019,42379.71658205059,2609.467710455428,1.0122708487254004,1.1000000107720955,1.0690162569811883,0.01695442829076927,-0.545944816011815,1.8938032557822843e-32,-0.3240512607262812,0.09710094523654088,1379.1491354331442,1378.9375417564108,43.61781926732449,43.644964225859525,0.8401151300680896,0.8390937715323504,0.1904788433916229,0.19026372133639557,0.0,0.0,41,336,29,36,0,13,1,0.0,0.0,0.0,0.0,0.0,0,,,,,,1,0.0,0.0,0.0,0.0,0.0,0,,,,,,1,1,1,3.215483505509516e-11,3.2154834350706096e-11,9.137665766091217e-14,0.0,3.2154834350706096e-11,0.0005674344447878063,0.0004630220993104839,2.659270871680568e-06,5.3584067738476904e-11,0.0004630220993104839,1.4289628574056703e-09,2.849775970759083e-10,1.1573383489813361e-11,3.5406122478320867e-12,2.849775970759083e-10,5.090543807344077e-10,3.363379713627879e-11,7.554281849387386e-12,6.840583655076671e-12,3.363379713627879e-11,,,,,,,,,
2026-03-22T16:41:55Z,test_cases/pglib_opf_case4020_goc.mat,pglib_opf_case4020_goc,oracle_ac_primal_dual_all_bounds__Pg_Va,oracle_ac_primal_dual_all_bounds,full_all_bounds,ac_true,1,0,Pg+Va,2,,,optimal,ok,1,9276.255499672841,812971.0319913289,87.64000000002547,0,0.09752106666564941,2.4809560775756836,6.899898052215576,9.38085412979126,9.38085412979126,9.47837519645691,acopf_acdc_paper_study/cases/pglib_opf_case4020_goc/logs/oracle_ac_primal_dual_all_bounds__Pg_Va.log,0,10,1.3419753661937059e-09,2.8669840397498575e-13,1.2866364684782639e-07,9.093351679081991e-08,9.093351679081991e-08,2.221,,,2.221,False,100.0,4020,6988,352,352,2606,1,88,3931,41730.083,15203.380000000001,44387.295000000006,21469.288,22126.607,-14795.214999999998,6988,0,0,2,1,822247.2874909991,42379.71658205056,2609.467710457018,1.0122708487254275,1.1000000107720955,1.0690162569811932,0.01695442829077288,-0.5459448160117945,-2.6735196192477195e-29,-0.32405126072625734,0.09710094523654064,1379.1491354331204,1378.937541756385,43.6178192673258,43.64496422586064,0.8401151300680973,0.8390937715323569,0.1904788433916253,0.19026372133639774,0.0,0.0,41,336,29,36,0,13,1,0.0,0.0,0.0,0.0,0.0,0,,,,,,0,,,,,,1,0.0,0.0,0.0,0.0,0.0,1,1,1,3.177935763648938e-11,3.177935692377787e-11,9.030996042532062e-14,0.0,3.177935692377787e-11,0.0005674291046927142,0.0004630174817578103,2.656436467961406e-06,4.7370045386241344e-11,0.0004630174817578103,1.4292354447887242e-09,2.8498581272629053e-10,1.1578715819195166e-11,3.539168957900074e-12,2.8498581272629053e-10,5.1047988120908e-10,3.366259354598e-11,7.577827950194489e-12,6.858902334982986e-12,3.366259354598e-11,,,,,,,,,
2026-03-22T16:42:04Z,test_cases/pglib_opf_case4020_goc.mat,pglib_opf_case4020_goc,oracle_ac_primal_dual_all_bounds__Qg_Vm,oracle_ac_primal_dual_all_bounds,full_all_bounds,ac_true,1,0,Qg+Vm,2,,,optimal,ok,1,9276.255499673172,812971.0319913583,87.64000000002864,0,0.09752106666564941,0.9961297512054443,8.37990689277649,9.376036643981934,9.376036643981934,9.473557710647583,acopf_acdc_paper_study/cases/pglib_opf_case4020_goc/logs/oracle_ac_primal_dual_all_bounds__Qg_Vm.log,0,14,9.638276674325171e-10,2.9462354600733958e-12,1.2866364684782639e-07,9.148808671857902e-08,9.148808671857902e-08,4.651,,,4.651,False,100.0,4020,6988,352,352,2606,1,88,3931,41730.083,15203.380000000001,44387.295000000006,21469.288,22126.607,-14795.214999999998,6988,0,0,2,1,822247.2874910284,42379.716582050954,2609.4677103358104,1.0122708483798089,1.1000000107720955,1.0690162569788897,0.016954428293085792,-0.5459448160323931,1.352017070301788e-29,-0.3240512607492772,0.09710094523283166,1379.1491354915076,1378.9375418183527,43.61781926924924,43.64496422808987,0.8401151300680199,0.8390937715322705,0.19047884339540938,0.1902637213408581,0.0,0.0,41,336,29,36,0,13,0,,,,,,1,0.0,0.0,0.0,0.0,0.0,1,0.0,0.0,0.0,0.0,0.0,0,,,,,,1,1,1,3.5705994331411185e-11,3.570599371727212e-11,1.014648631843882e-13,0.0,3.570599371727212e-11,0.0005690769408692902,0.00046442652803990736,2.6570134660387074e-06,4.861748850726322e-11,0.00046442652803990736,4.077534963811076e-09,4.935056807653382e-10,2.9643673143594084e-11,5.484612763950736e-12,4.935056807653382e-10,1.090245415850659e-09,9.764338643192261e-11,1.586955334624641e-11,1.4063333830804936e-11,9.764338643192261e-11,,,,,,,,,
2026-03-22T16:42:12Z,test_cases/pglib_opf_case4020_goc.mat,pglib_opf_case4020_goc,oracle_ac_primal_dual_all_bounds__Qg_Va,oracle_ac_primal_dual_all_bounds,full_all_bounds,ac_true,1,0,Qg+Va,2,,,optimal,ok,1,9276.25549967278,812971.0319913235,87.64000000002488,0,0.09752106666564941,2.2062480449676514,5.672598123550415,7.878846168518066,7.878846168518066,7.976367235183716,acopf_acdc_paper_study/cases/pglib_opf_case4020_goc/logs/oracle_ac_primal_dual_all_bounds__Qg_Va.log,0,7,9.936246111080446e-10,2.4781001292540877e-13,1.2866364684782639e-07,9.093351678693142e-08,9.093351678693142e-08,1.699,,,1.699,False,100.0,4020,6988,352,352,2606,1,88,3931,41730.083,15203.380000000001,44387.295000000006,21469.288,22126.607,-14795.214999999998,6988,0,0,2,1,822247.2874909936,42379.71658205049,2609.4677104573034,1.0122708487253977,1.1000000107720955,1.0690162569811905,0.01695442829077393,-0.5459448160117756,9.64962137106427e-32,-0.32405126072623774,0.09710094523654192,1379.1491354330435,1378.937541756302,43.617819267326134,43.64496422586076,0.8401151300680992,0.8390937715323559,0.19047884339162643,0.19026372133639868,0.0,0.0,41,336,29,36,0,13,0,,,,,,1,0.0,0.0,0.0,0.0,0.0,0,,,,,,1,0.0,0.0,0.0,0.0,0.0,1,1,1,3.1062708690536844e-11,3.106270796138233e-11,8.827402587306056e-14,0.0,3.106270796138233e-11,0.0005674280797168648,0.0004630165569754485,2.6564550843748324e-06,4.772502532057743e-11,0.0004630165569754485,1.4290951857198818e-09,2.849820379680068e-10,1.1580105199790263e-11,3.5442759838133497e-12,2.849820379680068e-10,5.116446382665275e-10,3.3674903143765533e-11,7.597026019254893e-12,6.877498570645457e-12,3.3674903143765533e-11,,,,,,,,,
2026-03-22T16:42:20Z,test_cases/pglib_opf_case4020_goc.mat,pglib_opf_case4020_goc,oracle_ac_primal_dual_all_bounds__Vm_Va,oracle_ac_primal_dual_all_bounds,full_all_bounds,ac_true,1,0,Vm+Va,2,,,optimal,ok,1,9276.255499672849,812971.0319913296,87.64000000002554,0,0.09752106666564941,1.004805088043213,6.3176188468933105,7.322423934936523,7.322423934936523,7.419945001602173,acopf_acdc_paper_study/cases/pglib_opf_case4020_goc/logs/oracle_ac_primal_dual_all_bounds__Vm_Va.log,0,4,9.479785200766539e-10,2.4062510995938105e-13,1.2866364684782639e-07,9.409436717948602e-08,9.409436717948602e-08,2.597,,,2.597,False,100.0,4020,6988,352,352,2606,1,88,3931,41730.083,15203.380000000001,44387.295000000006,21469.288,22126.607,-14795.214999999998,6988,0,0,2,1,822247.2874909998,42379.71658205057,2609.4677106171935,1.0122708487165284,1.1000000107720955,1.069016256982181,0.01695442829037102,-0.5459448160099977,-8.721398962964692e-29,-0.3240512607238813,0.09710094523810027,1379.149135421362,1378.9375417435415,43.61781926756703,43.64496422617399,0.8401151300680663,0.8390937715323241,0.19047884339731877,0.1902637213419803,0.0,0.0,41,336,29,36,0,13,0,,,,,,0,,,,,,1,0.0,0.0,0.0,0.0,0.0,1,0.0,0.0,0.0,0.0,0.0,1,1,1,3.1875613970572176e-11,3.187561326001287e-11,9.058341592598823e-14,0.0,3.187561326001287e-11,0.023574365645306045,0.021788524044686453,0.00013379553099709477,5.8629713306501685e-09,0.021788524044686453,3.184818109462267e-09,5.056002283509997e-10,2.337271040059236e-11,5.525802038164329e-12,5.056002283509997e-10,7.722662670582994e-10,9.98680582675604e-11,1.0532590935751212e-11,8.558903585864641e-12,9.98680582675604e-11,,,,,,,,,
2026-03-22T16:43:52Z,test_cases/pglib_opf_case4020_goc.mat,pglib_opf_case4020_goc,oracle_ac_primal_dual_all_bounds__Pg_Qg_Vm,oracle_ac_primal_dual_all_bounds,full_all_bounds,ac_true,1,0,Pg+Qg+Vm,3,,,maxIterations,warning,0,9278.443898895377,,,,0.09752106666564941,2.178515911102295,90.06761598587036,92.24613189697266,92.24613189697266,92.3436529636383,acopf_acdc_paper_study/cases/pglib_opf_case4020_goc/logs/oracle_ac_primal_dual_all_bounds__Pg_Qg_Vm.log,1,300,51.64471244340524,0.0005960787616250947,1.1156038759452258e-07,0.00038823918717113826,51.64471244340524,86.182,,,86.182,True,100.0,4020,6988,352,352,2606,1,88,3931,41730.083,15203.380000000001,44387.295000000006,21469.288,22126.607,-14795.214999999998,6988,0,0,2,1,,,,,,,,,,,,,,,,,,,,,,,,,,,,1,0.0,0.0,0.0,0.0,0.0,1,0.0,0.0,0.0,0.0,0.0,1,0.0,0.0,0.0,0.0,0.0,0,,,,,,1,1,1,,,,,,,,,,,,,,,,,,,,,,,,,,,,,
2026-03-22T16:43:59Z,test_cases/pglib_opf_case4020_goc.mat,pglib_opf_case4020_goc,oracle_ac_primal_dual_all_bounds__Pg_Qg_Va,oracle_ac_primal_dual_all_bounds,full_all_bounds,ac_true,1,0,Pg+Qg+Va,3,,,optimal,ok,1,9276.255499672854,812971.0319913301,87.6400000000256,0,0.09752106666564941,1.0071721076965332,6.006457090377808,7.013629198074341,7.013629198074341,7.11115026473999,acopf_acdc_paper_study/cases/pglib_opf_case4020_goc/logs/oracle_ac_primal_dual_all_bounds__Pg_Qg_Va.log,0,10,9.614100798935367e-10,2.715217145828698e-13,1.2866364684782639e-07,9.093351674056579e-08,9.093351674056579e-08,2.214,,,2.214,False,100.0,4020,6988,352,352,2606,1,88,3931,41730.083,15203.380000000001,44387.295000000006,21469.288,22126.607,-14795.214999999998,6988,0,0,2,1,822247.2874910003,42379.716582050576,2609.4677104550465,1.0122708487254637,1.1000000107720955,1.0690162569811914,0.016954428290774447,-0.5459448160117455,-6.315815669126622e-31,-0.3240512607262094,0.09710094523654064,1379.1491354330199,1378.9375417562744,43.61781926732556,43.64496422586024,0.8401151300680963,0.8390937715323565,0.19047884339162607,0.19026372133639827,0.0,0.0,41,336,29,36,0,13,1,0.0,0.0,0.0,0.0,0.0,1,0.0,0.0,0.0,0.0,0.0,0,,,,,,1,0.0,0.0,0.0,0.0,0.0,1,1,1,3.194800051016778e-11,3.194799980121843e-11,9.078905950895858e-14,0.0,3.194799980121843e-11,0.0005674283849572114,0.0004630168354697872,2.656435637959725e-06,4.7723824891932054e-11,0.0004630168354697872,1.429819346878802e-09,2.849809277449822e-10,1.1588450155252123e-11,3.541500426251787e-12,2.849809277449822e-10,5.133225105736013e-10,3.3715856495586394e-11,7.62513109763556e-12,6.907599492400607e-12,3.3715856495586394e-11,,,,,,,,,
2026-03-22T16:44:07Z,test_cases/pglib_opf_case4020_goc.mat,pglib_opf_case4020_goc,oracle_ac_primal_dual_all_bounds__Pg_Vm_Va,oracle_ac_primal_dual_all_bounds,full_all_bounds,ac_true,1,0,Pg+Vm+Va,3,,,optimal,ok,1,9276.255499672832,812971.0319913281,87.64000000002538,0,0.09752106666564941,1.750758171081543,6.622605085372925,8.373363256454468,8.373363256454468,8.470884323120117,acopf_acdc_paper_study/cases/pglib_opf_case4020_goc/logs/oracle_ac_primal_dual_all_bounds__Pg_Vm_Va.log,0,4,1.422019830148342e-09,2.6206346563063277e-13,1.2866364684782639e-07,9.409436738132706e-08,9.409436738132706e-08,1.217,,,1.217,False,100.0,4020,6988,352,352,2606,1,88,3931,41730.083,15203.380000000001,44387.295000000006,21469.288,22126.607,-14795.214999999998,6988,0,0,2,1,822247.2874909983,42379.71658205055,2609.4677106158792,1.0122708487165224,1.1000000107720955,1.0690162569821802,0.01695442829037023,-0.5459448160100145,2.8509052955266936e-27,-0.32405126072389745,0.09710094523809995,1379.1491354214006,1378.9375417435836,43.6178192675674,43.64496422617445,0.8401151300680617,0.83909377153232,0.19047884339731858,0.1902637213419803,0.0,0.0,41,336,29,36,0,13,1,0.0,0.0,0.0,0.0,0.0,0,,,,,,1,0.0,0.0,0.0,0.0,0.0,1,0.0,0.0,0.0,0.0,0.0,1,1,1,3.167099987172441e-11,3.167099915657445e-11,9.000212585940183e-14,0.0,3.167099915657445e-11,0.023574392952150153,0.021788549237867105,0.0001337956879161331,5.862929863820199e-09,0.021788549237867105,3.184621182753332e-09,5.055842411394451e-10,2.3368903882197234e-11,5.528133506516042e-12,5.055842411394451e-10,7.714245197008709e-10,9.988193605536821e-11,1.0517008808882692e-11,8.543665774851661e-12,9.988193605536821e-11,,,,,,,,,
2026-03-22T16:44:13Z,test_cases/pglib_opf_case4020_goc.mat,pglib_opf_case4020_goc,oracle_ac_primal_dual_all_bounds__Qg_Vm_Va,oracle_ac_primal_dual_all_bounds,full_all_bounds,ac_true,1,0,Qg+Vm+Va,3,,,optimal,ok,1,9276.255499672812,812971.0319913264,87.6400000000252,0,0.09752106666564941,1.0280680656433105,4.952092170715332,5.980160236358643,5.980160236358643,6.077681303024292,acopf_acdc_paper_study/cases/pglib_opf_case4020_goc/logs/oracle_ac_primal_dual_all_bounds__Qg_Vm_Va.log,0,4,1.1206372562467786e-09,2.7074686801772846e-13,1.2866364684782639e-07,9.098651675381329e-08,9.098651675381329e-08,1.216,,,1.216,False,100.0,4020,6988,352,352,2606,1,88,3931,41730.083,15203.380000000001,44387.295000000006,21469.288,22126.607,-14795.214999999998,6988,0,0,2,1,822247.2874909965,42379.716582050525,2609.467710455211,1.0122708487254266,1.1000000107720955,1.069016256981201,0.01695442829077541,-0.5459448160117787,-5.057818713734096e-29,-0.324051260726243,0.09710094523653888,1379.1491354330885,1378.9375417563485,43.617819267332,43.64496422586682,0.8401151300680885,0.8390937715323481,0.19047884339163657,0.19026372133640906,0.0,0.0,41,336,29,36,0,13,0,,,,,,1,0.0,0.0,0.0,0.0,0.0,1,0.0,0.0,0.0,0.0,0.0,1,0.0,0.0,0.0,0.0,0.0,1,1,1,3.145184185164661e-11,3.145184113151345e-11,8.937951783366033e-14,0.0,3.145184113151345e-11,0.0005694524081445709,0.00045026921141611,2.806593427749099e-06,2.7853871986671663e-11,0.00045026921141611,1.4283703913235266e-09,2.8491076164982587e-10,1.1575647792433832e-11,3.5416114485542494e-12,2.8491076164982587e-10,5.112496931482836e-10,3.362964767772425e-11,7.591928096756158e-12,6.876305080893985e-12,3.362964767772425e-11,,,,,,,,,
2026-03-22T16:44:21Z,test_cases/pglib_opf_case4020_goc.mat,pglib_opf_case4020_goc,oracle_ac_primal_dual_all_bounds__Pg_Qg_Vm_Va,oracle_ac_primal_dual_all_bounds,full_all_bounds,ac_true,1,0,Pg+Qg+Vm+Va,4,,,optimal,ok,1,9276.255499672854,812971.0319913301,87.6400000000256,0,0.09752106666564941,1.7519841194152832,6.133197069168091,7.885181188583374,7.885181188583374,7.982702255249023,acopf_acdc_paper_study/cases/pglib_opf_case4020_goc/logs/oracle_ac_primal_dual_all_bounds__Pg_Qg_Vm_Va.log,0,4,1.0713522334009856e-09,2.2562890516017288e-13,1.2866364684782639e-07,9.093351740624724e-08,9.093351740624724e-08,1.217,,,1.217,False,100.0,4020,6988,352,352,2606,1,88,3931,41730.083,15203.380000000001,44387.295000000006,21469.288,22126.607,-14795.214999999998,6988,0,0,2,1,822247.2874910003,42379.71658205057,2609.4677104573075,1.0122708487253924,1.1000000107720955,1.0690162569811885,0.01695442829077268,-0.54594481601175,9.520257315923813e-30,-0.32405126072621315,0.09710094523654009,1379.1491354330237,1378.9375417562799,43.61781926732494,43.644964225859525,0.8401151300680958,0.8390937715323559,0.19047884339162455,0.19026372133639677,0.0,0.0,41,336,29,36,0,13,1,0.0,0.0,0.0,0.0,0.0,1,0.0,0.0,0.0,0.0,0.0,1,0.0,0.0,0.0,0.0,0.0,1,0.0,0.0,0.0,0.0,0.0,1,1,1,3.194344859586784e-11,3.1943447886817466e-11,9.077612793395584e-14,0.0,3.1943447886817466e-11,0.000566311555912454,0.00046219489714982576,2.646325121078912e-06,4.8108381861533545e-11,0.00046219489714982576,1.4291931988441252e-09,2.8497892934353786e-10,1.1583410239835111e-11,3.5388358909926865e-12,2.8497892934353786e-10,5.130691990407161e-10,3.3702859947304376e-11,7.621295026801993e-12,6.9039496342071516e-12,3.3702859947304376e-11,,,,,,,,,
2026-03-22T16:45:36Z,test_cases/pglib_opf_case4020_goc.mat,pglib_opf_case4020_goc,oracle_ac_dual_only_constraint__none,oracle_ac_dual_only_constraint,constraint_only,ac_true,1,0,,0,,,maxIterations,warning,0,9276.658493028692,,,,0.09752106666564941,1.6055419445037842,73.2115089893341,74.81705093383789,74.81705093383789,74.91457200050354,acopf_acdc_paper_study/cases/pglib_opf_case4020_goc/logs/oracle_ac_dual_only_constraint__none.log,1,300,85.44937847453447,0.001776255255534491,1.1214666528758244e-07,0.09187633880222398,85.44937847453447,69.392,,,69.392,True,100.0,4020,6988,352,352,2606,1,88,3931,41730.083,15203.380000000001,44387.295000000006,21469.288,22126.607,-14795.214999999998,6988,0,0,2,1,,,,,,,,,,,,,,,,,,,,,,,,,,,,0,,,,,,0,,,,,,0,,,,,,0,,,,,,1,1,0,,,,,,,,,,,,,,,,,,,,,,,,,,,,,
2026-03-22T16:45:46Z,test_cases/pglib_opf_case4020_goc.mat,pglib_opf_case4020_goc,oracle_ac_dual_only_bounds__none,oracle_ac_dual_only_bounds,all_bounds_only,ac_true,1,0,,0,,,optimal,ok,1,9276.25549967282,812971.0319913271,87.64000000002527,0,0.09752106666564941,0.9990699291229248,8.302353143692017,9.301423072814941,9.301423072814941,9.39894413948059,acopf_acdc_paper_study/cases/pglib_opf_case4020_goc/logs/oracle_ac_dual_only_bounds__none.log,0,25,1.204023034330584e-09,2.539337260114163e-13,1.2866364684782639e-07,9.093351659184801e-08,9.093351659184801e-08,4.627,,,4.627,False,100.0,4020,6988,352,352,2606,1,88,3931,41730.083,15203.380000000001,44387.295000000006,21469.288,22126.607,-14795.214999999998,6988,0,0,2,1,822247.2874909972,42379.71658205053,2609.467710457514,1.0122708487254157,1.1000000107720955,1.0690162569811927,0.0169544282907746,-0.5459448160117932,2.4179441251834432e-33,-0.3240512607262709,0.097100945236537,1379.1491354332131,1378.9375417564847,43.61781926733062,43.64496422586538,0.8401151300680941,0.8390937715323569,0.19047884339162752,0.19026372133639996,0.0,0.0,41,336,29,36,0,13,0,,,,,,0,,,,,,0,,,,,,0,,,,,,0,0,1,3.154421238232769e-11,3.154421168716226e-11,8.964161878066701e-14,0.0,3.154421168716226e-11,0.000567427492404445,0.0004630160289369467,2.6564322261040054e-06,4.2120133769696366e-11,0.0004630160289369467,1.4290757374616315e-09,2.8498781112773486e-10,1.1566309325452374e-11,3.5436098499985746e-12,2.8498781112773486e-10,5.09635398261328e-10,3.3650790487449456e-11,7.564487391575395e-12,6.845496391960637e-12,3.3650790487449456e-11,,,,,,,,,
2026-03-22T16:45:57Z,test_cases/pglib_opf_case4020_goc.mat,pglib_opf_case4020_goc,oracle_ac_dual_only_full__none,oracle_ac_dual_only_full,full_all_bounds,ac_true,1,0,,0,,,optimal,ok,1,9276.255499672856,812971.0319913302,87.64000000002561,0,0.09752106666564941,1.8473107814788818,9.278929948806763,11.126240730285645,11.126240730285645,11.223761796951294,acopf_acdc_paper_study/cases/pglib_opf_case4020_goc/logs/oracle_ac_dual_only_full__none.log,0,19,8.141460465268333e-10,2.612042223474624e-13,1.2866364684782639e-07,9.093351684972763e-08,9.093351684972763e-08,4.135,,,4.135,False,100.0,4020,6988,352,352,2606,1,88,3931,41730.083,15203.380000000001,44387.295000000006,21469.288,22126.607,-14795.214999999998,6988,0,0,2,1,822247.2874910004,42379.716582050576,2609.46771045578,1.012270848725404,1.1000000107720955,1.0690162569811883,0.01695442829077233,-0.5459448160118194,-1.5256724625400315e-31,-0.32405126072629575,0.09710094523653573,1379.149135433265,1378.9375417565404,43.61781926733052,43.64496422586537,0.8401151300680985,0.8390937715323549,0.19047884339162693,0.19026372133639954,0.0,0.0,41,336,29,36,0,13,0,,,,,,0,,,,,,0,,,,,,0,,,,,,1,1,1,3.195288546880114e-11,3.195288478252678e-11,9.080262189249803e-14,0.0,3.195288478252678e-11,0.0005674275742762695,0.0004630161027808777,2.6564324296142114e-06,4.2290886070883715e-11,0.0004630161027808777,1.428865015170962e-09,2.8498869930615456e-10,1.1560616919259746e-11,3.5427216715788745e-12,2.8498869930615456e-10,5.081358885368676e-10,3.36240549292377e-11,7.539957390134577e-12,6.822042930565431e-12,3.36240549292377e-11,,,,,,,,,
2026-03-22T16:46:12Z,test_cases/pglib_opf_case4020_goc.mat,pglib_opf_case4020_goc,dc_seed__Pg,dc_seed,none,dcopf,0,1,Pg,1,,,optimal,ok,1,9276.255499670227,812971.0319910973,87.6400000000005,0,0.09752106666564941,0.6144709587097168,12.259091854095459,12.873562812805176,14.96051573753357,15.058036804199219,acopf_acdc_paper_study/cases/pglib_opf_case4020_goc/logs/dc_seed__Pg.log,0,40,2.5685575756798467e-07,7.79870180660976e-12,1.2866364684782639e-07,9.127462566335065e-08,2.5685575756798467e-07,7.621,,,7.621,False,100.0,4020,6988,352,352,2606,1,88,3931,41730.083,15203.380000000001,44387.295000000006,21469.288,22126.607,-14795.214999999998,6988,0,0,2,1,822247.2874907674,42379.71658204746,2609.467710040711,1.012270848647544,1.1000000107720955,1.069016256985095,0.016954428292528814,-0.5459448160180805,-1.6510965604724852e-28,-0.3240512607338224,0.09710094523518073,1379.1491354517336,1378.937541776287,43.61781928655767,43.64496424497149,0.840115130067771,0.8390937715320038,0.19047884342597707,0.19026372137074102,0.0,0.0,41,336,29,36,0,13,1,1.778725891127339,0.9099999624808344,0.018455501449415275,1.2449737629705027e-09,0.9099999624808344,0,,,,,,0,,,,,,0,,,,,,0,0,0,8.288925101851419e-13,8.288925101851419e-13,2.354808267571426e-15,0.0,8.288925101851419e-13,4.227666447145981e-09,2.5856921048728054e-09,2.6619717480748405e-11,1.5243015183408204e-13,2.5856921048728054e-09,2.0927092175172493e-12,3.070876886113183e-13,2.332225070888817e-14,2.020605904817785e-14,3.070876886113183e-13,4.4630046555958075e-12,9.847678228425139e-14,7.017383323127785e-14,6.980527267330672e-14,9.847678228425139e-14,native_only,ipopt,nlp,optimal,ok,1.1731231212615967,0.9138298034667969,2.0869529247283936,793634.1031331487
2026-03-22T16:46:29Z,test_cases/pglib_opf_case4020_goc.mat,pglib_opf_case4020_goc,dc_seed__Va,dc_seed,none,dcopf,0,1,Va,1,,,optimal,ok,1,9276.255499670211,812971.0319910957,87.64000000000033,0,0.09752106666564941,1.6891052722930908,15.678092002868652,17.367197275161743,19.454150199890137,19.551671266555786,acopf_acdc_paper_study/cases/pglib_opf_case4020_goc/logs/dc_seed__Va.log,0,55,2.5664207531626607e-07,7.811187147724624e-12,1.2866364684782639e-07,9.128525039017913e-08,2.5664207531626607e-07,12.038,,,12.038,False,100.0,4020,6988,352,352,2606,1,88,3931,41730.083,15203.380000000001,44387.295000000006,21469.288,22126.607,-14795.214999999998,6988,0,0,2,1,822247.2874907659,42379.71658204745,2609.46771004779,1.0122708486469894,1.1000000107720955,1.0690162569849797,0.01695442829249654,-0.5459448160181122,-2.203202511651594e-27,-0.32405126073380486,0.09710094523522804,1379.1491354513953,1378.9375417759184,43.617819286674234,43.64496424509028,0.8401151300677739,0.8390937715320075,0.19047884342608834,0.19026372137085215,0.0,0.0,41,336,29,36,0,13,0,,,,,,0,,,,,,0,,,,,,1,1.7199382417244151,0.06518828662996617,0.024808017920374542,0.024830985761373187,0.06518828662996617,0,0,0,6.319389559881795e-13,6.319389456166391e-13,1.7956852072206512e-15,0.0,6.319389456166391e-13,0.0007748609136111004,0.0007132262847002746,4.3882469263760885e-06,2.431220155751923e-12,0.0007132262847002746,3.708773709369949e-11,4.658495811327157e-12,2.2581013896770646e-13,5.81756864903582e-14,4.658495811327157e-12,6.084044370581452e-12,9.244410792419444e-13,8.12621839636286e-14,8.237854842718662e-14,9.244410792419444e-13,native_only,ipopt,nlp,optimal,ok,1.1731231212615967,0.9138298034667969,2.0869529247283936,793634.1031331487
2026-03-22T16:46:43Z,test_cases/pglib_opf_case4020_goc.mat,pglib_opf_case4020_goc,dc_seed__Pg_Va,dc_seed,none,dcopf,0,1,Pg+Va,2,,,optimal,ok,1,9276.255499670237,812971.031991098,87.64000000000057,0,0.09752106666564941,1.6848711967468262,12.020715951919556,13.705587148666382,15.792540073394775,15.890061140060425,acopf_acdc_paper_study/cases/pglib_opf_case4020_goc/logs/dc_seed__Pg_Va.log,0,38,2.5664456032005317e-07,7.814117113551608e-12,1.2866364684782639e-07,9.128525039221843e-08,2.5664456032005317e-07,6.845,,,6.845,False,100.0,4020,6988,352,352,2606,1,88,3931,41730.083,15203.380000000001,44387.295000000006,21469.288,22126.607,-14795.214999999998,6988,0,0,2,1,822247.2874907681,42379.71658204748,2609.4677100461977,1.012270848646962,1.1000000107720955,1.0690162569849764,0.01695442829249634,-0.5459448160181058,-1.9486032687507845e-27,-0.3240512607338004,0.09710094523522682,1379.1491354514253,1378.937541775953,43.617819286674845,43.644964245090826,0.8401151300677743,0.8390937715320049,0.1904788434260888,0.1902637213708527,0.0,0.0,41,336,29,36,0,13,1,1.778725891127339,0.9099999624808344,0.018455501449415275,1.2449737629705027e-09,0.9099999624808344,0,,,,,,0,,,,,,1,1.7199382417244151,0.06518828662996617,0.024808017920374542,0.024830985761373187,0.06518828662996617,0,0,0,9.153788909635153e-13,9.153788838034416e-13,2.6009123043422492e-15,0.0,9.153788838034416e-13,0.0007748611101939594,0.0007132264665274946,4.388248140740471e-06,2.3365025192401134e-12,0.0007132264665274946,3.6969512352365395e-11,4.631184324921378e-12,2.2536549740809292e-13,5.5067062021407764e-14,4.631184324921378e-12,5.901061498617884e-12,9.228104391745262e-13,7.788547135868678e-14,7.627232179174825e-14,9.228104391745262e-13,native_only,ipopt,nlp,optimal,ok,1.1731231212615967,0.9138298034667969,2.0869529247283936,793634.1031331487
