timestamp_utc,case_file,case_name,run_name,family,dual_mode,seed_source,is_oracle,is_practical,blocks,num_blocks,seed_vm_policy,seed_qg_policy,termination,status,success,objective,objective_gap_vs_baseline_abs,objective_gap_vs_baseline_rel,objective_matches_baseline,shared_case_prep_time,build_time,solve_time,total_time,end_to_end_time,full_pipeline_time_including_shared_case_prep,log_path,hit_max_iter,iterations,dual_inf,constr_viol,var_bound_viol,compl_inf,overall_nlp_error,ipopt_reported_total_sec,ipopt_cpu_sec_no_func_eval,ipopt_cpu_sec_func_eval,ipopt_cpu_total_est,restoration_used,baseMVA,nb,nl,ng_total,ng_active,n_load_buses,n_ref_buses,n_pv_buses,n_pq_buses,total_pd_mw,total_qd_mvar,sum_pmax_mw,sum_pmin_mw,sum_qmax_mvar,sum_qmin_mvar,n_branch_with_limits,n_branch_out_of_service,gencost_any_pwl,gencost_max_poly_degree,gencost_any_quadratic,objective_value,total_pg_mw,total_qg_mvar,vm_min,vm_max,vm_mean,vm_std,va_min_rad,va_max_rad,va_mean_rad,va_std_rad,max_line_mva_from,max_line_mva_to,mean_line_mva_from,mean_line_mva_to,max_thermal_util_from,max_thermal_util_to,mean_thermal_util_from,mean_thermal_util_to,max_flow_limit_violation_sq_from,max_flow_limit_violation_sq_to,n_pg_at_lb,n_pg_at_ub,n_qg_at_lb,n_qg_at_ub,n_vm_at_lb,n_vm_at_ub,init_has_Pg,init_Pg_l2,init_Pg_linf,init_Pg_mean_abs,init_Pg_median_abs,init_Pg_max_abs,init_has_Qg,init_Qg_l2,init_Qg_linf,init_Qg_mean_abs,init_Qg_median_abs,init_Qg_max_abs,init_has_Vm,init_Vm_l2,init_Vm_linf,init_Vm_mean_abs,init_Vm_median_abs,init_Vm_max_abs,init_has_Va,init_Va_l2,init_Va_linf,init_Va_mean_abs,init_Va_median_abs,init_Va_max_abs,init_has_duals,init_has_constraint_duals,init_has_bound_mults,dist_to_baseline_Pg_l2,dist_to_baseline_Pg_linf,dist_to_baseline_Pg_mean_abs,dist_to_baseline_Pg_median_abs,dist_to_baseline_Pg_max_abs,dist_to_baseline_Qg_l2,dist_to_baseline_Qg_linf,dist_to_baseline_Qg_mean_abs,dist_to_baseline_Qg_median_abs,dist_to_baseline_Qg_max_abs,dist_to_baseline_Vm_l2,dist_to_baseline_Vm_linf,dist_to_baseline_Vm_mean_abs,dist_to_baseline_Vm_median_abs,dist_to_baseline_Vm_max_abs,dist_to_baseline_Va_l2,dist_to_baseline_Va_linf,dist_to_baseline_Va_mean_abs,dist_to_baseline_Va_median_abs,dist_to_baseline_Va_max_abs,dc_seed_mode,dc_solver,dc_solver_problem_type,dc_termination,dc_status,dc_build_time,dc_solve_time,dc_total_time,dc_objective
2026-03-22T16:01:40Z,test_cases/pglib_opf_case39_epri.mat,pglib_opf_case39_epri,baseline_default,baseline,none,case_default,0,1,,0,,,optimal,ok,1,3972.3627699062235,,,,0.002167940139770508,0.002155780792236328,0.06072402000427246,0.06287980079650879,0.06287980079650879,0.0650477409362793,acopf_acdc_paper_study/cases/pglib_opf_case39_epri/logs/baseline_default.log,0,26,5.051494500691103e-09,1.3724310576890275e-10,1.0382610504677814e-07,9.664980828490934e-08,9.664980828490934e-08,0.02,,,0.02,False,100.0,39,46,10,10,21,1,9,29,6254.23,1387.1,7367.0,0.0,2807.0,-160.0,46,0,0,2,1,138415.56258387348,6292.548735830833,1259.733141881142,0.9970877857432857,1.0600000087760357,1.044028641232602,0.01501558209718745,-0.20670867020623432,0.08316925628151517,-0.12662086028915598,0.08092037242337849,889.0662116352695,900.0000043665219,292.47874506359875,298.1988935359036,1.0000000040587065,1.000000004851691,0.3893794880905418,0.3949053139040729,2.0293532188020436e-07,7.859739383775377e-07,0,7,2,2,0,5,,,,,,,,,,,,,,,,,,,,,,,,,,,,,,,,,,,,,,,,,,,,,,,,,,,,,,,,
2026-03-22T16:01:40Z,test_cases/pglib_opf_case39_epri.mat,pglib_opf_case39_epri,oracle_ac_primal_only__Pg,oracle_ac_primal_only,none,ac_true,1,0,Pg,1,,,optimal,ok,1,3972.3627699062185,134443.19981396708,33.84464299999995,0,0.002167940139770508,0.003001689910888672,0.05460786819458008,0.05760955810546875,0.05760955810546875,0.05977749824523926,acopf_acdc_paper_study/cases/pglib_opf_case39_epri/logs/oracle_ac_primal_only__Pg.log,0,23,5.0510350041010205e-09,1.3715784064061154e-10,1.0382610504677814e-07,9.664983383695905e-08,9.664983383695905e-08,0.015,,,0.015,False,100.0,39,46,10,10,21,1,9,29,6254.23,1387.1,7367.0,0.0,2807.0,-160.0,46,0,0,2,1,138415.5625838733,6292.548735830787,1259.7331418800945,0.9970877857432953,1.0600000087760357,1.0440286412327233,0.015015582097512241,-0.20670867020652503,0.08316925627845288,-0.12662086028958028,0.08092037242316763,889.0662116352697,900.0000043665217,292.47874506400325,298.19889353595454,1.0000000040587056,1.0000000048516908,0.38937948809121614,0.3949053139040994,2.029352792476402e-07,7.859739099558283e-07,0,7,2,2,0,5,1,0.0,0.0,0.0,0.0,0.0,0,,,,,,0,,,,,,0,,,,,,0,0,0,5.6953375385183805e-12,4.24776880336708e-12,8.042511101535865e-13,0.0,4.24776880336708e-12,1.0242397244088614e-10,7.3446748682926e-11,1.576604805148605e-11,2.3049340214242875e-12,7.3446748682926e-11,1.0537203657136602e-11,5.9818816566803434e-12,9.433365769440664e-13,4.383160501220118e-13,5.9818816566803434e-12,4.1928626017419675e-12,3.062286535460146e-12,4.243530384634288e-13,2.9895530495593903e-13,3.062286535460146e-12,,,,,,,,,
2026-03-22T16:01:40Z,test_cases/pglib_opf_case39_epri.mat,pglib_opf_case39_epri,oracle_ac_primal_only__Qg,oracle_ac_primal_only,none,ac_true,1,0,Qg,1,,,optimal,ok,1,3972.3627699029275,134443.19981385244,33.844642999971086,0,0.002167940139770508,0.0026721954345703125,0.061676025390625,0.06434822082519531,0.06434822082519531,0.06651616096496582,acopf_acdc_paper_study/cases/pglib_opf_case39_epri/logs/oracle_ac_primal_only__Qg.log,0,32,8.2548067302171e-09,2.1439205966089503e-10,1.0382609261228026e-07,9.997053147136418e-08,9.997053147136418e-08,0.025,,,0.025,False,100.0,39,46,10,10,21,1,9,29,6254.23,1387.1,7367.0,0.0,2807.0,-160.0,46,0,0,2,1,138415.56258375867,6292.548735808788,1259.733141354032,0.997087785790445,1.0600000087765686,1.0440286413007624,0.015015582248580472,-0.2067086703447116,0.08316925481803424,-0.12662086049288668,0.08092037232092737,889.0662116352719,900.0000043665219,292.47874526072695,298.1988935659958,1.0000000040586345,1.000000004851691,0.3893794884184086,0.3949053139250388,2.029317265339614e-07,7.859739383775377e-07,0,7,2,2,0,5,0,,,,,,1,0.0,0.0,0.0,0.0,0.0,0,,,,,,0,,,,,,0,0,0,2.6532197903476104e-09,1.983031294727766e-09,3.745916243858005e-10,9.769962616701378e-15,1.983031294727766e-09,4.9378249675587136e-08,3.498130185519699e-08,7.497063755730408e-09,9.048746196782531e-10,3.498130185519699e-08,5.054225313721192e-09,2.852865277347405e-09,4.602070035594407e-10,2.2373991548363392e-10,2.852865277347405e-09,2.0054713592652787e-09,1.4634809336611099e-09,2.0373069346219105e-10,1.4342543819267917e-10,1.4634809336611099e-09,,,,,,,,,
2026-03-22T16:01:40Z,test_cases/pglib_opf_case39_epri.mat,pglib_opf_case39_epri,oracle_ac_primal_only__Vm,oracle_ac_primal_only,none,ac_true,1,0,Vm,1,,,optimal,ok,1,3972.3627699062317,134443.19981396754,33.84464300000007,0,0.002167940139770508,0.003155946731567383,0.06302213668823242,0.0661780834197998,0.0661780834197998,0.06834602355957031,acopf_acdc_paper_study/cases/pglib_opf_case39_epri/logs/oracle_ac_primal_only__Vm.log,0,27,5.0486659125244596e-09,1.3638512541547243e-10,1.0382610682313498e-07,9.664687521426278e-08,9.664687521426278e-08,0.019,,,0.019,False,100.0,39,46,10,10,21,1,9,29,6254.23,1387.1,7367.0,0.0,2807.0,-160.0,46,0,0,2,1,138415.56258387378,6292.548735830832,1259.7331418810334,0.9970877857431377,1.060000008776032,1.0440286412326087,0.015015582097271739,-0.20670867020629655,0.08316925628085618,-0.12662086028924405,0.08092037242333625,889.066211635269,900.0000043665219,292.47874506368817,298.198893535911,1.0000000040587047,1.000000004851691,0.38937948809068884,0.3949053139040714,2.0293524372050342e-07,7.859739383775377e-07,0,7,2,2,0,5,0,,,,,,0,,,,,,1,0.0,0.0,0.0,0.0,0.0,0,,,,,,0,0,0,1.3226178560229735e-12,9.37860900052101e-13,1.8757773112554332e-13,0.0,9.37860900052101e-13,2.560229315921875e-11,1.7301049481943664e-11,5.249604960146061e-12,1.9137469386976136e-12,1.7301049481943664e-11,2.3390774179080805e-12,1.3302692281058626e-12,2.2235489802678552e-13,1.247890679678676e-13,1.3302692281058626e-12,8.989511953518114e-13,6.589867540540695e-13,8.842268085820283e-14,5.69266855876549e-14,6.589867540540695e-13,,,,,,,,,
2026-03-22T16:01:40Z,test_cases/pglib_opf_case39_epri.mat,pglib_opf_case39_epri,oracle_ac_primal_only__Va,oracle_ac_primal_only,none,ac_true,1,0,Va,1,,,optimal,ok,1,3972.3627699028525,134443.19981384982,33.84464299997043,0,0.002167940139770508,0.003020048141479492,0.062046051025390625,0.06506609916687012,0.06506609916687012,0.06723403930664062,acopf_acdc_paper_study/cases/pglib_opf_case39_epri/logs/oracle_ac_primal_only__Va.log,0,30,8.341453039105722e-09,2.1655566229128453e-10,1.0382609261228026e-07,1.0006459534232973e-07,1.0006459534232973e-07,0.025,,,0.025,False,100.0,39,46,10,10,21,1,9,29,6254.23,1387.1,7367.0,0.0,2807.0,-160.0,46,0,0,2,1,138415.56258375605,6292.54873580827,1259.7331413417485,0.9970877857908518,1.06000000877658,1.0440286413022248,0.015015582252202819,-0.206708670347962,0.0831692547837748,-0.12662086049764645,0.08092037231854654,889.0662116352722,900.0000043665223,292.47874526528454,298.19889356662384,1.000000004058633,1.0000000048516915,0.3893794884259993,0.3949053139254224,2.0293165547968783e-07,7.859740094318113e-07,0,7,2,2,0,5,0,,,,,,0,,,,,,0,,,,,,1,0.0,0.0,0.0,0.0,0.0,0,0,0,2.71592691921369e-09,2.0298876468594074e-09,3.8344512565124943e-10,9.769962616701378e-15,2.0298876468594074e-09,5.052566476477096e-08,3.5786495600209633e-08,7.67248758047737e-09,9.347398410852747e-10,3.5786495600209633e-08,5.172149176328429e-09,2.919634090048362e-09,4.708301868041951e-10,2.2877078009742036e-10,2.919634090048362e-09,2.0523980465888638e-09,1.4977403761662345e-09,2.0849052906121926e-10,1.4678025461734023e-10,1.4977403761662345e-09,,,,,,,,,
2026-03-22T16:01:40Z,test_cases/pglib_opf_case39_epri.mat,pglib_opf_case39_epri,oracle_ac_primal_only__Pg_Qg,oracle_ac_primal_only,none,ac_true,1,0,Pg+Qg,2,,,optimal,ok,1,3972.3627699062167,134443.19981396702,33.844642999999934,0,0.002167940139770508,0.002498149871826172,0.056462764739990234,0.058960914611816406,0.058960914611816406,0.061128854751586914,acopf_acdc_paper_study/cases/pglib_opf_case39_epri/logs/oracle_ac_primal_only__Pg_Qg.log,0,23,5.051235408030583e-09,1.3716494606796914e-10,1.0382610504677814e-07,9.665015177817506e-08,9.665015177817506e-08,0.019,,,0.019,False,100.0,39,46,10,10,21,1,9,29,6254.23,1387.1,7367.0,0.0,2807.0,-160.0,46,0,0,2,1,138415.56258387325,6292.54873583077,1259.7331418796743,0.9970877857433127,1.0600000087760357,1.044028641232775,0.01501558209763836,-0.20670867020663827,0.08316925627725621,-0.12662086028974617,0.08092037242308447,889.0662116352695,900.000004366522,292.4787450641624,298.19889353597614,1.0000000040587056,1.000000004851691,0.38937948809148104,0.394905313904112,2.029352792476402e-07,7.859739810101019e-07,0,7,2,2,0,5,1,0.0,0.0,0.0,0.0,0.0,1,0.0,0.0,0.0,0.0,0.0,0,,,,,,0,,,,,,0,0,0,7.864163490445117e-12,5.864253527221308e-12,1.1106726649501296e-12,0.0,5.864253527221308e-12,1.4256146394260386e-10,1.0199929789678208e-10,2.1906878694532203e-11,3.299749362639659e-12,1.0199929789678208e-10,1.4661612782802496e-11,8.318679078911373e-12,1.313954643095281e-12,6.084022174945858e-13,8.318679078911373e-12,5.830704301166851e-12,4.258954300340179e-12,5.902265855549051e-13,4.15861789448968e-13,4.258954300340179e-12,,,,,,,,,
2026-03-22T16:01:40Z,test_cases/pglib_opf_case39_epri.mat,pglib_opf_case39_epri,oracle_ac_primal_only__Pg_Vm,oracle_ac_primal_only,none,ac_true,1,0,Pg+Vm,2,,,optimal,ok,1,3972.3627699063672,134443.19981397226,33.844643000001255,0,0.002167940139770508,0.002485990524291992,0.05718684196472168,0.05967283248901367,0.05967283248901367,0.06184077262878418,acopf_acdc_paper_study/cases/pglib_opf_case39_epri/logs/oracle_ac_primal_only__Pg_Vm.log,0,27,5.023290619945477e-09,1.254534254258033e-10,1.0382610682313498e-07,9.661267758232532e-08,9.661267758232532e-08,0.019,,,0.019,False,100.0,39,46,10,10,21,1,9,29,6254.23,1387.1,7367.0,0.0,2807.0,-160.0,46,0,0,2,1,138415.5625838785,6292.548735830904,1259.7331418810566,0.9970877857430023,1.0600000087759818,1.0440286412326998,0.015015582097771107,-0.2067086702067727,0.0831692562759217,-0.1266208602899188,0.08092037242302562,889.0662116352687,900.0000043665216,292.47874506437694,298.1988935359832,1.0000000040587174,1.0000000048516906,0.3893794880918205,0.39490531390407924,2.0293587255082457e-07,7.859738815341188e-07,0,7,2,2,0,5,1,0.0,0.0,0.0,0.0,0.0,0,,,,,,1,0.0,0.0,0.0,0.0,0.0,0,,,,,,0,0,0,1.1223458721833343e-11,8.288481012641569e-12,1.5863088620449162e-12,8.881784197001252e-16,8.288481012641569e-12,2.001592657141482e-10,1.5277534792801362e-10,3.418946766275504e-11,5.201339359217627e-12,1.5277534792801362e-10,2.0012978555762117e-11,1.1479928119229044e-11,1.838207648774688e-12,9.463541061904834e-13,1.1479928119229044e-11,7.67254288894603e-12,5.5934701315152324e-12,7.628609282734216e-13,4.932720898409571e-13,5.5934701315152324e-12,,,,,,,,,
2026-03-22T16:01:40Z,test_cases/pglib_opf_case39_epri.mat,pglib_opf_case39_epri,oracle_ac_primal_only__Pg_Va,oracle_ac_primal_only,none,ac_true,1,0,Pg+Va,2,,,optimal,ok,1,3972.3627699027975,134443.19981384787,33.84464299996994,0,0.002167940139770508,0.002552032470703125,0.06893682479858398,0.07148885726928711,0.07148885726928711,0.07365679740905762,acopf_acdc_paper_study/cases/pglib_opf_case39_epri/logs/oracle_ac_primal_only__Pg_Va.log,0,29,8.401404698600806e-09,2.1808865824368695e-10,1.0382609083592342e-07,1.0013073397582229e-07,1.0013073397582229e-07,0.028,,,0.028,False,100.0,39,46,10,10,21,1,9,29,6254.23,1387.1,7367.0,0.0,2807.0,-160.0,46,0,0,2,1,138415.5625837541,6292.548735807905,1259.733141333126,0.9970877857912054,1.0600000087765877,1.0440286413032476,0.015015582254717151,-0.20670867035022353,0.08316925475991656,-0.12662086050095986,0.08092037231688821,889.0662116352719,900.0000043665217,292.47874526845635,298.19889356706,1.0000000040586319,1.0000000048516908,0.38937948843128306,0.39490531392568756,2.0293159153084162e-07,7.859739099558283e-07,0,7,2,2,0,5,1,0.0,0.0,0.0,0.0,0.0,0,,,,,,0,,,,,,1,0.0,0.0,0.0,0.0,0.0,0,0,0,2.759573821458018e-09,2.0625158247966624e-09,3.896065581265873e-10,9.769962616701378e-15,2.0625158247966624e-09,5.132515642679584e-08,3.6347692605742665e-08,7.794720779538867e-09,9.529914635209025e-10,3.6347692605742665e-08,5.2542774053651466e-09,2.966135115300972e-09,4.782305150176678e-10,2.3227464396313735e-10,2.966135115300972e-09,2.0850726946473744e-09,1.5215986109984314e-09,2.118039051660437e-10,1.4911452628219024e-10,1.5215986109984314e-09,,,,,,,,,
2026-03-22T16:01:40Z,test_cases/pglib_opf_case39_epri.mat,pglib_opf_case39_epri,oracle_ac_primal_only__Qg_Vm,oracle_ac_primal_only,none,ac_true,1,0,Qg+Vm,2,,,optimal,ok,1,3972.3627699062336,134443.1998139676,33.84464300000008,0,0.002167940139770508,0.002511262893676758,0.06217813491821289,0.06468939781188965,0.06468939781188965,0.06685733795166016,acopf_acdc_paper_study/cases/pglib_opf_case39_epri/logs/oracle_ac_primal_only__Qg_Vm.log,0,27,5.049672860630086e-09,1.3712053714698413e-10,1.0382610504677814e-07,9.664738446205872e-08,9.664738446205872e-08,0.022,,,0.022,False,100.0,39,46,10,10,21,1,9,29,6254.23,1387.1,7367.0,0.0,2807.0,-160.0,46,0,0,2,1,138415.56258387383,6292.548735830943,1259.7331418839221,0.9970877857430318,1.0600000087760342,1.0440286412322575,0.015015582096379107,-0.20670867020549058,0.08316925628935343,-0.12662086028806543,0.08092037242392329,889.0662116352692,900.0000043665216,292.4787450625546,298.1988935357575,1.000000004058705,1.0000000048516906,0.38937948808880246,0.3949053139039821,2.0293525082593078e-07,7.859738815341188e-07,0,7,2,2,0,5,0,,,,,,1,0.0,0.0,0.0,0.0,0.0,1,0.0,0.0,0.0,0.0,0.0,0,,,,,,0,0,0,1.4345971447442429e-11,1.0684175766328963e-11,2.0263180022794814e-12,0.0,1.0684175766328963e-11,2.637060866855531e-10,1.8693219194787503e-10,4.092800362585395e-11,5.541789249718931e-12,1.8693219194787503e-10,2.702414656884514e-11,1.5292656030396756e-11,2.4469002322910992e-12,1.155964213239713e-12,1.5292656030396756e-11,1.0741241087122684e-11,7.838257820580452e-12,1.0905478799208058e-12,7.678024882551426e-13,7.838257820580452e-12,,,,,,,,,
2026-03-22T16:01:40Z,test_cases/pglib_opf_case39_epri.mat,pglib_opf_case39_epri,oracle_ac_primal_only__Qg_Va,oracle_ac_primal_only,none,ac_true,1,0,Qg+Va,2,,,optimal,ok,1,3972.3627699028652,134443.19981385022,33.84464299997053,0,0.002167940139770508,0.00251007080078125,0.05862116813659668,0.06113123893737793,0.06113123893737793,0.06329917907714844,acopf_acdc_paper_study/cases/pglib_opf_case39_epri/logs/oracle_ac_primal_only__Qg_Va.log,0,26,8.322762043170488e-09,2.1607959865832527e-10,1.0382609261228026e-07,1.0004454945191046e-07,1.0004454945191046e-07,0.022,,,0.022,False,100.0,39,46,10,10,21,1,9,29,6254.23,1387.1,7367.0,0.0,2807.0,-160.0,46,0,0,2,1,138415.56258375646,6292.548735808371,1259.7331413442116,0.9970877857907317,1.0600000087765775,1.0440286413019275,0.015015582251478764,-0.20670867034730625,0.08316925479067895,-0.12662086049668622,0.08092037231902625,889.0662116352722,900.0000043665223,292.47874526436533,298.1988935664962,1.000000004058635,1.0000000048516915,0.38937948842446823,0.3949053139253433,2.029317442975298e-07,7.859740094318113e-07,0,7,2,2,0,5,0,,,,,,1,0.0,0.0,0.0,0.0,0.0,0,,,,,,1,0.0,0.0,0.0,0.0,0.0,0,0,0,2.7032762752688335e-09,2.020449196837859e-09,3.8165857696448314e-10,9.769962616701378e-15,2.020449196837859e-09,5.0294432379391496e-08,3.5624138833290075e-08,7.637178081577132e-09,9.294923719593839e-10,3.5624138833290075e-08,5.148382567440571e-09,2.9061821837927937e-09,4.686850537301742e-10,2.2775381580686371e-10,2.9061821837927937e-09,2.0429381709660976e-09,1.4908362183652102e-09,2.0753024654887953e-10,1.4610335163922628e-10,1.4908362183652102e-09,,,,,,,,,
2026-03-22T16:01:40Z,test_cases/pglib_opf_case39_epri.mat,pglib_opf_case39_epri,oracle_ac_primal_only__Vm_Va,oracle_ac_primal_only,none,ac_true,1,0,Vm+Va,2,,,optimal,ok,1,3972.3627699062604,134443.19981396853,33.84464300000032,0,0.002167940139770508,0.0025649070739746094,0.0629110336303711,0.0654759407043457,0.0654759407043457,0.06764388084411621,acopf_acdc_paper_study/cases/pglib_opf_case39_epri/logs/oracle_ac_primal_only__Vm_Va.log,0,29,5.0436985889884545e-09,1.347757461189758e-10,1.0382610682313498e-07,9.664017829544789e-08,9.664017829544789e-08,0.026,,,0.026,False,100.0,39,46,10,10,21,1,9,29,6254.23,1387.1,7367.0,0.0,2807.0,-160.0,46,0,0,2,1,138415.56258387477,6292.548735830912,1259.7331418827716,0.9970877857429221,1.060000008776024,1.0440286412323967,0.015015582096855289,-0.20670867020590777,0.08316925628496645,-0.12662086028866928,0.08092037242362765,889.0662116352692,900.0000043665219,292.47874506313656,298.19889353582204,1.000000004058706,1.000000004851691,0.3893794880897696,0.3949053139040033,2.0293530411663596e-07,7.859739383775377e-07,0,7,2,2,0,5,0,,,,,,0,,,,,,1,0.0,0.0,0.0,0.0,0.0,1,0.0,0.0,0.0,0.0,0.0,0,0,0,6.00376539441889e-12,4.625799743251946e-12,8.458289624257987e-13,0.0,4.625799743251946e-12,1.165129740520522e-10,8.524286831956829e-11,1.9289558986736204e-11,4.843903056439558e-12,8.524286831956829e-11,1.1847518526492031e-11,6.6133765130871325e-12,1.1250800860752046e-12,5.10702591327572e-13,6.6133765130871325e-12,4.7418612273123515e-12,3.451280927713185e-12,4.866690206099633e-13,3.4225400291632013e-13,3.451280927713185e-12,,,,,,,,,
2026-03-22T16:01:41Z,test_cases/pglib_opf_case39_epri.mat,pglib_opf_case39_epri,oracle_ac_primal_only__Pg_Qg_Vm,oracle_ac_primal_only,none,ac_true,1,0,Pg+Qg+Vm,3,,,optimal,ok,1,3972.3627699027265,134443.19981384542,33.844642999969324,0,0.002167940139770508,0.002582073211669922,0.05852389335632324,0.061105966567993164,0.061105966567993164,0.06327390670776367,acopf_acdc_paper_study/cases/pglib_opf_case39_epri/logs/oracle_ac_primal_only__Pg_Qg_Vm.log,0,27,8.494813235501134e-09,2.21364260255541e-10,1.0382609083592342e-07,1.0023635358701725e-07,1.0023635358701725e-07,0.022,,,0.022,False,100.0,39,46,10,10,21,1,9,29,6254.23,1387.1,7367.0,0.0,2807.0,-160.0,46,0,0,2,1,138415.56258375166,6292.5487358075725,1259.7331413255893,0.9970877857914991,1.0600000087766008,1.0440286413041102,0.01501558225684196,-0.20670867035214216,0.08316925473969458,-0.12662086050376894,0.08092037231548367,889.0662116352717,900.0000043665219,292.47874527112896,298.1988935674172,1.0000000040586303,1.000000004851691,0.3893794884357401,0.39490531392589895,2.0293151337114068e-07,7.859739383775377e-07,0,7,2,2,0,5,1,0.0,0.0,0.0,0.0,0.0,1,0.0,0.0,0.0,0.0,0.0,1,0.0,0.0,0.0,0.0,0.0,0,,,,,,0,0,0,2.7965428282974914e-09,2.0902692354773933e-09,3.948242122131518e-10,9.769962616701378e-15,2.0902692354773933e-09,5.1999695839240715e-08,3.6821780013962524e-08,7.897766220191124e-09,9.688108093541814e-10,3.6821780013962524e-08,5.3237097025584724e-09,3.005452997584257e-09,4.844890927193418e-10,2.352353867252077e-10,3.005452997584257e-09,2.1127640402199873e-09,1.5418205878692248e-09,2.1461303620991992e-10,1.5109483109121413e-10,1.5418205878692248e-09,,,,,,,,,
2026-03-22T16:01:41Z,test_cases/pglib_opf_case39_epri.mat,pglib_opf_case39_epri,oracle_ac_primal_only__Pg_Qg_Va,oracle_ac_primal_only,none,ac_true,1,0,Pg+Qg+Va,3,,,optimal,ok,1,3972.3627699062536,134443.19981396827,33.84464300000025,0,0.002167940139770508,0.002504110336303711,0.05774378776550293,0.06024789810180664,0.06024789810180664,0.06241583824157715,acopf_acdc_paper_study/cases/pglib_opf_case39_epri/logs/oracle_ac_primal_only__Pg_Qg_Va.log,0,24,5.032398336479553e-09,1.361364354579564e-10,1.0382610682313498e-07,9.662922396575308e-08,9.662922396575308e-08,0.021,,,0.021,False,100.0,39,46,10,10,21,1,9,29,6254.23,1387.1,7367.0,0.0,2807.0,-160.0,46,0,0,2,1,138415.5625838745,6292.548735830877,1259.7331418822778,0.9970877857418533,1.0600000087760226,1.0440286412321653,0.015015582097077707,-0.20670867020607292,0.08316925628355432,-0.12662086028885391,0.08092037242357975,889.066211635269,900.0000043665219,292.4787450631852,298.19889353566384,1.0000000040587083,1.000000004851691,0.3893794880898821,0.3949053139037656,2.0293541069804633e-07,7.859739383775377e-07,0,7,2,2,0,5,1,0.0,0.0,0.0,0.0,0.0,1,0.0,0.0,0.0,0.0,0.0,0,,,,,,1,0.0,0.0,0.0,0.0,0.0,0,0,0,2.0712808041269314e-12,1.6709966743633231e-12,2.902011964067697e-13,8.881784197001252e-16,1.6709966743633231e-12,1.0203658358577518e-10,8.408385099301086e-11,2.038468442862215e-11,1.0697054353414615e-11,8.408385099301086e-11,8.913492518268926e-12,3.944844451098106e-12,1.0201355429910856e-12,7.132072710192006e-13,3.944844451098106e-12,2.9312510217085072e-12,2.039146629329025e-12,3.020960440492396e-13,1.7177925748512735e-13,2.039146629329025e-12,,,,,,,,,
2026-03-22T16:01:41Z,test_cases/pglib_opf_case39_epri.mat,pglib_opf_case39_epri,oracle_ac_primal_only__Pg_Vm_Va,oracle_ac_primal_only,none,ac_true,1,0,Pg+Vm+Va,3,,,optimal,ok,1,3972.3627699061485,134443.19981396463,33.84464299999933,0,0.002167940139770508,0.002791881561279297,0.04929018020629883,0.052082061767578125,0.052082061767578125,0.05425000190734863,acopf_acdc_paper_study/cases/pglib_opf_case39_epri/logs/oracle_ac_primal_only__Pg_Vm_Va.log,0,18,5.062268662852504e-09,1.4011369842137356e-10,1.0382610504677814e-07,9.666377111186612e-08,9.666377111186612e-08,0.013,,,0.013,False,100.0,39,46,10,10,21,1,9,29,6254.23,1387.1,7367.0,0.0,2807.0,-160.0,46,0,0,2,1,138415.56258387087,6292.548735830453,1259.7331418724862,0.997087785743536,1.060000008776051,1.0440286412336113,0.015015582099678675,-0.20670867020846667,0.08316925625801257,-0.12662086029242475,0.08092037242174277,889.0662116352694,900.0000043665217,292.47874506671815,298.19889353633226,1.0000000040587023,1.0000000048516908,0.3893794880957401,0.3949053139043362,2.0293511937552466e-07,7.859739099558283e-07,0,7,2,2,0,5,1,0.0,0.0,0.0,0.0,0.0,0,,,,,,1,0.0,0.0,0.0,0.0,0.0,1,0.0,0.0,0.0,0.0,0.0,0,0,0,4.2977864715101075e-11,3.222921929335598e-11,6.066469548926534e-12,0.0,3.222921929335598e-11,7.856143705748061e-10,5.568003835776381e-10,1.2001583195552776e-10,2.0710821946323676e-11,5.568003835776381e-10,8.08005334496269e-11,4.57300863843102e-11,7.29726820280482e-12,3.4647840152501885e-12,4.57300863843102e-11,3.2201028056265234e-11,2.3502602641833903e-11,3.2687968250980723e-12,2.3052393327560594e-12,2.3502602641833903e-11,,,,,,,,,
2026-03-22T16:01:41Z,test_cases/pglib_opf_case39_epri.mat,pglib_opf_case39_epri,oracle_ac_primal_only__Qg_Vm_Va,oracle_ac_primal_only,none,ac_true,1,0,Qg+Vm+Va,3,,,optimal,ok,1,3972.3627699062026,134443.19981396652,33.84464299999981,0,0.002167940139770508,0.0025131702423095703,0.06033492088317871,0.06284809112548828,0.06284809112548828,0.06501603126525879,acopf_acdc_paper_study/cases/pglib_opf_case39_epri/logs/oracle_ac_primal_only__Qg_Vm_Va.log,0,28,5.053931605245726e-09,1.3792167408155365e-10,1.0382610504677814e-07,9.665314791416182e-08,9.665314791416182e-08,0.022,,,0.022,False,100.0,39,46,10,10,21,1,9,29,6254.23,1387.1,7367.0,0.0,2807.0,-160.0,46,0,0,2,1,138415.56258387276,6292.548735830729,1259.7331418788347,0.9970877857432529,1.0600000087760395,1.0440286412328628,0.015015582097861652,-0.20670867020682707,0.08316925627526926,-0.1266208602900231,0.08092037242294427,889.0662116352692,900.0000043665219,292.4787450644285,298.1988935360168,1.0000000040587043,1.000000004851691,0.3893794880919238,0.3949053139041414,2.02935215298794e-07,7.859739383775377e-07,0,7,2,2,0,5,0,,,,,,1,0.0,0.0,0.0,0.0,0.0,1,0.0,0.0,0.0,0.0,0.0,1,0.0,0.0,0.0,0.0,0.0,0,0,0,1.1457787731949497e-11,8.597067502336131e-12,1.61758939576373e-12,0.0,8.597067502336131e-12,2.0904439599473328e-10,1.4814272031316023e-10,3.193584867856453e-11,2.6403323971635473e-12,1.4814272031316023e-10,2.1478332248926832e-11,1.2158274387275014e-11,1.9438069387707657e-12,9.166001291305292e-13,1.2158274387275014e-11,8.553880373821297e-12,6.2459065697240135e-12,8.67110247564476e-13,6.117883977196925e-13,6.2459065697240135e-12,,,,,,,,,
2026-03-22T16:01:41Z,test_cases/pglib_opf_case39_epri.mat,pglib_opf_case39_epri,oracle_ac_primal_only__Pg_Qg_Vm_Va,oracle_ac_primal_only,none,ac_true,1,0,Pg+Qg+Vm+Va,4,,,optimal,ok,1,3972.3627699060976,134443.19981396288,33.8446429999989,0,0.002167940139770508,0.0026702880859375,0.053668975830078125,0.056339263916015625,0.056339263916015625,0.05850720405578613,acopf_acdc_paper_study/cases/pglib_opf_case39_epri/logs/oracle_ac_primal_only__Pg_Qg_Vm_Va.log,0,17,5.078865035999802e-09,1.3598011605608917e-10,1.0382610504677814e-07,9.667940819665883e-08,9.667940819665883e-08,0.016,,,0.016,False,100.0,39,46,10,10,21,1,9,29,6254.23,1387.1,7367.0,0.0,2807.0,-160.0,46,0,0,2,1,138415.56258386912,6292.54873582955,1259.73314184962,0.9970877857456607,1.060000008776043,1.0440286412366704,0.01501558210655422,-0.20670867021477582,0.08316925619143192,-0.12662086030169592,0.08092037241709485,889.0662116352692,900.0000043665217,292.4787450757213,298.19889353771026,1.0000000040587047,1.0000000048516908,0.389379488110701,0.39490531390528855,2.0293523306236239e-07,7.859739099558283e-07,0,7,2,2,0,5,1,0.0,0.0,0.0,0.0,0.0,1,0.0,0.0,0.0,0.0,0.0,1,0.0,0.0,0.0,0.0,0.0,1,0.0,0.0,0.0,0.0,0.0,0,0,0,1.640849394762254e-10,1.2225293000156512e-10,2.317071534641002e-11,0.0,1.2225293000156512e-10,3.0392587524310877e-09,2.1489615087411096e-09,4.626450863939032e-10,6.874445457327738e-11,2.1489615087411096e-09,3.1125456246781486e-10,1.7586621048337747e-10,2.823253312045929e-11,1.3590240044436541e-11,1.7586621048337747e-10,1.2347072987593078e-10,9.008324641790466e-11,1.2539991925906954e-11,8.835043807664533e-12,9.008324641790466e-11,,,,,,,,,
2026-03-22T16:01:41Z,test_cases/pglib_opf_case39_epri.mat,pglib_opf_case39_epri,oracle_ac_primal_dual__Pg,oracle_ac_primal_dual,full,ac_true,1,0,Pg,1,,,optimal,ok,1,3972.3627699145727,134443.19981425817,33.844643000073226,0,0.002167940139770508,0.00257110595703125,0.07969117164611816,0.08226227760314941,0.08226227760314941,0.08443021774291992,acopf_acdc_paper_study/cases/pglib_opf_case39_epri/logs/oracle_ac_primal_dual__Pg.log,0,56,1.1057428092598841e-09,4.451905510904908e-11,1.0382616011384016e-07,9.217689595715645e-08,9.217689595715645e-08,0.038,,,0.038,True,100.0,39,46,10,10,21,1,9,29,6254.23,1387.1,7367.0,0.0,2807.0,-160.0,46,0,0,2,1,138415.5625841644,6292.548735857027,1259.7331425394439,0.9970877853454417,1.0600000087697052,1.0440286410681945,0.015015581963816266,-0.2067086700687631,0.0831692578929284,-0.12662086006730208,0.0809203725498218,889.066211635242,900.0000043665225,292.4787448102902,298.19889345451395,1.0000000040577386,1.0000000048516917,0.38937948767712127,0.394905313814722,2.028869339198991e-07,7.859740378535207e-07,0,7,2,2,0,5,1,0.0,0.0,0.0,0.0,0.0,0,,,,,,0,,,,,,0,,,,,,1,1,1,2.4925985318373374e-09,1.888308787112436e-09,3.51653345331826e-10,4.8405723873656825e-14,1.888308787112436e-09,6.134325426129293e-08,4.808101658482222e-08,1.0168538307616747e-08,1.927035642168562e-09,4.808101658482222e-08,5.908409277781278e-09,3.1610070116983024e-09,5.964375773897083e-10,2.97359026291133e-10,3.1610070116983024e-09,2.1998835040073298e-09,1.6114132250777402e-09,2.2185386113674574e-10,1.3886961025555422e-10,1.6114132250777402e-09,,,,,,,,,
2026-03-22T16:01:41Z,test_cases/pglib_opf_case39_epri.mat,pglib_opf_case39_epri,oracle_ac_primal_dual__Qg,oracle_ac_primal_dual,full,ac_true,1,0,Qg,1,,,optimal,ok,1,3972.3627699445947,134443.19981530428,33.844643000336575,0,0.002167940139770508,0.0034639835357666016,0.07241034507751465,0.07587432861328125,0.07587432861328125,0.07804226875305176,acopf_acdc_paper_study/cases/pglib_opf_case39_epri/logs/oracle_ac_primal_dual__Qg.log,0,49,3.646160084969097e-08,2.9903848286494394e-09,1.0382608195413923e-07,1.550266678535123e-07,1.550266678535123e-07,0.034,,,0.034,True,100.0,39,46,10,10,21,1,9,29,6254.23,1387.1,7367.0,0.0,2807.0,-160.0,46,0,0,2,1,138415.56258521051,6292.548736587891,1259.7331607665942,0.9970877858369845,1.0600000087719454,1.0440286390686229,0.015015576179135836,-0.2067086649586534,0.08316931153603976,-0.12662085263365616,0.08092037623035303,889.0662116352539,900.0000043665223,292.47873776663636,298.198892623187,1.0000000040574477,1.0000000048516915,0.3893794759321171,0.3949053134397167,2.028723855573844e-07,7.859740094318113e-07,0,7,2,2,0,5,0,,,,,,1,0.0,0.0,0.0,0.0,0.0,0,,,,,,0,,,,,,1,1,1,1.0228672787633201e-07,7.601335211271376e-08,1.4445831647558193e-08,5.1958437552457326e-14,7.601335211271376e-08,1.8478252064742974e-06,1.3270630657702398e-06,2.849104037119021e-07,4.35762652073457e-08,1.3270630657702398e-06,1.9017889504848437e-07,1.0800299654611933e-07,1.7037494304261713e-08,7.938294244169697e-09,1.0800299654611933e-07,7.56541696542275e-08,5.525452459465008e-08,7.655499810377133e-09,5.395492497228815e-09,5.525452459465008e-08,,,,,,,,,
2026-03-22T16:01:41Z,test_cases/pglib_opf_case39_epri.mat,pglib_opf_case39_epri,oracle_ac_primal_dual__Vm,oracle_ac_primal_dual,full,ac_true,1,0,Vm,1,,,optimal,ok,1,3972.362769914575,134443.19981425826,33.84464300007325,0,0.002167940139770508,0.0026230812072753906,0.07805800437927246,0.08068108558654785,0.08068108558654785,0.08284902572631836,acopf_acdc_paper_study/cases/pglib_opf_case39_epri/logs/oracle_ac_primal_dual__Vm.log,0,49,1.1075617994037368e-09,4.4515502395370277e-11,1.0382616011384016e-07,9.217018121673796e-08,9.217018121673796e-08,0.041,,,0.041,True,100.0,39,46,10,10,21,1,9,29,6254.23,1387.1,7367.0,0.0,2807.0,-160.0,46,0,0,2,1,138415.5625841645,6292.548735857029,1259.7331425395582,0.997087785345014,1.0600000087697043,1.0440286410680788,0.015015581963803858,-0.20670867006873941,0.08316925789317377,-0.12662086006725135,0.08092037254985997,889.0662116352422,900.0000043665226,292.4787448102076,298.19889345443704,1.0000000040577384,1.0000000048516917,0.3893794876769935,0.394905313814616,2.028869161563307e-07,7.859740662752301e-07,0,7,2,2,0,5,0,,,,,,0,,,,,,1,0.0,0.0,0.0,0.0,0.0,0,,,,,,1,1,1,2.492516907216567e-09,1.8882584384982692e-09,3.5164156031441963e-10,4.8405723873656825e-14,1.8882584384982692e-09,6.135932356606233e-08,4.8097122173906826e-08,1.0173820172986827e-08,1.936685478653999e-09,4.8097122173906826e-08,5.909734752755811e-09,3.161466866075102e-09,5.966442069749451e-10,2.9761526576521646e-10,3.161466866075102e-09,2.200287484065189e-09,1.6116585982439702e-09,2.2190463204487867e-10,1.3888762362412876e-10,1.6116585982439702e-09,,,,,,,,,
2026-03-22T16:01:41Z,test_cases/pglib_opf_case39_epri.mat,pglib_opf_case39_epri,oracle_ac_primal_dual__Va,oracle_ac_primal_dual,full,ac_true,1,0,Va,1,,,optimal,ok,1,3972.362769924584,134443.199814607,33.84464300016104,0,0.002167940139770508,0.004411220550537109,0.1007070541381836,0.1051182746887207,0.1051182746887207,0.10728621482849121,acopf_acdc_paper_study/cases/pglib_opf_case39_epri/logs/oracle_ac_primal_dual__Va.log,0,80,1.2827985161860677e-08,1.105764368958262e-09,1.0382611570491918e-07,1.1362462010470566e-07,1.1362462010470566e-07,0.065,,,0.065,True,100.0,39,46,10,10,21,1,9,29,6254.23,1387.1,7367.0,0.0,2807.0,-160.0,46,0,0,2,1,138415.56258451325,6292.548736111565,1259.7331488941354,0.9970877855045847,1.0600000087709707,1.0440286403686463,0.01501557994698332,-0.2067086682855046,0.08316927661510926,-0.12662085747290808,0.08092037383444646,889.0662116352487,900.0000043665226,292.4787423508787,298.1988931632155,1.0000000040575376,1.0000000048516917,0.38937948357638313,0.3949053136823169,2.028768797401881e-07,7.859740662752301e-07,0,7,2,2,0,5,0,,,,,,0,,,,,,0,,,,,,1,0.0,0.0,0.0,0.0,0.0,1,1,1,3.731350635947838e-08,2.775053264958416e-08,5.269570746424535e-09,3.597122599785507e-14,2.775053264958416e-08,6.84045291882089e-07,4.873379602088335e-07,1.050470878232585e-07,1.703576157918718e-08,4.873379602088335e-07,7.01574873552286e-08,3.9754275427128505e-08,6.300492247582121e-09,2.969300361144178e-09,3.9754275427128505e-08,2.7830509141206896e-08,2.0333594086263673e-08,2.816247842034859e-09,1.9807057938248107e-09,2.0333594086263673e-08,,,,,,,,,
2026-03-22T16:01:41Z,test_cases/pglib_opf_case39_epri.mat,pglib_opf_case39_epri,oracle_ac_primal_dual__Pg_Qg,oracle_ac_primal_dual,full,ac_true,1,0,Pg+Qg,2,,,optimal,ok,1,3972.3627699148624,134443.19981426827,33.84464300007577,0,0.002167940139770508,0.005343914031982422,0.0693209171295166,0.07466483116149902,0.07466483116149902,0.07683277130126953,acopf_acdc_paper_study/cases/pglib_opf_case39_epri/logs/oracle_ac_primal_dual__Pg_Qg.log,0,39,1.5627297266830337e-09,8.78994654840426e-11,1.0382615478476964e-07,9.22188554805494e-08,9.22188554805494e-08,0.03,,,0.03,True,100.0,39,46,10,10,21,1,9,29,6254.23,1387.1,7367.0,0.0,2807.0,-160.0,46,0,0,2,1,138415.5625841745,6292.548735865993,1259.733142764605,0.9970877853471685,1.0600000087698316,1.044028641042646,0.015015581892625477,-0.20670867000536366,0.08316925855913586,-0.12662085997495792,0.08092037259559388,889.0662116352426,900.0000043665223,292.4787447224326,298.19889344373985,1.000000004057712,1.0000000048516915,0.38937948753069945,0.394905313809451,2.0288560165226954e-07,7.859740094318113e-07,0,7,2,2,0,5,1,0.0,0.0,0.0,0.0,0.0,1,0.0,0.0,0.0,0.0,0.0,0,,,,,,0,,,,,,1,1,1,3.7282601877954585e-09,2.8058765311200773e-09,5.262022928498312e-10,4.618527782440651e-14,2.8058765311200773e-09,8.316899065593318e-08,6.346315098437749e-08,1.3160014743530393e-08,1.4935019887474255e-09,6.346315098437749e-08,8.16739314285368e-09,4.463447611513516e-09,7.999896101687854e-10,3.9611725011212684e-10,4.463447611513516e-09,3.109512879842066e-09,2.27762068927273e-09,3.1419806464571526e-10,2.0548378276696866e-10,2.27762068927273e-09,,,,,,,,,
2026-03-22T16:01:41Z,test_cases/pglib_opf_case39_epri.mat,pglib_opf_case39_epri,oracle_ac_primal_dual__Pg_Vm,oracle_ac_primal_dual,full,ac_true,1,0,Pg+Vm,2,,,optimal,ok,1,3972.3627699145695,134443.19981425806,33.8446430000732,0,0.002167940139770508,0.010469198226928711,0.06799793243408203,0.07846713066101074,0.07846713066101074,0.08063507080078125,acopf_acdc_paper_study/cases/pglib_opf_case39_epri/logs/oracle_ac_primal_dual__Pg_Vm.log,0,40,1.105742810095588e-09,4.4503067897494475e-11,1.0382616011384016e-07,9.21768805079333e-08,9.21768805079333e-08,0.028,,,0.028,True,100.0,39,46,10,10,21,1,9,29,6254.23,1387.1,7367.0,0.0,2807.0,-160.0,46,0,0,2,1,138415.5625841643,6292.548735857019,1259.7331425393052,0.9970877853453418,1.0600000087697048,1.0440286410682056,0.015015581963869018,-0.2067086700688005,0.0831692578925413,-0.1266208600673556,0.08092037254979517,889.0662116352422,900.0000043665228,292.47874481034495,298.19889345452304,1.0000000040577395,1.000000004851692,0.3893794876772109,0.3949053138147288,2.0288696944703588e-07,7.859741089077943e-07,0,7,2,2,0,5,1,0.0,0.0,0.0,0.0,0.0,0,,,,,,1,0.0,0.0,0.0,0.0,0.0,0,,,,,,1,1,1,2.4918956769448227e-09,1.887770162412039e-09,3.5155414135346066e-10,4.8405723873656825e-14,1.887770162412039e-09,6.132960023441892e-08,4.807170839171704e-08,1.0166730357989283e-08,1.9273360685190255e-09,4.807170839171704e-08,5.907103653848844e-09,3.1602513939077426e-09,5.963218978439937e-10,2.9733326911696167e-10,3.1602513939077426e-09,2.199356149479917e-09,1.6110261319424168e-09,2.2180031965282124e-10,1.3883097449429727e-10,1.6110261319424168e-09,,,,,,,,,
2026-03-22T16:01:42Z,test_cases/pglib_opf_case39_epri.mat,pglib_opf_case39_epri,oracle_ac_primal_dual__Pg_Va,oracle_ac_primal_dual,full,ac_true,1,0,Pg+Va,2,,,optimal,ok,1,3972.362769914565,134443.1998142579,33.84464300007316,0,0.002167940139770508,0.23912286758422852,0.08352899551391602,0.32265186309814453,0.32265186309814453,0.32481980323791504,acopf_acdc_paper_study/cases/pglib_opf_case39_epri/logs/oracle_ac_primal_dual__Pg_Va.log,0,57,1.1034690718836767e-09,4.4497738826976274e-11,1.0382616011384016e-07,9.217547512824596e-08,9.217547512824596e-08,0.041,,,0.041,True,100.0,39,46,10,10,21,1,9,29,6254.23,1387.1,7367.0,0.0,2807.0,-160.0,46,0,0,2,1,138415.56258416414,6292.5487358570335,1259.7331425395655,0.997087785344545,1.0600000087697028,1.0440286410681807,0.015015581963773842,-0.2067086700687049,0.08316925789369078,-0.1266208600672063,0.080920372549877,889.0662116352422,900.0000043665226,292.4787448102835,298.1988934545812,1.0000000040577406,1.0000000048516917,0.38937948767708336,0.39490531381483013,2.028870333958821e-07,7.859740662752301e-07,0,7,2,2,0,5,1,0.0,0.0,0.0,0.0,0.0,0,,,,,,0,,,,,,1,0.0,0.0,0.0,0.0,0.0,1,1,1,2.494607546261943e-09,1.8897599596279235e-09,3.519375513238998e-10,4.8405723873656825e-14,1.8897599596279235e-09,6.134610859303289e-08,4.808677367407199e-08,1.0168889676520413e-08,1.9351937829981125e-09,4.808677367407199e-08,5.910575590327545e-09,3.1625477792118772e-09,5.966064707790107e-10,2.970912404975934e-10,3.1625477792118772e-09,2.2008931882446204e-09,1.6121756152287503e-09,2.219496508768458e-10,1.3893999839531546e-10,1.6121756152287503e-09,,,,,,,,,
2026-03-22T16:01:42Z,test_cases/pglib_opf_case39_epri.mat,pglib_opf_case39_epri,oracle_ac_primal_dual__Qg_Vm,oracle_ac_primal_dual,full,ac_true,1,0,Qg+Vm,2,,,optimal,ok,1,3972.362769914488,134443.19981425523,33.84464300007249,0,0.002167940139770508,0.002758026123046875,0.10075592994689941,0.10351395606994629,0.10351395606994629,0.1056818962097168,acopf_acdc_paper_study/cases/pglib_opf_case39_epri/logs/oracle_ac_primal_dual__Qg_Vm.log,0,82,2.0152384899709447e-09,9.130651790201227e-11,1.038261530084128e-07,9.292881220042102e-08,9.292881220042102e-08,0.063,,,0.063,True,100.0,39,46,10,10,21,1,9,29,6254.23,1387.1,7367.0,0.0,2807.0,-160.0,46,0,0,2,1,138415.56258416147,6292.548735867781,1259.7331428120497,0.9970877853518197,1.0600000087700572,1.0440286410371196,0.015015581874839607,-0.20670866999099977,0.08316925871755616,-0.12662085995371106,0.08092037260650642,889.0662116352439,900.0000043665228,292.478744701752,298.19889344144775,1.0000000040587804,1.000000004851692,0.38937948749627554,0.3949053138087339,2.0293902736057134e-07,7.859741089077943e-07,0,7,2,2,0,5,0,,,,,,1,0.0,0.0,0.0,0.0,0.0,1,0.0,0.0,0.0,0.0,0.0,0,,,,,,1,1,1,4.0389390509267056e-09,3.034388906808516e-09,5.701132621549476e-10,4.618527782440651e-14,3.034388906808516e-09,8.836370083634831e-08,6.70843701700008e-08,1.3852532295708888e-08,1.4372307788335092e-09,6.70843701700008e-08,8.705489924778815e-09,4.774478590263698e-09,8.470882684755511e-10,3.9146597075045975e-10,4.774478590263698e-09,3.323747626284931e-09,2.436040993925026e-09,3.354448637485708e-10,2.2130354493388182e-10,2.436040993925026e-09,,,,,,,,,
2026-03-22T16:01:42Z,test_cases/pglib_opf_case39_epri.mat,pglib_opf_case39_epri,oracle_ac_primal_dual__Qg_Va,oracle_ac_primal_dual,full,ac_true,1,0,Qg+Va,2,,,optimal,ok,1,3972.3627699146377,134443.19981426044,33.8446430000738,0,0.002167940139770508,0.002733945846557617,0.09823298454284668,0.1009669303894043,0.1009669303894043,0.1031348705291748,acopf_acdc_paper_study/cases/pglib_opf_case39_epri/logs/oracle_ac_primal_dual__Qg_Va.log,0,87,1.1130187894957765e-09,4.455280588899768e-11,1.0382616011384016e-07,9.211072974309972e-08,9.211072974309972e-08,0.062,,,0.062,True,100.0,39,46,10,10,21,1,9,29,6254.23,1387.1,7367.0,0.0,2807.0,-160.0,46,0,0,2,1,138415.56258416668,6292.548735857377,1259.7331425496195,0.9970877853324802,1.0600000087697072,1.0440286410653117,0.015015581963180808,-0.20670867006620794,0.08316925791907451,-0.1266208600634018,0.08092037255172917,889.0662116352422,900.0000043665223,292.47874480622244,298.1988934532741,1.0000000040577488,1.0000000048516915,0.3893794876704177,0.39490531381332694,2.0288744195795516e-07,7.859740094318113e-07,0,7,2,2,0,5,0,,,,,,1,0.0,0.0,0.0,0.0,0.0,0,,,,,,1,0.0,0.0,0.0,0.0,0.0,1,1,1,2.532812594249741e-09,1.9184298594154825e-09,3.5733291881001603e-10,4.8405723873656825e-14,1.9184298594154825e-09,6.232833416782337e-08,4.886166402040537e-08,1.0316299487070872e-08,1.8020795966577907e-09,4.886166402040537e-08,6.0059063813764786e-09,3.2115832215851015e-09,6.068406375693878e-10,3.0295788100431764e-10,3.2115832215851015e-09,2.2365170863103097e-09,1.6375593381301456e-09,2.2575415744417987e-10,1.4186848917852046e-10,1.6375593381301456e-09,,,,,,,,,
2026-03-22T16:01:42Z,test_cases/pglib_opf_case39_epri.mat,pglib_opf_case39_epri,oracle_ac_primal_dual__Vm_Va,oracle_ac_primal_dual,full,ac_true,1,0,Vm+Va,2,,,optimal,ok,1,3972.3627699151375,134443.19981427785,33.84464300007818,0,0.002167940139770508,0.002727985382080078,0.06991386413574219,0.07264184951782227,0.07264184951782227,0.07480978965759277,acopf_acdc_paper_study/cases/pglib_opf_case39_epri/logs/oracle_ac_primal_dual__Vm_Va.log,0,45,2.0304748740223265e-09,1.2360956702650583e-10,1.038261530084128e-07,9.2903319009321e-08,9.2903319009321e-08,0.032,,,0.032,True,100.0,39,46,10,10,21,1,9,29,6254.23,1387.1,7367.0,0.0,2807.0,-160.0,46,0,0,2,1,138415.56258418408,6292.548735873807,1259.7331429604035,0.9970877853497508,1.0600000087699128,1.0440286410206572,0.01501558183066172,-0.206708669950309,0.08316925913744484,-0.12662085989480035,0.08092037263531031,889.0662116352435,900.0000043665225,292.4787446462736,298.1988934345103,1.000000004057698,1.0000000048516917,0.3893794874037515,0.39490531380504257,2.0288490176767482e-07,7.859740378535207e-07,0,7,2,2,0,5,0,,,,,,0,,,,,,1,0.0,0.0,0.0,0.0,0.0,1,0.0,0.0,0.0,0.0,0.0,1,1,1,4.801976228090536e-09,3.6032349881587322e-09,6.778608729884894e-10,4.574118861455645e-14,3.6032349881587322e-09,1.0224798950575619e-07,7.679219743428334e-08,1.5802784187548172e-08,1.308874786332126e-09,7.679219743428334e-08,1.0139532979424458e-08,5.593929763847427e-09,9.764455084948782e-10,4.38546532421924e-10,5.593929763847427e-09,3.900154411893619e-09,2.855929673306612e-09,3.9435557819623174e-10,2.650516334190556e-10,2.855929673306612e-09,,,,,,,,,
2026-03-22T16:01:42Z,test_cases/pglib_opf_case39_epri.mat,pglib_opf_case39_epri,oracle_ac_primal_dual__Pg_Qg_Vm,oracle_ac_primal_dual,full,ac_true,1,0,Pg+Qg+Vm,3,,,optimal,ok,1,3972.3627699145686,134443.19981425803,33.84464300007319,0,0.002167940139770508,0.0027849674224853516,0.053894996643066406,0.05667996406555176,0.05667996406555176,0.058847904205322266,acopf_acdc_paper_study/cases/pglib_opf_case39_epri/logs/oracle_ac_primal_dual__Pg_Qg_Vm.log,0,22,1.1025595785404123e-09,4.453859503428248e-11,1.0382616011384016e-07,9.217802645180376e-08,9.217802645180376e-08,0.015,,,0.015,False,100.0,39,46,10,10,21,1,9,29,6254.23,1387.1,7367.0,0.0,2807.0,-160.0,46,0,0,2,1,138415.56258416426,6292.548735857027,1259.733142539489,0.9970877853454333,1.0600000087697057,1.0440286410682027,0.0150155819637954,-0.20670867006874097,0.0831692578931513,-0.12662086006727247,0.08092037254983392,889.0662116352422,900.0000043665223,292.4787448102727,298.19889345452464,1.0000000040577377,1.0000000048516915,0.38937948767708896,0.39490531381474014,2.0288689128733495e-07,7.859740094318113e-07,0,7,2,2,0,5,1,0.0,0.0,0.0,0.0,0.0,1,0.0,0.0,0.0,0.0,0.0,1,0.0,0.0,0.0,0.0,0.0,0,,,,,,1,1,1,2.493109640134266e-09,1.88866738914939e-09,3.5172570966857106e-10,4.8405723873656825e-14,1.88866738914939e-09,6.134779838987707e-08,4.8083759168759954e-08,1.0168830208502722e-08,1.926294457277322e-09,4.8083759168759954e-08,5.909063002635443e-09,3.161443551391585e-09,5.964850892417107e-10,2.97317503950012e-10,3.161443551391585e-09,2.2001815198980362e-09,1.6116361301055093e-09,2.2188347295544084e-10,1.388940629176716e-10,1.6116361301055093e-09,,,,,,,,,
2026-03-22T16:01:42Z,test_cases/pglib_opf_case39_epri.mat,pglib_opf_case39_epri,oracle_ac_primal_dual__Pg_Qg_Va,oracle_ac_primal_dual,full,ac_true,1,0,Pg+Qg+Va,3,,,optimal,ok,1,3972.362769914585,134443.1998142586,33.84464300007334,0,0.002167940139770508,0.0027158260345458984,0.051033735275268555,0.05374956130981445,0.05374956130981445,0.05591750144958496,acopf_acdc_paper_study/cases/pglib_opf_case39_epri/logs/oracle_ac_primal_dual__Pg_Qg_Va.log,0,16,1.0952836201409234e-09,4.4513726038530876e-11,1.0382616011384016e-07,9.216125849260334e-08,9.216125849260334e-08,0.013,,,0.013,False,100.0,39,46,10,10,21,1,9,29,6254.23,1387.1,7367.0,0.0,2807.0,-160.0,46,0,0,2,1,138415.56258416484,6292.548735857046,1259.733142540128,0.9970877853435831,1.0600000087696995,1.044028641067794,0.015015581963910918,-0.2067086700686519,0.0831692578942126,-0.12662086006708898,0.08092037254995335,889.066211635242,900.0000043665225,292.47874480998894,298.1988934543114,1.00000000405774,1.0000000048516917,0.3893794876766421,0.39490531381445415,2.028869978687453e-07,7.859740378535207e-07,0,7,2,2,0,5,1,0.0,0.0,0.0,0.0,0.0,1,0.0,0.0,0.0,0.0,0.0,0,,,,,,1,0.0,0.0,0.0,0.0,0.0,1,1,1,2.493374875472849e-09,1.888942502414892e-09,3.5176228041500226e-10,4.8405723873656825e-14,1.888942502414892e-09,6.141213507151892e-08,4.8145509273789244e-08,1.0183021352350758e-08,1.927079384955732e-09,4.8145509273789244e-08,5.914441002084529e-09,3.1634808106417722e-09,5.972475021665264e-10,2.9817126545594874e-10,3.1634808106417722e-09,2.2017757401458984e-09,1.612697433928112e-09,2.2206697663065894e-10,1.3904508100459623e-10,1.612697433928112e-09,,,,,,,,,
2026-03-22T16:01:42Z,test_cases/pglib_opf_case39_epri.mat,pglib_opf_case39_epri,oracle_ac_primal_dual__Pg_Vm_Va,oracle_ac_primal_dual,full,ac_true,1,0,Pg+Vm+Va,3,,,optimal,ok,1,3972.362769916843,134443.1998143373,33.84464300009315,0,0.002167940139770508,0.0030531883239746094,0.06456589698791504,0.06761908531188965,0.06761908531188965,0.06978702545166016,acopf_acdc_paper_study/cases/pglib_opf_case39_epri/logs/oracle_ac_primal_dual__Pg_Vm_Va.log,0,38,4.338003742055925e-09,3.1662494848205824e-10,1.0382614235027177e-07,9.68116760528124e-08,9.68116760528124e-08,0.028,,,0.028,True,100.0,39,46,10,10,21,1,9,29,6254.23,1387.1,7367.0,0.0,2807.0,-160.0,46,0,0,2,1,138415.56258424354,6292.54873591853,1259.7331440783566,0.9970877853722352,1.0600000087702248,1.0440286408965218,0.015015581476345186,-0.20670866963641574,0.08316926243372032,-0.12662085943797347,0.08092037286158456,889.0662116352448,900.0000043665225,292.4787442127798,298.19889338262993,1.0000000040576438,1.0000000048516917,0.38937948668105554,0.3949053137809119,2.028821910471379e-07,7.859740378535207e-07,0,7,2,2,0,5,1,0.0,0.0,0.0,0.0,0.0,0,,,,,,1,0.0,0.0,0.0,0.0,0.0,1,0.0,0.0,0.0,0.0,0.0,1,1,1,1.092783381021831e-08,8.152817920770161e-09,1.5430577648967159e-09,4.1744385725905886e-14,8.152817920770161e-09,2.1169720961615743e-07,1.5262905422863682e-07,3.199140141299049e-08,2.554903955065413e-09,1.5262905422863682e-07,2.1436336881942916e-08,1.2036960317374223e-08,1.980696501400431e-09,9.163094727426824e-10,1.2036960317374223e-08,8.411449686784591e-09,6.152205148102219e-09,8.511825009072674e-10,5.897125288090166e-10,6.152205148102219e-09,,,,,,,,,
2026-03-22T16:01:42Z,test_cases/pglib_opf_case39_epri.mat,pglib_opf_case39_epri,oracle_ac_primal_dual__Qg_Vm_Va,oracle_ac_primal_dual,full,ac_true,1,0,Qg+Vm+Va,3,,,optimal,ok,1,3972.362769914571,134443.19981425809,33.844643000073205,0,0.002167940139770508,0.002732992172241211,0.07743096351623535,0.08016395568847656,0.08016395568847656,0.08233189582824707,acopf_acdc_paper_study/cases/pglib_opf_case39_epri/logs/oracle_ac_primal_dual__Qg_Vm_Va.log,0,56,1.1048333129308286e-09,4.4513726038530876e-11,1.0382616011384016e-07,9.217586056654688e-08,9.217586056654688e-08,0.041,,,0.041,True,100.0,39,46,10,10,21,1,9,29,6254.23,1387.1,7367.0,0.0,2807.0,-160.0,46,0,0,2,1,138415.56258416432,6292.548735857027,1259.7331425395075,0.9970877853451243,1.0600000087697043,1.0440286410681465,0.015015581963833697,-0.20670867006873767,0.08316925789319339,-0.12662086006726042,0.08092037254984272,889.0662116352419,900.0000043665223,292.4787448102476,298.19889345449707,1.000000004057741,1.0000000048516915,0.3893794876770503,0.3949053138147015,2.028870511594505e-07,7.859740094318113e-07,0,7,2,2,0,5,0,,,,,,1,0.0,0.0,0.0,0.0,0.0,1,0.0,0.0,0.0,0.0,0.0,1,0.0,0.0,0.0,0.0,0.0,1,1,1,2.4929718177139323e-09,1.8885738528595652e-09,3.5170671930373487e-10,4.8405723873656825e-14,1.8885738528595652e-09,6.135318030158482e-08,4.808990675120306e-08,1.0170213500324671e-08,1.9253481031711317e-09,4.808990675120306e-08,5.909468941854898e-09,3.1615170481558152e-09,5.965648858099243e-10,2.974436252856094e-10,3.1615170481558152e-09,2.2002631760434364e-09,1.6116782214359304e-09,2.2189554769835576e-10,1.3889431271785213e-10,1.6116782214359304e-09,,,,,,,,,
2026-03-22T16:01:42Z,test_cases/pglib_opf_case39_epri.mat,pglib_opf_case39_epri,oracle_ac_primal_dual__Pg_Qg_Vm_Va,oracle_ac_primal_dual,full,ac_true,1,0,Pg+Qg+Vm+Va,4,,,optimal,ok,1,3972.3627699145677,134443.199814258,33.844643000073184,0,0.002167940139770508,0.0047838687896728516,0.03997302055358887,0.04475688934326172,0.04475688934326172,0.04692482948303223,acopf_acdc_paper_study/cases/pglib_opf_case39_epri/logs/oracle_ac_primal_dual__Pg_Qg_Vm_Va.log,0,2,1.1016256780491812e-09,4.4570569457391684e-11,1.0382616011384016e-07,9.217867295504261e-08,9.217867295504261e-08,0.002,,,0.002,False,100.0,39,46,10,10,21,1,9,29,6254.23,1387.1,7367.0,0.0,2807.0,-160.0,46,0,0,2,1,138415.56258416423,6292.548735857023,1259.7331425393177,0.997087785345449,1.0600000087697075,1.0440286410682253,0.015015581963841132,-0.2067086700687834,0.0831692578927182,-0.12662086006733383,0.08092037254980321,889.0662116352429,900.000004366523,292.47874481033153,298.1988934545338,1.0000000040577564,1.0000000048516922,0.38937948767718666,0.39490531381474697,2.028878220983188e-07,7.859741373295037e-07,0,7,2,2,0,5,1,0.0,0.0,0.0,0.0,0.0,1,0.0,0.0,0.0,0.0,0.0,1,0.0,0.0,0.0,0.0,0.0,1,0.0,0.0,0.0,0.0,0.0,1,1,1,2.492541474929117e-09,1.8882415075971437e-09,3.5164470779669445e-10,4.8405723873656825e-14,1.8882415075971437e-09,6.133333313459322e-08,4.807322070976561e-08,1.0166789720729949e-08,1.926395931661773e-09,4.807322070976561e-08,5.907578412705345e-09,3.16059933780366e-09,5.96345556981321e-10,2.972821988578289e-10,3.16059933780366e-09,2.1995869848593553e-09,1.611203032103603e-09,2.2182210964784324e-10,1.3885154137582845e-10,1.611203032103603e-09,,,,,,,,,
2026-03-22T16:01:42Z,test_cases/pglib_opf_case39_epri.mat,pglib_opf_case39_epri,oracle_ac_constraint_dual__Pg,oracle_ac_constraint_dual,constraint_only,ac_true,1,0,Pg,1,,,optimal,ok,1,3972.3627699145645,134443.19981425788,33.844643000073155,0,0.002167940139770508,0.03196072578430176,0.06647920608520508,0.09843993186950684,0.09843993186950684,0.10060787200927734,acopf_acdc_paper_study/cases/pglib_opf_case39_epri/logs/oracle_ac_constraint_dual__Pg.log,0,36,1.1107450232828088e-09,4.4503067897494475e-11,1.0382616011384016e-07,9.218393342248563e-08,9.218393342248563e-08,0.027,,,0.027,True,100.0,39,46,10,10,21,1,9,29,6254.23,1387.1,7367.0,0.0,2807.0,-160.0,46,0,0,2,1,138415.56258416412,6292.548735857035,1259.7331425395507,0.9970877853470235,1.0600000087697075,1.0440286410683992,0.015015581963480623,-0.20670867006871144,0.08316925789357268,-0.12662086006724704,0.08092037254985499,889.0662116352426,900.0000043665228,292.47874481030306,298.1988934546249,1.0000000040577477,1.000000004851692,0.38937948767712927,0.3949053138148947,2.0288738866724998e-07,7.859741089077943e-07,0,7,2,2,0,5,1,0.0,0.0,0.0,0.0,0.0,0,,,,,,0,,,,,,0,,,,,,1,1,0,2.4949046858646658e-09,1.8899757869839107e-09,3.5197951775423063e-10,4.8405723873656825e-14,1.8899757869839107e-09,6.134562528069803e-08,4.807357714686766e-08,1.0165424860911871e-08,1.934679749737711e-09,4.807357714686766e-08,5.909414766691373e-09,3.1623219598486685e-09,5.963422946336641e-10,2.968587597962369e-10,3.1623219598486685e-09,2.200642651930515e-09,1.6120575152545058e-09,2.2190886236823523e-10,1.3893924899477383e-10,1.6120575152545058e-09,,,,,,,,,
2026-03-22T16:01:42Z,test_cases/pglib_opf_case39_epri.mat,pglib_opf_case39_epri,oracle_ac_constraint_dual__Qg,oracle_ac_constraint_dual,constraint_only,ac_true,1,0,Qg,1,,,optimal,ok,1,3972.3627699145695,134443.19981425806,33.8446430000732,0,0.002167940139770508,0.004153728485107422,0.06544876098632812,0.06960248947143555,0.06960248947143555,0.07177042961120605,acopf_acdc_paper_study/cases/pglib_opf_case39_epri/logs/oracle_ac_constraint_dual__Qg.log,0,29,1.1011953355522844e-09,4.4513726038530876e-11,1.0382616011384016e-07,9.217689252235235e-08,9.217689252235235e-08,0.023,,,0.023,True,100.0,39,46,10,10,21,1,9,29,6254.23,1387.1,7367.0,0.0,2807.0,-160.0,46,0,0,2,1,138415.5625841643,6292.5487358570235,1259.7331425394304,0.9970877853454471,1.0600000087697055,1.044028641068197,0.015015581963816685,-0.20670867006876276,0.08316925789292082,-0.12662086006730236,0.08092037254982098,889.0662116352422,900.0000043665223,292.4787448102919,298.198893454515,1.000000004057739,1.0000000048516915,0.3893794876771238,0.3949053138147232,2.028869516834675e-07,7.859740094318113e-07,0,7,2,2,0,5,0,,,,,,1,0.0,0.0,0.0,0.0,0.0,0,,,,,,0,,,,,,1,1,0,2.4925712677685354e-09,1.8882716501522623e-09,3.5164958722688765e-10,4.8405723873656825e-14,1.8882716501522623e-09,6.134270531353296e-08,4.808053219451658e-08,1.0168444878785375e-08,1.9270192108677975e-09,4.808053219451658e-08,5.908372653546379e-09,3.1609885819960937e-09,5.964343492027597e-10,2.9735591766666403e-10,3.1609885819960937e-09,2.199875739190171e-09,1.6114056478055971e-09,2.2185361356056965e-10,1.388701098559153e-10,1.6114056478055971e-09,,,,,,,,,
2026-03-22T16:01:42Z,test_cases/pglib_opf_case39_epri.mat,pglib_opf_case39_epri,oracle_ac_constraint_dual__Vm,oracle_ac_constraint_dual,constraint_only,ac_true,1,0,Vm,1,,,optimal,ok,1,3972.362769915731,134443.1998142985,33.84464300008339,0,0.002167940139770508,0.00580286979675293,0.07873201370239258,0.08453488349914551,0.08453488349914551,0.08670282363891602,acopf_acdc_paper_study/cases/pglib_opf_case39_epri/logs/oracle_ac_constraint_dual__Vm.log,0,50,7.417085612360097e-09,2.2284440959197127e-10,1.0382614945569912e-07,9.611955862597901e-08,9.611955862597901e-08,0.039,,,0.039,True,100.0,39,46,10,10,21,1,9,29,6254.23,1387.1,7367.0,0.0,2807.0,-160.0,46,0,0,2,1,138415.56258420474,6292.548735852202,1259.7331426698704,0.997087783165403,1.060000008770597,1.0440286407346306,0.015015582297706926,-0.20670867004660115,0.08316925814129257,-0.12662085999790487,0.08092037258538354,889.0662116352443,900.0000043665226,292.478744639112,298.19889327809256,1.0000000040683539,1.0000000048516917,0.38937948741239203,0.3949053135638779,2.034176915799435e-07,7.859740662752301e-07,0,7,2,2,0,5,0,,,,,,0,,,,,,1,0.0,0.0,0.0,0.0,0.0,0,,,,,,1,1,0,1.6318598345587365e-09,1.255497816821105e-09,2.2990235271080906e-10,4.574118861455645e-14,1.255497816821105e-09,1.124492766182545e-07,8.583025684627543e-08,2.3539980007547922e-08,1.7886819192458603e-08,8.583025684627543e-08,9.628268396001397e-09,3.594732955747304e-09,1.0766415593812586e-09,6.026785737134333e-10,3.594732955747304e-09,2.7580289505532526e-09,1.8597774015249868e-09,2.919674148104949e-10,1.664249849042676e-10,1.8597774015249868e-09,,,,,,,,,
2026-03-22T16:01:43Z,test_cases/pglib_opf_case39_epri.mat,pglib_opf_case39_epri,oracle_ac_constraint_dual__Va,oracle_ac_constraint_dual,constraint_only,ac_true,1,0,Va,1,,,optimal,ok,1,3972.3627699146855,134443.19981426207,33.844643000074214,0,0.002167940139770508,0.006303071975708008,0.07007002830505371,0.07637310028076172,0.07637310028076172,0.07854104042053223,acopf_acdc_paper_study/cases/pglib_opf_case39_epri/logs/oracle_ac_constraint_dual__Va.log,0,45,1.5536700193667293e-09,7.896083786818053e-11,1.0382615478476964e-07,9.235150327470224e-08,9.235150327470224e-08,0.034,,,0.034,True,100.0,39,46,10,10,21,1,9,29,6254.23,1387.1,7367.0,0.0,2807.0,-160.0,46,0,0,2,1,138415.5625841683,6292.5487358643395,1259.7331427213276,0.9970877853696415,1.0600000087698533,1.0440286410506276,0.01501558190180133,-0.20670867001717183,0.0831692584369722,-0.12662085999242215,0.08092037258704908,889.0662116352432,900.000004366523,292.4787447399443,298.1988934474512,1.0000000040578896,1.0000000048516922,0.38937948755970037,0.3949053138129675,2.0289448343646654e-07,7.859741373295037e-07,0,7,2,2,0,5,0,,,,,,0,,,,,,0,,,,,,1,0.0,0.0,0.0,0.0,0.0,1,1,0,3.5188120406073203e-09,2.6497289917770672e-09,4.966255962024491e-10,4.618527782440651e-14,2.6497289917770672e-09,7.89088589990802e-08,6.032332347527536e-08,1.2547980659293611e-08,1.6939847302666067e-09,6.032332347527536e-08,7.737386193690073e-09,4.225516825329123e-09,7.584297406628465e-10,3.722766539482336e-10,4.225516825329123e-09,2.940902967377187e-09,2.1554570350801328e-09,2.967338603286878e-10,1.9321097499691575e-10,2.1554570350801328e-09,,,,,,,,,
2026-03-22T16:01:43Z,test_cases/pglib_opf_case39_epri.mat,pglib_opf_case39_epri,oracle_ac_constraint_dual__Pg_Qg,oracle_ac_constraint_dual,constraint_only,ac_true,1,0,Pg+Qg,2,,,optimal,ok,1,3972.3627699145677,134443.199814258,33.844643000073184,0,0.002167940139770508,0.005082130432128906,0.07020688056945801,0.07528901100158691,0.07528901100158691,0.07745695114135742,acopf_acdc_paper_study/cases/pglib_opf_case39_epri/logs/oracle_ac_constraint_dual__Pg_Qg.log,0,42,1.1007965556881355e-09,4.454392410480068e-11,1.0382616011384016e-07,9.21769845965034e-08,9.21769845965034e-08,0.032,,,0.032,True,100.0,39,46,10,10,21,1,9,29,6254.23,1387.1,7367.0,0.0,2807.0,-160.0,46,0,0,2,1,138415.56258416423,6292.548735857032,1259.7331425396267,0.9970877853454722,1.0600000087697061,1.0440286410681794,0.015015581963744206,-0.2067086700686963,0.08316925789357885,-0.12662086006720846,0.08092037254986505,889.066211635242,900.0000043665223,292.47874481020773,298.19889345450747,1.00000000405774,1.0000000048516915,0.38937948767698277,0.3949053138147217,2.028869978687453e-07,7.859740094318113e-07,0,7,2,2,0,5,1,0.0,0.0,0.0,0.0,0.0,1,0.0,0.0,0.0,0.0,0.0,0,,,,,,0,,,,,,1,1,0,2.493834065531882e-09,1.889201961535747e-09,3.5182810553813227e-10,4.8405723873656825e-14,1.889201961535747e-09,6.1363306337875e-08,4.809476769618293e-08,1.0171149870771944e-08,1.9264714268274474e-09,4.809476769618293e-08,5.91055367158837e-09,3.162267114831252e-09,5.966309213060839e-10,2.973759016811073e-10,3.162267114831252e-09,2.20078159965074e-09,1.6120636769922925e-09,2.2194749528276647e-10,1.3893922123919822e-10,1.6120636769922925e-09,,,,,,,,,
2026-03-22T16:01:43Z,test_cases/pglib_opf_case39_epri.mat,pglib_opf_case39_epri,oracle_ac_constraint_dual__Pg_Vm,oracle_ac_constraint_dual,constraint_only,ac_true,1,0,Pg+Vm,2,,,optimal,ok,1,3972.3627699145745,134443.19981425823,33.84464300007324,0,0.002167940139770508,0.005610942840576172,0.055616140365600586,0.06122708320617676,0.06122708320617676,0.06339502334594727,acopf_acdc_paper_study/cases/pglib_opf_case39_epri/logs/oracle_ac_constraint_dual__Pg_Vm.log,0,22,1.098466848972253e-09,4.4371617491378856e-11,1.0382616011384016e-07,9.217286453578191e-08,9.217286453578191e-08,0.018,,,0.018,False,100.0,39,46,10,10,21,1,9,29,6254.23,1387.1,7367.0,0.0,2807.0,-160.0,46,0,0,2,1,138415.56258416447,6292.548735857,1259.7331425387958,0.9970877853446138,1.0600000087697046,1.044028641068157,0.015015581964154175,-0.20670867006894064,0.08316925789097714,-0.1266208600675518,0.08092037254969411,889.0662116352422,900.0000043665225,292.4787448105041,298.19889345448826,1.0000000040577368,1.0000000048516917,0.38937948767748226,0.3949053138146528,2.0288684510205712e-07,7.859740378535207e-07,0,7,2,2,0,5,1,0.0,0.0,0.0,0.0,0.0,0,,,,,,1,0.0,0.0,0.0,0.0,0.0,0,,,,,,1,1,0,2.488433344540358e-09,1.8852282512860086e-09,3.510647161864e-10,4.8405723873656825e-14,1.8852282512860086e-09,6.128742945360912e-08,4.804614445186317e-08,1.01627495154331e-08,1.9260593120407066e-09,4.804614445186317e-08,5.9023716404230525e-09,3.157154981892063e-09,5.959829012069644e-10,2.9751134889011155e-10,3.157154981892063e-09,2.1972942524227484e-09,1.609461966478598e-09,2.2160414653589655e-10,1.387379655604093e-10,1.609461966478598e-09,,,,,,,,,
2026-03-22T16:01:43Z,test_cases/pglib_opf_case39_epri.mat,pglib_opf_case39_epri,oracle_ac_constraint_dual__Pg_Va,oracle_ac_constraint_dual,constraint_only,ac_true,1,0,Pg+Va,2,,,optimal,ok,1,3972.3627699145695,134443.19981425806,33.8446430000732,0,0.002167940139770508,0.005795001983642578,0.06686711311340332,0.0726621150970459,0.0726621150970459,0.0748300552368164,acopf_acdc_paper_study/cases/pglib_opf_case39_epri/logs/oracle_ac_constraint_dual__Pg_Va.log,0,36,1.1039238198480797e-09,4.4513726038530876e-11,1.0382616011384016e-07,9.217689645900785e-08,9.217689645900785e-08,0.029,,,0.029,True,100.0,39,46,10,10,21,1,9,29,6254.23,1387.1,7367.0,0.0,2807.0,-160.0,46,0,0,2,1,138415.5625841643,6292.548735857024,1259.733142539415,0.9970877853453243,1.0600000087697052,1.0440286410681887,0.015015581963831511,-0.2067086700687626,0.08316925789292587,-0.1266208600673008,0.08092037254982166,889.0662116352422,900.0000043665223,292.4787448102926,298.19889345451463,1.0000000040577397,1.0000000048516915,0.38937948767712405,0.39490531381472277,2.0288698721060427e-07,7.859740094318113e-07,0,7,2,2,0,5,1,0.0,0.0,0.0,0.0,0.0,0,,,,,,0,,,,,,1,0.0,0.0,0.0,0.0,0.0,1,1,0,2.4925914912336102e-09,1.8882872487857583e-09,3.516522573132619e-10,4.8405723873656825e-14,1.8882872487857583e-09,6.134236187120901e-08,4.8080830650221174e-08,1.0168534241142316e-08,1.9270196549570073e-09,4.8080830650221174e-08,5.9084138750004135e-09,3.16099924013713e-09,5.964441590195363e-10,2.9736035855876253e-10,3.16099924013713e-09,2.199885787889663e-09,1.6114106993203592e-09,2.2185516698320235e-10,1.3886997107803722e-10,1.6114106993203592e-09,,,,,,,,,
2026-03-22T16:01:43Z,test_cases/pglib_opf_case39_epri.mat,pglib_opf_case39_epri,oracle_ac_constraint_dual__Qg_Vm,oracle_ac_constraint_dual,constraint_only,ac_true,1,0,Qg+Vm,2,,,optimal,ok,1,3972.36276991457,134443.19981425809,33.844643000073205,0,0.002167940139770508,0.005304098129272461,0.08797264099121094,0.0932767391204834,0.0932767391204834,0.0954446792602539,acopf_acdc_paper_study/cases/pglib_opf_case39_epri/logs/oracle_ac_constraint_dual__Qg_Vm.log,0,62,1.1005495614228172e-09,4.451905510904908e-11,1.0382616011384016e-07,9.217689567342308e-08,9.217689567342308e-08,0.049,,,0.049,True,100.0,39,46,10,10,21,1,9,29,6254.23,1387.1,7367.0,0.0,2807.0,-160.0,46,0,0,2,1,138415.56258416432,6292.548735857024,1259.7331425393957,0.9970877853453278,1.0600000087697052,1.0440286410681885,0.015015581963830788,-0.20670867006876237,0.0831692578929268,-0.1266208600673007,0.08092037254982166,889.0662116352419,900.000004366522,292.4787448102929,298.1988934545151,1.0000000040577408,1.000000004851691,0.3893794876771243,0.3949053138147233,2.0288704050130946e-07,7.859739810101019e-07,0,7,2,2,0,5,0,,,,,,1,0.0,0.0,0.0,0.0,0.0,1,0.0,0.0,0.0,0.0,0.0,0,,,,,,1,1,0,2.4925748363810913e-09,1.8882794217134347e-09,3.516503643830049e-10,4.8405723873656825e-14,1.8882794217134347e-09,6.134223000219591e-08,4.8080667558458856e-08,1.0168509668455779e-08,1.9270631756995726e-09,4.8080667558458856e-08,5.908410479174643e-09,3.1610014605831793e-09,5.964431398917341e-10,2.973581381127133e-10,3.1610014605831793e-09,2.1998868723541476e-09,1.6114116291321423e-09,2.2185529206121296e-10,1.3887013761149092e-10,1.6114116291321423e-09,,,,,,,,,
2026-03-22T16:01:43Z,test_cases/pglib_opf_case39_epri.mat,pglib_opf_case39_epri,oracle_ac_constraint_dual__Qg_Va,oracle_ac_constraint_dual,constraint_only,ac_true,1,0,Qg+Va,2,,,optimal,ok,1,3972.3627699144718,134443.19981425465,33.844643000072345,0,0.002167940139770508,0.006273746490478516,0.07255172729492188,0.07882547378540039,0.07882547378540039,0.0809934139251709,acopf_acdc_paper_study/cases/pglib_opf_case39_epri/logs/oracle_ac_constraint_dual__Qg_Va.log,0,50,1.1360031856172403e-09,3.744915488823608e-11,1.0382616011384016e-07,9.221637574326553e-08,9.221637574326553e-08,0.035,,,0.035,True,100.0,39,46,10,10,21,1,9,29,6254.23,1387.1,7367.0,0.0,2807.0,-160.0,46,0,0,2,1,138415.56258416089,6292.548735855454,1259.733142499436,0.9970877853516035,1.0600000087696952,1.0440286410737964,0.015015581975330155,-0.20670867007985372,0.08316925777698374,-0.12662086008357393,0.08092037254173141,889.0662116352427,900.0000043665228,292.478744826078,298.19889345705246,1.000000004057748,1.000000004851692,0.38937948770335284,0.3949053138166026,2.0288739577267734e-07,7.859741089077943e-07,0,7,2,2,0,5,0,,,,,,1,0.0,0.0,0.0,0.0,0.0,0,,,,,,1,0.0,0.0,0.0,0.0,0.0,1,1,0,2.283085039169845e-09,1.7324653378558708e-09,3.220571420659013e-10,4.8405723873656825e-14,1.7324653378558708e-09,5.748487911018647e-08,4.5291429245919446e-08,9.622241355131662e-09,2.0007624446094496e-09,4.5291429245919446e-08,5.5121703543798664e-09,2.9346842733701806e-09,5.595060711035179e-10,2.801430198928756e-10,2.9346842733701806e-09,2.0410624883234717e-09,1.4954685684243074e-09,2.055820251391832e-10,1.2954207151416597e-10,1.4954685684243074e-09,,,,,,,,,
2026-03-22T16:01:43Z,test_cases/pglib_opf_case39_epri.mat,pglib_opf_case39_epri,oracle_ac_constraint_dual__Vm_Va,oracle_ac_constraint_dual,constraint_only,ac_true,1,0,Vm+Va,2,,,optimal,ok,1,3972.3627699145695,134443.19981425806,33.8446430000732,0,0.002167940139770508,0.0040819644927978516,0.0995330810546875,0.10361504554748535,0.10361504554748535,0.10578298568725586,acopf_acdc_paper_study/cases/pglib_opf_case39_epri/logs/oracle_ac_constraint_dual__Vm_Va.log,0,83,1.112109302031159e-09,4.5401904458231e-11,1.0382616011384016e-07,9.218389932866605e-08,9.218389932866605e-08,0.058,,,0.058,True,100.0,39,46,10,10,21,1,9,29,6254.23,1387.1,7367.0,0.0,2807.0,-160.0,46,0,0,2,1,138415.5625841643,6292.548735857209,1259.733142543958,0.9970877853467263,1.0600000087697101,1.0440286410678565,0.015015581962129316,-0.20670867006746563,0.08316925790666044,-0.1266208600654276,0.080920372550757,889.066211635242,900.0000043665226,292.4787448085639,298.1988934543946,1.000000004057746,1.0000000048516917,0.38937948767423197,0.39490531381476385,2.02887299849408e-07,7.859740662752301e-07,0,7,2,2,0,5,0,,,,,,0,,,,,,1,0.0,0.0,0.0,0.0,0.0,1,0.0,0.0,0.0,0.0,0.0,1,1,0,2.5190361796359164e-09,1.9078942870009996e-09,3.553890071117394e-10,4.8405723873656825e-14,1.9078942870009996e-09,6.177360115015255e-08,4.837916736666337e-08,1.0224372224817287e-08,1.9256383154697687e-09,4.837916736666337e-08,5.9537437998704405e-09,3.187904606960501e-09,6.003911043542041e-10,2.9758417952052696e-10,3.187904606960501e-09,2.218510824441798e-09,1.625145268357997e-09,2.2372838526597008e-10,1.402361560209897e-10,1.625145268357997e-09,,,,,,,,,
2026-03-22T16:01:43Z,test_cases/pglib_opf_case39_epri.mat,pglib_opf_case39_epri,oracle_ac_constraint_dual__Pg_Qg_Vm,oracle_ac_constraint_dual,constraint_only,ac_true,1,0,Pg+Qg+Vm,3,,,optimal,ok,1,3972.3627699145686,134443.19981425803,33.84464300007319,0,0.002167940139770508,0.005583763122558594,0.05774188041687012,0.06332564353942871,0.06332564353942871,0.06549358367919922,acopf_acdc_paper_study/cases/pglib_opf_case39_epri/logs/oracle_ac_constraint_dual__Pg_Qg_Vm.log,0,28,1.1057428097280287e-09,4.453148960692488e-11,1.0382616011384016e-07,9.217853359932203e-08,9.217853359932203e-08,0.019,,,0.019,False,100.0,39,46,10,10,21,1,9,29,6254.23,1387.1,7367.0,0.0,2807.0,-160.0,46,0,0,2,1,138415.56258416426,6292.548735857026,1259.733142539422,0.997087785345442,1.0600000087697057,1.0440286410682127,0.015015581963807307,-0.20670867006874735,0.0831692578930741,-0.12662086006728343,0.0809203725498267,889.066211635242,900.000004366522,292.4787448102869,298.19889345453134,1.0000000040577386,1.000000004851691,0.3893794876771118,0.3949053138147484,2.028869339198991e-07,7.859739810101019e-07,0,7,2,2,0,5,1,0.0,0.0,0.0,0.0,0.0,1,0.0,0.0,0.0,0.0,0.0,1,0.0,0.0,0.0,0.0,0.0,0,,,,,,1,1,0,2.49301074515839e-09,1.888595391186243e-09,3.517122482143975e-10,4.8405723873656825e-14,1.888595391186243e-09,6.134448169724113e-08,4.8081044229375536e-08,1.016813422281265e-08,1.925303250160937e-09,4.8081044229375536e-08,5.908765591362477e-09,3.1612918949264213e-09,5.964531660596643e-10,2.972964097125441e-10,3.1612918949264213e-09,2.2000740493349347e-09,1.6115589279719345e-09,2.2187249687072735e-10,1.3888762362412876e-10,1.6115589279719345e-09,,,,,,,,,
2026-03-22T16:01:43Z,test_cases/pglib_opf_case39_epri.mat,pglib_opf_case39_epri,oracle_ac_constraint_dual__Pg_Qg_Va,oracle_ac_constraint_dual,constraint_only,ac_true,1,0,Pg+Qg+Va,3,,,optimal,ok,1,3972.3627699145686,134443.19981425803,33.84464300007319,0,0.002167940139770508,0.01452493667602539,0.04834890365600586,0.06287384033203125,0.06287384033203125,0.06504178047180176,acopf_acdc_paper_study/cases/pglib_opf_case39_epri/logs/oracle_ac_constraint_dual__Pg_Qg_Va.log,0,16,1.1003596320788636e-09,4.4515502395370277e-11,1.0382616011384016e-07,9.21769226893738e-08,9.21769226893738e-08,0.011,,,0.011,False,100.0,39,46,10,10,21,1,9,29,6254.23,1387.1,7367.0,0.0,2807.0,-160.0,46,0,0,2,1,138415.56258416426,6292.548735857023,1259.7331425393902,0.9970877853453407,1.0600000087697052,1.0440286410681905,0.015015581963829785,-0.20670867006876262,0.08316925789292247,-0.1266208600673013,0.08092037254982118,889.0662116352422,900.0000043665225,292.47874481029334,298.1988934545155,1.0000000040577395,1.0000000048516917,0.38937948767712527,0.3949053138147237,2.0288696944703588e-07,7.859740378535207e-07,0,7,2,2,0,5,1,0.0,0.0,0.0,0.0,0.0,1,0.0,0.0,0.0,0.0,0.0,0,,,,,,1,0.0,0.0,0.0,0.0,0.0,1,1,0,2.4925698637844497e-09,1.888264822280661e-09,3.5164948175570034e-10,4.8405723873656825e-14,1.888264822280661e-09,6.134210866492502e-08,4.808051096150123e-08,1.0168476235762686e-08,1.9270813833571765e-09,4.808051096150123e-08,5.908391475060339e-09,3.160993022888192e-09,5.964405322909891e-10,2.973554735774542e-10,3.160993022888192e-09,2.1998806444968677e-09,1.6114072992623463e-09,2.2185465119208883e-10,1.3887008210033969e-10,1.6114072992623463e-09,,,,,,,,,
2026-03-22T16:01:43Z,test_cases/pglib_opf_case39_epri.mat,pglib_opf_case39_epri,oracle_ac_constraint_dual__Pg_Vm_Va,oracle_ac_constraint_dual,constraint_only,ac_true,1,0,Pg+Vm+Va,3,,,optimal,ok,1,3972.362769914606,134443.19981425934,33.844643000073525,0,0.002167940139770508,0.0028388500213623047,0.053832292556762695,0.056671142578125,0.056671142578125,0.05883908271789551,acopf_acdc_paper_study/cases/pglib_opf_case39_epri/logs/oracle_ac_constraint_dual__Pg_Vm_Va.log,0,21,1.1835048701698573e-09,5.142020143011905e-11,1.0382615833748332e-07,9.21903840843421e-08,9.21903840843421e-08,0.014,,,0.014,True,100.0,39,46,10,10,21,1,9,29,6254.23,1387.1,7367.0,0.0,2807.0,-160.0,46,0,0,2,1,138415.56258416557,6292.548735858423,1259.7331425744053,0.9970877853478469,1.0600000087697303,1.044028641064507,0.015015581952350504,-0.2067086700588867,0.08316925799682634,-0.1266208600529431,0.08092037255694796,889.0662116352423,900.0000043665226,292.4787447967081,298.19889345298344,1.0000000040577424,1.0000000048516917,0.38937948765447056,0.39490531381411975,2.0288712221372407e-07,7.859740662752301e-07,0,7,2,2,0,5,1,0.0,0.0,0.0,0.0,0.0,0,,,,,,1,0.0,0.0,0.0,0.0,0.0,1,0.0,0.0,0.0,0.0,0.0,1,1,0,2.6866548727284656e-09,2.032361667847482e-09,3.790679603543623e-10,4.75175454539567e-14,2.032361667847482e-09,6.470541492947975e-08,5.04519285238203e-08,1.0621457039126066e-08,1.871053756374863e-09,5.04519285238203e-08,6.2576760292164e-09,3.364207135092556e-09,6.278103962623997e-10,3.018176819580276e-10,3.364207135092556e-09,2.3414608600523804e-09,1.715311170880085e-09,2.362128640835219e-10,1.4942810530604866e-10,1.715311170880085e-09,,,,,,,,,
2026-03-22T16:01:43Z,test_cases/pglib_opf_case39_epri.mat,pglib_opf_case39_epri,oracle_ac_constraint_dual__Qg_Vm_Va,oracle_ac_constraint_dual,constraint_only,ac_true,1,0,Qg+Vm+Va,3,,,optimal,ok,1,3972.3627699225704,134443.19981453684,33.84464300014338,0,0.002167940139770508,0.002912759780883789,0.09135293960571289,0.09426569938659668,0.09426569938659668,0.09643363952636719,acopf_acdc_paper_study/cases/pglib_opf_case39_epri/logs/oracle_ac_constraint_dual__Qg_Vm_Va.log,0,69,1.0682172164237867e-08,9.001741574365951e-10,1.038261210339897e-07,1.0921079368598822e-07,1.0921079368598822e-07,0.052,,,0.052,True,100.0,39,46,10,10,21,1,9,29,6254.23,1387.1,7367.0,0.0,2807.0,-160.0,46,0,0,2,1,138415.56258444308,6292.548736060863,1259.7331476301642,0.9970877854634171,1.0600000087707997,1.0440286405059875,0.015015580349296493,-0.20670866864021895,0.08316927289200347,-0.1266208579886965,0.08092037357918959,889.0662116352476,900.0000043665223,292.4787428391441,298.19889322009897,1.0000000040575574,1.0000000048516915,0.3893794843906567,0.3949053137071864,2.028778673945908e-07,7.859740094318113e-07,0,7,2,2,0,5,0,,,,,,1,0.0,0.0,0.0,0.0,0.0,1,0.0,0.0,0.0,0.0,0.0,1,0.0,0.0,0.0,0.0,0.0,1,1,0,3.038033233809733e-08,2.2601090832186088e-08,4.290382765725909e-09,3.5083047578154947e-14,2.2601090832186088e-08,5.600544728152273e-07,3.977809182043046e-07,8.586663838140355e-08,1.4217501620450435e-08,3.977809182043046e-07,5.736588686485286e-08,3.2477526001883916e-08,5.165131530459596e-09,2.458120818005227e-09,3.2477526001883916e-08,2.273225977997175e-08,1.6610488304258375e-08,2.300459480672123e-09,1.6167345795459198e-09,1.6610488304258375e-08,,,,,,,,,
2026-03-22T16:01:43Z,test_cases/pglib_opf_case39_epri.mat,pglib_opf_case39_epri,oracle_ac_constraint_dual__Pg_Qg_Vm_Va,oracle_ac_constraint_dual,constraint_only,ac_true,1,0,Pg+Qg+Vm+Va,4,,,optimal,ok,1,3972.36276991457,134443.19981425809,33.844643000073205,0,0.002167940139770508,0.0030777454376220703,0.04326677322387695,0.04634451866149902,0.04634451866149902,0.04851245880126953,acopf_acdc_paper_study/cases/pglib_opf_case39_epri/logs/oracle_ac_constraint_dual__Pg_Qg_Vm_Va.log,0,4,1.106652305093293e-09,4.4515502395370277e-11,1.0382616011384016e-07,9.217689378178662e-08,9.217689378178662e-08,0.004,,,0.004,False,100.0,39,46,10,10,21,1,9,29,6254.23,1387.1,7367.0,0.0,2807.0,-160.0,46,0,0,2,1,138415.56258416432,6292.548735857025,1259.7331425394134,0.9970877853453275,1.0600000087697052,1.0440286410681892,0.015015581963831667,-0.20670867006876403,0.08316925789291621,-0.12662086006730272,0.08092037254982101,889.0662116352422,900.0000043665228,292.4787448102943,298.1988934545154,1.0000000040577386,1.000000004851692,0.3893794876771267,0.3949053138147237,2.028869339198991e-07,7.859741089077943e-07,0,7,2,2,0,5,1,0.0,0.0,0.0,0.0,0.0,1,0.0,0.0,0.0,0.0,0.0,1,0.0,0.0,0.0,0.0,0.0,1,0.0,0.0,0.0,0.0,0.0,1,1,0,2.4925438765156213e-09,1.88825577396301e-09,3.516454682994663e-10,4.8405723873656825e-14,1.88825577396301e-09,6.134198569057059e-08,4.8080563808117205e-08,1.0168470014445998e-08,1.9270760542866583e-09,4.8080563808117205e-08,5.908377350891609e-09,3.160982142702551e-09,5.964396071051353e-10,2.973565838004788e-10,3.160982142702551e-09,2.1998705119253367e-09,1.611401040380045e-09,2.2185322275850658e-10,1.3886844452137836e-10,1.611401040380045e-09,,,,,,,,,
2026-03-22T16:01:43Z,test_cases/pglib_opf_case39_epri.mat,pglib_opf_case39_epri,oracle_ac_bounds_dual__Pg,oracle_ac_bounds_dual,bounds_only,ac_true,1,0,Pg,1,,,optimal,ok,1,3972.3627699164085,134443.19981432217,33.84464300008934,0,0.002167940139770508,0.002877950668334961,0.09430289268493652,0.09718084335327148,0.09718084335327148,0.09934878349304199,acopf_acdc_paper_study/cases/pglib_opf_case39_epri/logs/oracle_ac_bounds_dual__Pg.log,0,79,4.065014173286875e-09,2.9250912803036044e-10,1.0382614235027177e-07,9.62889597286187e-08,9.62889597286187e-08,0.053,,,0.053,True,100.0,39,46,10,10,21,1,9,29,6254.23,1387.1,7367.0,0.0,2807.0,-160.0,46,0,0,2,1,138415.5625842284,6292.548735912476,1259.7331439257644,0.9970877853890322,1.0600000087702566,1.0440286409172739,0.015015581521502787,-0.20670866967824636,0.08316926199326337,-0.12662085949946478,0.08092037283077036,889.0662116352447,900.0000043665219,292.47874427246546,298.19889339196317,1.000000004057646,1.000000004851691,0.38937948678023004,0.39490531378754945,2.0288229762854826e-07,7.859739383775377e-07,0,7,2,2,0,5,1,0.0,0.0,0.0,0.0,0.0,0,,,,,,0,,,,,,0,,,,,,0,0,1,1.0129107679211342e-08,7.558597525658683e-09,1.4302584672165608e-09,4.1300296516055823e-14,7.558597525658683e-09,1.9678280757482913e-07,1.4207158499646155e-07,2.9730526836479947e-08,2.4464890113762294e-09,1.4207158499646155e-07,1.9911452286325357e-08,1.1176541914181826e-08,1.841498247337552e-09,8.476017665515201e-10,1.1176541914181826e-08,7.807224094026671e-09,5.711748199410671e-09,7.896911737417871e-10,5.46337253215512e-10,5.711748199410671e-09,,,,,,,,,
2026-03-22T16:01:44Z,test_cases/pglib_opf_case39_epri.mat,pglib_opf_case39_epri,oracle_ac_bounds_dual__Qg,oracle_ac_bounds_dual,bounds_only,ac_true,1,0,Qg,1,,,optimal,ok,1,3972.362769914571,134443.1998142581,33.84464300007321,0,0.002167940139770508,0.006020784378051758,0.08451104164123535,0.09053182601928711,0.09053182601928711,0.09269976615905762,acopf_acdc_paper_study/cases/pglib_opf_case39_epri/logs/oracle_ac_bounds_dual__Qg.log,0,68,1.1005045569495789e-09,4.451727875220968e-11,1.0382616011384016e-07,9.217689574218088e-08,9.217689574218088e-08,0.048,,,0.048,True,100.0,39,46,10,10,21,1,9,29,6254.23,1387.1,7367.0,0.0,2807.0,-160.0,46,0,0,2,1,138415.56258416435,6292.548735857026,1259.7331425394395,0.9970877853454421,1.0600000087697052,1.0440286410681947,0.015015581963816584,-0.2067086700687634,0.08316925789292584,-0.12662086006730255,0.08092037254982165,889.0662116352416,900.0000043665219,292.4787448102906,298.1988934545141,1.0000000040577401,1.000000004851691,0.3893794876771219,0.3949053138147223,2.0288700497417267e-07,7.859739383775377e-07,0,7,2,2,0,5,0,,,,,,1,0.0,0.0,0.0,0.0,0.0,0,,,,,,0,,,,,,0,0,1,2.4926056394311476e-09,1.8883074548448064e-09,3.516546331905346e-10,4.8405723873656825e-14,1.8883074548448064e-09,6.134308304587886e-08,4.8080874948119856e-08,1.0168515874025235e-08,1.9270314233210684e-09,4.8080874948119856e-08,5.908398428036652e-09,3.1610010164939695e-09,5.9643667497766e-10,2.973592483357379e-10,3.1610010164939695e-09,2.1998799133640934e-09,1.6114106715647836e-09,2.2185344293494774e-10,1.3886930494422245e-10,1.6114106715647836e-09,,,,,,,,,
2026-03-22T16:01:44Z,test_cases/pglib_opf_case39_epri.mat,pglib_opf_case39_epri,oracle_ac_bounds_dual__Vm,oracle_ac_bounds_dual,bounds_only,ac_true,1,0,Vm,1,,,optimal,ok,1,3972.3627699440367,134443.19981528484,33.84464300033168,0,0.002167940139770508,0.005212306976318359,0.09512782096862793,0.10034012794494629,0.10034012794494629,0.1025080680847168,acopf_acdc_paper_study/cases/pglib_opf_case39_epri/logs/oracle_ac_bounds_dual__Vm.log,0,79,3.578574525597844e-08,2.93787039140625e-09,1.0382608373049607e-07,1.538707842220832e-07,1.538707842220832e-07,0.058,,,0.058,True,100.0,39,46,10,10,21,1,9,29,6254.23,1387.1,7367.0,0.0,2807.0,-160.0,46,0,0,2,1,138415.56258519107,6292.548736574591,1259.7331604351202,0.9970877858270922,1.0600000087719248,1.0440286391048261,0.01501557628440647,-0.20670866505152585,0.08316931056114418,-0.12662085276873933,0.08092037616347475,889.0662116352539,900.0000043665223,292.47873789457884,298.19889263821295,1.000000004057448,1.0000000048516915,0.38937947614546753,0.3949053134464171,2.0287239621552544e-07,7.859740094318113e-07,0,7,2,2,0,5,0,,,,,,0,,,,,,1,0.0,0.0,0.0,0.0,0.0,0,,,,,,0,0,1,1.0047243021547598e-07,7.466567730762819e-08,1.4189595465285976e-08,5.1514348342607263e-14,7.466567730762819e-08,1.815338606139408e-06,1.3036187189729986e-06,2.798887306575321e-07,4.2831158786338364e-08,1.3036187189729986e-06,1.8682832938925827e-07,1.0609766443181456e-07,1.6737329471101685e-08,7.796240542035093e-09,1.0609766443181456e-07,7.431909519974368e-08,5.427962901372041e-08,7.520416617793147e-09,5.300173633315808e-09,5.427962901372041e-08,,,,,,,,,
2026-03-22T16:01:44Z,test_cases/pglib_opf_case39_epri.mat,pglib_opf_case39_epri,oracle_ac_bounds_dual__Va,oracle_ac_bounds_dual,bounds_only,ac_true,1,0,Va,1,,,optimal,ok,1,3972.3627699145727,134443.19981425817,33.844643000073226,0,0.002167940139770508,0.00503230094909668,0.08693623542785645,0.09196853637695312,0.09196853637695312,0.09413647651672363,acopf_acdc_paper_study/cases/pglib_opf_case39_epri/logs/oracle_ac_bounds_dual__Va.log,0,67,1.102104830442575e-09,4.4515502395370277e-11,1.0382616011384016e-07,9.217679712958394e-08,9.217679712958394e-08,0.046,,,0.046,True,100.0,39,46,10,10,21,1,9,29,6254.23,1387.1,7367.0,0.0,2807.0,-160.0,46,0,0,2,1,138415.5625841644,6292.548735857029,1259.7331425394318,0.9970877853455099,1.060000008769705,1.044028641068205,0.015015581963797377,-0.20670867006875682,0.08316925789299355,-0.12662086006729437,0.08092037254982548,889.0662116352426,900.0000043665226,292.47874481028856,298.19889345452117,1.00000000405774,1.0000000048516917,0.3893794876771171,0.39490531381473337,2.028869978687453e-07,7.859740662752301e-07,0,7,2,2,0,5,0,,,,,,0,,,,,,0,,,,,,1,0.0,0.0,0.0,0.0,0.0,0,0,1,2.4927822205519517e-09,1.888443734721079e-09,3.516791413638032e-10,4.8405723873656825e-14,1.888443734721079e-09,6.134386183206345e-08,4.808092740615777e-08,1.0168410670729925e-08,1.9274131179969345e-09,4.808092740615777e-08,5.90855430314314e-09,3.161135575524554e-09,5.964409194456849e-10,2.973290502694681e-10,3.161135575524554e-09,2.1999676906386807e-09,1.611478381291498e-09,2.2186160031641322e-10,1.3887688221636552e-10,1.611478381291498e-09,,,,,,,,,
2026-03-22T16:01:44Z,test_cases/pglib_opf_case39_epri.mat,pglib_opf_case39_epri,oracle_ac_bounds_dual__Pg_Qg,oracle_ac_bounds_dual,bounds_only,ac_true,1,0,Pg+Qg,2,,,optimal,ok,1,3972.362769917806,134443.19981437083,33.84464300010159,0,0.002167940139770508,0.005561113357543945,0.09476804733276367,0.10032916069030762,0.10032916069030762,0.10249710083007812,acopf_acdc_paper_study/cases/pglib_opf_case39_epri/logs/oracle_ac_bounds_dual__Pg_Qg.log,0,81,5.547709399573758e-09,4.2370729147478414e-10,1.0382613702120125e-07,9.90387673248012e-08,9.90387673248012e-08,0.057,,,0.057,True,100.0,39,46,10,10,21,1,9,29,6254.23,1387.1,7367.0,0.0,2807.0,-160.0,46,0,0,2,1,138415.56258427707,6292.54873594405,1259.7331447153479,0.9970877853918295,1.0600000087703743,1.0440286408270902,0.015015581273577524,-0.20670866945745012,0.08316926431226179,-0.12662085917772306,0.08092037299037608,889.066211635245,900.0000043665219,292.47874396631465,298.19889335382237,1.0000000040576222,1.000000004851691,0.3893794862700505,0.3949053137682227,2.0288110746946586e-07,7.859739383775377e-07,0,7,2,2,0,5,1,0.0,0.0,0.0,0.0,0.0,1,0.0,0.0,0.0,0.0,0.0,0,,,,,,0,,,,,,0,0,1,1.4425272351368503e-08,1.0750210388543735e-08,2.0370151232462776e-09,3.952393967665557e-14,1.0750210388543735e-08,2.7417290939115785e-07,1.9570816797709334e-07,4.1670358448242785e-08,4.874010250954797e-09,1.9570816797709334e-07,2.78840346670285e-08,1.5708714107276478e-08,2.5514470707139916e-09,1.2200216392699303e-09,1.5708714107276478e-08,1.0983291374379555e-08,8.030746623255425e-09,1.1114328859851135e-09,7.76417014014541e-10,8.030746623255425e-09,,,,,,,,,
2026-03-22T16:01:44Z,test_cases/pglib_opf_case39_epri.mat,pglib_opf_case39_epri,oracle_ac_bounds_dual__Pg_Vm,oracle_ac_bounds_dual,bounds_only,ac_true,1,0,Pg+Vm,2,,,optimal,ok,1,3972.362769914572,134443.19981425814,33.84464300007322,0,0.002167940139770508,0.0058443546295166016,0.12314486503601074,0.12898921966552734,0.12898921966552734,0.13115715980529785,acopf_acdc_paper_study/cases/pglib_opf_case39_epri/logs/oracle_ac_bounds_dual__Pg_Vm.log,0,110,1.1075618161282965e-09,4.495070982102334e-11,1.0382616011384016e-07,9.217781600637133e-08,9.217781600637133e-08,0.083,,,0.083,True,100.0,39,46,10,10,21,1,9,29,6254.23,1387.1,7367.0,0.0,2807.0,-160.0,46,0,0,2,1,138415.56258416438,6292.54873585711,1259.7331425415782,0.9970877853453509,1.0600000087697072,1.0440286410679487,0.0150155819631463,-0.20670867006814872,0.08316925789936001,-0.12662086006640857,0.08092037255026195,889.0662116352422,900.0000043665223,292.4787448094475,298.1988934544155,1.0000000040577384,1.0000000048516915,0.3893794876757146,0.3949053138146784,2.028869161563307e-07,7.859740094318113e-07,0,7,2,2,0,5,1,0.0,0.0,0.0,0.0,0.0,0,,,,,,1,0.0,0.0,0.0,0.0,0.0,0,,,,,,0,0,1,2.5045530988620077e-09,1.897169144005062e-09,3.5334229431249755e-10,4.8405723873656825e-14,1.897169144005062e-09,6.15509333709634e-08,4.822855317887509e-08,1.0196746959799264e-08,1.922039194468539e-09,4.822855317887509e-08,5.930076235910556e-09,3.1735760686046888e-09,5.984034692264919e-10,2.976625612660655e-10,3.1735760686046888e-09,2.2086603461157673e-09,1.6178448442039084e-09,2.2274737289705262e-10,1.3951026445191417e-10,1.6178448442039084e-09,,,,,,,,,
2026-03-22T16:01:44Z,test_cases/pglib_opf_case39_epri.mat,pglib_opf_case39_epri,oracle_ac_bounds_dual__Pg_Va,oracle_ac_bounds_dual,bounds_only,ac_true,1,0,Pg+Va,2,,,optimal,ok,1,3972.362769914566,134443.19981425794,33.84464300007317,0,0.002167940139770508,0.005627870559692383,0.06735610961914062,0.07298398017883301,0.07298398017883301,0.07515192031860352,acopf_acdc_paper_study/cases/pglib_opf_case39_epri/logs/oracle_ac_bounds_dual__Pg_Va.log,0,42,1.102559577792191e-09,4.4513726038530876e-11,1.0382616011384016e-07,9.217689567466194e-08,9.217689567466194e-08,0.03,,,0.03,True,100.0,39,46,10,10,21,1,9,29,6254.23,1387.1,7367.0,0.0,2807.0,-160.0,46,0,0,2,1,138415.56258416417,6292.548735857021,1259.7331425394227,0.9970877853453375,1.0600000087697052,1.044028641068189,0.01501558196382953,-0.2067086700687638,0.08316925789292419,-0.12662086006730208,0.08092037254982165,889.0662116352422,900.0000043665228,292.47874481029294,298.19889345451514,1.0000000040577386,1.000000004851692,0.38937948767712455,0.3949053138147235,2.028869339198991e-07,7.859741089077943e-07,0,7,2,2,0,5,1,0.0,0.0,0.0,0.0,0.0,0,,,,,,0,,,,,,1,0.0,0.0,0.0,0.0,0.0,0,0,1,2.4925771923412166e-09,1.8882611030335283e-09,3.5165066414322156e-10,4.8405723873656825e-14,1.8882611030335283e-09,6.134232018868117e-08,4.808076636830805e-08,1.0168505600485786e-08,1.927053405736956e-09,4.808076636830805e-08,5.908406677750395e-09,3.1609983519587104e-09,5.964420609826923e-10,2.9735880424652805e-10,3.1609983519587104e-09,2.199879756571594e-09,1.6114090201080344e-09,2.2185386425035197e-10,1.3886919392191999e-10,1.6114090201080344e-09,,,,,,,,,
2026-03-22T16:01:44Z,test_cases/pglib_opf_case39_epri.mat,pglib_opf_case39_epri,oracle_ac_bounds_dual__Qg_Vm,oracle_ac_bounds_dual,bounds_only,ac_true,1,0,Qg+Vm,2,,,optimal,ok,1,3972.3627699502435,134443.19981550108,33.84464300038612,0,0.002167940139770508,0.0057830810546875,0.10174226760864258,0.10752534866333008,0.10752534866333008,0.10969328880310059,acopf_acdc_paper_study/cases/pglib_opf_case39_epri/logs/oracle_ac_bounds_dual__Qg_Vm.log,0,84,4.326112257313497e-08,3.514346147426295e-09,1.0382607484871187e-07,1.666440790939564e-07,1.666440790939564e-07,0.06,,,0.06,True,100.0,39,46,10,10,21,1,9,29,6254.23,1387.1,7367.0,0.0,2807.0,-160.0,46,0,0,2,1,138415.56258540732,6292.548736721611,1259.7331640983437,0.9970877859354994,1.0600000087721642,1.0440286387048439,0.015015575121221168,-0.206708664025092,0.0831693213344877,-0.12662085127585912,0.0809203769025071,889.0662116352552,900.000004366522,292.47873648082435,298.1988924722562,1.000000004057437,1.000000004851691,0.38937947378791693,0.3949053133724693,2.0287185265033258e-07,7.859739810101019e-07,0,7,2,2,0,5,0,,,,,,1,0.0,0.0,0.0,0.0,0.0,1,0.0,0.0,0.0,0.0,0.0,0,,,,,,0,0,1,1.2052235659446545e-07,8.955913771702129e-08,1.702127241931528e-08,5.595524044110789e-14,8.955913771702129e-08,2.1743229348922222e-06,1.5626897947318419e-06,3.35376544167804e-07,5.101740729873683e-08,1.5626897947318419e-06,2.2385392385109566e-07,1.271525995605316e-07,2.005432420980869e-08,9.366321496173668e-09,1.271525995605316e-07,8.907304272126078e-08,6.505297253656117e-08,9.013296827292113e-09,6.3536387262530525e-09,6.505297253656117e-08,,,,,,,,,
2026-03-22T16:01:44Z,test_cases/pglib_opf_case39_epri.mat,pglib_opf_case39_epri,oracle_ac_bounds_dual__Qg_Va,oracle_ac_bounds_dual,bounds_only,ac_true,1,0,Qg+Va,2,,,optimal,ok,1,3972.362769915449,134443.1998142887,33.844643000080914,0,0.002167940139770508,0.004970073699951172,0.06905889511108398,0.07402896881103516,0.07402896881103516,0.07619690895080566,acopf_acdc_paper_study/cases/pglib_opf_case39_epri/logs/oracle_ac_bounds_dual__Qg_Va.log,0,44,2.5023341678037637e-09,1.6119550139137573e-10,1.0382614945569912e-07,9.364421038789728e-08,9.364421038789728e-08,0.031,,,0.031,True,100.0,39,46,10,10,21,1,9,29,6254.23,1387.1,7367.0,0.0,2807.0,-160.0,46,0,0,2,1,138415.56258419494,6292.548735882268,1259.7331431721536,0.9970877853533584,1.0600000087699868,1.0440286409970185,0.015015581763597227,-0.2067086698908182,0.08316925976226935,-0.1266208598082026,0.08092037267821112,889.0662116352436,900.0000043665223,292.478744564045,298.1988934246077,1.000000004057685,1.0000000048516915,0.38937948726667654,0.39490531380037475,2.028842516210716e-07,7.859740094318113e-07,0,7,2,2,0,5,0,,,,,,1,0.0,0.0,0.0,0.0,0.0,0,,,,,,1,0.0,0.0,0.0,0.0,0.0,0,0,1,5.9625782585036936e-09,4.465160297062454e-09,8.41785224858782e-10,4.440892098500626e-14,4.465160297062454e-09,1.2293280562609077e-07,9.118036381483563e-08,1.8744592924890332e-08,1.4928617231291241e-09,9.118036381483563e-08,1.2276004259383662e-08,6.815291664352685e-09,1.166943171722797e-09,5.056854934792909e-10,6.815291664352685e-09,4.7548772968820676e-09,3.4807541848813628e-09,4.809533651859376e-10,3.2440361508179194e-10,3.4807541848813628e-09,,,,,,,,,
2026-03-22T16:01:44Z,test_cases/pglib_opf_case39_epri.mat,pglib_opf_case39_epri,oracle_ac_bounds_dual__Vm_Va,oracle_ac_bounds_dual,bounds_only,ac_true,1,0,Vm+Va,2,,,optimal,ok,1,3972.362769914881,134443.19981426888,33.844643000075926,0,0.002167940139770508,0.005887031555175781,0.0950157642364502,0.10090279579162598,0.10090279579162598,0.10307073593139648,acopf_acdc_paper_study/cases/pglib_opf_case39_epri/logs/oracle_ac_bounds_dual__Vm_Va.log,0,76,1.5976843928790577e-09,9.047518290117296e-11,1.0382615478476964e-07,9.22659685276755e-08,9.22659685276755e-08,0.057,,,0.057,True,100.0,39,46,10,10,21,1,9,29,6254.23,1387.1,7367.0,0.0,2807.0,-160.0,46,0,0,2,1,138415.56258417512,6292.548735866543,1259.7331427784115,0.9970877853471862,1.0600000087698376,1.0440286410410764,0.01501558188827039,-0.20670867000147725,0.08316925859996918,-0.12662085996929656,0.08092037259839976,889.0662116352429,900.0000043665223,292.47874471705217,298.198893443082,1.0000000040577137,1.0000000048516915,0.38937948752173074,0.39490531380913124,2.028856904701115e-07,7.859740094318113e-07,0,7,2,2,0,5,0,,,,,,0,,,,,,1,0.0,0.0,0.0,0.0,0.0,1,0.0,0.0,0.0,0.0,0.0,0,0,1,3.804040917179007e-09,2.86214757450054e-09,5.369064026705672e-10,4.618527782440651e-14,2.86214757450054e-09,8.451319253590674e-08,6.440553015907291e-08,1.3345294985750076e-08,1.4673191550684805e-09,6.440553015907291e-08,8.306435987054337e-09,4.54327064858262e-09,8.124682949209673e-10,3.9609948654373284e-10,4.54327064858262e-09,3.1653218637782905e-09,2.318454012106841e-09,3.198594251820669e-10,2.0968750347183374e-10,2.318454012106841e-09,,,,,,,,,
2026-03-22T16:01:44Z,test_cases/pglib_opf_case39_epri.mat,pglib_opf_case39_epri,oracle_ac_bounds_dual__Pg_Qg_Vm,oracle_ac_bounds_dual,bounds_only,ac_true,1,0,Pg+Qg+Vm,3,,,optimal,ok,1,3972.3627699145386,134443.19981425695,33.84464300007292,0,0.002167940139770508,0.005842924118041992,0.07886123657226562,0.08470416069030762,0.08470416069030762,0.08687210083007812,acopf_acdc_paper_study/cases/pglib_opf_case39_epri/logs/oracle_ac_bounds_dual__Pg_Qg_Vm.log,0,61,1.1308137104655558e-09,4.452971325008548e-11,1.0382616011384016e-07,9.220775098789234e-08,9.220775098789234e-08,0.041,,,0.041,True,100.0,39,46,10,10,21,1,9,29,6254.23,1387.1,7367.0,0.0,2807.0,-160.0,46,0,0,2,1,138415.56258416318,6292.548735856991,1259.733142538472,0.9970877853487222,1.0600000087697157,1.0440286410689816,0.015015581963655303,-0.20670867006891686,0.08316925789104633,-0.12662086006763326,0.0809203725495962,889.0662116352423,900.0000043665228,292.4787448109138,298.1988934550315,1.0000000040577381,1.000000004851692,0.38937948767808883,0.3949053138154329,2.0288690905090334e-07,7.859741089077943e-07,0,7,2,2,0,5,1,0.0,0.0,0.0,0.0,0.0,1,0.0,0.0,0.0,0.0,0.0,1,0.0,0.0,0.0,0.0,0.0,0,,,,,,0,0,1,2.4925568834326937e-09,1.8881118335478675e-09,3.51648971053109e-10,4.8405723873656825e-14,1.8881118335478675e-09,6.121573473089942e-08,4.796205502199946e-08,1.0132045418844828e-08,1.8941954671447547e-09,4.796205502199946e-08,5.898479837605273e-09,3.1573963443776165e-09,5.950068870656622e-10,2.9558622216541153e-10,3.1573963443776165e-09,2.1970264959704537e-09,1.6095311611286078e-09,2.215226953083675e-10,1.3875195437051957e-10,1.6095311611286078e-09,,,,,,,,,
2026-03-22T16:01:44Z,test_cases/pglib_opf_case39_epri.mat,pglib_opf_case39_epri,oracle_ac_bounds_dual__Pg_Qg_Va,oracle_ac_bounds_dual,bounds_only,ac_true,1,0,Pg+Qg+Va,3,,,optimal,ok,1,3972.362769914567,134443.19981425797,33.84464300007318,0,0.002167940139770508,0.0057871341705322266,0.08137917518615723,0.08716630935668945,0.08716630935668945,0.08933424949645996,acopf_acdc_paper_study/cases/pglib_opf_case39_epri/logs/oracle_ac_bounds_dual__Pg_Qg_Va.log,0,57,1.1034690727166807e-09,4.452083146588848e-11,1.0382616011384016e-07,9.217968720085357e-08,9.217968720085357e-08,0.044,,,0.044,True,100.0,39,46,10,10,21,1,9,29,6254.23,1387.1,7367.0,0.0,2807.0,-160.0,46,0,0,2,1,138415.5625841642,6292.54873585702,1259.7331425393136,0.9970877853455855,1.0600000087697057,1.0440286410682513,0.015015581963827409,-0.2067086700687838,0.08316925789270298,-0.12662086006733914,0.08092037254979856,889.0662116352423,900.0000043665225,292.4787448103453,298.19889345455033,1.0000000040577395,1.0000000048516917,0.3893794876772073,0.3949053138147702,2.0288696944703588e-07,7.859740378535207e-07,0,7,2,2,0,5,1,0.0,0.0,0.0,0.0,0.0,1,0.0,0.0,0.0,0.0,0.0,0,,,,,,1,0.0,0.0,0.0,0.0,0.0,0,0,1,2.4924315069004804e-09,1.888153744467047e-09,3.516298918704308e-10,4.8405723873656825e-14,1.888153744467047e-09,6.133064332617391e-08,4.8070154634594076e-08,1.0165900817663155e-08,1.9257218042412205e-09,4.8070154634594076e-08,5.907396497650126e-09,3.160573358584884e-09,5.963087943655774e-10,2.9722291294831393e-10,3.160573358584884e-09,2.1995525018584646e-09,1.6111878081703779e-09,2.2181685654931727e-10,1.3885134708679914e-10,1.6111878081703779e-09,,,,,,,,,
2026-03-22T16:01:45Z,test_cases/pglib_opf_case39_epri.mat,pglib_opf_case39_epri,oracle_ac_bounds_dual__Pg_Vm_Va,oracle_ac_bounds_dual,bounds_only,ac_true,1,0,Pg+Vm+Va,3,,,optimal,ok,1,3972.3627699145695,134443.19981425806,33.8446430000732,0,0.002167940139770508,0.013578176498413086,0.07311415672302246,0.08669233322143555,0.08669233322143555,0.08886027336120605,acopf_acdc_paper_study/cases/pglib_opf_case39_epri/logs/oracle_ac_bounds_dual__Pg_Vm_Va.log,0,44,1.1025595786499971e-09,4.453326596376428e-11,1.0382616011384016e-07,9.21769229152893e-08,9.21769229152893e-08,0.033,,,0.033,True,100.0,39,46,10,10,21,1,9,29,6254.23,1387.1,7367.0,0.0,2807.0,-160.0,46,0,0,2,1,138415.5625841643,6292.548735857029,1259.733142539535,0.9970877853453259,1.0600000087697052,1.044028641068176,0.015015581963797665,-0.20670867006873442,0.08316925789323579,-0.12662086006725903,0.08092037254984309,889.0662116352426,900.0000043665226,292.478744810252,298.19889345450997,1.000000004057741,1.0000000048516917,0.3893794876770564,0.3949053138147208,2.028870511594505e-07,7.859740662752301e-07,0,7,2,2,0,5,1,0.0,0.0,0.0,0.0,0.0,0,,,,,,1,0.0,0.0,0.0,0.0,0.0,1,0.0,0.0,0.0,0.0,0.0,0,0,1,2.4931712957925197e-09,1.8887170161185907e-09,3.5173400303456503e-10,4.8405723873656825e-14,1.8887170161185907e-09,6.135246175940357e-08,4.8088054205308595e-08,1.0169898729574192e-08,1.9268617812429056e-09,4.8088054205308595e-08,5.909459674940129e-09,3.1616080864438345e-09,5.965377963681234e-10,2.973741253242679e-10,3.1616080864438345e-09,2.2003044971703526e-09,1.6117206180776833e-09,2.2189693841282243e-10,1.388997528106728e-10,1.6117206180776833e-09,,,,,,,,,
2026-03-22T16:01:45Z,test_cases/pglib_opf_case39_epri.mat,pglib_opf_case39_epri,oracle_ac_bounds_dual__Qg_Vm_Va,oracle_ac_bounds_dual,bounds_only,ac_true,1,0,Qg+Vm+Va,3,,,optimal,ok,1,3972.362769914886,134443.1998142691,33.844643000075976,0,0.002167940139770508,0.0029239654541015625,0.06575989723205566,0.06868386268615723,0.06868386268615723,0.07085180282592773,acopf_acdc_paper_study/cases/pglib_opf_case39_epri/logs/oracle_ac_bounds_dual__Qg_Vm_Va.log,0,40,1.651237717942961e-09,9.413980706085567e-11,1.0382615478476964e-07,9.234543474118151e-08,9.234543474118151e-08,0.029,,,0.029,True,100.0,39,46,10,10,21,1,9,29,6254.23,1387.1,7367.0,0.0,2807.0,-160.0,46,0,0,2,1,138415.56258417532,6292.548735867434,1259.7331428011375,0.9970877853469405,1.0600000087698436,1.0440286410387047,0.015015581881332755,-0.2067086699949598,0.08316925866715136,-0.12662085995989986,0.08092037260294718,889.0662116352426,900.000004366522,292.47874470835956,298.19889344220775,1.0000000040577497,1.000000004851691,0.3893794875071944,0.3949053138088774,2.028874845905193e-07,7.859739810101019e-07,0,7,2,2,0,5,0,,,,,,1,0.0,0.0,0.0,0.0,0.0,1,0.0,0.0,0.0,0.0,0.0,1,0.0,0.0,0.0,0.0,0.0,0,0,1,3.9303523960179105e-09,2.9558133718410318e-09,5.547504233760491e-10,4.6629367034256575e-14,2.9558133718410318e-09,8.669542910715487e-08,6.592139117911344e-08,1.3633653289590594e-08,1.367631563553573e-09,6.592139117911344e-08,8.534318451633869e-09,4.6743098280899176e-09,8.329205302678643e-10,3.963451788990824e-10,4.6743098280899176e-09,3.2574122025143665e-09,2.3856361885954414e-09,3.292560985253446e-10,2.1676509198709226e-10,2.3856361885954414e-09,,,,,,,,,
2026-03-22T16:01:45Z,test_cases/pglib_opf_case39_epri.mat,pglib_opf_case39_epri,oracle_ac_bounds_dual__Pg_Qg_Vm_Va,oracle_ac_bounds_dual,bounds_only,ac_true,1,0,Pg+Qg+Vm+Va,4,,,optimal,ok,1,3972.362769914571,134443.1998142581,33.84464300007321,0,0.002167940139770508,0.002722024917602539,0.044959068298339844,0.04768109321594238,0.04768109321594238,0.04984903335571289,acopf_acdc_paper_study/cases/pglib_opf_case39_epri/logs/oracle_ac_bounds_dual__Pg_Qg_Vm_Va.log,0,9,1.1061975566490988e-09,4.451727875220968e-11,1.0382616011384016e-07,9.217685728664442e-08,9.217685728664442e-08,0.008,,,0.008,False,100.0,39,46,10,10,21,1,9,29,6254.23,1387.1,7367.0,0.0,2807.0,-160.0,46,0,0,2,1,138415.56258416435,6292.548735857025,1259.7331425394382,0.997087785345194,1.0600000087697052,1.0440286410681712,0.015015581963852014,-0.20670867006876434,0.08316925789291961,-0.1266208600673008,0.08092037254982229,889.0662116352426,900.0000043665228,292.4787448102877,298.19889345450713,1.00000000405774,1.000000004851692,0.3893794876771162,0.39490531381471167,2.028869978687453e-07,7.859741089077943e-07,0,7,2,2,0,5,1,0.0,0.0,0.0,0.0,0.0,1,0.0,0.0,0.0,0.0,0.0,1,0.0,0.0,0.0,0.0,0.0,1,0.0,0.0,0.0,0.0,0.0,0,0,1,2.492508610829182e-09,1.888232181723737e-09,3.516403557224379e-10,4.8405723873656825e-14,1.888232181723737e-09,6.134332608971859e-08,4.808233006192708e-08,1.0168909179314348e-08,1.9265604667140224e-09,4.808233006192708e-08,5.908477891978249e-09,3.160987693817674e-09,5.964619140477532e-10,2.9739410933871113e-10,3.160987693817674e-09,2.1998805860994447e-09,1.6114044404380579e-09,2.2185517356625553e-10,1.388674453206562e-10,1.6114044404380579e-09,,,,,,,,,
2026-03-22T16:01:45Z,test_cases/pglib_opf_case39_epri.mat,pglib_opf_case39_epri,oracle_ac_primal_dual_all_bounds__Pg,oracle_ac_primal_dual_all_bounds,full_all_bounds,ac_true,1,0,Pg,1,,,optimal,ok,1,3972.3627699140516,134443.19981423998,33.84464300006865,0,0.002167940139770508,0.005050182342529297,0.06154584884643555,0.06659603118896484,0.06659603118896484,0.06876397132873535,acopf_acdc_paper_study/cases/pglib_opf_case39_epri/logs/oracle_ac_primal_dual_all_bounds__Pg.log,0,35,1.523753171165862e-09,3.4077629607054405e-11,1.0382616011384016e-07,9.264428041426394e-08,9.264428041426394e-08,0.024,,,0.024,True,100.0,39,46,10,10,21,1,9,29,6254.23,1387.1,7367.0,0.0,2807.0,-160.0,46,0,0,2,1,138415.56258414622,6292.548735854596,1259.7331424740255,0.9970877853953513,1.0600000087698205,1.0440286410851711,0.015015581976507934,-0.20670867008507057,0.0831692577212538,-0.1266208600924584,0.08092037253660868,889.0662116352426,900.0000043665225,292.47874483740003,298.1988934633714,1.0000000040577295,1.0000000048516917,0.38937948772148717,0.39490531382477023,2.0288647206712085e-07,7.859740378535207e-07,0,7,2,2,0,5,1,0.0,0.0,0.0,0.0,0.0,0,,,,,,0,,,,,,0,,,,,,1,1,1,2.2236438063489975e-09,1.6863931362465223e-09,3.1368249109320347e-10,4.75175454539567e-14,1.6863931362465223e-09,5.490610882532284e-08,4.307006382098244e-08,9.09829502276159e-09,1.8127066514495027e-09,4.307006382098244e-08,5.2786508181736536e-09,2.8270987773026945e-09,5.311733076177406e-10,2.6232416239224676e-10,2.8270987773026945e-09,1.960420735847438e-09,1.4397386338682594e-09,1.9669753388395764e-10,1.2251580305822074e-10,1.4397386338682594e-09,,,,,,,,,
2026-03-22T16:01:45Z,test_cases/pglib_opf_case39_epri.mat,pglib_opf_case39_epri,oracle_ac_primal_dual_all_bounds__Qg,oracle_ac_primal_dual_all_bounds,full_all_bounds,ac_true,1,0,Qg,1,,,optimal,ok,1,3972.3627699145677,134443.199814258,33.844643000073184,0,0.002167940139770508,0.005272626876831055,0.09365320205688477,0.09892582893371582,0.09892582893371582,0.10109376907348633,acopf_acdc_paper_study/cases/pglib_opf_case39_epri/logs/oracle_ac_primal_dual_all_bounds__Qg.log,0,37,1.1002141607702534e-09,4.452083146588848e-11,1.0382616011384016e-07,9.217687638797932e-08,9.217687638797932e-08,0.049,,,0.049,True,100.0,39,46,10,10,21,1,9,29,6254.23,1387.1,7367.0,0.0,2807.0,-160.0,46,0,0,2,1,138415.56258416423,6292.548735857023,1259.7331425393995,0.9970877853454392,1.0600000087697052,1.0440286410681947,0.015015581963815137,-0.2067086700687603,0.08316925789294777,-0.12662086006729859,0.08092037254982296,889.066211635242,900.000004366522,292.4787448102875,298.1988934545134,1.0000000040577393,1.000000004851691,0.38937948767711655,0.3949053138147213,2.0288696234160852e-07,7.859739810101019e-07,0,7,2,2,0,5,0,,,,,,1,0.0,0.0,0.0,0.0,0.0,0,,,,,,0,,,,,,1,1,1,2.4926422921003173e-09,1.8883148933390714e-09,3.516597735231386e-10,4.8405723873656825e-14,1.8883148933390714e-09,6.134363619276747e-08,4.808117301524639e-08,1.0168612114375437e-08,1.9270700590823253e-09,4.808117301524639e-08,5.908468878748827e-09,3.1610418727012757e-09,5.964440423037823e-10,2.9735969242494775e-10,3.1610418727012757e-09,2.199912704516018e-09,1.61143259846952e-09,2.2185739303374283e-10,1.3887269112444756e-10,1.61143259846952e-09,,,,,,,,,
2026-03-22T16:01:45Z,test_cases/pglib_opf_case39_epri.mat,pglib_opf_case39_epri,oracle_ac_primal_dual_all_bounds__Vm,oracle_ac_primal_dual_all_bounds,full_all_bounds,ac_true,1,0,Vm,1,,,optimal,ok,1,3972.3627699150597,134443.19981427517,33.84464300007751,0,0.002167940139770508,0.008914947509765625,0.07558107376098633,0.08449602127075195,0.08449602127075195,0.08666396141052246,acopf_acdc_paper_study/cases/pglib_opf_case39_epri/logs/oracle_ac_primal_dual_all_bounds__Vm.log,0,16,1.0634515479154207e-09,4.409983489495062e-11,1.0382616011384016e-07,9.169442586241315e-08,9.169442586241315e-08,0.018,,,0.018,False,100.0,39,46,10,10,21,1,9,29,6254.23,1387.1,7367.0,0.0,2807.0,-160.0,46,0,0,2,1,138415.5625841814,6292.54873585749,1259.7331425549676,0.9970877852958044,1.060000008769544,1.0440286410566997,0.015015581966843695,-0.20670867006725846,0.08316925791643867,-0.12662086006334133,0.0809203725529121,889.0662116352419,900.0000043665226,292.47874480274896,298.19889344814464,1.0000000040577113,1.0000000048516917,0.3893794876654271,0.39490531380612326,2.0288556612513275e-07,7.859740662752301e-07,0,7,2,2,0,5,0,,,,,,0,,,,,,1,0.0,0.0,0.0,0.0,0.0,0,,,,,,1,1,1,2.4858375764709995e-09,1.8856096684061185e-09,3.5067053705262196e-10,4.884981308350689e-14,1.8856096684061185e-09,6.302241200118937e-08,4.972928147051192e-08,1.0584581229785645e-08,2.111522068304339e-09,4.972928147051192e-08,6.041166202532321e-09,3.2068236954785334e-09,6.160023630786855e-10,3.1263658328839483e-10,3.2068236954785334e-09,2.2352276641592757e-09,1.6349235021362318e-09,2.25814694578602e-10,1.4219733723841443e-10,1.6349235021362318e-09,,,,,,,,,
2026-03-22T16:01:45Z,test_cases/pglib_opf_case39_epri.mat,pglib_opf_case39_epri,oracle_ac_primal_dual_all_bounds__Va,oracle_ac_primal_dual_all_bounds,full_all_bounds,ac_true,1,0,Va,1,,,optimal,ok,1,3972.3627699145695,134443.19981425806,33.8446430000732,0,0.002167940139770508,0.006057024002075195,0.042883872985839844,0.04894089698791504,0.04894089698791504,0.05110883712768555,acopf_acdc_paper_study/cases/pglib_opf_case39_epri/logs/oracle_ac_primal_dual_all_bounds__Va.log,0,5,1.1007405892015585e-09,4.4515502395370277e-11,1.0382616011384016e-07,9.217646358124718e-08,9.217646358124718e-08,0.004,,,0.004,False,100.0,39,46,10,10,21,1,9,29,6254.23,1387.1,7367.0,0.0,2807.0,-160.0,46,0,0,2,1,138415.5625841643,6292.548735857024,1259.733142539449,0.9970877853452647,1.0600000087697052,1.044028641068174,0.015015581963834748,-0.2067086700687608,0.083169257892974,-0.12662086006729525,0.08092037254982642,889.0662116352422,900.0000043665225,292.4787448102812,298.1988934545076,1.0000000040577395,1.0000000048516917,0.3893794876771061,0.39490531381471394,2.0288696944703588e-07,7.859740378535207e-07,0,7,2,2,0,5,0,,,,,,0,,,,,,0,,,,,,1,0.0,0.0,0.0,0.0,0.0,1,1,1,2.4926109071435367e-09,1.8883010155512636e-09,3.516550994842049e-10,4.8405723873656825e-14,1.8883010155512636e-09,6.134514819789541e-08,4.808339998385591e-08,1.016905953956944e-08,1.926771409088701e-09,4.808339998385591e-08,5.908642412681551e-09,3.1610978279417168e-09,5.964717295579811e-10,2.9738900231279786e-10,3.1610978279417168e-09,2.1999481384080496e-09,1.6114588274884767e-09,2.2186068046817006e-10,1.388715253902717e-10,1.6114588274884767e-09,,,,,,,,,
2026-03-22T16:01:45Z,test_cases/pglib_opf_case39_epri.mat,pglib_opf_case39_epri,oracle_ac_primal_dual_all_bounds__Pg_Qg,oracle_ac_primal_dual_all_bounds,full_all_bounds,ac_true,1,0,Pg+Qg,2,,,optimal,ok,1,3972.3627699145727,134443.19981425817,33.844643000073226,0,0.002167940139770508,0.006084918975830078,0.059561967849731445,0.06564688682556152,0.06564688682556152,0.06781482696533203,acopf_acdc_paper_study/cases/pglib_opf_case39_epri/logs/oracle_ac_primal_dual_all_bounds__Pg_Qg.log,0,28,1.1084712930383011e-09,4.4513726038530876e-11,1.0382616011384016e-07,9.217451715791119e-08,9.217451715791119e-08,0.019,,,0.019,True,100.0,39,46,10,10,21,1,9,29,6254.23,1387.1,7367.0,0.0,2807.0,-160.0,46,0,0,2,1,138415.5625841644,6292.548735857029,1259.733142539601,0.997087785344883,1.0600000087697037,1.044028641068093,0.015015581963868653,-0.20670867006873245,0.08316925789330175,-0.1266208600672452,0.08092037254985329,889.0662116352423,900.0000043665228,292.4787448102121,298.1988934544711,1.0000000040577395,1.000000004851692,0.38937948767699526,0.39490531381466704,2.0288696944703588e-07,7.859741089077943e-07,0,7,2,2,0,5,1,0.0,0.0,0.0,0.0,0.0,1,0.0,0.0,0.0,0.0,0.0,0,,,,,,0,,,,,,1,1,1,2.4928648228610697e-09,1.8885034092086528e-09,3.516905711098417e-10,4.8405723873656825e-14,1.8885034092086528e-09,6.136206351906316e-08,4.809816078754636e-08,1.0171785772365783e-08,1.9224783986970806e-09,4.809816078754636e-08,5.910097560360607e-09,3.1617328755118024e-09,5.966521891938197e-10,2.9756552777371326e-10,3.1617328755118024e-09,2.200411746080158e-09,1.6117865792031338e-09,2.219106973498321e-10,1.3889683847523315e-10,1.6117865792031338e-09,,,,,,,,,
2026-03-22T16:01:45Z,test_cases/pglib_opf_case39_epri.mat,pglib_opf_case39_epri,oracle_ac_primal_dual_all_bounds__Pg_Vm,oracle_ac_primal_dual_all_bounds,full_all_bounds,ac_true,1,0,Pg+Vm,2,,,optimal,ok,1,3972.3627699145686,134443.19981425803,33.84464300007319,0,0.002167940139770508,0.005958080291748047,0.05259084701538086,0.058548927307128906,0.058548927307128906,0.060716867446899414,acopf_acdc_paper_study/cases/pglib_opf_case39_epri/logs/oracle_ac_primal_dual_all_bounds__Pg_Vm.log,0,13,1.1020817991926404e-09,4.451727875220968e-11,1.0382616011384016e-07,9.217882348689834e-08,9.217882348689834e-08,0.01,,,0.01,False,100.0,39,46,10,10,21,1,9,29,6254.23,1387.1,7367.0,0.0,2807.0,-160.0,46,0,0,2,1,138415.56258416426,6292.548735857023,1259.7331425393354,0.9970877853455414,1.060000008769706,1.0440286410682378,0.015015581963818376,-0.20670867006877128,0.08316925789280641,-0.12662086006732057,0.08092037254980756,889.0662116352416,900.0000043665219,292.4787448103266,298.1988934545411,1.0000000040577397,1.000000004851691,0.38937948767717717,0.39490531381475824,2.0288698010517692e-07,7.859739383775377e-07,0,7,2,2,0,5,1,0.0,0.0,0.0,0.0,0.0,0,,,,,,1,0.0,0.0,0.0,0.0,0.0,0,,,,,,1,1,1,2.4925930135556494e-09,1.8882827523825085e-09,3.5165327316732943e-10,4.8405723873656825e-14,1.8882827523825085e-09,6.133463194498065e-08,4.807340175938535e-08,1.0166724836573147e-08,1.9265520290190352e-09,4.807340175938535e-08,5.9077887728502675e-09,3.1607667594357736e-09,5.963552500823437e-10,2.9725333305918866e-10,3.1607667594357736e-09,2.1997088711331483e-09,1.6112912393229095e-09,2.2183537218705823e-10,1.3886358729564563e-10,1.6112912393229095e-09,,,,,,,,,
2026-03-22T16:01:45Z,test_cases/pglib_opf_case39_epri.mat,pglib_opf_case39_epri,oracle_ac_primal_dual_all_bounds__Pg_Va,oracle_ac_primal_dual_all_bounds,full_all_bounds,ac_true,1,0,Pg+Va,2,,,optimal,ok,1,3972.362769914571,134443.19981425809,33.844643000073205,0,0.002167940139770508,0.00525212287902832,0.044960975646972656,0.05021309852600098,0.05021309852600098,0.052381038665771484,acopf_acdc_paper_study/cases/pglib_opf_case39_epri/logs/oracle_ac_primal_dual_all_bounds__Pg_Va.log,0,5,1.1030143267711807e-09,4.451727875220968e-11,1.0382616011384016e-07,9.217595136162246e-08,9.217595136162246e-08,0.004,,,0.004,False,100.0,39,46,10,10,21,1,9,29,6254.23,1387.1,7367.0,0.0,2807.0,-160.0,46,0,0,2,1,138415.56258416432,6292.548735857026,1259.733142539462,0.9970877853451966,1.0600000087697052,1.0440286410681596,0.015015581963839137,-0.20670867006875698,0.0831692578930195,-0.12662086006728787,0.08092037254983095,889.0662116352426,900.0000043665228,292.4787448102701,298.19889345450014,1.0000000040577397,1.000000004851692,0.3893794876770885,0.394905313814704,2.0288698721060427e-07,7.859741089077943e-07,0,7,2,2,0,5,1,0.0,0.0,0.0,0.0,0.0,0,,,,,,0,,,,,,1,0.0,0.0,0.0,0.0,0.0,1,1,1,2.492666860274445e-09,1.8883480890075077e-09,3.516630930899822e-10,4.8405723873656825e-14,1.8883480890075077e-09,6.134766815861646e-08,4.808574913250929e-08,1.01695939328696e-08,1.926658832474004e-09,4.808574913250929e-08,5.90885947597607e-09,3.1611850914714523e-09,5.965009056497231e-10,2.974203106020923e-10,3.1611850914714523e-09,2.2000148433995177e-09,1.6115043327546985e-09,2.2186808079851858e-10,1.388747450370431e-10,1.6115043327546985e-09,,,,,,,,,
2026-03-22T16:01:45Z,test_cases/pglib_opf_case39_epri.mat,pglib_opf_case39_epri,oracle_ac_primal_dual_all_bounds__Qg_Vm,oracle_ac_primal_dual_all_bounds,full_all_bounds,ac_true,1,0,Qg+Vm,2,,,optimal,ok,1,3972.3627699143262,134443.19981424962,33.84464300007107,0,0.002167940139770508,0.00421595573425293,0.18862509727478027,0.1928410530090332,0.1928410530090332,0.1950089931488037,acopf_acdc_paper_study/cases/pglib_opf_case39_epri/logs/oracle_ac_primal_dual_all_bounds__Qg_Vm.log,0,35,1.3242049885005963e-09,4.4584780312106886e-11,1.0382615833748332e-07,9.241464267534519e-08,9.241464267534519e-08,0.082,,,0.082,True,100.0,39,46,10,10,21,1,9,29,6254.23,1387.1,7367.0,0.0,2807.0,-160.0,46,0,0,2,1,138415.56258415585,6292.548735856601,1259.733142527564,0.997087785361429,1.0600000087697894,1.0440286410734028,0.015015581965344292,-0.20670867007073776,0.08316925786894075,-0.12662086007094825,0.08092037254740934,889.0662116352422,900.000004366522,292.4787448152476,298.1988934574312,1.0000000040576908,1.000000004851691,0.38937948768499986,0.3949053138184498,2.0288454649630694e-07,7.859739810101019e-07,0,7,2,2,0,5,0,,,,,,1,0.0,0.0,0.0,0.0,0.0,1,0.0,0.0,0.0,0.0,0.0,0,,,,,,1,1,1,2.468369119235427e-09,1.869178811730876e-09,3.482426569334507e-10,4.707345624410664e-14,1.869178811730876e-09,6.019848165410524e-08,4.7075185138911735e-08,9.930691198675921e-09,1.7495129789324437e-09,4.7075185138911735e-08,5.8069645253841826e-09,3.1141949019541926e-09,5.841799579688092e-10,2.8644087102236426e-10,3.1141949019541926e-09,2.165674867874229e-09,1.5874255798742354e-09,2.1820772743907355e-10,1.371157597185313e-10,1.5874255798742354e-09,,,,,,,,,
2026-03-22T16:01:46Z,test_cases/pglib_opf_case39_epri.mat,pglib_opf_case39_epri,oracle_ac_primal_dual_all_bounds__Qg_Va,oracle_ac_primal_dual_all_bounds,full_all_bounds,ac_true,1,0,Qg+Va,2,,,optimal,ok,1,3972.36276991457,134443.19981425809,33.844643000073205,0,0.002167940139770508,0.023180007934570312,0.11121010780334473,0.13439011573791504,0.13439011573791504,0.13655805587768555,acopf_acdc_paper_study/cases/pglib_opf_case39_epri/logs/oracle_ac_primal_dual_all_bounds__Qg_Va.log,0,7,1.1030143251502243e-09,4.451727875220968e-11,1.0382616011384016e-07,9.217706828255127e-08,9.217706828255127e-08,0.019,,,0.019,False,100.0,39,46,10,10,21,1,9,29,6254.23,1387.1,7367.0,0.0,2807.0,-160.0,46,0,0,2,1,138415.56258416432,6292.548735857025,1259.7331425394104,0.9970877853453723,1.0600000087697055,1.0440286410681954,0.015015581963826472,-0.20670867006876573,0.08316925789290096,-0.12662086006730572,0.08092037254981962,889.0662116352423,900.0000043665226,292.4787448102979,298.1988934545179,1.0000000040577395,1.0000000048516917,0.38937948767713243,0.39490531381472677,2.0288696944703588e-07,7.859740662752301e-07,0,7,2,2,0,5,0,,,,,,1,0.0,0.0,0.0,0.0,0.0,0,,,,,,1,0.0,0.0,0.0,0.0,0.0,1,1,1,2.4925812343475256e-09,1.888284806295104e-09,3.5165090284117184e-10,4.8405723873656825e-14,1.888284806295104e-09,6.13411910266672e-08,4.8079727976713116e-08,1.0168301449144748e-08,1.9272921036872503e-09,4.8079727976713116e-08,5.908301197937371e-09,3.1609537209931204e-09,5.964282429761243e-10,2.973450374810227e-10,3.1609537209931204e-09,2.1998467962072055e-09,1.6113857886912442e-09,2.2185028342525684e-10,1.3886730654277812e-10,1.6113857886912442e-09,,,,,,,,,
2026-03-22T16:01:46Z,test_cases/pglib_opf_case39_epri.mat,pglib_opf_case39_epri,oracle_ac_primal_dual_all_bounds__Vm_Va,oracle_ac_primal_dual_all_bounds,full_all_bounds,ac_true,1,0,Vm+Va,2,,,optimal,ok,1,3972.362769914571,134443.19981425814,33.84464300007322,0,0.002167940139770508,0.0220639705657959,0.17360401153564453,0.19566798210144043,0.19566798210144043,0.19783592224121094,acopf_acdc_paper_study/cases/pglib_opf_case39_epri/logs/oracle_ac_primal_dual_all_bounds__Vm_Va.log,0,3,1.1039238178075773e-09,4.451727875220968e-11,1.0382616011384016e-07,9.217658836383472e-08,9.217658836383472e-08,0.004,,,0.004,False,100.0,39,46,10,10,21,1,9,29,6254.23,1387.1,7367.0,0.0,2807.0,-160.0,46,0,0,2,1,138415.56258416438,6292.548735857023,1259.7331425393475,0.9970877853452569,1.0600000087697043,1.0440286410681858,0.015015581963864981,-0.20670867006878382,0.0831692578926958,-0.1266208600673307,0.08092037254980701,889.066211635242,900.0000043665223,292.4787448103184,298.1988934545123,1.0000000040577388,1.0000000048516915,0.38937948767716773,0.3949053138147159,2.0288694457804013e-07,7.859740094318113e-07,0,7,2,2,0,5,0,,,,,,0,,,,,,1,0.0,0.0,0.0,0.0,0.0,1,0.0,0.0,0.0,0.0,0.0,1,1,1,2.4921092074738744e-09,1.8879395269344457e-09,3.5158431166415485e-10,4.8405723873656825e-14,1.8879395269344457e-09,6.133564364164149e-08,4.8076522873863325e-08,1.0167799473261141e-08,1.9271020335054345e-09,4.8076522873863325e-08,5.907694290923254e-09,3.160546713232293e-09,5.963888556792814e-10,2.9737545759189743e-10,3.160546713232293e-09,2.199579700031952e-09,1.6111806333540812e-09,2.2182526177383935e-10,1.3884679517239817e-10,1.6111806333540812e-09,,,,,,,,,
2026-03-22T16:01:46Z,test_cases/pglib_opf_case39_epri.mat,pglib_opf_case39_epri,oracle_ac_primal_dual_all_bounds__Pg_Qg_Vm,oracle_ac_primal_dual_all_bounds,full_all_bounds,ac_true,1,0,Pg+Qg+Vm,3,,,optimal,ok,1,3972.3627699145686,134443.19981425803,33.84464300007319,0,0.002167940139770508,0.01888298988342285,0.12292313575744629,0.14180612564086914,0.14180612564086914,0.14397406578063965,acopf_acdc_paper_study/cases/pglib_opf_case39_epri/logs/oracle_ac_primal_dual_all_bounds__Pg_Qg_Vm.log,0,22,1.1025595785404123e-09,4.453859503428248e-11,1.0382616011384016e-07,9.217802645180376e-08,9.217802645180376e-08,0.015,,,0.015,False,100.0,39,46,10,10,21,1,9,29,6254.23,1387.1,7367.0,0.0,2807.0,-160.0,46,0,0,2,1,138415.56258416426,6292.548735857027,1259.733142539489,0.9970877853454333,1.0600000087697057,1.0440286410682027,0.0150155819637954,-0.20670867006874097,0.0831692578931513,-0.12662086006727247,0.08092037254983392,889.0662116352422,900.0000043665223,292.4787448102727,298.19889345452464,1.0000000040577377,1.0000000048516915,0.38937948767708896,0.39490531381474014,2.0288689128733495e-07,7.859740094318113e-07,0,7,2,2,0,5,1,0.0,0.0,0.0,0.0,0.0,1,0.0,0.0,0.0,0.0,0.0,1,0.0,0.0,0.0,0.0,0.0,0,,,,,,1,1,1,2.493109640134266e-09,1.88866738914939e-09,3.5172570966857106e-10,4.8405723873656825e-14,1.88866738914939e-09,6.134779838987707e-08,4.8083759168759954e-08,1.0168830208502722e-08,1.926294457277322e-09,4.8083759168759954e-08,5.909063002635443e-09,3.161443551391585e-09,5.964850892417107e-10,2.97317503950012e-10,3.161443551391585e-09,2.2001815198980362e-09,1.6116361301055093e-09,2.2188347295544084e-10,1.388940629176716e-10,1.6116361301055093e-09,,,,,,,,,
2026-03-22T16:01:46Z,test_cases/pglib_opf_case39_epri.mat,pglib_opf_case39_epri,oracle_ac_primal_dual_all_bounds__Pg_Qg_Va,oracle_ac_primal_dual_all_bounds,full_all_bounds,ac_true,1,0,Pg+Qg+Va,3,,,optimal,ok,1,3972.36276991457,134443.19981425809,33.844643000073205,0,0.002167940139770508,0.025581836700439453,0.06829595565795898,0.09387779235839844,0.09387779235839844,0.09604573249816895,acopf_acdc_paper_study/cases/pglib_opf_case39_epri/logs/oracle_ac_primal_dual_all_bounds__Pg_Qg_Va.log,0,7,1.1048333145533202e-09,4.4515502395370277e-11,1.0382616011384016e-07,9.21770572900043e-08,9.21770572900043e-08,0.006,,,0.006,False,100.0,39,46,10,10,21,1,9,29,6254.23,1387.1,7367.0,0.0,2807.0,-160.0,46,0,0,2,1,138415.56258416432,6292.548735857025,1259.733142539406,0.9970877853453695,1.0600000087697055,1.0440286410681954,0.015015581963826852,-0.20670867006876492,0.08316925789290376,-0.1266208600673048,0.08092037254981974,889.0662116352423,900.000004366523,292.4787448102971,298.1988934545175,1.0000000040577395,1.0000000048516922,0.3893794876771313,0.39490531381472654,2.0288696944703588e-07,7.859741373295037e-07,0,7,2,2,0,5,1,0.0,0.0,0.0,0.0,0.0,1,0.0,0.0,0.0,0.0,0.0,0,,,,,,1,0.0,0.0,0.0,0.0,0.0,1,1,1,2.492584356924987e-09,1.888286249585036e-09,3.5165135803261195e-10,4.8405723873656825e-14,1.888286249585036e-09,6.134125510114995e-08,4.8079779185750127e-08,1.0168316987082182e-08,1.927266790602289e-09,4.8079779185750127e-08,5.90830996032153e-09,3.1609572737067992e-09,5.964297004996848e-10,2.973457036148375e-10,3.1609572737067992e-09,2.1998524083342284e-09,1.6113885920043813e-09,2.2185118343538024e-10,1.3886808369889536e-10,1.6113885920043813e-09,,,,,,,,,
2026-03-22T16:01:46Z,test_cases/pglib_opf_case39_epri.mat,pglib_opf_case39_epri,oracle_ac_primal_dual_all_bounds__Pg_Vm_Va,oracle_ac_primal_dual_all_bounds,full_all_bounds,ac_true,1,0,Pg+Vm+Va,3,,,optimal,ok,1,3972.3627699145695,134443.19981425806,33.8446430000732,0,0.002167940139770508,0.010540008544921875,0.06846785545349121,0.07900786399841309,0.07900786399841309,0.0811758041381836,acopf_acdc_paper_study/cases/pglib_opf_case39_epri/logs/oracle_ac_primal_dual_all_bounds__Pg_Vm_Va.log,0,3,1.1000453839938445e-09,4.451905510904908e-11,1.0382616011384016e-07,9.217669804363389e-08,9.217669804363389e-08,0.01,,,0.01,False,100.0,39,46,10,10,21,1,9,29,6254.23,1387.1,7367.0,0.0,2807.0,-160.0,46,0,0,2,1,138415.5625841643,6292.548735857022,1259.7331425393759,0.9970877853452751,1.0600000087697046,1.0440286410681874,0.015015581963856129,-0.2067086700687782,0.08316925789275689,-0.12662086006732282,0.08092037254981077,889.0662116352422,900.0000043665226,292.47874481031204,298.19889345451344,1.0000000040577397,1.0000000048516917,0.38937948767715647,0.39490531381471816,2.0288698721060427e-07,7.859740662752301e-07,0,7,2,2,0,5,1,0.0,0.0,0.0,0.0,0.0,0,,,,,,1,0.0,0.0,0.0,0.0,0.0,1,0.0,0.0,0.0,0.0,0.0,1,1,1,2.4922419551560433e-09,1.8880275121091472e-09,3.516028801442417e-10,4.8405723873656825e-14,1.8880275121091472e-09,6.133734183309549e-08,4.807759954039703e-08,1.0167965380826595e-08,1.9270007811655887e-09,4.807759954039703e-08,5.907884166899785e-09,3.1606666173189524e-09,5.964034593821438e-10,2.973699064767743e-10,3.1606666173189524e-09,2.199660721817026e-09,1.6112417233760112e-09,2.218331316360087e-10,1.3885320671036538e-10,1.6112417233760112e-09,,,,,,,,,
2026-03-22T16:01:46Z,test_cases/pglib_opf_case39_epri.mat,pglib_opf_case39_epri,oracle_ac_primal_dual_all_bounds__Qg_Vm_Va,oracle_ac_primal_dual_all_bounds,full_all_bounds,ac_true,1,0,Qg+Vm+Va,3,,,optimal,ok,1,3972.362769914565,134443.1998142579,33.84464300007316,0,0.002167940139770508,0.0044708251953125,0.06647229194641113,0.07094311714172363,0.07094311714172363,0.07311105728149414,acopf_acdc_paper_study/cases/pglib_opf_case39_epri/logs/oracle_ac_primal_dual_all_bounds__Qg_Vm_Va.log,0,3,1.1043785671962663e-09,4.451727875220968e-11,1.0382616011384016e-07,9.217686727895677e-08,9.217686727895677e-08,0.011,,,0.011,False,100.0,39,46,10,10,21,1,9,29,6254.23,1387.1,7367.0,0.0,2807.0,-160.0,46,0,0,2,1,138415.56258416414,6292.548735857019,1259.7331425394207,0.9970877853453218,1.0600000087697052,1.0440286410681878,0.015015581963831412,-0.20670867006876392,0.08316925789292402,-0.12662086006730205,0.08092037254982175,889.066211635242,900.0000043665225,292.4787448102927,298.19889345451446,1.0000000040577381,1.0000000048516917,0.3893794876771242,0.39490531381472255,2.0288690905090334e-07,7.859740378535207e-07,0,7,2,2,0,5,0,,,,,,1,0.0,0.0,0.0,0.0,0.0,1,0.0,0.0,0.0,0.0,0.0,1,0.0,0.0,0.0,0.0,0.0,1,1,1,2.492578980089721e-09,1.888258105431362e-09,3.5165116374358264e-10,4.8405723873656825e-14,1.888258105431362e-09,6.134234465214456e-08,4.8080895459490236e-08,1.016853750813805e-08,1.927083159714016e-09,4.8080895459490236e-08,5.908412368637142e-09,3.1609981299141054e-09,5.964434985791729e-10,2.9735969242494775e-10,3.1609981299141054e-09,2.1998798505959675e-09,1.6114088535745807e-09,2.2185390739603841e-10,1.388690551440419e-10,1.6114088535745807e-09,,,,,,,,,
2026-03-22T16:01:46Z,test_cases/pglib_opf_case39_epri.mat,pglib_opf_case39_epri,oracle_ac_primal_dual_all_bounds__Pg_Qg_Vm_Va,oracle_ac_primal_dual_all_bounds,full_all_bounds,ac_true,1,0,Pg+Qg+Vm+Va,4,,,optimal,ok,1,3972.3627699145677,134443.199814258,33.844643000073184,0,0.002167940139770508,0.007682085037231445,0.09898805618286133,0.10667014122009277,0.10667014122009277,0.10883808135986328,acopf_acdc_paper_study/cases/pglib_opf_case39_epri/logs/oracle_ac_primal_dual_all_bounds__Pg_Qg_Vm_Va.log,0,2,1.1016256780491812e-09,4.4570569457391684e-11,1.0382616011384016e-07,9.217867295504261e-08,9.217867295504261e-08,0.003,,,0.003,False,100.0,39,46,10,10,21,1,9,29,6254.23,1387.1,7367.0,0.0,2807.0,-160.0,46,0,0,2,1,138415.56258416423,6292.548735857023,1259.7331425393177,0.997087785345449,1.0600000087697075,1.0440286410682253,0.015015581963841132,-0.2067086700687834,0.0831692578927182,-0.12662086006733383,0.08092037254980321,889.0662116352429,900.000004366523,292.47874481033153,298.1988934545338,1.0000000040577564,1.0000000048516922,0.38937948767718666,0.39490531381474697,2.028878220983188e-07,7.859741373295037e-07,0,7,2,2,0,5,1,0.0,0.0,0.0,0.0,0.0,1,0.0,0.0,0.0,0.0,0.0,1,0.0,0.0,0.0,0.0,0.0,1,0.0,0.0,0.0,0.0,0.0,1,1,1,2.492541474929117e-09,1.8882415075971437e-09,3.5164470779669445e-10,4.8405723873656825e-14,1.8882415075971437e-09,6.133333313459322e-08,4.807322070976561e-08,1.0166789720729949e-08,1.926395931661773e-09,4.807322070976561e-08,5.907578412705345e-09,3.16059933780366e-09,5.96345556981321e-10,2.972821988578289e-10,3.16059933780366e-09,2.1995869848593553e-09,1.611203032103603e-09,2.2182210964784324e-10,1.3885154137582845e-10,1.611203032103603e-09,,,,,,,,,
2026-03-22T16:01:46Z,test_cases/pglib_opf_case39_epri.mat,pglib_opf_case39_epri,oracle_ac_dual_only_constraint__none,oracle_ac_dual_only_constraint,constraint_only,ac_true,1,0,,0,,,optimal,ok,1,3972.36276991457,134443.19981425809,33.844643000073205,0,0.002167940139770508,0.006957054138183594,0.09572720527648926,0.10268425941467285,0.10268425941467285,0.10485219955444336,acopf_acdc_paper_study/cases/pglib_opf_case39_epri/logs/oracle_ac_dual_only_constraint__none.log,0,30,1.1006089399231977e-09,4.4515502395370277e-11,1.0382616011384016e-07,9.217690438435747e-08,9.217690438435747e-08,0.026,,,0.026,True,100.0,39,46,10,10,21,1,9,29,6254.23,1387.1,7367.0,0.0,2807.0,-160.0,46,0,0,2,1,138415.56258416432,6292.548735857026,1259.733142539442,0.9970877853454541,1.0600000087697057,1.0440286410681954,0.015015581963802673,-0.20670867006874805,0.08316925789305013,-0.12662086006728254,0.0809203725498293,889.0662116352422,900.0000043665223,292.47874481027605,298.19889345451423,1.0000000040577397,1.0000000048516915,0.3893794876770968,0.3949053138147235,2.0288698721060427e-07,7.859740094318113e-07,0,7,2,2,0,5,0,,,,,,0,,,,,,0,,,,,,0,,,,,,1,1,0,2.492850889925146e-09,1.8884838692834194e-09,3.5168919443329115e-10,4.8405723873656825e-14,1.8884838692834194e-09,6.13464350221564e-08,4.8082934800408594e-08,1.016891701341838e-08,1.9268804329897193e-09,4.8082934800408594e-08,5.90878933794441e-09,3.161236605819795e-09,5.964724469328585e-10,2.9735791606810835e-10,3.161236605819795e-09,2.2000581946038163e-09,1.6115349610323904e-09,2.2187343904797524e-10,1.3888531991135267e-10,1.6115349610323904e-09,,,,,,,,,
2026-03-22T16:01:46Z,test_cases/pglib_opf_case39_epri.mat,pglib_opf_case39_epri,oracle_ac_dual_only_bounds__none,oracle_ac_dual_only_bounds,all_bounds_only,ac_true,1,0,,0,,,optimal,ok,1,3972.3627699142435,134443.1998142467,33.84464300007034,0,0.002167940139770508,0.00479578971862793,0.08343696594238281,0.08823275566101074,0.08823275566101074,0.09040069580078125,acopf_acdc_paper_study/cases/pglib_opf_case39_epri/logs/oracle_ac_dual_only_bounds__none.log,0,27,1.4445290380969838e-09,5.338884889738438e-11,1.0382615656112648e-07,9.271956695660234e-08,9.271956695660234e-08,0.03,,,0.03,True,100.0,39,46,10,10,21,1,9,29,6254.23,1387.1,7367.0,0.0,2807.0,-160.0,46,0,0,2,1,138415.56258415294,6292.5487358574865,1259.7331425518869,0.9970877853587742,1.0600000087698767,1.0440286410677668,0.015015581955710544,-0.206708670064543,0.08316925794442177,-0.1266208600609375,0.08092037255341646,889.0662116352427,900.000004366522,292.47874480413174,298.19889345442897,1.0000000040586665,1.000000004851691,0.38937948766685343,0.39490531381554894,2.0293333236054423e-07,7.859739810101019e-07,0,7,2,2,0,5,0,,,,,,0,,,,,,0,,,,,,0,,,,,,0,0,1,2.6072064628784753e-09,1.971696750313612e-09,3.678697069187109e-10,4.707345624410664e-14,1.971696750313612e-09,6.291134319182377e-08,4.914465601135731e-08,1.0365042630364861e-08,2.0236481379498628e-09,4.914465601135731e-08,6.074742926844437e-09,3.2631815027883704e-09,6.096465782343913e-10,2.9560065506473165e-10,3.2631815027883704e-09,2.267603603448662e-09,1.6629066040829699e-09,2.2821844832379773e-10,1.4362960473746078e-10,1.6629066040829699e-09,,,,,,,,,
2026-03-22T16:01:47Z,test_cases/pglib_opf_case39_epri.mat,pglib_opf_case39_epri,oracle_ac_dual_only_full__none,oracle_ac_dual_only_full,full_all_bounds,ac_true,1,0,,0,,,optimal,ok,1,3972.3627699145695,134443.19981425806,33.8446430000732,0,0.002167940139770508,0.006481170654296875,0.10504984855651855,0.11153101921081543,0.11153101921081543,0.11369895935058594,acopf_acdc_paper_study/cases/pglib_opf_case39_epri/logs/oracle_ac_dual_only_full__none.log,0,35,1.1061975556741904e-09,4.451727875220968e-11,1.0382616011384016e-07,9.217678925594218e-08,9.217678925594218e-08,0.045,,,0.045,True,100.0,39,46,10,10,21,1,9,29,6254.23,1387.1,7367.0,0.0,2807.0,-160.0,46,0,0,2,1,138415.5625841643,6292.5487358570235,1259.7331425394125,0.9970877853454245,1.0600000087697052,1.0440286410681938,0.015015581963821448,-0.20670867006876384,0.08316925789290627,-0.12662086006730358,0.08092037254982039,889.066211635242,900.000004366523,292.47874481029186,298.198893454513,1.0000000040577395,1.0000000048516922,0.38937948767712405,0.39490531381472,2.0288696944703588e-07,7.859741373295037e-07,0,7,2,2,0,5,0,,,,,,0,,,,,,0,,,,,,0,,,,,,1,1,1,2.4925649071049486e-09,1.8882659325036855e-09,3.516487045995831e-10,4.8405723873656825e-14,1.8882659325036855e-09,6.134253898150014e-08,4.808053150062719e-08,1.0168492957346955e-08,1.9270571804952397e-09,4.808053150062719e-08,5.908341330005926e-09,3.1609590500636386e-09,5.964347278172784e-10,2.973636892278364e-10,3.1609590500636386e-09,2.199858881026238e-09,1.6113911038839746e-09,2.2185238395298581e-10,1.3886872207713452e-10,1.6113911038839746e-09,,,,,,,,,
2026-03-22T16:01:47Z,test_cases/pglib_opf_case39_epri.mat,pglib_opf_case39_epri,dc_seed__Pg,dc_seed,none,dcopf,0,1,Pg,1,,,optimal,ok,1,3972.3627699062176,134443.19981396705,33.84464299999994,0,0.002167940139770508,0.008185625076293945,0.09183526039123535,0.1000208854675293,0.12797880172729492,0.13014674186706543,acopf_acdc_paper_study/cases/pglib_opf_case39_epri/logs/dc_seed__Pg.log,0,23,5.051022051896607e-09,1.3715606428377214e-10,1.0382610504677814e-07,9.66497888686074e-08,9.66497888686074e-08,0.036,,,0.036,False,100.0,39,46,10,10,21,1,9,29,6254.23,1387.1,7367.0,0.0,2807.0,-160.0,46,0,0,2,1,138415.56258387328,6292.548735830787,1259.7331418801523,0.997087785743293,1.0600000087760355,1.0440286412327167,0.015015582097495641,-0.20670867020651015,0.08316925627861048,-0.12662086028955838,0.08092037242317855,889.0662116352685,900.0000043665212,292.478745063982,298.19889353595147,1.000000004058706,1.0000000048516902,0.3893794880911808,0.3949053139040972,2.0293530411663596e-07,7.859738104798453e-07,0,7,2,2,0,5,1,0.3987983259291138,0.3595964516521346,0.06022988970817731,4.605076320274293e-09,0.3595964516521346,0,,,,,,0,,,,,,0,,,,,,0,0,0,5.3783706735734614e-12,4.017119970001204e-12,7.601363982701059e-13,0.0,4.017119970001204e-12,9.712609690796704e-11,6.967953991576792e-11,1.495370884621351e-11,2.1525559112944848e-12,6.967953991576792e-11,9.994560877025266e-12,5.67501601267395e-12,8.943956686380261e-13,4.1611158962950867e-13,5.67501601267395e-12,3.976635876019014e-12,2.904690377114605e-12,4.0242408764298214e-13,2.836897383673431e-13,2.904690377114605e-12,native_only,ipopt,nlp,optimal,ok,0.0013859272003173828,0.026571989059448242,0.027957916259765625,136816.1553037344
2026-03-22T16:01:47Z,test_cases/pglib_opf_case39_epri.mat,pglib_opf_case39_epri,dc_seed__Va,dc_seed,none,dcopf,0,1,Va,1,,,optimal,ok,1,3972.3627699062095,134443.19981396676,33.84464299999987,0,0.002167940139770508,0.0073621273040771484,0.09921884536743164,0.10658097267150879,0.13453888893127441,0.13670682907104492,acopf_acdc_paper_study/cases/pglib_opf_case39_epri/logs/dc_seed__Va.log,0,23,5.0514694908574895e-09,1.3729817283092416e-10,1.0382610504677814e-07,9.665075931901369e-08,9.665075931901369e-08,0.033,,,0.033,False,100.0,39,46,10,10,21,1,9,29,6254.23,1387.1,7367.0,0.0,2807.0,-160.0,46,0,0,2,1,138415.562583873,6292.5487358307155,1259.7331418784024,0.9970877857431805,1.0600000087760366,1.0440286412329054,0.01501558209803533,-0.2067086702069756,0.08316925627370572,-0.12662086029023706,0.08092037242283978,889.066211635269,900.0000043665219,292.47874506462995,298.19889353603304,1.0000000040587054,1.000000004851691,0.38937948809225986,0.39490531390413947,2.0293526858949917e-07,7.859739383775377e-07,0,7,2,2,0,5,0,,,,,,0,,,,,,0,,,,,,1,0.09294357741765463,0.026147271969253177,0.013508923260063525,0.014776823475507211,0.026147271969253177,0,0,0,1.443167058229365e-11,1.0770939695703419e-11,2.0377033393970123e-12,0.0,1.0770939695703419e-11,2.6083974775534007e-10,1.868687427020177e-10,4.0158159286604185e-11,5.413947068433345e-12,1.868687427020177e-10,2.6854366716736307e-11,1.5244472351128024e-11,2.413619162083682e-12,1.1173284519827575e-12,1.5244472351128024e-11,1.0689153543432196e-11,7.80944753309143e-12,1.0811331352958775e-12,7.625566844637888e-13,7.80944753309143e-12,native_only,ipopt,nlp,optimal,ok,0.0013859272003173828,0.026571989059448242,0.027957916259765625,136816.1553037344
2026-03-22T16:01:47Z,test_cases/pglib_opf_case39_epri.mat,pglib_opf_case39_epri,dc_seed__Pg_Va,dc_seed,none,dcopf,0,1,Pg+Va,2,,,optimal,ok,1,3972.3627699061167,134443.19981396355,33.84464299999906,0,0.002167940139770508,0.009500265121459961,0.07679200172424316,0.08629226684570312,0.11425018310546875,0.11641812324523926,acopf_acdc_paper_study/cases/pglib_opf_case39_epri/logs/dc_seed__Pg_Va.log,0,18,5.071547998832665e-09,1.3739054338657297e-10,1.0382610504677814e-07,9.667225124892161e-08,9.667225124892161e-08,0.023,,,0.023,False,100.0,39,46,10,10,21,1,9,29,6254.23,1387.1,7367.0,0.0,2807.0,-160.0,46,0,0,2,1,138415.5625838698,6292.548735829845,1259.7331418571396,0.9970877857444368,1.060000008776048,1.044028641235597,0.01501558210439363,-0.20670867021270087,0.08316925621321639,-0.1266208602986443,0.08092037241861863,889.066211635269,900.0000043665217,292.47874507273997,298.198893537215,1.0000000040587025,1.0000000048516908,0.38937948810575124,0.3949053139049109,2.0293512648095202e-07,7.859739099558283e-07,0,7,2,2,0,5,1,0.3987983259291138,0.3595964516521346,0.06022988970817731,4.605076320274293e-09,0.3595964516521346,0,,,,,,0,,,,,,1,0.09294357741765463,0.026147271969253177,0.013508923260063525,0.014776823475507211,0.026147271969253177,0,0,0,1.2485033367978457e-10,9.307593584750862e-11,1.7629647741657095e-11,0.0,9.307593584750862e-11,2.2982939360867244e-09,1.6296411997629434e-09,3.511183561908488e-10,5.356626253671948e-11,1.6296411997629434e-09,2.35664182102702e-10,1.3332135395671685e-10,2.12778854365052e-11,1.0149880935728106e-11,1.3332135395671685e-10,9.355765003653403e-11,6.829878329561723e-11,9.488392799381856e-12,6.679823361110948e-12,6.829878329561723e-11,native_only,ipopt,nlp,optimal,ok,0.0013859272003173828,0.026571989059448242,0.027957916259765625,136816.1553037344
