timestamp_utc,case_file,case_name,run_name,family,dual_mode,seed_source,is_oracle,is_practical,blocks,num_blocks,seed_vm_policy,seed_qg_policy,termination,status,success,objective,objective_gap_vs_baseline_abs,objective_gap_vs_baseline_rel,objective_matches_baseline,shared_case_prep_time,build_time,solve_time,total_time,end_to_end_time,full_pipeline_time_including_shared_case_prep,log_path,hit_max_iter,iterations,dual_inf,constr_viol,var_bound_viol,compl_inf,overall_nlp_error,ipopt_reported_total_sec,ipopt_cpu_sec_no_func_eval,ipopt_cpu_sec_func_eval,ipopt_cpu_total_est,restoration_used,baseMVA,nb,nl,ng_total,ng_active,n_load_buses,n_ref_buses,n_pv_buses,n_pq_buses,total_pd_mw,total_qd_mvar,sum_pmax_mw,sum_pmin_mw,sum_qmax_mvar,sum_qmin_mvar,n_branch_with_limits,n_branch_out_of_service,gencost_any_pwl,gencost_max_poly_degree,gencost_any_quadratic,objective_value,total_pg_mw,total_qg_mvar,vm_min,vm_max,vm_mean,vm_std,va_min_rad,va_max_rad,va_mean_rad,va_std_rad,max_line_mva_from,max_line_mva_to,mean_line_mva_from,mean_line_mva_to,max_thermal_util_from,max_thermal_util_to,mean_thermal_util_from,mean_thermal_util_to,max_flow_limit_violation_sq_from,max_flow_limit_violation_sq_to,n_pg_at_lb,n_pg_at_ub,n_qg_at_lb,n_qg_at_ub,n_vm_at_lb,n_vm_at_ub,init_has_Pg,init_Pg_l2,init_Pg_linf,init_Pg_mean_abs,init_Pg_median_abs,init_Pg_max_abs,init_has_Qg,init_Qg_l2,init_Qg_linf,init_Qg_mean_abs,init_Qg_median_abs,init_Qg_max_abs,init_has_Vm,init_Vm_l2,init_Vm_linf,init_Vm_mean_abs,init_Vm_median_abs,init_Vm_max_abs,init_has_Va,init_Va_l2,init_Va_linf,init_Va_mean_abs,init_Va_median_abs,init_Va_max_abs,init_has_duals,init_has_constraint_duals,init_has_bound_mults,dist_to_baseline_Pg_l2,dist_to_baseline_Pg_linf,dist_to_baseline_Pg_mean_abs,dist_to_baseline_Pg_median_abs,dist_to_baseline_Pg_max_abs,dist_to_baseline_Qg_l2,dist_to_baseline_Qg_linf,dist_to_baseline_Qg_mean_abs,dist_to_baseline_Qg_median_abs,dist_to_baseline_Qg_max_abs,dist_to_baseline_Vm_l2,dist_to_baseline_Vm_linf,dist_to_baseline_Vm_mean_abs,dist_to_baseline_Vm_median_abs,dist_to_baseline_Vm_max_abs,dist_to_baseline_Va_l2,dist_to_baseline_Va_linf,dist_to_baseline_Va_mean_abs,dist_to_baseline_Va_median_abs,dist_to_baseline_Va_max_abs,dc_seed_mode,dc_solver,dc_solver_problem_type,dc_termination,dc_status,dc_build_time,dc_solve_time,dc_total_time,dc_objective
2026-03-22T18:45:03Z,test_cases/pglib_opf_case7336_epigrids.mat,pglib_opf_case7336_epigrids,baseline_default,baseline,none,case_default,0,1,,0,,,optimal,ok,1,13354.32049989082,,,,0.03658890724182129,2.536327838897705,16.311914205551147,18.848242044448853,18.848242044448853,18.884830951690674,acopf_acdc_paper_study/cases/pglib_opf_case7336_epigrids/logs/baseline_default.log,0,41,3.886422534672435e-08,1.3749789362638154e-09,1.3115896457804865e-07,8.047281189905032e-08,8.047281189905032e-08,10.144,,,10.144,False,100.0,7336,11521,686,684,5252,1,239,7096,66286.4,24243.41,110222.3,44525.780000000006,57354.95999999999,-36916.85,11521,2,0,2,1,1882390.2296597084,67204.22290958294,22992.17533723434,1.0031799053497212,1.1000000080438859,1.064708042728842,0.01712908803546542,-0.45807300602528617,0.7212561296289747,-0.04265728427215377,0.167548668412246,808.208323771237,807.7044119606713,43.129497697980106,43.056518082905136,1.0000000020164528,0.9999999838964568,0.20698487890710157,0.2067086373536687,1.0195587929473504e-08,0.0,476,205,26,174,0,92,,,,,,,,,,,,,,,,,,,,,,,,,,,,,,,,,,,,,,,,,,,,,,,,,,,,,,,,
2026-03-22T18:45:21Z,test_cases/pglib_opf_case7336_epigrids.mat,pglib_opf_case7336_epigrids,oracle_ac_primal_only__Pg,oracle_ac_primal_only,none,ac_true,1,0,Pg,1,,,optimal,ok,1,13354.320499890797,1869035.9091598138,139.95739499999976,0,0.03658890724182129,1.8621728420257568,15.608569860458374,17.47074270248413,17.47074270248413,17.507331609725952,acopf_acdc_paper_study/cases/pglib_opf_case7336_epigrids/logs/oracle_ac_primal_only__Pg.log,0,39,3.886361720894377e-08,1.3749904825832715e-09,1.3115896457804865e-07,8.047284118746609e-08,8.047284118746609e-08,9.633,,,9.633,False,100.0,7336,11521,686,684,5252,1,239,7096,66286.4,24243.41,110222.3,44525.780000000006,57354.95999999999,-36916.85,11521,2,0,2,1,1882390.2296597045,67204.22290958284,22992.175337235476,1.0031799053497128,1.1000000080438859,1.0647080427288422,0.01712908803546419,-0.4580730060253098,0.7212561296291106,-0.042657284272104294,0.16754866841226304,808.2083237711984,807.7044119606326,43.12949769798131,43.05651808290749,1.000000002016457,0.9999999838963894,0.20698487890710557,0.20670863735368217,1.0195610133933997e-08,0.0,476,205,26,174,0,92,1,0.0,0.0,0.0,0.0,0.0,0,,,,,,0,,,,,,0,,,,,,0,0,0,1.999808052038997e-11,1.0941469952285843e-11,6.113487494927511e-14,0.0,1.0941469952285843e-11,2.900402628331966e-10,1.8083493426648833e-10,1.2523944891071078e-12,1.2125717097077882e-14,1.8083493426648833e-10,1.7733433862669869e-12,1.050270981295398e-12,3.1485779692913654e-15,1.7763568394002505e-15,1.050270981295398e-12,6.858053797356931e-12,4.702349620799851e-13,6.540384582623563e-14,7.178583899189461e-14,4.702349620799851e-13,,,,,,,,,
2026-03-22T18:45:40Z,test_cases/pglib_opf_case7336_epigrids.mat,pglib_opf_case7336_epigrids,oracle_ac_primal_only__Qg,oracle_ac_primal_only,none,ac_true,1,0,Qg,1,,,optimal,ok,1,13354.320499890802,1869035.9091598147,139.95739499999982,0,0.03658890724182129,3.052849292755127,16.118895053863525,19.171744346618652,19.171744346618652,19.208333253860474,acopf_acdc_paper_study/cases/pglib_opf_case7336_epigrids/logs/oracle_ac_primal_only__Qg.log,0,41,3.886462589594705e-08,1.3750029170811473e-09,1.3115896457804865e-07,8.047281188650681e-08,8.047281188650681e-08,10.141,,,10.141,False,100.0,7336,11521,686,684,5252,1,239,7096,66286.4,24243.41,110222.3,44525.780000000006,57354.95999999999,-36916.85,11521,2,0,2,1,1882390.2296597054,67204.22290958297,22992.175337235672,1.0031799053497186,1.1000000080438859,1.064708042728842,0.01712908803546582,-0.4580730060252349,0.7212561296293374,-0.042657284271996936,0.16754866841228896,808.208323771257,807.7044119606913,43.129497697982856,43.05651808290787,1.000000002016475,0.9999999838964023,0.20698487890710734,0.20670863735367448,1.0195699839954386e-08,0.0,476,205,26,174,0,92,0,,,,,,1,0.0,0.0,0.0,0.0,0.0,0,,,,,,0,,,,,,0,0,0,3.2047044921720256e-11,2.5998758701462066e-11,8.799002511736938e-14,0.0,2.5998758701462066e-11,5.56151939024874e-12,1.914163272331848e-12,8.081447520297724e-14,1.1879386363489175e-14,1.914163272331848e-12,3.71201868735894e-13,2.5091040356528538e-14,2.8804052321545364e-15,1.9984014443252818e-15,2.5091040356528538e-14,1.7433267568722838e-11,4.931055563872633e-13,1.6112243558107464e-13,1.3524945052800774e-13,4.931055563872633e-13,,,,,,,,,
2026-03-22T18:46:00Z,test_cases/pglib_opf_case7336_epigrids.mat,pglib_opf_case7336_epigrids,oracle_ac_primal_only__Vm,oracle_ac_primal_only,none,ac_true,1,0,Vm,1,,,optimal,ok,1,13354.320499890808,1869035.9091598156,139.9573949999999,0,0.03658890724182129,3.0141732692718506,16.585899829864502,19.600073099136353,19.600073099136353,19.636662006378174,acopf_acdc_paper_study/cases/pglib_opf_case7336_epigrids/logs/oracle_ac_primal_only__Vm.log,0,40,3.886442953549528e-08,1.3572992948610677e-09,1.3115896457804865e-07,8.04728193666468e-08,8.04728193666468e-08,10.601,,,10.601,False,100.0,7336,11521,686,684,5252,1,239,7096,66286.4,24243.41,110222.3,44525.780000000006,57354.95999999999,-36916.85,11521,2,0,2,1,1882390.2296597064,67204.22290958009,22992.17533720871,1.003179905349716,1.1000000080438859,1.06470804272892,0.01712908803546368,-0.4580730060273265,0.7212561296244496,-0.042657284274713214,0.1675486684115725,808.2083237698188,807.7044119592548,43.1294976979178,43.056518082843354,1.0000000020164603,0.9999999838963933,0.20698487890692926,0.2067086373534988,1.0195626121145551e-08,0.0,476,205,26,174,0,92,0,,,,,,0,,,,,,1,0.0,0.0,0.0,0.0,0.0,0,,,,,,0,0,0,6.075603541986346e-10,4.787708007825131e-10,1.6321195479837306e-12,0.0,4.787708007825131e-10,4.745233776622655e-10,2.570905988097394e-10,5.47358191668787e-12,4.1830428010314336e-13,2.570905988097394e-10,1.4323989000141315e-11,1.1435297153639112e-12,1.0349787790399082e-13,4.75175454539567e-14,1.1435297153639112e-12,2.754842829676609e-10,7.150446901249552e-12,2.6947891584946146e-12,2.784779351561184e-12,7.150446901249552e-12,,,,,,,,,
2026-03-22T18:46:19Z,test_cases/pglib_opf_case7336_epigrids.mat,pglib_opf_case7336_epigrids,oracle_ac_primal_only__Va,oracle_ac_primal_only,none,ac_true,1,0,Va,1,,,optimal,ok,1,13354.320499891252,1869035.9091598778,139.95739500000454,0,0.03658890724182129,3.0249500274658203,16.52975583076477,19.55470585823059,19.55470585823059,19.591294765472412,acopf_acdc_paper_study/cases/pglib_opf_case7336_epigrids/logs/oracle_ac_primal_only__Va.log,0,40,4.013542876632513e-08,1.4196841480185185e-09,1.3115896457804865e-07,8.094951466888018e-08,8.094951466888018e-08,10.555,,,10.555,False,100.0,7336,11521,686,684,5252,1,239,7096,66286.4,24243.41,110222.3,44525.780000000006,57354.95999999999,-36916.85,11521,2,0,2,1,1882390.2296597685,67204.22290940497,22992.1753374945,1.0031799053501236,1.1000000080438859,1.0647080426127231,0.017129088054347687,-0.45807300607578416,0.721256129660313,-0.04265728440345217,0.16754866844343555,808.2083234108205,807.7044116004951,43.129497680638934,43.05651808665934,1.0000000020164652,0.9999999838963856,0.20698487884486808,0.20670863746432544,1.0195650990141303e-08,0.0,476,205,26,174,0,92,0,,,,,,0,,,,,,0,,,,,,1,0.0,0.0,0.0,0.0,0.0,0,0,0,3.5434579427435425e-08,2.5469136133438042e-08,8.269477840178612e-11,0.0,2.5469136133438042e-08,6.6451306910693895e-06,2.938779163685467e-06,4.2605183248636746e-08,7.538630830694615e-11,2.938779163685467e-06,4.946167077780211e-08,2.440130164593768e-08,1.4715825105192936e-10,8.389400285579995e-12,2.440130164593768e-08,2.2008952227225174e-08,5.8086046528238455e-09,1.4841154233760054e-10,1.0199977060892929e-10,5.8086046528238455e-09,,,,,,,,,
2026-03-22T18:46:37Z,test_cases/pglib_opf_case7336_epigrids.mat,pglib_opf_case7336_epigrids,oracle_ac_primal_only__Pg_Qg,oracle_ac_primal_only,none,ac_true,1,0,Pg+Qg,2,,,optimal,ok,1,13354.32049989081,1869035.9091598159,139.9573949999999,0,0.03658890724182129,3.0218591690063477,15.096059799194336,18.117918968200684,18.117918968200684,18.154507875442505,acopf_acdc_paper_study/cases/pglib_opf_case7336_epigrids/logs/oracle_ac_primal_only__Pg_Qg.log,0,37,3.8864885425649465e-08,1.3749757998837708e-09,1.3115896457804865e-07,8.047281293776066e-08,8.047281293776066e-08,9.123,,,9.123,False,100.0,7336,11521,686,684,5252,1,239,7096,66286.4,24243.41,110222.3,44525.780000000006,57354.95999999999,-36916.85,11521,2,0,2,1,1882390.2296597066,67204.222909583,22992.1753372373,1.0031799053497206,1.1000000080438859,1.0647080427288407,0.017129088035466245,-0.45807300602523454,0.7212561296292367,-0.04265728427202853,0.16754866841227845,808.2083237712462,807.7044119606803,43.12949769798268,43.05651808290774,1.000000002016445,0.9999999838964125,0.20698487890710787,0.20670863735367526,1.0195549293712247e-08,0.0,476,205,26,174,0,92,1,0.0,0.0,0.0,0.0,0.0,1,0.0,0.0,0.0,0.0,0.0,0,,,,,,0,,,,,,0,0,0,2.6875314134064475e-11,2.2746249328520207e-11,6.780859075794242e-14,0.0,2.2746249328520207e-11,1.1984509637466995e-11,6.435772054169675e-12,1.1880601620976896e-13,1.1601830607332886e-14,6.435772054169675e-12,3.381440441638045e-13,3.730349362740526e-14,2.8381816465669657e-15,1.7763568394002505e-15,3.730349362740526e-14,1.3400432544616917e-11,3.545219673384281e-13,1.294335786980468e-13,1.218712630812746e-13,3.545219673384281e-13,,,,,,,,,
2026-03-22T18:46:56Z,test_cases/pglib_opf_case7336_epigrids.mat,pglib_opf_case7336_epigrids,oracle_ac_primal_only__Pg_Vm,oracle_ac_primal_only,none,ac_true,1,0,Pg+Vm,2,,,optimal,ok,1,13354.320499890819,1869035.9091598168,139.957395,0,0.03658890724182129,3.043074131011963,15.831589221954346,18.87466335296631,18.87466335296631,18.91125226020813,acopf_acdc_paper_study/cases/pglib_opf_case7336_epigrids/logs/oracle_ac_primal_only__Pg_Vm.log,0,37,3.886251593687544e-08,1.357271430613783e-09,1.3115896457804865e-07,8.04725381399649e-08,8.04725381399649e-08,9.865,,,9.865,False,100.0,7336,11521,686,684,5252,1,239,7096,66286.4,24243.41,110222.3,44525.780000000006,57354.95999999999,-36916.85,11521,2,0,2,1,1882390.2296597075,67204.22290958026,22992.17533721061,1.0031799053497188,1.1000000080438859,1.0647080427289206,0.017129088035479717,-0.45807300602725626,0.72125612962475,-0.04265728427455172,0.16754866841159888,808.2083237700273,807.7044119594625,43.12949769791806,43.05651808283254,1.0000000020164685,0.999999983896384,0.20698487890691272,0.20670863735339093,1.0195667421442067e-08,0.0,476,205,26,174,0,92,1,0.0,0.0,0.0,0.0,0.0,0,,,,,,1,0.0,0.0,0.0,0.0,0.0,0,,,,,,0,0,0,5.893253430477218e-10,4.594786773282067e-10,1.5852727606861296e-12,0.0,4.594786773282067e-10,2.7415357044395184e-09,1.690116698937344e-09,1.5817933605422143e-11,4.3087755585702325e-13,1.690116698937344e-09,2.152015704475379e-11,9.816147894525784e-12,1.084393692010813e-13,4.6629367034256575e-14,9.816147894525784e-12,2.5947670647050945e-10,7.935374579659538e-12,2.5295792881087135e-12,2.5749541388009334e-12,7.935374579659538e-12,,,,,,,,,
2026-03-22T18:47:14Z,test_cases/pglib_opf_case7336_epigrids.mat,pglib_opf_case7336_epigrids,oracle_ac_primal_only__Pg_Va,oracle_ac_primal_only,none,ac_true,1,0,Pg+Va,2,,,optimal,ok,1,13354.320499891453,1869035.9091599064,139.9573950000067,0,0.03658890724182129,3.0600011348724365,14.771472215652466,17.831473350524902,17.831473350524902,17.868062257766724,acopf_acdc_paper_study/cases/pglib_opf_case7336_epigrids/logs/oracle_ac_primal_only__Pg_Va.log,0,33,4.068226696892028e-08,1.4365741374255947e-09,1.3115896457804865e-07,8.112937070692421e-08,8.112937070692421e-08,8.797,,,8.797,False,100.0,7336,11521,686,684,5252,1,239,7096,66286.4,24243.41,110222.3,44525.780000000006,57354.95999999999,-36916.85,11521,2,0,2,1,1882390.2296597972,67204.22290933548,22992.175337616536,1.0031799053502697,1.1000000080438859,1.0647080425634223,0.017129088064278465,-0.4580730060931431,0.721256129672003,-0.04265728445247399,0.1675486684551725,808.2083232746452,807.7044114644084,43.129497673265334,43.056518087252,1.0000000020164694,0.9999999838963913,0.20698487881759509,0.20670863750240784,1.0195672306423376e-08,0.0,476,205,26,174,0,92,1,0.0,0.0,0.0,0.0,0.0,0,,,,,,0,,,,,,1,0.0,0.0,0.0,0.0,0.0,0,0,0,4.919471533832171e-08,3.562779848920172e-08,1.1399935697263233e-10,0.0,3.562779848920172e-08,9.267947700416887e-06,4.045373322945304e-06,5.986331195979226e-08,1.0593296032035404e-10,4.045373322945304e-06,6.888144941998828e-08,3.35984624566521e-08,2.0882653869786527e-10,1.1851297720966159e-11,3.35984624566521e-08,3.030354096415254e-08,7.997892292888054e-09,2.0419393876196195e-10,1.396358584315749e-10,7.997892292888054e-09,,,,,,,,,
2026-03-22T18:47:34Z,test_cases/pglib_opf_case7336_epigrids.mat,pglib_opf_case7336_epigrids,oracle_ac_primal_only__Qg_Vm,oracle_ac_primal_only,none,ac_true,1,0,Qg+Vm,2,,,optimal,ok,1,13354.3204998908,1869035.9091598145,139.95739499999982,0,0.03658890724182129,3.0636398792266846,16.608773231506348,19.672413110733032,19.672413110733032,19.709002017974854,acopf_acdc_paper_study/cases/pglib_opf_case7336_epigrids/logs/oracle_ac_primal_only__Qg_Vm.log,0,40,3.886442900228465e-08,1.3572934589862677e-09,1.3115896457804865e-07,8.047281914138757e-08,8.047281914138757e-08,10.623,,,10.623,False,100.0,7336,11521,686,684,5252,1,239,7096,66286.4,24243.41,110222.3,44525.780000000006,57354.95999999999,-36916.85,11521,2,0,2,1,1882390.2296597052,67204.2229095799,22992.17533720738,1.0031799053497212,1.1000000080438859,1.0647080427289213,0.01712908803546331,-0.458073006027532,0.721256129624439,-0.042657284274795225,0.16754866841156227,808.2083237697548,807.7044119591906,43.129497697915355,43.05651808284093,1.0000000020164583,0.9999999838963857,0.20698487890691725,0.2067086373534867,1.0195616351182935e-08,0.0,476,205,26,174,0,92,0,,,,,,1,0.0,0.0,0.0,0.0,0.0,1,0.0,0.0,0.0,0.0,0.0,0,,,,,,0,0,0,6.429030343677412e-10,4.977271927941729e-10,1.6924466783657204e-12,0.0,4.977271927941729e-10,4.72564977314684e-10,2.5641819223487516e-10,5.466401676210186e-12,4.155564781171961e-13,2.5641819223487516e-10,1.4366157344390122e-11,1.1446399383885364e-12,1.0310176316235317e-13,4.451994328746878e-14,1.1446399383885364e-12,2.869914304093819e-10,7.856298944730611e-12,2.786270356738845e-12,2.779165786392923e-12,7.856298944730611e-12,,,,,,,,,
2026-03-22T18:47:54Z,test_cases/pglib_opf_case7336_epigrids.mat,pglib_opf_case7336_epigrids,oracle_ac_primal_only__Qg_Va,oracle_ac_primal_only,none,ac_true,1,0,Qg+Va,2,,,optimal,ok,1,13354.32049989128,1869035.9091598822,139.95739500000488,0,0.03658890724182129,3.081712245941162,16.543855905532837,19.625568151474,19.625568151474,19.66215705871582,acopf_acdc_paper_study/cases/pglib_opf_case7336_epigrids/logs/oracle_ac_primal_only__Qg_Va.log,0,40,4.0135957826302384e-08,1.419679568348542e-09,1.3115896457804865e-07,8.09495169631806e-08,8.09495169631806e-08,10.565,,,10.565,False,100.0,7336,11521,686,684,5252,1,239,7096,66286.4,24243.41,110222.3,44525.780000000006,57354.95999999999,-36916.85,11521,2,0,2,1,1882390.229659773,67204.22290940527,22992.175337495773,1.0031799053501216,1.1000000080438859,1.0647080426127216,0.017129088054348204,-0.458073006075622,0.7212561296604947,-0.042657284403331844,0.16754866844346408,808.2083234109149,807.7044116005882,43.129497680641855,43.0565180866623,1.0000000020164712,0.9999999838964152,0.20698487884487865,0.2067086374643367,1.0195681188207573e-08,0.0,476,205,26,174,0,92,0,,,,,,1,0.0,0.0,0.0,0.0,0.0,0,,,,,,1,0.0,0.0,0.0,0.0,0.0,0,0,0,3.5418675522882173e-08,2.5447956630841873e-08,8.268927122921932e-11,0.0,2.5447956630841873e-08,6.645155024713691e-06,2.938793275029071e-06,4.260535030159828e-08,7.54441231709535e-11,2.938793275029071e-06,4.946189357280717e-08,2.4401403786455944e-08,1.4715915542362382e-10,8.379408278358369e-12,2.4401403786455944e-08,2.200136066123647e-08,5.8088060472805125e-09,1.482974124434849e-10,1.0178814822264792e-10,5.8088060472805125e-09,,,,,,,,,
2026-03-22T18:48:13Z,test_cases/pglib_opf_case7336_epigrids.mat,pglib_opf_case7336_epigrids,oracle_ac_primal_only__Vm_Va,oracle_ac_primal_only,none,ac_true,1,0,Vm+Va,2,,,optimal,ok,1,13354.320499891435,1869035.9091599036,139.9573950000065,0,0.03658890724182129,3.10463285446167,15.79181170463562,18.89644455909729,18.89644455909729,18.93303346633911,acopf_acdc_paper_study/cases/pglib_opf_case7336_epigrids/logs/oracle_ac_primal_only__Vm_Va.log,0,37,4.0682379341271287e-08,1.4178468242847636e-09,1.3115896457804865e-07,8.11298430742312e-08,8.11298430742312e-08,9.822,,,9.822,False,100.0,7336,11521,686,684,5252,1,239,7096,66286.4,24243.41,110222.3,44525.780000000006,57354.95999999999,-36916.85,11521,2,0,2,1,1882390.2296597944,67204.22290933483,22992.175337613073,1.0031799053502644,1.1000000080438859,1.0647080425633657,0.017129088064277667,-0.45807300609351165,0.7212561296712939,-0.0426572844529841,0.16754866845509278,808.2083232742347,807.7044114639979,43.12949767324845,43.05651808725454,1.0000000020164743,0.9999999838964273,0.2069848788175534,0.20670863750252533,1.0195697619508337e-08,0.0,476,205,26,174,0,92,0,,,,,,0,,,,,,1,0.0,0.0,0.0,0.0,0.0,1,0.0,0.0,0.0,0.0,0.0,0,0,0,4.927814750407062e-08,3.572370399496094e-08,1.1408659688574151e-10,0.0,3.572370399496094e-08,9.272820194780966e-06,4.048278180258762e-06,5.989131543430043e-08,1.0594181087952848e-10,4.048278180258762e-06,6.891468210008663e-08,3.361608746921263e-08,2.0890239837869479e-10,1.1861733817397635e-11,3.361608746921263e-08,3.034736872174384e-08,8.001392604040092e-09,2.0467732303328334e-10,1.4045981912291783e-10,8.001392604040092e-09,,,,,,,,,
2026-03-22T18:48:31Z,test_cases/pglib_opf_case7336_epigrids.mat,pglib_opf_case7336_epigrids,oracle_ac_primal_only__Pg_Qg_Vm,oracle_ac_primal_only,none,ac_true,1,0,Pg+Qg+Vm,3,,,optimal,ok,1,13354.320499890808,1869035.9091598156,139.9573949999999,0,0.03658890724182129,2.949744701385498,15.717483043670654,18.667227745056152,18.667227745056152,18.703816652297974,acopf_acdc_paper_study/cases/pglib_opf_case7336_epigrids/logs/oracle_ac_primal_only__Pg_Qg_Vm.log,0,36,3.8865128442248063e-08,1.3572909109282564e-09,1.3115896457804865e-07,8.047281955219616e-08,8.047281955219616e-08,9.576,,,9.576,False,100.0,7336,11521,686,684,5252,1,239,7096,66286.4,24243.41,110222.3,44525.780000000006,57354.95999999999,-36916.85,11521,2,0,2,1,1882390.2296597064,67204.2229095802,22992.175337208944,1.0031799053497181,1.1000000080438859,1.0647080427289204,0.017129088035463504,-0.4580730060272401,0.7212561296246575,-0.04265728427460701,0.16754866841160038,808.2083237698553,807.7044119592913,43.12949769791998,43.056518082845514,1.000000002016449,0.9999999838964384,0.20698487890693582,0.20670863735350534,1.019556927772669e-08,0.0,476,205,26,174,0,92,1,0.0,0.0,0.0,0.0,0.0,1,0.0,0.0,0.0,0.0,0.0,1,0.0,0.0,0.0,0.0,0.0,0,,,,,,0,0,0,5.851522812643858e-10,4.5923886915488765e-10,1.5747575950974888e-12,0.0,4.5923886915488765e-10,4.741578282796195e-10,2.5694504857121103e-10,5.469912634156546e-12,4.0560610425899313e-13,2.5694504857121103e-10,1.4300899906048236e-11,1.148414696672262e-12,1.0286570456450552e-13,4.574118861455645e-14,1.148414696672262e-12,2.645139940562925e-10,6.923212003684398e-12,2.584051897095539e-12,2.651656672014724e-12,6.923212003684398e-12,,,,,,,,,
2026-03-22T18:48:49Z,test_cases/pglib_opf_case7336_epigrids.mat,pglib_opf_case7336_epigrids,oracle_ac_primal_only__Pg_Qg_Va,oracle_ac_primal_only,none,ac_true,1,0,Pg+Qg+Va,3,,,optimal,ok,1,13354.320499891443,1869035.909159905,139.95739500000658,0,0.03658890724182129,2.959764003753662,14.66065502166748,17.620419025421143,17.620419025421143,17.657007932662964,acopf_acdc_paper_study/cases/pglib_opf_case7336_epigrids/logs/oracle_ac_primal_only__Pg_Qg_Va.log,0,32,4.068269738558179e-08,1.4365591216591866e-09,1.3115896457804865e-07,8.112990730510572e-08,8.112990730510572e-08,8.534,,,8.534,False,100.0,7336,11521,686,684,5252,1,239,7096,66286.4,24243.41,110222.3,44525.780000000006,57354.95999999999,-36916.85,11521,2,0,2,1,1882390.2296597958,67204.22290933525,22992.17533761631,1.0031799053502635,1.1000000080438859,1.0647080425633582,0.017129088064276148,-0.4580730060932662,0.7212561296719785,-0.04265728445262572,0.16754866845518976,808.2083232743452,807.7044114641088,43.12949767325741,43.05651808726603,1.000000002016462,0.9999999838963981,0.2069848788175814,0.2067086375025749,1.0195635447018958e-08,0.0,476,205,26,174,0,92,1,0.0,0.0,0.0,0.0,0.0,1,0.0,0.0,0.0,0.0,0.0,0,,,,,,1,0.0,0.0,0.0,0.0,0.0,0,0,0,4.9226527707101926e-08,3.565283446249623e-08,1.1406431011051064e-10,0.0,3.565283446249623e-08,9.27349164712915e-06,4.048673174822295e-06,5.98951755891e-08,1.059693721661148e-10,4.048673174822295e-06,6.891891243435672e-08,3.361822220604438e-08,2.089113366123449e-10,1.1853407144712946e-11,3.361822220604438e-08,3.0324173699008255e-08,8.002551343810893e-09,2.0435673657579575e-10,1.3983600041789224e-10,8.002551343810893e-09,,,,,,,,,
2026-03-22T18:49:06Z,test_cases/pglib_opf_case7336_epigrids.mat,pglib_opf_case7336_epigrids,oracle_ac_primal_only__Pg_Vm_Va,oracle_ac_primal_only,none,ac_true,1,0,Pg+Vm+Va,3,,,optimal,ok,1,13354.320499878286,1869035.9091580485,139.95739499986757,0,0.03658890724182129,2.973376989364624,14.135113000869751,17.108489990234375,17.108489990234375,17.145078897476196,acopf_acdc_paper_study/cases/pglib_opf_case7336_epigrids/logs/oracle_ac_primal_only__Pg_Vm_Va.log,0,30,9.832323972792912e-07,6.294271228529658e-08,1.3115896457804865e-07,1.826846305934641e-07,9.832323972792912e-07,7.98,,,7.98,False,100.0,7336,11521,686,684,5252,1,239,7096,66286.4,24243.41,110222.3,44525.780000000006,57354.95999999999,-36916.85,11521,2,0,2,1,1882390.2296579392,67204.22284696347,22992.175318066173,1.003179905361099,1.1000000080439656,1.0647079883167083,0.017129110317736496,-0.4580730024292594,0.7212561215635197,-0.04265731509217508,0.16754867134585788,808.2082545874094,807.7043428183222,43.12948825897385,43.056511547551914,1.0000000020157158,0.9999999838959199,0.20698483935334905,0.206708622121678,1.0191861132824442e-08,0.0,476,205,26,174,0,91,1,0.0,0.0,0.0,0.0,0.0,0,,,,,,1,0.0,0.0,0.0,0.0,0.0,1,0.0,0.0,0.0,0.0,0.0,0,0,0,1.203505794889673e-05,1.046685017591642e-05,3.152252787351336e-08,6.661338147750939e-16,1.046685017591642e-05,0.0021227274154770304,0.000659619942663614,1.570029210494765e-05,2.881882421590376e-08,0.000659619942663614,1.6613026800826263e-05,5.714127264244695e-06,6.936842554782736e-08,2.8977459320955745e-09,5.714127264244695e-06,4.795186370324128e-06,1.0865801146064946e-06,3.628726961268653e-08,3.0503032780182515e-08,1.0865801146064946e-06,,,,,,,,,
2026-03-22T18:49:25Z,test_cases/pglib_opf_case7336_epigrids.mat,pglib_opf_case7336_epigrids,oracle_ac_primal_only__Qg_Vm_Va,oracle_ac_primal_only,none,ac_true,1,0,Qg+Vm+Va,3,,,optimal,ok,1,13354.320499891457,1869035.9091599071,139.95739500000676,0,0.03658890724182129,2.966486930847168,15.949542999267578,18.916029930114746,18.916029930114746,18.952618837356567,acopf_acdc_paper_study/cases/pglib_opf_case7336_epigrids/logs/oracle_ac_primal_only__Qg_Vm_Va.log,0,37,4.068234593732761e-08,1.417837373348512e-09,1.3115896457804865e-07,8.112985830472382e-08,8.112985830472382e-08,9.827,,,9.827,False,100.0,7336,11521,686,684,5252,1,239,7096,66286.4,24243.41,110222.3,44525.780000000006,57354.95999999999,-36916.85,11521,2,0,2,1,1882390.2296597979,67204.2229093351,22992.175337613364,1.0031799053502635,1.1000000080438859,1.0647080425633628,0.017129088064277823,-0.45807300609332724,0.721256129671507,-0.042657284452857686,0.16754866845512661,808.2083232743663,807.7044114641312,43.1294976732516,43.0565180872583,1.0000000020164599,0.9999999838964011,0.20698487881756547,0.20670863750254254,1.0195624344788712e-08,0.0,476,205,26,174,0,92,0,,,,,,1,0.0,0.0,0.0,0.0,0.0,1,0.0,0.0,0.0,0.0,0.0,1,0.0,0.0,0.0,0.0,0.0,0,0,0,4.9259313921598953e-08,3.5697694578118444e-08,1.1408293528904984e-10,0.0,3.5697694578118444e-08,9.272980694701254e-06,4.048371863701276e-06,5.989226324335395e-08,1.0595822830250512e-10,4.048371863701276e-06,6.891581953683585e-08,3.361668210466462e-08,2.0890599604006146e-10,1.1859180304440997e-11,3.361668210466462e-08,3.033969405948263e-08,8.001730056328427e-09,2.0455759026699183e-10,1.4006207652017544e-10,8.001730056328427e-09,,,,,,,,,
2026-03-22T18:49:42Z,test_cases/pglib_opf_case7336_epigrids.mat,pglib_opf_case7336_epigrids,oracle_ac_primal_only__Pg_Qg_Vm_Va,oracle_ac_primal_only,none,ac_true,1,0,Pg+Qg+Vm+Va,4,,,optimal,ok,1,13354.320499878297,1869035.9091580496,139.95739499986766,0,0.03658890724182129,2.976893901824951,13.90251088142395,16.8794047832489,16.8794047832489,16.915993690490723,acopf_acdc_paper_study/cases/pglib_opf_case7336_epigrids/logs/oracle_ac_primal_only__Pg_Qg_Vm_Va.log,0,29,9.832384607474866e-07,6.294293110331584e-08,1.3115896457804865e-07,1.8268315980318606e-07,9.832384607474866e-07,7.759,,,7.759,False,100.0,7336,11521,686,684,5252,1,239,7096,66286.4,24243.41,110222.3,44525.780000000006,57354.95999999999,-36916.85,11521,2,0,2,1,1882390.2296579403,67204.22284696372,22992.175318066205,1.0031799053610964,1.1000000080439656,1.0647079883169173,0.017129110317686484,-0.45807300242930193,0.7212561215633176,-0.042657315092048544,0.1675486713457798,808.2082545879434,807.7043428188556,43.12948825898373,43.056511547535216,1.0000000020157107,0.9999999838959109,0.20698483935328696,0.2067086221214036,1.01918367079179e-08,0.0,476,205,26,174,0,91,1,0.0,0.0,0.0,0.0,0.0,1,0.0,0.0,0.0,0.0,0.0,1,0.0,0.0,0.0,0.0,0.0,1,0.0,0.0,0.0,0.0,0.0,0,0,0,1.20350202091007e-05,1.0466824722499268e-05,3.152245001348037e-08,6.661338147750939e-16,1.0466824722499268e-05,0.002122715687756449,0.000659617570005766,1.5700183073824687e-05,2.8818710862132946e-08,0.000659617570005766,1.6612948815522816e-05,5.714116189992069e-06,6.936816235033012e-08,2.897734496798421e-09,5.714116189992069e-06,4.795155541400256e-06,1.086570103892015e-06,3.6287115728369765e-08,3.0503101905443586e-08,1.086570103892015e-06,,,,,,,,,
2026-03-22T18:50:38Z,test_cases/pglib_opf_case7336_epigrids.mat,pglib_opf_case7336_epigrids,oracle_ac_primal_dual__Pg,oracle_ac_primal_dual,full,ac_true,1,0,Pg,1,,,optimal,ok,1,13354.320499912392,1869035.9091628573,139.95739500022768,0,0.03658890724182129,2.9891698360443115,52.878901958465576,55.86807179450989,55.86807179450989,55.90466070175171,acopf_acdc_paper_study/cases/pglib_opf_case7336_epigrids/logs/oracle_ac_primal_dual__Pg.log,0,169,2.364854988358249e-07,1.3155037784789991e-08,1.3115896457804865e-07,1.0738089459225984e-07,2.364854988358249e-07,46.697,,,46.697,False,100.0,7336,11521,686,684,5252,1,239,7096,66286.4,24243.41,110222.3,44525.780000000006,57354.95999999999,-36916.85,11521,2,0,2,1,1882390.229662748,67204.2228930184,22992.17534232315,1.003179905356889,1.1000000080438905,1.0647080285889476,0.017129093335222747,-0.4580730064789245,0.7212561279973155,-0.04265729311396497,0.1675486695126795,808.2083033394845,807.7043915415007,43.12949527412036,43.05651669805357,1.000000002016451,0.9999999838962466,0.2069848687729409,0.20670863588887448,1.0195579047689307e-08,0.0,476,205,26,174,0,92,1,0.0,0.0,0.0,0.0,0.0,0,,,,,,0,,,,,,0,,,,,,1,1,1,3.1828337979456305e-06,2.736281182080802e-06,8.243148018692992e-09,3.252606517456513e-17,2.736281182080802e-06,0.0005639972195088631,0.0001715336004624035,3.947777624937345e-06,5.119227611261046e-09,0.0001715336004624035,4.289601828163056e-06,1.3687200934864308e-06,1.763835602995815e-08,7.515409405911555e-10,1.3687200934864308e-06,1.3771881335219027e-06,3.226115142807018e-07,1.0229203385167224e-08,8.315491184518464e-09,3.226115142807018e-07,,,,,,,,,
2026-03-22T18:52:14Z,test_cases/pglib_opf_case7336_epigrids.mat,pglib_opf_case7336_epigrids,oracle_ac_primal_dual__Qg,oracle_ac_primal_dual,full,ac_true,1,0,Qg,1,,,maxIterations,warning,0,13745.04362133192,,,,0.03658890724182129,3.1500179767608643,93.048269033432,96.19828701019287,96.19828701019287,96.23487591743469,acopf_acdc_paper_study/cases/pglib_opf_case7336_epigrids/logs/oracle_ac_primal_dual__Qg.log,1,300,396.91264831879045,1.6984676519999713,1.7148922282217427e-08,1.5367042602185155,396.91264831879045,87.016,,,87.016,False,100.0,7336,11521,686,684,5252,1,239,7096,66286.4,24243.41,110222.3,44525.780000000006,57354.95999999999,-36916.85,11521,2,0,2,1,,,,,,,,,,,,,,,,,,,,,,,,,,,,0,,,,,,1,0.0,0.0,0.0,0.0,0.0,0,,,,,,0,,,,,,1,1,1,,,,,,,,,,,,,,,,,,,,,,,,,,,,,
2026-03-22T18:53:44Z,test_cases/pglib_opf_case7336_epigrids.mat,pglib_opf_case7336_epigrids,oracle_ac_primal_dual__Vm,oracle_ac_primal_dual,full,ac_true,1,0,Vm,1,,,maxIterations,warning,0,14092.828005301062,,,,0.03658890724182129,1.961475133895874,87.21327590942383,89.1747510433197,89.1747510433197,89.21133995056152,acopf_acdc_paper_study/cases/pglib_opf_case7336_epigrids/logs/oracle_ac_primal_dual__Vm.log,1,300,803.6631506817084,3.0972813275372557,6.9414669567891e-08,2.434119289693235,803.6631506817084,80.972,,,80.972,False,100.0,7336,11521,686,684,5252,1,239,7096,66286.4,24243.41,110222.3,44525.780000000006,57354.95999999999,-36916.85,11521,2,0,2,1,,,,,,,,,,,,,,,,,,,,,,,,,,,,0,,,,,,0,,,,,,1,0.0,0.0,0.0,0.0,0.0,0,,,,,,1,1,1,,,,,,,,,,,,,,,,,,,,,,,,,,,,,
2026-03-22T18:55:16Z,test_cases/pglib_opf_case7336_epigrids.mat,pglib_opf_case7336_epigrids,oracle_ac_primal_dual__Va,oracle_ac_primal_dual,full,ac_true,1,0,Va,1,,,maxIterations,warning,0,14234.674866557134,,,,0.03658890724182129,3.2133450508117676,89.18085217475891,92.39419722557068,92.39419722557068,92.4307861328125,acopf_acdc_paper_study/cases/pglib_opf_case7336_epigrids/logs/oracle_ac_primal_dual__Va.log,1,300,525.0239324975497,1.7348134069786918,7.249365729933288e-08,2.1787621290205337,525.0239324975497,83.093,,,83.093,False,100.0,7336,11521,686,684,5252,1,239,7096,66286.4,24243.41,110222.3,44525.780000000006,57354.95999999999,-36916.85,11521,2,0,2,1,,,,,,,,,,,,,,,,,,,,,,,,,,,,0,,,,,,0,,,,,,0,,,,,,1,0.0,0.0,0.0,0.0,0.0,1,1,1,,,,,,,,,,,,,,,,,,,,,,,,,,,,,
2026-03-22T18:56:24Z,test_cases/pglib_opf_case7336_epigrids.mat,pglib_opf_case7336_epigrids,oracle_ac_primal_dual__Pg_Qg,oracle_ac_primal_dual,full,ac_true,1,0,Pg+Qg,2,,,optimal,ok,1,13354.320499910942,1869035.9091626531,139.9573950002124,0,0.03658890724182129,3.182654857635498,64.29555201530457,67.47820687294006,67.47820687294006,67.51479578018188,acopf_acdc_paper_study/cases/pglib_opf_case7336_epigrids/logs/oracle_ac_primal_dual__Pg_Qg.log,0,208,2.3168991718051923e-07,1.3161895739965956e-08,1.3115896457804865e-07,1.0738599410628258e-07,2.3168991718051923e-07,57.701,,,57.701,False,100.0,7336,11521,686,684,5252,1,239,7096,66286.4,24243.41,110222.3,44525.780000000006,57354.95999999999,-36916.85,11521,2,0,2,1,1882390.2296625439,67204.22289337448,22992.175341261955,1.0031799053578683,1.100000008043891,1.0647080289796194,0.017129093152591805,-0.45807300639761467,0.721256128240251,-0.04265729297888787,0.1675486695406411,808.208303309545,807.7043915116169,43.12949531834842,43.05651674459116,1.0000000020164457,0.9999999838962975,0.20698486893294704,0.20670863605351958,1.0195552846425926e-08,0.0,476,205,26,174,0,92,1,0.0,0.0,0.0,0.0,0.0,1,0.0,0.0,0.0,0.0,0.0,0,,,,,,0,,,,,,1,1,1,3.106470020730816e-06,2.6629930394150847e-06,8.023651639959869e-09,3.2634485391813683e-17,2.6629930394150847e-06,0.0005510577545427073,0.00016594764872346346,3.866348750900384e-06,5.115399798194531e-09,0.00016594764872346346,4.224893959153295e-06,1.3688729991745419e-06,1.7247056530370243e-08,7.435964066715428e-10,1.3688729991745419e-06,1.3666550401294494e-06,3.2288004153668837e-07,1.007430973629661e-08,8.119750101454049e-09,3.2288004153668837e-07,,,,,,,,,
2026-03-22T18:56:59Z,test_cases/pglib_opf_case7336_epigrids.mat,pglib_opf_case7336_epigrids,oracle_ac_primal_dual__Pg_Vm,oracle_ac_primal_dual,full,ac_true,1,0,Pg+Vm,2,,,optimal,ok,1,13354.32049991204,1869035.909162808,139.95739500022398,0,0.03658890724182129,3.197429895401001,32.36184215545654,35.559272050857544,35.559272050857544,35.595860958099365,acopf_acdc_paper_study/cases/pglib_opf_case7336_epigrids/logs/oracle_ac_primal_dual__Pg_Vm.log,0,94,2.344452060297009e-07,1.3155021329203098e-08,1.3115896457804865e-07,1.073808752033474e-07,2.344452060297009e-07,26.24,,,26.24,False,100.0,7336,11521,686,684,5252,1,239,7096,66286.4,24243.41,110222.3,44525.780000000006,57354.95999999999,-36916.85,11521,2,0,2,1,1882390.2296626987,67204.22289313977,22992.17534158982,1.0031799053572055,1.1000000080438905,1.064708028747404,0.017129093263624842,-0.45807300645296983,0.7212561280634227,-0.04265729307794264,0.1675486695194573,808.2083033344103,807.7043915364472,43.12949529025957,43.05651671492551,1.0000000020164308,0.99999998389631,0.2069848688387659,0.20670863595582614,1.0195477795349461e-08,0.0,476,205,26,174,0,92,1,0.0,0.0,0.0,0.0,0.0,0,,,,,,1,0.0,0.0,0.0,0.0,0.0,0,,,,,,1,1,1,3.1569462625366175e-06,2.7114830887242647e-06,8.168864386341437e-09,3.252606517456513e-17,2.7114830887242647e-06,0.0005596404049848932,0.00016958808564870864,3.920114551805199e-06,5.1188426761217265e-09,0.00016958808564870864,4.2634770103300745e-06,1.3687190942857086e-06,1.7479629363045682e-08,7.479294961143523e-10,1.3687190942857086e-06,1.3742104601833072e-06,3.2267374261429893e-07,1.0184455991513157e-08,8.244050234140765e-09,3.2267374261429893e-07,,,,,,,,,
2026-03-22T18:57:29Z,test_cases/pglib_opf_case7336_epigrids.mat,pglib_opf_case7336_epigrids,oracle_ac_primal_dual__Pg_Va,oracle_ac_primal_dual,full,ac_true,1,0,Pg+Va,2,,,optimal,ok,1,13354.320499916705,1869035.9091634653,139.95739500027318,0,0.03658890724182129,3.1475682258605957,26.425281763076782,29.572849988937378,29.572849988937378,29.6094388961792,acopf_acdc_paper_study/cases/pglib_opf_case7336_epigrids/logs/oracle_ac_primal_dual__Pg_Va.log,0,71,2.5993216175263867e-07,1.3155169738265915e-08,1.3115896457804865e-07,1.073809930087681e-07,2.5993216175263867e-07,20.363,,,20.363,False,100.0,7336,11521,686,684,5252,1,239,7096,66286.4,24243.41,110222.3,44525.780000000006,57354.95999999999,-36916.85,11521,2,0,2,1,1882390.229663356,67204.22289158849,22992.175350337773,1.003179905353202,1.1000000080438905,1.0647080267724374,0.01712909415668964,-0.45807300680300933,0.7212561271752969,-0.04265729356318788,0.1675486694256063,808.2083033820658,807.7043915838916,43.129495088022836,43.05651650353666,1.0000000020164437,0.9999999838963209,0.20698486801582194,0.2067086351187781,1.019554307646331e-08,0.0,476,205,26,174,0,92,1,0.0,0.0,0.0,0.0,0.0,0,,,,,,0,,,,,,1,0.0,0.0,0.0,0.0,0.0,1,1,1,3.491793430335346e-06,3.0276520117666905e-06,9.116014737326537e-09,3.2634485391813683e-17,3.0276520117666905e-06,0.0006150210573812012,0.00019317253456963002,4.265650590878681e-06,5.629315819044578e-09,0.00019317253456963002,4.597650944784805e-06,1.368725460748621e-06,1.9458414756917295e-08,7.971151516628083e-10,1.368725460748621e-06,1.4145465294474023e-06,3.2183490195070164e-07,1.0778915739709172e-08,9.047326035918624e-09,3.2183490195070164e-07,,,,,,,,,
2026-03-22T18:58:59Z,test_cases/pglib_opf_case7336_epigrids.mat,pglib_opf_case7336_epigrids,oracle_ac_primal_dual__Qg_Vm,oracle_ac_primal_dual,full,ac_true,1,0,Qg+Vm,2,,,maxIterations,warning,0,14159.819583532702,,,,0.03658890724182129,2.6356289386749268,87.41155815124512,90.04718708992004,90.04718708992004,90.08377599716187,acopf_acdc_paper_study/cases/pglib_opf_case7336_epigrids/logs/oracle_ac_primal_dual__Qg_Vm.log,1,300,870.5752545843822,3.3566150947817324,7.01437468109134e-08,3.012670140825269,870.5752545843822,81.195,,,81.195,False,100.0,7336,11521,686,684,5252,1,239,7096,66286.4,24243.41,110222.3,44525.780000000006,57354.95999999999,-36916.85,11521,2,0,2,1,,,,,,,,,,,,,,,,,,,,,,,,,,,,0,,,,,,1,0.0,0.0,0.0,0.0,0.0,1,0.0,0.0,0.0,0.0,0.0,0,,,,,,1,1,1,,,,,,,,,,,,,,,,,,,,,,,,,,,,,
2026-03-22T19:00:31Z,test_cases/pglib_opf_case7336_epigrids.mat,pglib_opf_case7336_epigrids,oracle_ac_primal_dual__Qg_Va,oracle_ac_primal_dual,full,ac_true,1,0,Qg+Va,2,,,maxIterations,warning,0,14283.796864324058,,,,0.03658890724182129,3.18759822845459,89.10839128494263,92.29598951339722,92.29598951339722,92.33257842063904,acopf_acdc_paper_study/cases/pglib_opf_case7336_epigrids/logs/oracle_ac_primal_dual__Qg_Va.log,1,300,552.9668186327309,1.8270732455843113,7.225081688488899e-08,1.9544637184477496,552.9668186327309,83.042,,,83.042,False,100.0,7336,11521,686,684,5252,1,239,7096,66286.4,24243.41,110222.3,44525.780000000006,57354.95999999999,-36916.85,11521,2,0,2,1,,,,,,,,,,,,,,,,,,,,,,,,,,,,0,,,,,,1,0.0,0.0,0.0,0.0,0.0,0,,,,,,1,0.0,0.0,0.0,0.0,0.0,1,1,1,,,,,,,,,,,,,,,,,,,,,,,,,,,,,
2026-03-22T19:02:02Z,test_cases/pglib_opf_case7336_epigrids.mat,pglib_opf_case7336_epigrids,oracle_ac_primal_dual__Vm_Va,oracle_ac_primal_dual,full,ac_true,1,0,Vm+Va,2,,,maxIterations,warning,0,14234.005172999488,,,,0.03658890724182129,3.231834888458252,87.42671704292297,90.65855193138123,90.65855193138123,90.69514083862305,acopf_acdc_paper_study/cases/pglib_opf_case7336_epigrids/logs/oracle_ac_primal_dual__Vm_Va.log,1,300,18.14778951942587,1.3709725815122558,7.003146151873807e-08,0.12477521489142379,18.14778951942587,81.331,,,81.331,False,100.0,7336,11521,686,684,5252,1,239,7096,66286.4,24243.41,110222.3,44525.780000000006,57354.95999999999,-36916.85,11521,2,0,2,1,,,,,,,,,,,,,,,,,,,,,,,,,,,,0,,,,,,0,,,,,,1,0.0,0.0,0.0,0.0,0.0,1,0.0,0.0,0.0,0.0,0.0,1,1,1,,,,,,,,,,,,,,,,,,,,,,,,,,,,,
2026-03-22T19:02:30Z,test_cases/pglib_opf_case7336_epigrids.mat,pglib_opf_case7336_epigrids,oracle_ac_primal_dual__Pg_Qg_Vm,oracle_ac_primal_dual,full,ac_true,1,0,Pg+Qg+Vm,3,,,optimal,ok,1,13354.320499913092,1869035.909162956,139.95739500023507,0,0.03658890724182129,3.177901029586792,24.930957078933716,28.108858108520508,28.108858108520508,28.14544701576233,acopf_acdc_paper_study/cases/pglib_opf_case7336_epigrids/logs/oracle_ac_primal_dual__Pg_Qg_Vm.log,0,65,2.4075089176124305e-07,1.3156571575245746e-08,1.3115896457804865e-07,1.073820152422132e-07,2.4075089176124305e-07,18.86,,,18.86,False,100.0,7336,11521,686,684,5252,1,239,7096,66286.4,24243.41,110222.3,44525.780000000006,57354.95999999999,-36916.85,11521,2,0,2,1,1882390.2296628468,67204.22289277092,22992.175343890165,1.0031799053562667,1.1000000080438905,1.0647080282632422,0.017129093481214778,-0.45807300653608457,0.7212561278618439,-0.04265729318775674,0.16754866949869981,808.2083033410223,807.7043915430103,43.12949524161675,43.05651666414854,1.0000000020164161,0.9999999838962549,0.20698486863639756,0.20670863575040227,1.0195403188362206e-08,0.0,476,205,26,174,0,92,1,0.0,0.0,0.0,0.0,0.0,1,0.0,0.0,0.0,0.0,0.0,1,0.0,0.0,0.0,0.0,0.0,0,,,,,,1,1,1,3.235335263638093e-06,2.786508761509765e-06,8.39363078970991e-09,3.252606517456513e-17,2.786508761509765e-06,0.0005725313015991304,0.00017511062394282018,4.001928664028772e-06,5.361560306837987e-09,0.00017511062394282018,4.3436217045951094e-06,1.3687757420832725e-06,1.796475508922908e-08,7.560864156985758e-10,1.3687757420832725e-06,1.3833470932889623e-06,3.224970001047822e-07,1.032126358392062e-08,8.434373366394965e-09,3.224970001047822e-07,,,,,,,,,
2026-03-22T19:03:02Z,test_cases/pglib_opf_case7336_epigrids.mat,pglib_opf_case7336_epigrids,oracle_ac_primal_dual__Pg_Qg_Va,oracle_ac_primal_dual,full,ac_true,1,0,Pg+Qg+Va,3,,,optimal,ok,1,13354.320499911866,1869035.9091627833,139.95739500022214,0,0.03658890724182129,3.1392338275909424,28.379897832870483,31.519131660461426,31.519131660461426,31.555720567703247,acopf_acdc_paper_study/cases/pglib_opf_case7336_epigrids/logs/oracle_ac_primal_dual__Pg_Qg_Va.log,0,77,2.3365259250540758e-07,1.3155832846722948e-08,1.3115896457804865e-07,1.0738147981455367e-07,2.3365259250540758e-07,22.335,,,22.335,True,100.0,7336,11521,686,684,5252,1,239,7096,66286.4,24243.41,110222.3,44525.780000000006,57354.95999999999,-36916.85,11521,2,0,2,1,1882390.229662674,67204.22289318638,22992.17534128809,1.003179905357318,1.1000000080438905,1.0647080288098223,0.017129093235325937,-0.45807300644237753,0.7212561280872187,-0.04265729306505707,0.1675486695219357,808.2083033334518,807.7043915354964,43.129495296582505,43.056516721559674,1.000000002016406,0.999999983896326,0.20698486886454576,0.20670863598222555,1.0195350785835444e-08,0.0,476,205,26,174,0,92,1,0.0,0.0,0.0,0.0,0.0,1,0.0,0.0,0.0,0.0,0.0,0,,,,,,1,0.0,0.0,0.0,0.0,0.0,1,1,1,3.1470727344495694e-06,2.7019607733436146e-06,8.140340150656195e-09,3.230922474006803e-17,2.7019607733436146e-06,0.0005579294453913434,0.0001688961157692015,3.909601110708145e-06,5.118507138968109e-09,0.0001688961157692015,4.25326492167023e-06,1.368750014218989e-06,1.7417214632264648e-08,7.466667284461437e-10,1.368750014218989e-06,1.3731547493422978e-06,3.227034420238972e-07,1.016806137337951e-08,8.228832407142228e-09,3.227034420238972e-07,,,,,,,,,
2026-03-22T19:03:29Z,test_cases/pglib_opf_case7336_epigrids.mat,pglib_opf_case7336_epigrids,oracle_ac_primal_dual__Pg_Vm_Va,oracle_ac_primal_dual,full,ac_true,1,0,Pg+Vm+Va,3,,,optimal,ok,1,13354.320499913281,1869035.9091629828,139.95739500023706,0,0.03658890724182129,3.131492853164673,23.73457908630371,26.866071939468384,26.866071939468384,26.902660846710205,acopf_acdc_paper_study/cases/pglib_opf_case7336_epigrids/logs/oracle_ac_primal_dual__Pg_Vm_Va.log,0,61,2.411665395444704e-07,1.3155071511283811e-08,1.3115896457804865e-07,1.0738092949153221e-07,2.411665395444704e-07,17.489,,,17.489,False,100.0,7336,11521,686,684,5252,1,239,7096,66286.4,24243.41,110222.3,44525.780000000006,57354.95999999999,-36916.85,11521,2,0,2,1,1882390.2296628735,67204.22289272884,22992.17534388155,1.0031799053561494,1.1000000080438905,1.0647080282263282,0.017129093499220698,-0.4580730065460467,0.7212561278255463,-0.04265729320786452,0.16754866949426778,808.2083033474014,807.704391549382,43.12949523687591,43.05651665913018,1.0000000020164175,0.9999999838962852,0.20698486862150783,0.20670863573485618,1.0195410293789564e-08,0.0,476,205,26,174,0,92,1,0.0,0.0,0.0,0.0,0.0,0,,,,,,1,0.0,0.0,0.0,0.0,0.0,1,0.0,0.0,0.0,0.0,0.0,1,1,1,3.2445807922862616e-06,2.7952514090046066e-06,8.419809063165787e-09,3.252606517456513e-17,2.7952514090046066e-06,0.0005740384012799303,0.0001765825107821195,4.011207162691401e-06,5.367040950554625e-09,0.0001765825107821195,4.3498904707762235e-06,1.3687219175828602e-06,1.800169180209587e-08,7.570818416624547e-10,1.3687219175828602e-06,1.3848678179191782e-06,3.2244924036417544e-07,1.0342970030133413e-08,8.459135517058236e-09,3.2244924036417544e-07,,,,,,,,,
2026-03-22T19:04:58Z,test_cases/pglib_opf_case7336_epigrids.mat,pglib_opf_case7336_epigrids,oracle_ac_primal_dual__Qg_Vm_Va,oracle_ac_primal_dual,full,ac_true,1,0,Qg+Vm+Va,3,,,maxIterations,warning,0,14247.099180798483,,,,0.03658890724182129,2.0891690254211426,87.38337302207947,89.47254204750061,89.47254204750061,89.50913095474243,acopf_acdc_paper_study/cases/pglib_opf_case7336_epigrids/logs/oracle_ac_primal_dual__Qg_Vm_Va.log,1,300,15.605168081345075,1.3889643813908614,7.00046687285294e-08,0.13710741744222557,15.605168081345075,81.298,,,81.298,False,100.0,7336,11521,686,684,5252,1,239,7096,66286.4,24243.41,110222.3,44525.780000000006,57354.95999999999,-36916.85,11521,2,0,2,1,,,,,,,,,,,,,,,,,,,,,,,,,,,,0,,,,,,1,0.0,0.0,0.0,0.0,0.0,1,0.0,0.0,0.0,0.0,0.0,1,0.0,0.0,0.0,0.0,0.0,1,1,1,,,,,,,,,,,,,,,,,,,,,,,,,,,,,
2026-03-22T19:05:09Z,test_cases/pglib_opf_case7336_epigrids.mat,pglib_opf_case7336_epigrids,oracle_ac_primal_dual__Pg_Qg_Vm_Va,oracle_ac_primal_dual,full,ac_true,1,0,Pg+Qg+Vm+Va,4,,,optimal,ok,1,13354.320499927637,1869035.9091650061,139.95739500038857,0,0.03658890724182129,2.1624257564544678,8.316787004470825,10.479212760925293,10.479212760925293,10.515801668167114,acopf_acdc_paper_study/cases/pglib_opf_case7336_epigrids/logs/oracle_ac_primal_dual__Pg_Qg_Vm_Va.log,0,4,2.7824811429477507e-07,1.4229819857158876e-08,1.3115896457804865e-07,1.3511244552118996e-07,2.7824811429477507e-07,2.214,,,2.214,False,100.0,7336,11521,686,684,5252,1,239,7096,66286.4,24243.41,110222.3,44525.780000000006,57354.95999999999,-36916.85,11521,2,0,2,1,1882390.2296648968,67204.22288695507,22992.175356070544,1.0031799053767683,1.1000000080438905,1.0647080250218204,0.0171290933806376,-0.4580730086813922,0.7212561303916286,-0.04265729805222496,0.16754867098769302,808.208288341096,807.7043765531787,43.129495051803104,43.05651725539377,1.0000000020164383,0.9999999838962477,0.20698486947504102,0.20670864291885735,1.0195515542932299e-08,0.0,476,205,26,174,0,92,1,0.0,0.0,0.0,0.0,0.0,1,0.0,0.0,0.0,0.0,0.0,1,0.0,0.0,0.0,0.0,0.0,1,0.0,0.0,0.0,0.0,0.0,1,1,1,4.323915841999583e-06,3.526753094895696e-06,1.0643086207806108e-08,2.7755575615628914e-17,3.526753094895696e-06,0.000802256951741687,0.00029501600658839036,5.4702284281318525e-06,8.959528431662367e-09,0.00029501600658839036,5.986977209294369e-06,2.3880958028854593e-06,2.227682479035407e-08,1.1074785533082832e-09,2.3880958028854593e-06,2.252944920310133e-06,5.663013310508447e-07,1.57750613658439e-08,1.1780255243509785e-08,5.663013310508447e-07,,,,,,,,,
2026-03-22T19:05:31Z,test_cases/pglib_opf_case7336_epigrids.mat,pglib_opf_case7336_epigrids,oracle_ac_constraint_dual__Pg,oracle_ac_constraint_dual,constraint_only,ac_true,1,0,Pg,1,,,optimal,ok,1,13354.320499913225,1869035.9091629751,139.9573950002365,0,0.03658890724182129,3.200918674468994,19.237581968307495,22.43850064277649,22.43850064277649,22.47508955001831,acopf_acdc_paper_study/cases/pglib_opf_case7336_epigrids/logs/oracle_ac_constraint_dual__Pg.log,0,45,2.3713881258728394e-07,1.3154357915434733e-08,1.3115896457804865e-07,1.0738816324836434e-07,2.3713881258728394e-07,13.191,,,13.191,False,100.0,7336,11521,686,684,5252,1,239,7096,66286.4,24243.41,110222.3,44525.780000000006,57354.95999999999,-36916.85,11521,2,0,2,1,1882390.2296628659,67204.22289278205,22992.17534287118,1.0031799053585382,1.1000000080438905,1.0647080285114099,0.017129093276482633,-0.45807300662807277,0.7212561278729139,-0.042657293423092275,0.16754866956303377,808.2083023383904,807.704390541024,43.129495238008104,43.0565166898814,1.0000000020164401,0.9999999838963047,0.20698486857065557,0.20670863587403945,1.0195524424716496e-08,0.0,476,205,26,174,0,92,1,0.0,0.0,0.0,0.0,0.0,0,,,,,,0,,,,,,0,,,,,,1,1,0,3.223263125428359e-06,2.7621073490635695e-06,8.322117280084536e-09,3.469446951953614e-17,2.7621073490635695e-06,0.000682802836323012,0.0002834376906633018,5.7987764356585245e-06,2.14376004066541e-08,0.0002834376906633018,4.3569367839708224e-06,1.422763424852036e-06,1.7756340138688446e-08,7.669634927154334e-10,1.422763424852036e-06,1.4280271512570396e-06,3.352894411001728e-07,1.0557605291918056e-08,8.456762332076373e-09,3.352894411001728e-07,,,,,,,,,
2026-03-22T19:06:19Z,test_cases/pglib_opf_case7336_epigrids.mat,pglib_opf_case7336_epigrids,oracle_ac_constraint_dual__Qg,oracle_ac_constraint_dual,constraint_only,ac_true,1,0,Qg,1,,,optimal,ok,1,13354.320499911886,1869035.9091627859,139.9573950002223,0,0.03658890724182129,3.181725025177002,45.04359579086304,48.22532081604004,48.22532081604004,48.26190972328186,acopf_acdc_paper_study/cases/pglib_opf_case7336_epigrids/logs/oracle_ac_constraint_dual__Qg.log,0,143,2.336311914538495e-07,1.3154986260033308e-08,1.3115896457804865e-07,1.0738088235888001e-07,2.336311914538495e-07,39.015,,,39.015,False,100.0,7336,11521,686,684,5252,1,239,7096,66286.4,24243.41,110222.3,44525.780000000006,57354.95999999999,-36916.85,11521,2,0,2,1,1882390.2296626766,67204.22289319054,22992.17534134048,1.003179905357337,1.1000000080438905,1.064708028810056,0.017129093234853066,-0.45807300644046006,0.7212561280986877,-0.042657293061220555,0.1675486695237904,808.2083033300366,807.7043915320808,43.1294952966833,43.05651672163837,1.0000000020164375,0.9999999838963076,0.20698486886468606,0.2067086359821933,1.01955111020402e-08,0.0,476,205,26,174,0,92,0,,,,,,1,0.0,0.0,0.0,0.0,0.0,0,,,,,,0,,,,,,1,1,0,3.146231552712638e-06,2.7010542922312197e-06,8.137628634959886e-09,3.252606517456513e-17,2.7010542922312197e-06,0.0005580617468500492,0.00016889161863753444,3.949921905594769e-06,5.120671595082449e-09,0.00016889161863753444,4.253386985962583e-06,1.3690755140682853e-06,1.7417141676355793e-08,7.470427609845842e-10,1.3690755140682853e-06,1.3729875406943645e-06,3.2279160455672695e-07,1.0164419959669647e-08,8.223764839249137e-09,3.2279160455672695e-07,,,,,,,,,
2026-03-22T19:07:12Z,test_cases/pglib_opf_case7336_epigrids.mat,pglib_opf_case7336_epigrids,oracle_ac_constraint_dual__Vm,oracle_ac_constraint_dual,constraint_only,ac_true,1,0,Vm,1,,,optimal,ok,1,13354.320499912117,1869035.9091628187,139.95739500022478,0,0.03658890724182129,3.1750659942626953,49.1234130859375,52.298479080200195,52.298479080200195,52.33506798744202,acopf_acdc_paper_study/cases/pglib_opf_case7336_epigrids/logs/oracle_ac_constraint_dual__Vm.log,0,159,2.348474107117496e-07,1.3155007229370685e-08,1.3115896457804865e-07,1.0738087561098416e-07,2.348474107117496e-07,43.086,,,43.086,False,100.0,7336,11521,686,684,5252,1,239,7096,66286.4,24243.41,110222.3,44525.780000000006,57354.95999999999,-36916.85,11521,2,0,2,1,1882390.2296627094,67204.22289311516,22992.17534172685,1.003179905357143,1.1000000080438905,1.064708028716277,0.017129093277707348,-0.4580730064586166,0.7212561280487372,-0.042657293085757546,0.16754866951790384,808.2083033349957,807.7043915370299,43.12949528707342,43.05651671159501,1.0000000020164448,0.999999983896311,0.20698486882579478,0.20670863594263106,1.0195547961444618e-08,0.0,476,205,26,174,0,92,0,,,,,,0,,,,,,1,0.0,0.0,0.0,0.0,0.0,0,,,,,,1,1,0,3.1621615512667035e-06,2.7164858797945612e-06,8.183852247603852e-09,3.252606517456513e-17,2.7164858797945612e-06,0.0005621306634052488,0.00016989541959322452,4.0139905089723836e-06,6.498307180552443e-09,0.00016989541959322452,4.268600691113444e-06,1.3687192028655204e-06,1.7510807656150604e-08,7.485843056542762e-10,1.3687192028655204e-06,1.3748516978211095e-06,3.226600744921093e-07,1.0193968850066288e-08,8.257235589725909e-09,3.226600744921093e-07,,,,,,,,,
2026-03-22T19:08:31Z,test_cases/pglib_opf_case7336_epigrids.mat,pglib_opf_case7336_epigrids,oracle_ac_constraint_dual__Va,oracle_ac_constraint_dual,constraint_only,ac_true,1,0,Va,1,,,optimal,ok,1,13354.320499916066,1869035.909163375,139.95739500026642,0,0.03658890724182129,3.1561052799224854,76.20020413398743,79.35630941390991,79.35630941390991,79.39289832115173,acopf_acdc_paper_study/cases/pglib_opf_case7336_epigrids/logs/oracle_ac_constraint_dual__Va.log,0,228,2.542020670598497e-07,1.3114631054744752e-08,1.3115896457804865e-07,1.0735075872939513e-07,2.542020670598497e-07,70.165,,,70.165,False,100.0,7336,11521,686,684,5252,1,239,7096,66286.4,24243.41,110222.3,44525.780000000006,57354.95999999999,-36916.85,11521,2,0,2,1,1882390.2296632656,67204.22289189526,22992.17534868704,1.00317990535402,1.1000000080438903,1.0647080271654645,0.017129093979638813,-0.45807300674302937,0.7212561273670074,-0.04265729347028134,0.16754866944796826,808.2083033622821,807.70439156416,43.12949512917027,43.05651654539847,1.0000000020164375,0.9999999838962941,0.20698486818250353,0.20670863527957747,1.01955111020402e-08,0.0,476,205,26,174,0,92,0,,,,,,0,,,,,,0,,,,,,1,0.0,0.0,0.0,0.0,0.0,1,1,0,3.4247383786651895e-06,2.964866415489098e-06,8.92794078671712e-09,2.994814397424413e-17,2.964866415489098e-06,0.0006037497663551522,0.000193399799354399,4.196067151225881e-06,5.992243090613414e-09,0.000193399799354399,4.529279982060414e-06,1.369966511344245e-06,1.906200658472654e-08,7.869345175492981e-10,1.369966511344245e-06,1.4068883051989624e-06,3.223106790906094e-07,1.0663877254701572e-08,8.88116981692666e-09,3.223106790906094e-07,,,,,,,,,
2026-03-22T19:09:02Z,test_cases/pglib_opf_case7336_epigrids.mat,pglib_opf_case7336_epigrids,oracle_ac_constraint_dual__Pg_Qg,oracle_ac_constraint_dual,constraint_only,ac_true,1,0,Pg+Qg,2,,,optimal,ok,1,13354.320499911879,1869035.909162785,139.95739500022225,0,0.03658890724182129,3.1643869876861572,27.432564973831177,30.596951961517334,30.596951961517334,30.633540868759155,acopf_acdc_paper_study/cases/pglib_opf_case7336_epigrids/logs/oracle_ac_constraint_dual__Pg_Qg.log,0,76,2.3363118693597905e-07,1.3154987779651073e-08,1.3115896457804865e-07,1.0738086409956876e-07,2.3363118693597905e-07,21.361,,,21.361,False,100.0,7336,11521,686,684,5252,1,239,7096,66286.4,24243.41,110222.3,44525.780000000006,57354.95999999999,-36916.85,11521,2,0,2,1,1882390.2296626756,67204.22289319155,22992.17534133769,1.0031799053573358,1.1000000080438905,1.0647080288101356,0.01712909323522861,-0.458073006439962,0.7212561280957064,-0.04265729306019809,0.16754866952304837,808.2083033342302,807.7043915362714,43.129495296747265,43.05651672170362,1.0000000020164255,0.9999999838963415,0.20698486886510042,0.20670863598260697,1.019544981772924e-08,0.0,476,205,26,174,0,92,1,0.0,0.0,0.0,0.0,0.0,1,0.0,0.0,0.0,0.0,0.0,0,,,,,,0,,,,,,1,1,0,3.14607906175242e-06,2.700998517290998e-06,8.137450838589264e-09,3.252606517456513e-17,2.700998517290998e-06,0.0005579158826140065,0.00016889154611221535,3.909137648139227e-06,5.11732486940808e-09,0.00016889154611221535,4.253155795216499e-06,1.3687185598243445e-06,1.741675137881354e-08,7.469241891655543e-10,1.3687185598243445e-06,1.372782872444684e-06,3.2270423305780227e-07,1.0163301726794158e-08,8.22308007450423e-09,3.2270423305780227e-07,,,,,,,,,
2026-03-22T19:09:26Z,test_cases/pglib_opf_case7336_epigrids.mat,pglib_opf_case7336_epigrids,oracle_ac_constraint_dual__Pg_Vm,oracle_ac_constraint_dual,constraint_only,ac_true,1,0,Pg+Vm,2,,,optimal,ok,1,13354.320499911906,1869035.9091627887,139.95739500022253,0,0.03658890724182129,2.657205104827881,21.418617248535156,24.075822353363037,24.075822353363037,24.11241126060486,acopf_acdc_paper_study/cases/pglib_opf_case7336_epigrids/logs/oracle_ac_constraint_dual__Pg_Vm.log,0,52,2.337197755867171e-07,1.3154991838904007e-08,1.3115896457804865e-07,1.0738086936815759e-07,2.337197755867171e-07,15.172,,,15.172,False,100.0,7336,11521,686,684,5252,1,239,7096,66286.4,24243.41,110222.3,44525.780000000006,57354.95999999999,-36916.85,11521,2,0,2,1,1882390.2296626794,67204.2228931835,22992.175341338618,1.003179905357317,1.1000000080438905,1.0647080288035533,0.01712909323823915,-0.4580730064432912,0.7212561280882669,-0.04265729306443458,0.16754866952206302,808.2083033330204,807.7043915350635,43.12949529600079,43.056516720926695,1.0000000020164392,0.9999999838962882,0.20698486886214243,0.2067086359796028,1.0195519539735187e-08,0.0,476,205,26,174,0,92,1,0.0,0.0,0.0,0.0,0.0,0,,,,,,1,0.0,0.0,0.0,0.0,0.0,0,,,,,,1,1,0,3.147655632682069e-06,2.7025567366223413e-06,8.142124669646071e-09,3.252606517456513e-17,2.7025567366223413e-06,0.0005580670667139882,0.00016895205605527153,3.910303193750036e-06,5.118313044227829e-09,0.00016895205605527153,4.254246760493319e-06,1.3687187909727783e-06,1.7423374353156246e-08,7.467482188161512e-10,1.3687187909727783e-06,1.373101838928191e-06,3.2269716837562967e-07,1.0167879510366906e-08,8.229447179264326e-09,3.2269716837562967e-07,,,,,,,,,
2026-03-22T19:09:45Z,test_cases/pglib_opf_case7336_epigrids.mat,pglib_opf_case7336_epigrids,oracle_ac_constraint_dual__Pg_Va,oracle_ac_constraint_dual,constraint_only,ac_true,1,0,Pg+Va,2,,,optimal,ok,1,13354.320499912306,1869035.9091628455,139.95739500022677,0,0.03658890724182129,3.1988980770111084,15.864811182022095,19.063709259033203,19.063709259033203,19.100298166275024,acopf_acdc_paper_study/cases/pglib_opf_case7336_epigrids/logs/oracle_ac_constraint_dual__Pg_Va.log,0,33,2.3562873728929677e-07,1.315493816655966e-08,1.3115896457804865e-07,1.0738087625893364e-07,2.3562873728929677e-07,9.847,,,9.847,False,100.0,7336,11521,686,684,5252,1,239,7096,66286.4,24243.41,110222.3,44525.780000000006,57354.95999999999,-36916.85,11521,2,0,2,1,1882390.2296627362,67204.222893064,22992.17534197942,1.0031799053570867,1.1000000080438905,1.0647080286541633,0.01712909330200443,-0.4580730064752073,0.721256127960786,-0.04265729311650647,0.16754866950864358,808.2083032963179,807.7043914983597,43.12949527853035,43.05651670598753,1.0000000020164295,0.9999999838962979,0.20698486878699418,0.20670863592462443,1.0195471134011314e-08,0.0,476,205,26,174,0,92,1,0.0,0.0,0.0,0.0,0.0,0,,,,,,0,,,,,,1,0.0,0.0,0.0,0.0,0.0,1,1,0,3.1731710077797615e-06,2.727100407717842e-06,8.215636922591666e-09,3.2634485391813683e-17,2.727100407717842e-06,0.0005625384089026148,0.00017063272312278777,3.939421119575135e-06,4.448471358636796e-09,0.00017063272312278777,4.281247488112363e-06,1.3688195419359062e-06,1.7572343625461166e-08,7.499644238961878e-10,1.3688195419359062e-06,1.3781995456164377e-06,3.2259963356207066e-07,1.022821721801227e-08,8.287515326776962e-09,3.2259963356207066e-07,,,,,,,,,
2026-03-22T19:10:38Z,test_cases/pglib_opf_case7336_epigrids.mat,pglib_opf_case7336_epigrids,oracle_ac_constraint_dual__Qg_Vm,oracle_ac_constraint_dual,constraint_only,ac_true,1,0,Qg+Vm,2,,,optimal,ok,1,13354.320499911875,1869035.9091627845,139.95739500022222,0,0.03658890724182129,1.9782819747924805,50.65797996520996,52.63626194000244,52.63626194000244,52.67285084724426,acopf_acdc_paper_study/cases/pglib_opf_case7336_epigrids/logs/oracle_ac_constraint_dual__Qg_Vm.log,0,164,2.336361893825697e-07,1.3155010261667321e-08,1.3115896457804865e-07,1.0738086880018502e-07,2.336361893825697e-07,44.442,,,44.442,False,100.0,7336,11521,686,684,5252,1,239,7096,66286.4,24243.41,110222.3,44525.780000000006,57354.95999999999,-36916.85,11521,2,0,2,1,1882390.2296626752,67204.22289318858,22992.17534130866,1.003179905357332,1.1000000080438905,1.0647080288102082,0.017129093235229497,-0.4580730064421959,0.7212561280912599,-0.04265729306283724,0.16754866952237502,808.2083033328265,807.7043915348703,43.129495296681185,43.05651672163792,1.0000000020164361,0.9999999838963113,0.20698486886491058,0.2067086359824184,1.0195503996612842e-08,0.0,476,205,26,174,0,92,0,,,,,,1,0.0,0.0,0.0,0.0,0.0,1,0.0,0.0,0.0,0.0,0.0,0,,,,,,1,1,0,3.1465582871280676e-06,2.7015034023136764e-06,8.138970539014442e-09,3.252606517456513e-17,2.7015034023136764e-06,0.0005579153979518661,0.00016889166588618387,3.909138393368563e-06,5.118260100467342e-09,0.00016889166588618387,4.253153725171466e-06,1.3687190174582753e-06,1.7416706693002688e-08,7.466087748042582e-10,1.3687190174582753e-06,1.3729701318146365e-06,3.2270005112522426e-07,1.0165921863840944e-08,8.22768214323033e-09,3.2270005112522426e-07,,,,,,,,,
2026-03-22T19:12:17Z,test_cases/pglib_opf_case7336_epigrids.mat,pglib_opf_case7336_epigrids,oracle_ac_constraint_dual__Qg_Va,oracle_ac_constraint_dual,constraint_only,ac_true,1,0,Qg+Va,2,,,maxIterations,warning,0,13354.31970969146,,,,0.03658890724182129,2.032052993774414,97.54454183578491,99.57659482955933,99.57659482955933,99.61318373680115,acopf_acdc_paper_study/cases/pglib_opf_case7336_epigrids/logs/oracle_ac_constraint_dual__Qg_Va.log,1,300,0.22979155437101895,6.260677458082287e-05,6.79546943160858e-08,1.4098933580412898e-05,0.22979155437101895,91.474,,,91.474,False,100.0,7336,11521,686,684,5252,1,239,7096,66286.4,24243.41,110222.3,44525.780000000006,57354.95999999999,-36916.85,11521,2,0,2,1,,,,,,,,,,,,,,,,,,,,,,,,,,,,0,,,,,,1,0.0,0.0,0.0,0.0,0.0,0,,,,,,1,0.0,0.0,0.0,0.0,0.0,1,1,0,,,,,,,,,,,,,,,,,,,,,,,,,,,,,
2026-03-22T19:13:33Z,test_cases/pglib_opf_case7336_epigrids.mat,pglib_opf_case7336_epigrids,oracle_ac_constraint_dual__Vm_Va,oracle_ac_constraint_dual,constraint_only,ac_true,1,0,Vm+Va,2,,,optimal,ok,1,13354.32049991343,1869035.9091630033,139.9573950002386,0,0.03658890724182129,3.213150978088379,71.93578720092773,75.14893817901611,75.14893817901611,75.18552708625793,acopf_acdc_paper_study/cases/pglib_opf_case7336_epigrids/logs/oracle_ac_constraint_dual__Vm_Va.log,0,224,2.2998397744685914e-07,1.293292106047117e-08,1.3115896457804865e-07,1.0721454289907223e-07,2.2998397744685914e-07,65.766,,,65.766,False,100.0,7336,11521,686,684,5252,1,239,7096,66286.4,24243.41,110222.3,44525.780000000006,57354.95999999999,-36916.85,11521,2,0,2,1,1882390.229662894,67204.22289323674,22992.175341572252,1.0031799053571098,1.1000000080438899,1.0647080288312476,0.017129093244264613,-0.4580730064670219,0.7212561280579856,-0.042657293034471314,0.16754866951234354,808.2083034602564,807.7043916622188,43.12949530581665,43.05651672482897,1.000000002016423,0.999999983896302,0.20698486890712542,0.20670863597722652,1.0195437827320575e-08,0.0,476,205,26,174,0,92,0,,,,,,0,,,,,,1,0.0,0.0,0.0,0.0,0.0,1,0.0,0.0,0.0,0.0,0.0,1,1,0,3.139991858609105e-06,2.69712096478969e-06,8.125422969784873e-09,2.0816681711721685e-17,2.69712096478969e-06,0.0005565808090077377,0.00016862394845618134,3.898711871211386e-06,7.147886948999371e-09,0.00016862394845618134,4.237411610870821e-06,1.360484451984334e-06,1.7368063597786287e-08,7.431607551566799e-10,1.360484451984334e-06,1.3664801928098676e-06,3.2071967043245664e-07,1.0131062218359073e-08,8.202294211889782e-09,3.2071967043245664e-07,,,,,,,,,
2026-03-22T19:13:58Z,test_cases/pglib_opf_case7336_epigrids.mat,pglib_opf_case7336_epigrids,oracle_ac_constraint_dual__Pg_Qg_Vm,oracle_ac_constraint_dual,constraint_only,ac_true,1,0,Pg+Qg+Vm,3,,,optimal,ok,1,13354.320499912234,1869035.9091628355,139.95739500022603,0,0.03658890724182129,3.1524817943573,21.94581913948059,25.09830093383789,25.09830093383789,25.134889841079712,acopf_acdc_paper_study/cases/pglib_opf_case7336_epigrids/logs/oracle_ac_constraint_dual__Pg_Qg_Vm.log,0,55,2.3549384965909723e-07,1.3155303561773746e-08,1.3115896457804865e-07,1.073811082713871e-07,2.3549384965909723e-07,15.701,,,15.701,False,100.0,7336,11521,686,684,5252,1,239,7096,66286.4,24243.41,110222.3,44525.780000000006,57354.95999999999,-36916.85,11521,2,0,2,1,1882390.2296627262,67204.22289307212,22992.17534191229,1.0031799053570278,1.1000000080438905,1.064708028665581,0.0171290933008404,-0.4580730064682169,0.7212561280231731,-0.04265729310064835,0.16754866951516809,808.2083033364449,807.7043915384713,43.129495281596924,43.05651670587243,1.0000000020164352,0.9999999838963256,0.20698486880470032,0.20670863592121652,1.0195499111631534e-08,0.0,476,205,26,174,0,92,1,0.0,0.0,0.0,0.0,0.0,1,0.0,0.0,0.0,0.0,0.0,1,0.0,0.0,0.0,0.0,0.0,0,,,,,,1,1,0,3.1713124485286213e-06,2.7252406651356864e-06,8.210079271924727e-09,3.241764495731658e-17,2.7252406651356864e-06,0.0006204671912883337,0.00033524425646380696,4.334311553148521e-06,9.639873510547403e-09,0.00033524425646380696,4.277065112016444e-06,1.3687999009803775e-06,1.756173456415208e-08,7.496564480291568e-10,1.3687999009803775e-06,1.376073629817455e-06,3.2265474514403536e-07,1.0211588315130353e-08,8.280898186781294e-09,3.2265474514403536e-07,,,,,,,,,
2026-03-22T19:14:19Z,test_cases/pglib_opf_case7336_epigrids.mat,pglib_opf_case7336_epigrids,oracle_ac_constraint_dual__Pg_Qg_Va,oracle_ac_constraint_dual,constraint_only,ac_true,1,0,Pg+Qg+Va,3,,,optimal,ok,1,13354.320499911506,1869035.909162732,139.9573950002183,0,0.03658890724182129,1.9278268814086914,18.733099937438965,20.660926818847656,20.660926818847656,20.697515726089478,acopf_acdc_paper_study/cases/pglib_opf_case7336_epigrids/logs/oracle_ac_constraint_dual__Pg_Qg_Va.log,0,43,2.3336419730874075e-07,1.3152961997331403e-08,1.3115896457804865e-07,1.0753227126340836e-07,2.3336419730874075e-07,12.511,,,12.511,False,100.0,7336,11521,686,684,5252,1,239,7096,66286.4,24243.41,110222.3,44525.780000000006,57354.95999999999,-36916.85,11521,2,0,2,1,1882390.2296626228,67204.22289324553,22992.175341592912,1.003179905357514,1.100000008043891,1.0647080288424258,0.01712909321502902,-0.4580730064307134,0.7212561281351266,-0.042657293032822625,0.16754866952869113,808.208303315103,807.7043915171578,43.12949530560637,43.05651673518067,1.0000000020164461,0.9999999838962846,0.20698486889938814,0.20670863605230946,1.0195555066871975e-08,0.0,476,205,26,174,0,92,1,0.0,0.0,0.0,0.0,0.0,1,0.0,0.0,0.0,0.0,0.0,0,,,,,,1,0.0,0.0,0.0,0.0,0.0,1,1,0,3.134037259274419e-06,2.689610287376354e-06,8.103363251581161e-09,3.2959746043559335e-17,2.689610287376354e-06,0.0005560732216509365,0.00016789835313535395,3.89770804653431e-06,5.256467094927331e-09,0.00016789835313535395,4.2485607473210664e-06,1.3686417605907053e-06,1.738361177485419e-08,7.460723150387594e-10,1.3686417605907053e-06,1.3712245252518017e-06,3.227246619386115e-07,1.0135336866552078e-08,8.189727049301432e-09,3.227246619386115e-07,,,,,,,,,
2026-03-22T19:14:37Z,test_cases/pglib_opf_case7336_epigrids.mat,pglib_opf_case7336_epigrids,oracle_ac_constraint_dual__Pg_Vm_Va,oracle_ac_constraint_dual,constraint_only,ac_true,1,0,Pg+Vm+Va,3,,,optimal,ok,1,13354.320499920748,1869035.9091640355,139.9573950003159,0,0.03658890724182129,3.1180269718170166,15.125322103500366,18.243349075317383,18.243349075317383,18.279937982559204,acopf_acdc_paper_study/cases/pglib_opf_case7336_epigrids/logs/oracle_ac_constraint_dual__Pg_Vm_Va.log,0,29,2.820862316075157e-07,1.3152787886605566e-08,1.3115896457804865e-07,1.0738112240647751e-07,2.820862316075157e-07,8.92,,,8.92,False,100.0,7336,11521,686,684,5252,1,239,7096,66286.4,24243.41,110222.3,44525.780000000006,57354.95999999999,-36916.85,11521,2,0,2,1,1882390.2296639262,67204.22289024467,22992.175358041986,1.0031799053497477,1.1000000080438905,1.0647080250580077,0.01712909493168814,-0.45807300711577487,0.7212561264075558,-0.0426572939832268,0.1675486693452833,808.2083034224667,807.7043916241122,43.129494912984065,43.056516320553385,1.000000002016437,0.9999999838963152,0.20698486730306334,0.20670863439379103,1.0195508437504941e-08,0.0,476,205,26,174,0,92,1,0.0,0.0,0.0,0.0,0.0,0,,,,,,1,0.0,0.0,0.0,0.0,0.0,1,0.0,0.0,0.0,0.0,0.0,1,1,0,3.7896153099997852e-06,3.3015360960675366e-06,9.93649190406344e-09,3.241764495731658e-17,3.3015360960675366e-06,0.0007971317918452855,0.00027700237886929546,5.377353517120805e-06,8.07083260986885e-09,0.00027700237886929546,4.900381044498404e-06,1.36873237432944e-06,2.11734316710846e-08,8.272544871346099e-10,1.36873237432944e-06,1.450443690509675e-06,3.211101982647513e-07,1.1294822032534667e-08,9.701150938123959e-09,3.211101982647513e-07,,,,,,,,,
2026-03-22T19:15:44Z,test_cases/pglib_opf_case7336_epigrids.mat,pglib_opf_case7336_epigrids,oracle_ac_constraint_dual__Qg_Vm_Va,oracle_ac_constraint_dual,constraint_only,ac_true,1,0,Qg+Vm+Va,3,,,optimal,ok,1,13354.32049991204,1869035.9091628077,139.95739500022395,0,0.03658890724182129,3.2277679443359375,63.94455409049988,67.17232203483582,67.17232203483582,67.20891094207764,acopf_acdc_paper_study/cases/pglib_opf_case7336_epigrids/logs/oracle_ac_constraint_dual__Qg_Vm_Va.log,0,201,2.3309133121427513e-07,1.3129816185675214e-08,1.3115896457804865e-07,1.0736209771871971e-07,2.3309133121427513e-07,57.878,,,57.878,False,100.0,7336,11521,686,684,5252,1,239,7096,66286.4,24243.41,110222.3,44525.780000000006,57354.95999999999,-36916.85,11521,2,0,2,1,1882390.2296626985,67204.2228932001,22992.175341265847,1.003179905357318,1.1000000080438903,1.0647080288230664,0.017129093231933727,-0.45807300644375776,0.7212561280879022,-0.04265729305937861,0.16754866952122596,808.2083033478985,807.7043915499329,43.129495298734156,43.056516723069166,1.000000002016429,0.9999999838962986,0.20698486887387504,0.20670863598611183,1.0195467581297635e-08,0.0,476,205,26,174,0,92,0,,,,,,1,0.0,0.0,0.0,0.0,0.0,1,0.0,0.0,0.0,0.0,0.0,1,0.0,0.0,0.0,0.0,0.0,1,1,0,3.1445831244903754e-06,2.69980337286313e-06,8.133828011554575e-09,3.2048919686694026e-17,2.69980337286313e-06,0.0005574857681955507,0.00016875476772248987,3.9061875999341515e-06,5.258177171452161e-09,0.00016875476772248987,4.24969305382362e-06,1.3677878676343624e-06,1.7400708491360052e-08,7.460294604300088e-10,1.3677878676343624e-06,1.3721966019417543e-06,3.2247636444493466e-07,1.016101947234789e-08,8.222941383362325e-09,3.2247636444493466e-07,,,,,,,,,
2026-03-22T19:15:55Z,test_cases/pglib_opf_case7336_epigrids.mat,pglib_opf_case7336_epigrids,oracle_ac_constraint_dual__Pg_Qg_Vm_Va,oracle_ac_constraint_dual,constraint_only,ac_true,1,0,Pg+Qg+Vm+Va,4,,,optimal,ok,1,13354.320499912154,1869035.909162824,139.95739500022518,0,0.03658890724182129,1.9842219352722168,8.972153902053833,10.95637583732605,10.95637583732605,10.992964744567871,acopf_acdc_paper_study/cases/pglib_opf_case7336_epigrids/logs/oracle_ac_constraint_dual__Pg_Qg_Vm_Va.log,0,6,2.35857424806191e-07,1.3246275035183608e-08,1.3115896457804865e-07,1.0754568907409356e-07,2.35857424806191e-07,2.704,,,2.704,False,100.0,7336,11521,686,684,5252,1,239,7096,66286.4,24243.41,110222.3,44525.780000000006,57354.95999999999,-36916.85,11521,2,0,2,1,1882390.2296627148,67204.22289303754,22992.175341474427,1.0031799053570383,1.1000000080438905,1.064708028645942,0.017129093315428397,-0.45807300643907817,0.7212561280301809,-0.04265729311419181,0.16754866951637618,808.2083033009045,807.7043915029567,43.1294952743921,43.05651670271801,1.0000000020164401,0.9999999838962726,0.20698486877720357,0.20670863592838404,1.0195523980627286e-08,0.0,476,205,26,174,0,92,1,0.0,0.0,0.0,0.0,0.0,1,0.0,0.0,0.0,0.0,0.0,1,0.0,0.0,0.0,0.0,0.0,1,0.0,0.0,0.0,0.0,0.0,1,1,0,3.1776383329373245e-06,2.730707609366334e-06,8.226570997246276e-09,3.252606517456513e-17,2.730707609366334e-06,0.0005632238997536965,0.00017094347966795098,3.937456010101895e-06,5.131156985416219e-09,0.00017094347966795098,4.288831659088284e-06,1.3715819893178605e-06,1.7602284329502992e-08,7.508649257914612e-10,1.3715819893178605e-06,1.3788415232344382e-06,3.233203250130323e-07,1.0228462105808248e-08,8.295937963063299e-09,3.233203250130323e-07,,,,,,,,,
2026-03-22T19:16:37Z,test_cases/pglib_opf_case7336_epigrids.mat,pglib_opf_case7336_epigrids,oracle_ac_bounds_dual__Pg,oracle_ac_bounds_dual,bounds_only,ac_true,1,0,Pg,1,,,optimal,ok,1,13354.320499911935,1869035.9091627928,139.95739500022285,0,0.03658890724182129,3.037684202194214,38.776429176330566,41.81411337852478,41.81411337852478,41.8507022857666,acopf_acdc_paper_study/cases/pglib_opf_case7336_epigrids/logs/oracle_ac_bounds_dual__Pg.log,0,131,2.3387592778720788e-07,1.31550002696601e-08,1.3115896457804865e-07,1.0738089306548823e-07,2.3387592778720788e-07,32.603,,,32.603,False,100.0,7336,11521,686,684,5252,1,239,7096,66286.4,24243.41,110222.3,44525.780000000006,57354.95999999999,-36916.85,11521,2,0,2,1,1882390.2296626836,67204.22289317701,22992.175341423248,1.0031799053572978,1.1000000080438905,1.0647080287911832,0.017129093243793546,-0.4580730064430651,0.7212561280876582,-0.04265729306461009,0.16754866952222094,808.208303334811,807.7043915368504,43.12949529481236,43.05651671968149,1.0000000020164228,0.9999999838962937,0.20698486885722378,0.20670863597460043,1.0195436939142155e-08,0.0,476,205,26,174,0,92,1,0.0,0.0,0.0,0.0,0.0,0,,,,,,0,,,,,,0,,,,,,0,0,1,3.1491854863079997e-06,2.7039806749229456e-06,8.14638336077885e-09,3.252606517456513e-17,2.7039806749229456e-06,0.0005584359537669912,0.00016906426845775258,3.912452941004464e-06,5.117501991613871e-09,0.00016906426845775258,4.256271523510305e-06,1.3687227957692727e-06,1.743574113090834e-08,7.473243135436292e-10,1.3687227957692727e-06,1.3731478342147757e-06,3.2269761041092693e-07,1.0168749497853765e-08,8.228052409547937e-09,3.2269761041092693e-07,,,,,,,,,
2026-03-22T19:18:06Z,test_cases/pglib_opf_case7336_epigrids.mat,pglib_opf_case7336_epigrids,oracle_ac_bounds_dual__Qg,oracle_ac_bounds_dual,bounds_only,ac_true,1,0,Qg,1,,,maxIterations,warning,0,13958.497511069232,,,,0.03658890724182129,3.066920042037964,85.80886316299438,88.87578320503235,88.87578320503235,88.91237211227417,acopf_acdc_paper_study/cases/pglib_opf_case7336_epigrids/logs/oracle_ac_bounds_dual__Qg.log,1,300,25.57036991156848,2.1317467516937656,7.237339261223497e-08,0.04170655367257371,25.57036991156848,79.62,,,79.62,True,100.0,7336,11521,686,684,5252,1,239,7096,66286.4,24243.41,110222.3,44525.780000000006,57354.95999999999,-36916.85,11521,2,0,2,1,,,,,,,,,,,,,,,,,,,,,,,,,,,,0,,,,,,1,0.0,0.0,0.0,0.0,0.0,0,,,,,,0,,,,,,0,0,1,,,,,,,,,,,,,,,,,,,,,,,,,,,,,
2026-03-22T19:19:15Z,test_cases/pglib_opf_case7336_epigrids.mat,pglib_opf_case7336_epigrids,oracle_ac_bounds_dual__Vm,oracle_ac_bounds_dual,bounds_only,ac_true,1,0,Vm,1,,,optimal,ok,1,13354.320499911872,1869035.909162784,139.95739500022216,0,0.03658890724182129,2.010359048843384,67.12061595916748,69.13097500801086,69.13097500801086,69.16756391525269,acopf_acdc_paper_study/cases/pglib_opf_case7336_epigrids/logs/oracle_ac_bounds_dual__Vm.log,0,250,2.336362372151301e-07,1.3154999756181951e-08,1.3115896457804865e-07,1.0738086889222428e-07,2.336362372151301e-07,61.088,,,61.088,False,100.0,7336,11521,686,684,5252,1,239,7096,66286.4,24243.41,110222.3,44525.780000000006,57354.95999999999,-36916.85,11521,2,0,2,1,1882390.2296626747,67204.22289318881,22992.17534131069,1.0031799053573276,1.1000000080438905,1.0647080288102087,0.017129093235229077,-0.45807300644193166,0.7212561280913716,-0.04265729306269146,0.16754866952239653,808.2083033328719,807.7043915349154,43.129495296685356,43.05651672164204,1.0000000020164501,0.9999999838962789,0.2069848688649283,0.20670863598243605,1.0195575494975628e-08,0.0,476,205,26,174,0,92,0,,,,,,0,,,,,,1,0.0,0.0,0.0,0.0,0.0,0,,,,,,0,0,1,3.146526593135926e-06,2.701465938059755e-06,8.138858446680365e-09,3.252606517456513e-17,2.701465938059755e-06,0.0005579156286519091,0.0001688916440089061,3.9106712200975035e-06,5.118250163971272e-09,0.0001688916440089061,4.2531536933848145e-06,1.3687190081324019e-06,1.7416707560447663e-08,7.466179896553626e-10,1.3687190081324019e-06,1.372962603515514e-06,3.227001259542561e-07,1.0165769930893334e-08,8.22724871910041e-09,3.227001259542561e-07,,,,,,,,,
2026-03-22T19:20:38Z,test_cases/pglib_opf_case7336_epigrids.mat,pglib_opf_case7336_epigrids,oracle_ac_bounds_dual__Va,oracle_ac_bounds_dual,bounds_only,ac_true,1,0,Va,1,,,maxIterations,warning,0,13366.61507367048,,,,0.03658890724182129,3.1806509494781494,79.33042597770691,82.51107692718506,82.51107692718506,82.54766583442688,acopf_acdc_paper_study/cases/pglib_opf_case7336_epigrids/logs/oracle_ac_bounds_dual__Va.log,1,300,1.0578349574055759,0.02537999581965638,6.319731049586608e-08,1.2469745998061132e-05,1.0578349574055759,73.294,,,73.294,False,100.0,7336,11521,686,684,5252,1,239,7096,66286.4,24243.41,110222.3,44525.780000000006,57354.95999999999,-36916.85,11521,2,0,2,1,,,,,,,,,,,,,,,,,,,,,,,,,,,,0,,,,,,0,,,,,,0,,,,,,1,0.0,0.0,0.0,0.0,0.0,0,0,1,,,,,,,,,,,,,,,,,,,,,,,,,,,,,
2026-03-22T19:21:23Z,test_cases/pglib_opf_case7336_epigrids.mat,pglib_opf_case7336_epigrids,oracle_ac_bounds_dual__Pg_Qg,oracle_ac_bounds_dual,bounds_only,ac_true,1,0,Pg+Qg,2,,,optimal,ok,1,13354.32049991189,1869035.9091627863,139.95739500022236,0,0.03658890724182129,3.1295571327209473,42.319782972335815,45.44934010505676,45.44934010505676,45.485929012298584,acopf_acdc_paper_study/cases/pglib_opf_case7336_epigrids/logs/oracle_ac_bounds_dual__Pg_Qg.log,0,146,2.336389969667045e-07,1.3154995273656489e-08,1.3115896457804865e-07,1.0738086230352562e-07,2.336389969667045e-07,36.29,,,36.29,False,100.0,7336,11521,686,684,5252,1,239,7096,66286.4,24243.41,110222.3,44525.780000000006,57354.95999999999,-36916.85,11521,2,0,2,1,1882390.229662677,67204.22289319147,22992.175341342758,1.0031799053573323,1.1000000080438905,1.0647080288095576,0.017129093235490285,-0.45807300643979215,0.7212561280960281,-0.04265729306003327,0.1675486695231019,808.2083033344335,807.7043915364742,43.12949529669497,43.05651672164852,1.0000000020164421,0.9999999838963299,0.20698486886488193,0.20670863598238376,1.0195534638768322e-08,0.0,476,205,26,174,0,92,1,0.0,0.0,0.0,0.0,0.0,1,0.0,0.0,0.0,0.0,0.0,0,,,,,,0,,,,,,0,0,1,3.1461184812089184e-06,2.701032711271978e-06,8.137551960278252e-09,3.252606517456513e-17,2.701032711271978e-06,0.0005579309642822785,0.00016889819254850558,3.909237999327809e-06,5.117365066420465e-09,0.00016889819254850558,4.253250298278581e-06,1.3687184374777672e-06,1.7417328230659848e-08,7.46942840912368e-10,1.3687184374777672e-06,1.3727720509355943e-06,3.2270449579208105e-07,1.0163170662566416e-08,8.222748048430928e-09,3.2270449579208105e-07,,,,,,,,,
2026-03-22T19:22:06Z,test_cases/pglib_opf_case7336_epigrids.mat,pglib_opf_case7336_epigrids,oracle_ac_bounds_dual__Pg_Vm,oracle_ac_bounds_dual,bounds_only,ac_true,1,0,Pg+Vm,2,,,optimal,ok,1,13354.32049991247,1869035.9091628685,139.9573950002285,0,0.03658890724182129,3.1305527687072754,39.48830604553223,42.6188588142395,42.6188588142395,42.65544772148132,acopf_acdc_paper_study/cases/pglib_opf_case7336_epigrids/logs/oracle_ac_bounds_dual__Pg_Vm.log,0,135,2.3686659575557992e-07,1.3155024805588944e-08,1.3115896457804865e-07,1.0738088696435357e-07,2.3686659575557992e-07,33.445,,,33.445,False,100.0,7336,11521,686,684,5252,1,239,7096,66286.4,24243.41,110222.3,44525.780000000006,57354.95999999999,-36916.85,11521,2,0,2,1,1882390.2296627592,67204.2228929921,22992.17534242256,1.0031799053568233,1.1000000080438905,1.0647080285595563,0.01712909334856424,-0.4580730064864306,0.7212561279790486,-0.04265729312409554,0.16754866951053016,808.2083033387681,807.7043915407849,43.129495271021774,43.05651669481743,1.0000000020164324,0.9999999838963105,0.20698486876047625,0.20670863587619534,1.0195484900776819e-08,0.0,476,205,26,174,0,92,1,0.0,0.0,0.0,0.0,0.0,0,,,,,,1,0.0,0.0,0.0,0.0,0.0,0,,,,,,0,0,1,3.188299444073236e-06,2.7415578083278547e-06,8.258961358757961e-09,3.252606517456513e-17,2.7415578083278547e-06,0.0005648173192603103,0.0001717929209923419,3.953633540209552e-06,5.120400853320106e-09,0.0001717929209923419,4.294474933206165e-06,1.3687197455425348e-06,1.7667833209924436e-08,7.518450306776003e-10,1.3687197455425348e-06,1.3779890358718651e-06,3.225940661266691e-07,1.0240928587367697e-08,8.331251018928176e-09,3.225940661266691e-07,,,,,,,,,
2026-03-22T19:23:01Z,test_cases/pglib_opf_case7336_epigrids.mat,pglib_opf_case7336_epigrids,oracle_ac_bounds_dual__Pg_Va,oracle_ac_bounds_dual,bounds_only,ac_true,1,0,Pg+Va,2,,,optimal,ok,1,13354.32049991629,1869035.9091634068,139.9573950002688,0,0.03658890724182129,3.1357240676879883,52.35045075416565,55.48617482185364,55.48617482185364,55.52276372909546,acopf_acdc_paper_study/cases/pglib_opf_case7336_epigrids/logs/oracle_ac_bounds_dual__Pg_Va.log,0,189,2.579070383262644e-07,1.3155402815712147e-08,1.3115896457804865e-07,1.0738115279957554e-07,2.579070383262644e-07,46.326,,,46.326,False,100.0,7336,11521,686,684,5252,1,239,7096,66286.4,24243.41,110222.3,44525.780000000006,57354.95999999999,-36916.85,11521,2,0,2,1,1882390.2296632975,67204.22289171371,22992.17534966056,1.0031799053535304,1.1000000080438905,1.0647080269301112,0.017129094085189714,-0.4580730067746591,0.7212561272481545,-0.04265729352330911,0.16754866943338126,808.2083033776321,807.7043915794761,43.1294951043026,43.056516520563605,1.0000000020164321,0.9999999838962871,0.20698486808141772,0.20670863518556082,1.019548356850919e-08,0.0,476,205,26,174,0,92,1,0.0,0.0,0.0,0.0,0.0,0,,,,,,0,,,,,,1,0.0,0.0,0.0,0.0,0.0,0,0,1,3.464320102047225e-06,3.002084002723393e-06,9.039423871091783e-09,3.2634485391813683e-17,3.002084002723393e-06,0.0006104523849518735,0.00019147853720813401,4.237630996531123e-06,5.601027697199612e-09,0.00019147853720813401,4.570323711736633e-06,1.3687333282330627e-06,1.9300440360963308e-08,7.92914844893744e-10,1.3687333282330627e-06,1.4112011656896663e-06,3.2190577503588e-07,1.073029247909589e-08,8.972637369208947e-09,3.2190577503588e-07,,,,,,,,,
2026-03-22T19:24:07Z,test_cases/pglib_opf_case7336_epigrids.mat,pglib_opf_case7336_epigrids,oracle_ac_bounds_dual__Qg_Vm,oracle_ac_bounds_dual,bounds_only,ac_true,1,0,Qg+Vm,2,,,optimal,ok,1,13354.320499911888,1869035.9091627856,139.9573950002223,0,0.03658890724182129,3.1201398372650146,62.66108512878418,65.7812249660492,65.7812249660492,65.81781387329102,acopf_acdc_paper_study/cases/pglib_opf_case7336_epigrids/logs/oracle_ac_bounds_dual__Qg_Vm.log,0,231,2.3363630826707263e-07,1.3155013703358698e-08,1.3115896457804865e-07,1.0738086885718043e-07,2.3363630826707263e-07,56.627,,,56.627,False,100.0,7336,11521,686,684,5252,1,239,7096,66286.4,24243.41,110222.3,44525.780000000006,57354.95999999999,-36916.85,11521,2,0,2,1,1882390.2296626763,67204.22289318895,22992.17534131104,1.0031799053573327,1.1000000080438905,1.0647080288102064,0.017129093235230205,-0.4580730064418071,0.7212561280914969,-0.042657293062611866,0.16754866952242164,808.2083033330312,807.7043915350752,43.12949529668739,43.05651672164402,1.0000000020164281,0.9999999838963086,0.20698486886493597,0.20670863598244374,1.0195464472673166e-08,0.0,476,205,26,174,0,92,0,,,,,,1,0.0,0.0,0.0,0.0,0.0,1,0.0,0.0,0.0,0.0,0.0,0,,,,,,0,0,1,3.1465159123043986e-06,2.701452847198027e-06,8.138817253749077e-09,3.252606517456513e-17,2.701452847198027e-06,0.0005579153856476174,0.0001688916631712445,3.909138333060208e-06,5.11828686378113e-09,0.0001688916631712445,4.253153607309855e-06,1.3687188067379452e-06,1.7416707179164147e-08,7.466233187258808e-10,1.3687188067379452e-06,1.3729565647476277e-06,3.227002221550812e-07,1.0165686808089819e-08,8.227042158637232e-09,3.227002221550812e-07,,,,,,,,,
2026-03-22T19:25:31Z,test_cases/pglib_opf_case7336_epigrids.mat,pglib_opf_case7336_epigrids,oracle_ac_bounds_dual__Qg_Va,oracle_ac_bounds_dual,bounds_only,ac_true,1,0,Qg+Va,2,,,maxIterations,warning,0,13403.460088840915,,,,0.03658890724182129,3.1400749683380127,80.82487797737122,83.96495294570923,83.96495294570923,84.00154185295105,acopf_acdc_paper_study/cases/pglib_opf_case7336_epigrids/logs/oracle_ac_bounds_dual__Qg_Va.log,1,300,2.11260885188338,0.10107343862848292,6.131538476950027e-08,0.0005348959436205026,2.11260885188338,74.805,,,74.805,False,100.0,7336,11521,686,684,5252,1,239,7096,66286.4,24243.41,110222.3,44525.780000000006,57354.95999999999,-36916.85,11521,2,0,2,1,,,,,,,,,,,,,,,,,,,,,,,,,,,,0,,,,,,1,0.0,0.0,0.0,0.0,0.0,0,,,,,,1,0.0,0.0,0.0,0.0,0.0,0,0,1,,,,,,,,,,,,,,,,,,,,,,,,,,,,,
2026-03-22T19:26:46Z,test_cases/pglib_opf_case7336_epigrids.mat,pglib_opf_case7336_epigrids,oracle_ac_bounds_dual__Vm_Va,oracle_ac_bounds_dual,bounds_only,ac_true,1,0,Vm+Va,2,,,optimal,ok,1,13354.320499912215,1869035.9091628324,139.9573950002258,0,0.03658890724182129,3.1768388748168945,71.45969414710999,74.63653302192688,74.63653302192688,74.6731219291687,acopf_acdc_paper_study/cases/pglib_opf_case7336_epigrids/logs/oracle_ac_bounds_dual__Vm_Va.log,0,268,2.3530662353072468e-07,1.315500194193353e-08,1.3115896457804865e-07,1.0738087824039863e-07,2.3530662353072468e-07,65.399,,,65.399,False,100.0,7336,11521,686,684,5252,1,239,7096,66286.4,24243.41,110222.3,44525.780000000006,57354.95999999999,-36916.85,11521,2,0,2,1,1882390.2296627231,67204.22289308511,22992.175341860333,1.0031799053570647,1.1000000080438905,1.0647080286806296,0.017129093293828727,-0.45807300646548754,0.7212561280288036,-0.04265729309681156,0.16754866951572728,808.2083033369468,807.7043915389769,43.129495283368655,43.05651670772539,1.0000000020164306,0.9999999838963092,0.20698486881081785,0.2067086359274013,1.0195476018992622e-08,0.0,476,205,26,174,0,92,0,,,,,,0,,,,,,1,0.0,0.0,0.0,0.0,0.0,1,0.0,0.0,0.0,0.0,0.0,0,0,1,3.168604962048339e-06,2.7226571246430353e-06,8.202336250036365e-09,3.241764495731658e-17,2.7226571246430353e-06,0.0005614794162968324,0.0001704464885269319,3.9318007054813905e-06,5.119554481736177e-09,0.0001704464885269319,4.274477445415039e-06,1.3687189515110276e-06,1.7546528963106256e-08,7.493483611398233e-10,1.3687189515110276e-06,1.3757347368161605e-06,3.226408089029853e-07,1.020686392801876e-08,8.273971119354684e-09,3.226408089029853e-07,,,,,,,,,
2026-03-22T19:27:19Z,test_cases/pglib_opf_case7336_epigrids.mat,pglib_opf_case7336_epigrids,oracle_ac_bounds_dual__Pg_Qg_Vm,oracle_ac_bounds_dual,bounds_only,ac_true,1,0,Pg+Qg+Vm,3,,,optimal,ok,1,13354.320499911895,1869035.9091627875,139.95739500022245,0,0.03658890724182129,3.1461257934570312,29.764039039611816,32.91016483306885,32.91016483306885,32.94675374031067,acopf_acdc_paper_study/cases/pglib_opf_case7336_epigrids/logs/oracle_ac_bounds_dual__Pg_Qg_Vm.log,0,92,2.3363670161594607e-07,1.3154998805553486e-08,1.3115896457804865e-07,1.0738086918065569e-07,2.3363670161594607e-07,23.701,,,23.701,False,100.0,7336,11521,686,684,5252,1,239,7096,66286.4,24243.41,110222.3,44525.780000000006,57354.95999999999,-36916.85,11521,2,0,2,1,1882390.2296626782,67204.22289318872,22992.175341309176,1.003179905357335,1.1000000080438905,1.064708028810146,0.017129093235257468,-0.4580730064420963,0.7212561280912025,-0.042657293062810776,0.1675486695223751,808.2083033328505,807.7043915348938,43.12949529667664,43.05651672163307,1.000000002016441,0.9999999838962755,0.2069848688648925,0.20670863598239997,1.0195527977430174e-08,0.0,476,205,26,174,0,92,1,0.0,0.0,0.0,0.0,0.0,1,0.0,0.0,0.0,0.0,0.0,1,0.0,0.0,0.0,0.0,0.0,0,,,,,,0,0,1,3.1465607682250262e-06,2.701502415547452e-06,8.138965532276531e-09,3.252606517456513e-17,2.701502415547452e-06,0.0005579169677893787,0.00016889207422698949,3.90914844930886e-06,5.118250087643439e-09,0.00016889207422698949,4.253163802791928e-06,1.368718793415269e-06,1.741676927108063e-08,7.466164353431282e-10,1.368718793415269e-06,1.3729697225722007e-06,3.2269995303702004e-07,1.0165894838187176e-08,8.227515922026862e-09,3.2269995303702004e-07,,,,,,,,,
2026-03-22T19:28:24Z,test_cases/pglib_opf_case7336_epigrids.mat,pglib_opf_case7336_epigrids,oracle_ac_bounds_dual__Pg_Qg_Va,oracle_ac_bounds_dual,bounds_only,ac_true,1,0,Pg+Qg+Va,3,,,optimal,ok,1,13354.320499911879,1869035.9091627852,139.95739500022225,0,0.03658890724182129,3.1252710819244385,61.888373136520386,65.01364421844482,65.01364421844482,65.05023312568665,acopf_acdc_paper_study/cases/pglib_opf_case7336_epigrids/logs/oracle_ac_bounds_dual__Pg_Qg_Va.log,0,228,2.3363672623096746e-07,1.3154993074027121e-08,1.3115896457804865e-07,1.0738086865355494e-07,2.3363672623096746e-07,55.832,,,55.832,False,100.0,7336,11521,686,684,5252,1,239,7096,66286.4,24243.41,110222.3,44525.780000000006,57354.95999999999,-36916.85,11521,2,0,2,1,1882390.2296626759,67204.22289318664,22992.175341285427,1.0031799053573205,1.1000000080438905,1.064708028810231,0.017129093235231284,-0.4580730064426334,0.7212561280870767,-0.042657293064999206,0.16754866952187605,808.2083033338396,807.7043915358834,43.129495296639256,43.05651672159626,1.0000000020164346,0.9999999838962784,0.2069848688648252,0.2067086359823334,1.0195496891185485e-08,0.0,476,205,26,174,0,92,1,0.0,0.0,0.0,0.0,0.0,1,0.0,0.0,0.0,0.0,0.0,0,,,,,,1,0.0,0.0,0.0,0.0,0.0,0,0,1,3.1470259532050422e-06,2.7019301089836745e-06,8.140246451000024e-09,3.241764495731658e-17,2.7019301089836745e-06,0.0005579155505229305,0.00016889177594237026,3.909138557448438e-06,5.118368930079331e-09,0.00016889177594237026,4.253149910343499e-06,1.3687151325658675e-06,1.741668121426204e-08,7.466189888560848e-10,1.3687151325658675e-06,1.373129640841411e-06,3.226950511803217e-07,1.016796593018757e-08,8.22905100658633e-09,3.226950511803217e-07,,,,,,,,,
2026-03-22T19:28:54Z,test_cases/pglib_opf_case7336_epigrids.mat,pglib_opf_case7336_epigrids,oracle_ac_bounds_dual__Pg_Vm_Va,oracle_ac_bounds_dual,bounds_only,ac_true,1,0,Pg+Vm+Va,3,,,optimal,ok,1,13354.320499912876,1869035.9091629256,139.95739500023276,0,0.03658890724182129,3.1320130825042725,26.43166494369507,29.56367802619934,29.56367802619934,29.600266933441162,acopf_acdc_paper_study/cases/pglib_opf_case7336_epigrids/logs/oracle_ac_bounds_dual__Pg_Vm_Va.log,0,80,2.389995436238748e-07,1.3155032160816482e-08,1.3115896457804865e-07,1.0738090162035127e-07,2.389995436238748e-07,20.207,,,20.207,False,100.0,7336,11521,686,684,5252,1,239,7096,66286.4,24243.41,110222.3,44525.780000000006,57354.95999999999,-36916.85,11521,2,0,2,1,1882390.2296628163,67204.22289286034,22992.175343132767,1.0031799053564843,1.1000000080438905,1.0647080283943184,0.01712909342328428,-0.4580730065163524,0.7212561279006019,-0.04265729316690519,0.1675486695021806,808.2083033435371,807.7043915455366,43.12949525405721,43.05651667708796,1.000000002016435,0.9999999838963248,0.20698486869150703,0.20670863580604823,1.0195498667542324e-08,0.0,476,205,26,174,0,92,1,0.0,0.0,0.0,0.0,0.0,0,,,,,,1,0.0,0.0,0.0,0.0,0.0,1,0.0,0.0,0.0,0.0,0.0,0,0,1,3.2164419145826274e-06,2.768438583267141e-06,8.339486310776619e-09,3.252606517456513e-17,2.768438583267141e-06,0.0005693865638465558,0.00017383515558810902,3.981868954175914e-06,5.121996354828795e-09,0.00017383515558810902,4.321888489549808e-06,1.3687204936108088e-06,1.7833387610538234e-08,7.535178037088031e-10,1.3687204936108088e-06,1.3814888028401701e-06,3.2251988929532516e-07,1.0292727591969159e-08,8.394132073458183e-09,3.2251988929532516e-07,,,,,,,,,
2026-03-22T19:30:09Z,test_cases/pglib_opf_case7336_epigrids.mat,pglib_opf_case7336_epigrids,oracle_ac_bounds_dual__Qg_Vm_Va,oracle_ac_bounds_dual,bounds_only,ac_true,1,0,Qg+Vm+Va,3,,,optimal,ok,1,13354.320499911862,1869035.9091627826,139.95739500022208,0,0.03658890724182129,1.9527411460876465,73.68524312973022,75.63798427581787,75.63798427581787,75.67457318305969,acopf_acdc_paper_study/cases/pglib_opf_case7336_epigrids/logs/oracle_ac_bounds_dual__Qg_Vm_Va.log,0,277,2.336368127104022e-07,1.3155003128484388e-08,1.3115896457804865e-07,1.0738086918003177e-07,2.336368127104022e-07,67.456,,,67.456,False,100.0,7336,11521,686,684,5252,1,239,7096,66286.4,24243.41,110222.3,44525.780000000006,57354.95999999999,-36916.85,11521,2,0,2,1,1882390.2296626733,67204.22289318623,22992.17534128404,1.0031799053573245,1.1000000080438905,1.0647080288102198,0.017129093235171367,-0.4580730064427322,0.7212561280871984,-0.04265729306535562,0.16754866952195363,808.2083033332957,807.7043915353393,43.12949529662489,43.056516721581595,1.0000000020164344,0.9999999838963014,0.2069848688647484,0.20670863598225547,1.0195495114828645e-08,0.0,476,205,26,174,0,92,0,,,,,,1,0.0,0.0,0.0,0.0,0.0,1,0.0,0.0,0.0,0.0,0.0,1,0.0,0.0,0.0,0.0,0.0,0,0,1,3.147084060466611e-06,2.7019691382079714e-06,8.140366648077572e-09,3.241764495731658e-17,2.7019691382079714e-06,0.0005579168714687284,0.00016889166363043273,3.9091528752684316e-06,5.118614296306667e-09,0.00016889166363043273,4.253186389292657e-06,1.368772373000482e-06,1.741674144588907e-08,7.466544049705703e-10,1.368772373000482e-06,1.3731771260914023e-06,3.22708703759389e-07,1.0168325137682348e-08,8.229192743902658e-09,3.22708703759389e-07,,,,,,,,,
2026-03-22T19:30:30Z,test_cases/pglib_opf_case7336_epigrids.mat,pglib_opf_case7336_epigrids,oracle_ac_bounds_dual__Pg_Qg_Vm_Va,oracle_ac_bounds_dual,bounds_only,ac_true,1,0,Pg+Qg+Vm+Va,4,,,optimal,ok,1,13354.32049991202,1869035.9091628047,139.95739500022373,0,0.03658890724182129,3.172271728515625,17.34017014503479,20.512441873550415,20.512441873550415,20.549030780792236,acopf_acdc_paper_study/cases/pglib_opf_case7336_epigrids/logs/oracle_ac_bounds_dual__Pg_Qg_Vm_Va.log,0,35,2.3439858905450117e-07,1.3155416353494154e-08,1.3115896457804865e-07,1.0738117922226191e-07,2.3439858905450117e-07,11.109,,,11.109,False,100.0,7336,11521,686,684,5252,1,239,7096,66286.4,24243.41,110222.3,44525.780000000006,57354.95999999999,-36916.85,11521,2,0,2,1,1882390.2296626954,67204.22289314397,22992.175341577793,1.0031799053572148,1.1000000080438905,1.0647080287523747,0.01712909326104163,-0.45807300645237353,0.7212561280647181,-0.04265729307719234,0.1675486695196457,808.2083033339204,807.7043915359563,43.12949529094802,43.05651671566599,1.000000002016436,0.9999999838963392,0.20698486884052675,0.20670863595773148,1.0195502664345213e-08,0.0,476,205,26,174,0,92,1,0.0,0.0,0.0,0.0,0.0,1,0.0,0.0,0.0,0.0,0.0,1,0.0,0.0,0.0,0.0,0.0,1,0.0,0.0,0.0,0.0,0.0,0,0,1,3.1560421245084805e-06,2.7106101638807445e-06,8.166250892339967e-09,3.241764495731658e-17,2.7106101638807445e-06,0.0005594072118227427,0.00017062448257898488,3.918511735020779e-06,5.1188819572001165e-09,0.00017062448257898488,4.262637212474134e-06,1.3687341451351642e-06,1.7474663376196996e-08,7.478542229932827e-10,1.3687341451351642e-06,1.374155634180581e-06,3.226785224019757e-07,1.0183405759542111e-08,8.243301697491434e-09,3.226785224019757e-07,,,,,,,,,
2026-03-22T19:30:49Z,test_cases/pglib_opf_case7336_epigrids.mat,pglib_opf_case7336_epigrids,oracle_ac_primal_dual_all_bounds__Pg,oracle_ac_primal_dual_all_bounds,full_all_bounds,ac_true,1,0,Pg,1,,,optimal,ok,1,13354.320499911906,1869035.9091627884,139.9573950002225,0,0.03658890724182129,3.2264881134033203,15.22262692451477,18.44911503791809,18.44911503791809,18.485703945159912,acopf_acdc_paper_study/cases/pglib_opf_case7336_epigrids/logs/oracle_ac_primal_dual_all_bounds__Pg.log,0,30,2.3363036778497118e-07,1.3154943023785393e-08,1.3115896457804865e-07,1.0738162906608202e-07,2.3363036778497118e-07,9.144,,,9.144,False,100.0,7336,11521,686,684,5252,1,239,7096,66286.4,24243.41,110222.3,44525.780000000006,57354.95999999999,-36916.85,11521,2,0,2,1,1882390.2296626791,67204.22289319169,22992.17534133726,1.003179905357338,1.1000000080438905,1.0647080288101587,0.01712909323521552,-0.4580730064400504,0.7212561280959082,-0.042657293060150585,0.1675486695230716,808.2083033343097,807.7043915363513,43.129495296767324,43.05651672174197,1.0000000020164321,0.9999999838963034,0.20698486886524592,0.2067086359829074,1.019548356850919e-08,0.0,476,205,26,174,0,92,1,0.0,0.0,0.0,0.0,0.0,0,,,,,,0,,,,,,0,,,,,,1,1,1,3.146068411759217e-06,2.7009921383935875e-06,8.137430097167641e-09,3.252606517456513e-17,2.7009921383935875e-06,0.0005579166286625992,0.00016889127771169132,3.9091433962539945e-06,5.117355150741076e-09,0.00016889127771169132,4.253153168037488e-06,1.368716114669155e-06,1.7416718830876094e-08,7.469171947604991e-10,1.368716114669155e-06,1.3727780204516194e-06,3.227038316566677e-07,1.0163259063393464e-08,8.223145612357152e-09,3.227038316566677e-07,,,,,,,,,
2026-03-22T19:31:09Z,test_cases/pglib_opf_case7336_epigrids.mat,pglib_opf_case7336_epigrids,oracle_ac_primal_dual_all_bounds__Qg,oracle_ac_primal_dual_all_bounds,full_all_bounds,ac_true,1,0,Qg,1,,,optimal,ok,1,13354.320499911886,1869035.9091627859,139.9573950002223,0,0.03658890724182129,3.221696138381958,17.599467992782593,20.82116413116455,20.82116413116455,20.857753038406372,acopf_acdc_paper_study/cases/pglib_opf_case7336_epigrids/logs/oracle_ac_primal_dual_all_bounds__Qg.log,0,39,2.336316753585952e-07,1.3154977780704957e-08,1.3115896457804865e-07,1.0738086224516878e-07,2.336316753585952e-07,11.545,,,11.545,False,100.0,7336,11521,686,684,5252,1,239,7096,66286.4,24243.41,110222.3,44525.780000000006,57354.95999999999,-36916.85,11521,2,0,2,1,1882390.2296626766,67204.22289319173,22992.175341338792,1.0031799053573371,1.1000000080438905,1.0647080288101312,0.017129093235230857,-0.45807300643981963,0.7212561280960236,-0.042657293060052476,0.16754866952309289,808.2083033343815,807.7043915364233,43.12949529675006,43.056516721706295,1.0000000020164217,0.9999999838963065,0.20698486886510944,0.20670863598261544,1.0195431165982427e-08,0.0,476,205,26,174,0,92,0,,,,,,1,0.0,0.0,0.0,0.0,0.0,0,,,,,,0,,,,,,1,1,1,3.1460547557725226e-06,2.7009729084426226e-06,8.137373163156365e-09,3.252606517456513e-17,2.7009729084426226e-06,0.0005579168015434285,0.00016889161880528913,3.912761013201522e-06,5.117323675918328e-09,0.00016889161880528913,4.25315628637243e-06,1.3687185631550136e-06,1.741675380057075e-08,7.469291851691651e-10,1.3687185631550136e-06,1.3727717579289376e-06,3.2270451549853973e-07,1.0163156193315965e-08,8.222823963399684e-09,3.2270451549853973e-07,,,,,,,,,
2026-03-22T19:31:32Z,test_cases/pglib_opf_case7336_epigrids.mat,pglib_opf_case7336_epigrids,oracle_ac_primal_dual_all_bounds__Vm,oracle_ac_primal_dual_all_bounds,full_all_bounds,ac_true,1,0,Vm,1,,,optimal,ok,1,13354.32049991173,1869035.9091627642,139.95739500022069,0,0.03658890724182129,3.208061933517456,18.901357889175415,22.10941982269287,22.10941982269287,22.146008729934692,acopf_acdc_paper_study/cases/pglib_opf_case7336_epigrids/logs/oracle_ac_primal_dual_all_bounds__Vm.log,0,44,2.3269447653565282e-07,1.3156548815673741e-08,1.3115896457804865e-07,1.0738201831664348e-07,2.3269447653565282e-07,12.83,,,12.83,False,100.0,7336,11521,686,684,5252,1,239,7096,66286.4,24243.41,110222.3,44525.780000000006,57354.95999999999,-36916.85,11521,2,0,2,1,1882390.229662655,67204.22289324332,22992.17534093041,1.0031799053574688,1.1000000080438903,1.0647080288835238,0.017129093202279923,-0.4580730064291198,0.7212561281224464,-0.04265729304701045,0.16754866952515815,808.2083033334264,807.704391535476,43.12949530388462,43.05651672920205,1.000000002016421,0.9999999838963147,0.20698486889563644,0.2067086360139673,1.0195428057357958e-08,0.0,476,205,26,174,0,92,0,,,,,,0,,,,,,1,0.0,0.0,0.0,0.0,0.0,0,,,,,,1,1,1,3.1351096409817075e-06,2.690543102978893e-06,8.106122575988349e-09,3.371868756429919e-17,2.690543102978893e-06,0.0014225544373340521,0.0007552202354751403,8.31273386735059e-06,5.1171434936603255e-09,0.0007552202354751403,4.2412453198448424e-06,1.3687733326772644e-06,1.7343304375063836e-08,7.451160799476497e-10,1.3687733326772644e-06,1.3716004419240464e-06,3.2274163708212456e-07,1.0146014272594957e-08,8.195826579904253e-09,3.2274163708212456e-07,,,,,,,,,
2026-03-22T19:31:45Z,test_cases/pglib_opf_case7336_epigrids.mat,pglib_opf_case7336_epigrids,oracle_ac_primal_dual_all_bounds__Va,oracle_ac_primal_dual_all_bounds,full_all_bounds,ac_true,1,0,Va,1,,,optimal,ok,1,13354.320499913276,1869035.9091629814,139.95739500023697,0,0.03658890724182129,3.2030868530273438,10.587486982345581,13.790573835372925,13.790573835372925,13.827162742614746,acopf_acdc_paper_study/cases/pglib_opf_case7336_epigrids/logs/oracle_ac_primal_dual_all_bounds__Va.log,0,13,2.3188133671742453e-07,1.3075518459637614e-08,1.3115896457804865e-07,1.1027902839800755e-07,2.3188133671742453e-07,4.528,,,4.528,False,100.0,7336,11521,686,684,5252,1,239,7096,66286.4,24243.41,110222.3,44525.780000000006,57354.95999999999,-36916.85,11521,2,0,2,1,1882390.2296628722,67204.22289213377,22992.17534346947,1.0031799053644974,1.1000000080438903,1.064708028777071,0.01712909285532826,-0.45807300701743625,0.7212561307133484,-0.04265729411374061,0.1675486701993898,808.2082992958195,807.7043875009624,43.12949526565439,43.05651671934273,1.0000000020164255,0.9999999838962929,0.2069848687030594,0.20670863607494466,1.019545026181845e-08,0.0,476,205,26,174,0,92,0,,,,,,0,,,,,,0,,,,,,1,0.0,0.0,0.0,0.0,0.0,1,1,1,3.318252556554693e-06,2.7667619173499247e-06,8.34518511814876e-09,2.7755575615628914e-17,2.7667619173499247e-06,0.0005710841267397756,0.00016845433868262205,4.010111918797935e-06,6.968460752876382e-09,0.00016845433868262205,4.488671142357792e-06,1.703128126084863e-06,1.7737886972515346e-08,8.474996260332546e-10,1.703128126084863e-06,1.5779941342947063e-06,4.0439740328634954e-07,1.1370513210928014e-08,8.81625928511598e-09,4.0439740328634954e-07,,,,,,,,,
2026-03-22T19:32:14Z,test_cases/pglib_opf_case7336_epigrids.mat,pglib_opf_case7336_epigrids,oracle_ac_primal_dual_all_bounds__Pg_Qg,oracle_ac_primal_dual_all_bounds,full_all_bounds,ac_true,1,0,Pg+Qg,2,,,optimal,ok,1,13354.320499911886,1869035.9091627856,139.9573950002223,0,0.03658890724182129,3.1389570236206055,25.63007378578186,28.769030809402466,28.769030809402466,28.805619716644287,acopf_acdc_paper_study/cases/pglib_opf_case7336_epigrids/logs/oracle_ac_primal_dual_all_bounds__Pg_Qg.log,0,64,2.3363141516373476e-07,1.3154994170372358e-08,1.3115896457804865e-07,1.0738086223463217e-07,2.3363141516373476e-07,19.387,,,19.387,True,100.0,7336,11521,686,684,5252,1,239,7096,66286.4,24243.41,110222.3,44525.780000000006,57354.95999999999,-36916.85,11521,2,0,2,1,1882390.2296626763,67204.2228931916,22992.175341336737,1.0031799053573318,1.1000000080438905,1.0647080288101387,0.0171290932352257,-0.4580730064399351,0.7212561280958232,-0.042657293060158405,0.16754866952306244,808.2083033342731,807.7043915363143,43.12949529675454,43.056516721710736,1.0000000020164534,0.999999983896338,0.20698486886510375,0.20670863598260966,1.0195591482187183e-08,0.0,476,205,26,174,0,92,1,0.0,0.0,0.0,0.0,0.0,1,0.0,0.0,0.0,0.0,0.0,0,,,,,,0,,,,,,1,1,1,3.146074791451137e-06,2.7009944361111593e-06,8.137438076646725e-09,3.252606517456513e-17,2.7009944361111593e-06,0.0005579151994160152,0.00016889161676925113,3.909087168585299e-06,5.1173437293217106e-09,0.00016889161676925113,4.2531561964056205e-06,1.368718422378734e-06,1.7416763684340305e-08,7.469386220648744e-10,1.368718422378734e-06,1.3727794784930897e-06,3.2270429695113734e-07,1.0163263184786704e-08,8.223044155319936e-09,3.2270429695113734e-07,,,,,,,,,
2026-03-22T19:32:36Z,test_cases/pglib_opf_case7336_epigrids.mat,pglib_opf_case7336_epigrids,oracle_ac_primal_dual_all_bounds__Pg_Vm,oracle_ac_primal_dual_all_bounds,full_all_bounds,ac_true,1,0,Pg+Vm,2,,,optimal,ok,1,13354.32049991287,1869035.9091629249,139.9573950002327,0,0.03658890724182129,2.0899481773376465,19.81418514251709,21.904133319854736,21.904133319854736,21.940722227096558,acopf_acdc_paper_study/cases/pglib_opf_case7336_epigrids/logs/oracle_ac_primal_dual_all_bounds__Pg_Vm.log,0,47,2.391539348336525e-07,1.3155598388436829e-08,1.3115896457804865e-07,1.0738131711524464e-07,2.391539348336525e-07,13.716,,,13.716,False,100.0,7336,11521,686,684,5252,1,239,7096,66286.4,24243.41,110222.3,44525.780000000006,57354.95999999999,-36916.85,11521,2,0,2,1,1882390.2296628156,67204.22289285572,22992.17534323206,1.003179905356474,1.1000000080438905,1.064708028382388,0.017129093428402214,-0.4580730065168229,0.7212561279049361,-0.04265729316521164,0.16754866950249162,808.2083033435032,807.7043915454996,43.12949525307194,43.056516676074,1.0000000020164124,0.9999999838962805,0.20698486868672522,0.2067086358013099,1.0195384092526183e-08,0.0,476,205,26,174,0,92,1,0.0,0.0,0.0,0.0,0.0,0,,,,,,1,0.0,0.0,0.0,0.0,0.0,0,,,,,,1,1,1,3.2174121307208454e-06,2.769459694462739e-06,8.342539782888005e-09,3.252606517456513e-17,2.769459694462739e-06,0.0011357588989456798,0.0005666538005587585,7.296207069227257e-06,5.282748266610682e-09,0.0005666538005587585,4.323852088208696e-06,1.3687386197780427e-06,1.784523927686051e-08,7.535019275195509e-10,1.3687386197780427e-06,1.3813325683375867e-06,3.225280381102813e-07,1.029186745969132e-08,8.39380757261532e-09,3.225280381102813e-07,,,,,,,,,
2026-03-22T19:32:51Z,test_cases/pglib_opf_case7336_epigrids.mat,pglib_opf_case7336_epigrids,oracle_ac_primal_dual_all_bounds__Pg_Va,oracle_ac_primal_dual_all_bounds,full_all_bounds,ac_true,1,0,Pg+Va,2,,,optimal,ok,1,13354.320499912725,1869035.9091629041,139.95739500023117,0,0.03658890724182129,3.2732937335968018,11.707351922988892,14.980645656585693,14.980645656585693,15.017234563827515,acopf_acdc_paper_study/cases/pglib_opf_case7336_epigrids/logs/oracle_ac_primal_dual_all_bounds__Pg_Va.log,0,17,2.336095741483561e-07,1.3152273083127941e-08,1.3115896457804865e-07,1.0806935933727615e-07,2.336095741483561e-07,5.658,,,5.658,False,100.0,7336,11521,686,684,5252,1,239,7096,66286.4,24243.41,110222.3,44525.780000000006,57354.95999999999,-36916.85,11521,2,0,2,1,1882390.2296627949,67204.22289245349,22992.175342795294,1.0031799053621158,1.1000000080438905,1.0647080287629365,0.017129092997597618,-0.4580730068270873,0.7212561298528649,-0.042657293778039625,0.1675486699755179,808.2083006106197,807.7043888147484,43.129495254788644,43.056516678033084,1.0000000020164341,0.9999999838963263,0.20698486859762982,0.20670863570882145,1.0195494226650226e-08,0.0,476,205,26,174,0,92,1,0.0,0.0,0.0,0.0,0.0,0,,,,,,0,,,,,,1,0.0,0.0,0.0,0.0,0.0,1,1,1,3.263280044573282e-06,2.7500003021430075e-06,8.291514548145467e-09,3.469446951953614e-17,2.7500003021430075e-06,0.0005646972915310118,0.00016890760681542716,3.971556296196374e-06,6.030579757787535e-09,0.00016890760681542716,4.407638324610546e-06,1.594340482080625e-06,1.766200802383788e-08,8.056891820373835e-10,1.594340482080625e-06,1.5093881289465138e-06,3.778127192211045e-07,1.0961051598329523e-08,8.606905965713452e-09,3.778127192211045e-07,,,,,,,,,
2026-03-22T19:33:19Z,test_cases/pglib_opf_case7336_epigrids.mat,pglib_opf_case7336_epigrids,oracle_ac_primal_dual_all_bounds__Qg_Vm,oracle_ac_primal_dual_all_bounds,full_all_bounds,ac_true,1,0,Qg+Vm,2,,,optimal,ok,1,13354.320499910495,1869035.9091625896,139.9573950002076,0,0.03658890724182129,3.1807260513305664,24.7639799118042,27.944705963134766,27.944705963134766,27.981294870376587,acopf_acdc_paper_study/cases/pglib_opf_case7336_epigrids/logs/oracle_ac_primal_dual_all_bounds__Qg_Vm.log,0,65,2.2830047756861992e-07,1.3161774725656272e-08,1.3115896457804865e-07,1.071399096942707e-07,2.2830047756861992e-07,18.499,,,18.499,False,100.0,7336,11521,686,684,5252,1,239,7096,66286.4,24243.41,110222.3,44525.780000000006,57354.95999999999,-36916.85,11521,2,0,2,1,1882390.2296624803,67204.22289355584,22992.175339848127,1.0031799053583204,1.1000000080438908,1.0647080292384843,0.017129093039987393,-0.4580730063582006,0.721256128328205,-0.04265729293311498,0.16754866954850772,808.20830330718,807.7043915092771,43.12949533857691,43.056516759921415,1.0000000020164355,0.9999999838963263,0.2069848690022326,0.20670863607380754,1.0195501332077583e-08,0.0,476,205,26,174,0,92,0,,,,,,1,0.0,0.0,0.0,0.0,0.0,1,0.0,0.0,0.0,0.0,0.0,0,,,,,,1,1,1,3.0684703181788595e-06,2.6260970438229947e-06,7.913116476606308e-09,3.382710778154774e-17,2.6260970438229947e-06,0.0005440657226183142,0.00016316023261941925,3.826381317415949e-06,5.114819429108408e-09,0.00016316023261941925,4.18167496945924e-06,1.3689696205521074e-06,1.698804555618476e-08,7.383588185305712e-10,1.3689696205521074e-06,1.3622487594024188e-06,3.2298518204409987e-07,1.0013266722884743e-08,8.017835449389277e-09,3.2298518204409987e-07,,,,,,,,,
2026-03-22T19:33:34Z,test_cases/pglib_opf_case7336_epigrids.mat,pglib_opf_case7336_epigrids,oracle_ac_primal_dual_all_bounds__Qg_Va,oracle_ac_primal_dual_all_bounds,full_all_bounds,ac_true,1,0,Qg+Va,2,,,optimal,ok,1,13354.320499912945,1869035.9091629353,139.9573950002335,0,0.03658890724182129,1.9702301025390625,12.934215068817139,14.904445171356201,14.904445171356201,14.941034078598022,acopf_acdc_paper_study/cases/pglib_opf_case7336_epigrids/logs/oracle_ac_primal_dual_all_bounds__Qg_Va.log,0,21,2.3354418705239053e-07,1.3150761972446912e-08,1.3115896457804865e-07,1.1177673826493377e-07,2.3354418705239053e-07,6.681,,,6.681,False,100.0,7336,11521,686,684,5252,1,239,7096,66286.4,24243.41,110222.3,44525.780000000006,57354.95999999999,-36916.85,11521,2,0,2,1,1882390.229662826,67204.22289304089,22992.175341467613,1.0031799053588868,1.1000000080438905,1.0647080287663748,0.01712909312568597,-0.45807300656419697,0.7212561277061031,-0.042657293337439894,0.1675486695347495,808.2083024359482,807.704390638495,43.129495345311184,43.05651691032196,1.0000000020164426,0.999999983896252,0.20698486936751306,0.20670863760552927,1.0195536415125162e-08,0.0,476,205,26,174,0,92,0,,,,,,1,0.0,0.0,0.0,0.0,0.0,0,,,,,,1,0.0,0.0,0.0,0.0,0.0,1,1,1,3.1727670043757363e-06,2.7176580310595e-06,8.188364110887252e-09,3.469446951953614e-17,2.7176580310595e-06,0.0005775035526530113,0.00017788222611852048,4.026926761883941e-06,5.219132383216252e-09,0.00017788222611852048,4.3387040027898485e-06,1.4059531547871984e-06,1.7485035179758403e-08,7.589118222739444e-10,1.4059531547871984e-06,1.4276389536804998e-06,3.311475969547395e-07,1.0465846541168653e-08,8.361052781548362e-09,3.311475969547395e-07,,,,,,,,,
2026-03-22T19:33:46Z,test_cases/pglib_opf_case7336_epigrids.mat,pglib_opf_case7336_epigrids,oracle_ac_primal_dual_all_bounds__Vm_Va,oracle_ac_primal_dual_all_bounds,full_all_bounds,ac_true,1,0,Vm+Va,2,,,optimal,ok,1,13354.320499912217,1869035.909162833,139.95739500022583,0,0.03658890724182129,3.3211238384246826,8.481872797012329,11.802996635437012,11.802996635437012,11.839585542678833,acopf_acdc_paper_study/cases/pglib_opf_case7336_epigrids/logs/oracle_ac_primal_dual_all_bounds__Vm_Va.log,0,5,2.2947978517071348e-07,1.26275672730769e-08,1.3115896457804865e-07,1.0859959854285208e-07,2.2947978517071348e-07,2.435,,,2.435,False,100.0,7336,11521,686,684,5252,1,239,7096,66286.4,24243.41,110222.3,44525.780000000006,57354.95999999999,-36916.85,11521,2,0,2,1,1882390.2296627236,67204.22289334807,22992.175343436116,1.0031799053588357,1.1000000080438905,1.0647080290658106,0.017129092997277846,-0.4580730066806723,0.7212561283844999,-0.04265729313682195,0.16754866961575832,808.2083028356566,807.7043910380818,43.12949538178979,43.05651684311718,1.0000000020164257,0.9999999838963031,0.20698486934274946,0.20670863674952866,1.019545203817529e-08,0.0,476,205,26,174,0,92,0,,,,,,0,,,,,,1,0.0,0.0,0.0,0.0,0.0,1,0.0,0.0,0.0,0.0,0.0,1,1,1,3.1092252823169757e-06,2.655774149040724e-06,8.002926353686298e-09,3.4260922860596327e-17,2.655774149040724e-06,0.000986032293468903,0.0007211416262383752,5.950612820939038e-06,1.58443356351734e-08,0.0007211416262383752,4.211845174195729e-06,1.4034588211586652e-06,1.7083075112715646e-08,7.451118611001561e-10,1.4034588211586652e-06,1.3933369612632252e-06,3.312051308212993e-07,1.023184367210994e-08,8.157413911025202e-09,3.312051308212993e-07,,,,,,,,,
2026-03-22T19:34:13Z,test_cases/pglib_opf_case7336_epigrids.mat,pglib_opf_case7336_epigrids,oracle_ac_primal_dual_all_bounds__Pg_Qg_Vm,oracle_ac_primal_dual_all_bounds,full_all_bounds,ac_true,1,0,Pg+Qg+Vm,3,,,optimal,ok,1,13354.320499913092,1869035.909162956,139.95739500023507,0,0.03658890724182129,2.1511948108673096,24.926711082458496,27.077905893325806,27.077905893325806,27.114494800567627,acopf_acdc_paper_study/cases/pglib_opf_case7336_epigrids/logs/oracle_ac_primal_dual_all_bounds__Pg_Qg_Vm.log,0,65,2.4075089176124305e-07,1.3156571575245746e-08,1.3115896457804865e-07,1.073820152422132e-07,2.4075089176124305e-07,18.842,,,18.842,False,100.0,7336,11521,686,684,5252,1,239,7096,66286.4,24243.41,110222.3,44525.780000000006,57354.95999999999,-36916.85,11521,2,0,2,1,1882390.2296628468,67204.22289277092,22992.175343890165,1.0031799053562667,1.1000000080438905,1.0647080282632422,0.017129093481214778,-0.45807300653608457,0.7212561278618439,-0.04265729318775674,0.16754866949869981,808.2083033410223,807.7043915430103,43.12949524161675,43.05651666414854,1.0000000020164161,0.9999999838962549,0.20698486863639756,0.20670863575040227,1.0195403188362206e-08,0.0,476,205,26,174,0,92,1,0.0,0.0,0.0,0.0,0.0,1,0.0,0.0,0.0,0.0,0.0,1,0.0,0.0,0.0,0.0,0.0,0,,,,,,1,1,1,3.235335263638093e-06,2.786508761509765e-06,8.39363078970991e-09,3.252606517456513e-17,2.786508761509765e-06,0.0005725313015991304,0.00017511062394282018,4.001928664028772e-06,5.361560306837987e-09,0.00017511062394282018,4.3436217045951094e-06,1.3687757420832725e-06,1.796475508922908e-08,7.560864156985758e-10,1.3687757420832725e-06,1.3833470932889623e-06,3.224970001047822e-07,1.032126358392062e-08,8.434373366394965e-09,3.224970001047822e-07,,,,,,,,,
2026-03-22T19:34:29Z,test_cases/pglib_opf_case7336_epigrids.mat,pglib_opf_case7336_epigrids,oracle_ac_primal_dual_all_bounds__Pg_Qg_Va,oracle_ac_primal_dual_all_bounds,full_all_bounds,ac_true,1,0,Pg+Qg+Va,3,,,optimal,ok,1,13354.32049991189,1869035.909162787,139.9573950002224,0,0.03658890724182129,3.255981922149658,12.206931352615356,15.462913274765015,15.462913274765015,15.499502182006836,acopf_acdc_paper_study/cases/pglib_opf_case7336_epigrids/logs/oracle_ac_primal_dual_all_bounds__Pg_Qg_Va.log,0,19,2.3363536510052083e-07,1.3154959843664216e-08,1.3115896457804865e-07,1.0738083943175239e-07,2.3363536510052083e-07,6.172,,,6.172,False,100.0,7336,11521,686,684,5252,1,239,7096,66286.4,24243.41,110222.3,44525.780000000006,57354.95999999999,-36916.85,11521,2,0,2,1,1882390.2296626777,67204.22289318092,22992.175341296526,1.003179905357358,1.1000000080438905,1.064708028809912,0.017129093233344193,-0.45807300644567456,0.72125612810083,-0.04265729307062468,0.16754866952541755,808.2083033124806,807.7043915145405,43.12949529633221,43.056516721275464,1.000000002016421,0.9999999838963027,0.20698486886275339,0.20670863598020872,1.0195428057357958e-08,0.0,476,205,26,174,0,92,1,0.0,0.0,0.0,0.0,0.0,1,0.0,0.0,0.0,0.0,0.0,0,,,,,,1,0.0,0.0,0.0,0.0,0.0,1,1,1,3.1478831759215037e-06,2.702311305391447e-06,8.141444759775834e-09,3.241764495731658e-17,2.702311305391447e-06,0.0005579637132860188,0.00016889143536980011,3.909492315129328e-06,5.125504097536204e-09,0.00016889143536980011,4.2542820608609495e-06,1.3704813111026226e-06,1.7418588523117906e-08,7.472268359620671e-10,1.3704813111026226e-06,1.374185946368932e-06,3.2312643077903047e-07,1.0174068208818732e-08,8.230719480972759e-09,3.2312643077903047e-07,,,,,,,,,
2026-03-22T19:34:41Z,test_cases/pglib_opf_case7336_epigrids.mat,pglib_opf_case7336_epigrids,oracle_ac_primal_dual_all_bounds__Pg_Vm_Va,oracle_ac_primal_dual_all_bounds,full_all_bounds,ac_true,1,0,Pg+Vm+Va,3,,,optimal,ok,1,13354.32049991266,1869035.909162895,139.9573950002305,0,0.03658890724182129,3.218874931335449,8.526411056518555,11.745285987854004,11.745285987854004,11.781874895095825,acopf_acdc_paper_study/cases/pglib_opf_case7336_epigrids/logs/oracle_ac_primal_dual_all_bounds__Pg_Vm_Va.log,0,5,2.3191198755611675e-07,1.2719315427289768e-08,1.3115896457804865e-07,1.0896269962008744e-07,2.3191198755611675e-07,2.449,,,2.449,False,100.0,7336,11521,686,684,5252,1,239,7096,66286.4,24243.41,110222.3,44525.780000000006,57354.95999999999,-36916.85,11521,2,0,2,1,1882390.2296627858,67204.22289315108,22992.175343765095,1.0031799053587886,1.1000000080438905,1.0647080288805388,0.01712909307015801,-0.4580730067014712,0.7212561283527182,-0.04265729323357414,0.1675486696254521,808.2083026464646,807.7043908490035,43.129495357633594,43.05651682949006,1.0000000020164397,0.9999999838962759,0.20698486925626275,0.2067086367533755,1.0195521760181236e-08,0.0,476,205,26,174,0,92,1,0.0,0.0,0.0,0.0,0.0,0,,,,,,1,0.0,0.0,0.0,0.0,0.0,1,0.0,0.0,0.0,0.0,0.0,1,1,1,3.147861632029442e-06,2.6899096434718217e-06,8.105617674356515e-09,3.400989194945511e-17,2.6899096434718217e-06,0.000986679899836609,0.0007193149947818389,5.960872230135739e-06,1.8260975453987527e-08,0.0007193149947818389,4.260274197186557e-06,1.4166080892774602e-06,1.7298198266769126e-08,7.535519985779615e-10,1.4166080892774602e-06,1.407515847556483e-06,3.3428934648194186e-07,1.0344348605533506e-08,8.261942140846967e-09,3.3428934648194186e-07,,,,,,,,,
2026-03-22T19:34:52Z,test_cases/pglib_opf_case7336_epigrids.mat,pglib_opf_case7336_epigrids,oracle_ac_primal_dual_all_bounds__Qg_Vm_Va,oracle_ac_primal_dual_all_bounds,full_all_bounds,ac_true,1,0,Qg+Vm+Va,3,,,optimal,ok,1,13354.320499914194,1869035.9091631111,139.95739500024666,0,0.03658890724182129,3.191132068634033,8.416162967681885,11.607295036315918,11.607295036315918,11.64388394355774,acopf_acdc_paper_study/cases/pglib_opf_case7336_epigrids/logs/oracle_ac_primal_dual_all_bounds__Qg_Vm_Va.log,0,4,2.2804168748209166e-07,1.2516795849792928e-08,1.3115896457804865e-07,1.152447004809763e-07,2.2804168748209166e-07,2.175,,,2.175,False,100.0,7336,11521,686,684,5252,1,239,7096,66286.4,24243.41,110222.3,44525.780000000006,57354.95999999999,-36916.85,11521,2,0,2,1,1882390.2296630018,67204.22289271827,22992.175344978652,1.0031799053644608,1.1000000080438903,1.0647080290771185,0.01712909261711312,-0.4580730071401135,0.7212561293459538,-0.042657293962354466,0.16754866998792706,808.208299749775,807.7043879543662,43.12949545791565,43.05651711209952,1.0000000020164301,0.9999999838963347,0.20698487008160166,0.2067086390509123,1.0195473798546573e-08,0.0,476,205,26,174,0,92,0,,,,,,1,0.0,0.0,0.0,0.0,0.0,1,0.0,0.0,0.0,0.0,0.0,1,0.0,0.0,0.0,0.0,0.0,1,1,1,3.214949101994995e-06,2.6917742417253976e-06,8.117392311748974e-09,3.7621815385247004e-17,2.6917742417253976e-06,0.0005882270186388594,0.00019599903344940436,4.166413779094395e-06,9.969653626956676e-09,0.00019599903344940436,4.422697303204759e-06,1.6171865162561971e-06,1.7226856679702538e-08,8.047397193067241e-10,1.6171865162561971e-06,1.5596769893990467e-06,3.827339465356516e-07,1.1134876268187787e-08,8.614486863428583e-09,3.827339465356516e-07,,,,,,,,,
2026-03-22T19:35:03Z,test_cases/pglib_opf_case7336_epigrids.mat,pglib_opf_case7336_epigrids,oracle_ac_primal_dual_all_bounds__Pg_Qg_Vm_Va,oracle_ac_primal_dual_all_bounds,full_all_bounds,ac_true,1,0,Pg+Qg+Vm+Va,4,,,optimal,ok,1,13354.320499927637,1869035.9091650061,139.95739500038857,0,0.03658890724182129,1.982776165008545,8.452399253845215,10.43517541885376,10.43517541885376,10.471764326095581,acopf_acdc_paper_study/cases/pglib_opf_case7336_epigrids/logs/oracle_ac_primal_dual_all_bounds__Pg_Qg_Vm_Va.log,0,4,2.7824811429477507e-07,1.4229819857158876e-08,1.3115896457804865e-07,1.3511244552118996e-07,2.7824811429477507e-07,2.203,,,2.203,False,100.0,7336,11521,686,684,5252,1,239,7096,66286.4,24243.41,110222.3,44525.780000000006,57354.95999999999,-36916.85,11521,2,0,2,1,1882390.2296648968,67204.22288695507,22992.175356070544,1.0031799053767683,1.1000000080438905,1.0647080250218204,0.0171290933806376,-0.4580730086813922,0.7212561303916286,-0.04265729805222496,0.16754867098769302,808.208288341096,807.7043765531787,43.129495051803104,43.05651725539377,1.0000000020164383,0.9999999838962477,0.20698486947504102,0.20670864291885735,1.0195515542932299e-08,0.0,476,205,26,174,0,92,1,0.0,0.0,0.0,0.0,0.0,1,0.0,0.0,0.0,0.0,0.0,1,0.0,0.0,0.0,0.0,0.0,1,0.0,0.0,0.0,0.0,0.0,1,1,1,4.323915841999583e-06,3.526753094895696e-06,1.0643086207806108e-08,2.7755575615628914e-17,3.526753094895696e-06,0.000802256951741687,0.00029501600658839036,5.4702284281318525e-06,8.959528431662367e-09,0.00029501600658839036,5.986977209294369e-06,2.3880958028854593e-06,2.227682479035407e-08,1.1074785533082832e-09,2.3880958028854593e-06,2.252944920310133e-06,5.663013310508447e-07,1.57750613658439e-08,1.1780255243509785e-08,5.663013310508447e-07,,,,,,,,,
2026-03-22T19:35:44Z,test_cases/pglib_opf_case7336_epigrids.mat,pglib_opf_case7336_epigrids,oracle_ac_dual_only_constraint__none,oracle_ac_dual_only_constraint,constraint_only,ac_true,1,0,,0,,,optimal,ok,1,13354.32049991189,1869035.9091627863,139.95739500022236,0,0.03658890724182129,3.2766289710998535,37.33772587776184,40.614354848861694,40.614354848861694,40.650943756103516,acopf_acdc_paper_study/cases/pglib_opf_case7336_epigrids/logs/oracle_ac_dual_only_constraint__none.log,0,114,2.336468599427083e-07,1.315499625204053e-08,1.3115896457804865e-07,1.0738702832712556e-07,2.336468599427083e-07,31.299,,,31.299,False,100.0,7336,11521,686,684,5252,1,239,7096,66286.4,24243.41,110222.3,44525.780000000006,57354.95999999999,-36916.85,11521,2,0,2,1,1882390.229662677,67204.2228931907,22992.175341343103,1.0031799053573296,1.1000000080438905,1.0647080288088533,0.01712909323564294,-0.4580730064401791,0.7212561280937692,-0.04265729306075325,0.16754866952286623,808.208303333254,807.7043915352945,43.12949529667453,43.05651672186293,1.0000000020164326,0.9999999838962972,0.20698486886520268,0.20670863598455075,1.0195485788955239e-08,0.0,476,205,26,174,0,92,0,,,,,,0,,,,,,0,,,,,,0,,,,,,1,1,0,3.1462738961093384e-06,2.701185270126416e-06,8.138009210058122e-09,3.252606517456513e-17,2.701185270126416e-06,0.0005579782145319839,0.00016890153835324995,3.909542292293483e-06,5.117221882344758e-09,0.00016890153835324995,4.253468560506473e-06,1.368720245142896e-06,1.7418016757745672e-08,7.469657115066752e-10,1.368720245142896e-06,1.3728663944543977e-06,3.227027772223501e-07,1.0163946249450234e-08,8.22340218836759e-09,3.227027772223501e-07,,,,,,,,,
2026-03-22T19:36:08Z,test_cases/pglib_opf_case7336_epigrids.mat,pglib_opf_case7336_epigrids,oracle_ac_dual_only_bounds__none,oracle_ac_dual_only_bounds,all_bounds_only,ac_true,1,0,,0,,,optimal,ok,1,13354.320499911886,1869035.9091627859,139.9573950002223,0,0.03658890724182129,2.0090322494506836,22.308218002319336,24.31725025177002,24.31725025177002,24.35383915901184,acopf_acdc_paper_study/cases/pglib_opf_case7336_epigrids/logs/oracle_ac_dual_only_bounds__none.log,0,62,2.3362774352836489e-07,1.3154860929731615e-08,1.3115896457804865e-07,1.073808309590197e-07,2.3362774352836489e-07,16.079,,,16.079,False,100.0,7336,11521,686,684,5252,1,239,7096,66286.4,24243.41,110222.3,44525.780000000006,57354.95999999999,-36916.85,11521,2,0,2,1,1882390.2296626766,67204.22289319165,22992.175341336726,1.003179905357333,1.1000000080438905,1.0647080288102089,0.017129093235155036,-0.4580730064399442,0.7212561280955931,-0.04265729306026614,0.1675486695230672,808.2083033338405,807.7043915358821,43.12949529675701,43.05651672173173,1.0000000020164277,0.999999983896321,0.20698486886506254,0.20670863598268807,1.0195460919959487e-08,0.0,476,205,26,174,0,92,0,,,,,,0,,,,,,0,,,,,,0,,,,,,0,0,1,3.146070303831318e-06,2.700983733561202e-06,8.137405937967826e-09,3.241764495731658e-17,2.700983733561202e-06,0.0005579157022417202,0.00016889060965574743,3.909046813087916e-06,5.117484776218095e-09,0.00016889060965574743,4.253167643735546e-06,1.3687361462011438e-06,1.741670788997324e-08,7.469641571944408e-10,1.3687361462011438e-06,1.3727999389174112e-06,3.22708296696117e-07,1.0163368459443736e-08,8.223010512092843e-09,3.22708296696117e-07,,,,,,,,,
2026-03-22T19:36:26Z,test_cases/pglib_opf_case7336_epigrids.mat,pglib_opf_case7336_epigrids,oracle_ac_dual_only_full__none,oracle_ac_dual_only_full,full_all_bounds,ac_true,1,0,,0,,,optimal,ok,1,13354.320499911888,1869035.909162786,139.95739500022233,0,0.03658890724182129,2.059849977493286,15.687570095062256,17.747420072555542,17.747420072555542,17.784008979797363,acopf_acdc_paper_study/cases/pglib_opf_case7336_epigrids/logs/oracle_ac_dual_only_full__none.log,0,32,2.3363029047636895e-07,1.315495921222487e-08,1.3115896457804865e-07,1.0738091026556929e-07,2.3363029047636895e-07,9.611,,,9.611,False,100.0,7336,11521,686,684,5252,1,239,7096,66286.4,24243.41,110222.3,44525.780000000006,57354.95999999999,-36916.85,11521,2,0,2,1,1882390.2296626768,67204.22289319156,22992.175341336588,1.0031799053573296,1.1000000080438905,1.0647080288101536,0.017129093235224293,-0.45807300643997917,0.7212561280956665,-0.04265729306022738,0.1675486695230424,808.2083033343007,807.7043915363416,43.12949529675109,43.056516721708235,1.0000000020164408,0.9999999838962992,0.20698486886512482,0.20670863598263836,1.0195527533340965e-08,0.0,476,205,26,174,0,92,0,,,,,,0,,,,,,0,,,,,,0,,,,,,1,1,1,3.1460848410934847e-06,2.7010044716391235e-06,8.137468047722679e-09,3.252606517456513e-17,2.7010044716391235e-06,0.0005579147565322033,0.0001688913878514775,3.909133711602984e-06,5.117297578738356e-09,0.0001688913878514775,4.253150862640667e-06,1.368716866734232e-06,1.7416727527300263e-08,7.469264096116035e-10,1.368716866734232e-06,1.3727839303774942e-06,3.2270378313992154e-07,1.0163327311833035e-08,8.223106685162351e-09,3.2270378313992154e-07,,,,,,,,,
2026-03-22T19:36:47Z,test_cases/pglib_opf_case7336_epigrids.mat,pglib_opf_case7336_epigrids,dc_seed__Pg,dc_seed,none,dcopf,0,1,Pg,1,,,optimal,ok,1,13354.32049989083,1869035.9091598187,139.95739500000013,0,0.03658890724182129,1.4380888938903809,16.308239221572876,17.746328115463257,20.844050884246826,20.880639791488647,acopf_acdc_paper_study/cases/pglib_opf_case7336_epigrids/logs/dc_seed__Pg.log,0,40,3.8865535486221243e-08,1.3749921201622328e-09,1.3115896457804865e-07,8.047281171519011e-08,8.047281171519011e-08,10.309,,,10.309,False,100.0,7336,11521,686,684,5252,1,239,7096,66286.4,24243.41,110222.3,44525.780000000006,57354.95999999999,-36916.85,11521,2,0,2,1,1882390.2296597094,67204.22290958307,22992.17533723636,1.0031799053497217,1.1000000080438859,1.0647080427288405,0.017129088035466224,-0.4580730060252432,0.7212561296291663,-0.04265728427205753,0.16754866841226948,808.2083237712264,807.7044119606604,43.12949769798192,43.05651808290696,1.000000002016439,0.9999999838964202,0.20698487890710604,0.20670863735367312,1.0195518207467558e-08,0.0,476,205,26,174,0,92,1,8.920999515525887,5.615100884932622,0.03882221938306329,9.333288031321274e-09,5.615100884932622,0,,,,,,0,,,,,,0,,,,,,0,0,0,1.9410492989856327e-11,1.511235581119763e-11,5.4189246312241797e-14,0.0,1.511235581119763e-11,5.3795782448366625e-12,1.9852730570590893e-12,7.981669091803877e-14,1.186550857568136e-14,1.9852730570590893e-12,3.57677951940314e-13,2.4202861936828413e-14,2.7242233671854576e-15,1.9984014443252818e-15,2.4202861936828413e-14,1.0191624205983616e-11,2.5576762929802044e-13,9.883393580386258e-14,1.071295829824237e-13,2.5576762929802044e-13,native_only,ipopt,nlp,optimal,ok,2.0611939430236816,1.0365288257598877,3.0977227687835693,1855878.1197511405
2026-03-22T19:37:06Z,test_cases/pglib_opf_case7336_epigrids.mat,pglib_opf_case7336_epigrids,dc_seed__Va,dc_seed,none,dcopf,0,1,Va,1,,,optimal,ok,1,13354.320499891255,1869035.9091598785,139.9573950000046,0,0.03658890724182129,2.698532819747925,16.44161820411682,19.140151023864746,22.237873792648315,22.274462699890137,acopf_acdc_paper_study/cases/pglib_opf_case7336_epigrids/logs/dc_seed__Va.log,0,39,4.013655528382421e-08,1.4196776809694e-09,1.3115896457804865e-07,8.094952622241862e-08,8.094952622241862e-08,10.468,,,10.468,False,100.0,7336,11521,686,684,5252,1,239,7096,66286.4,24243.41,110222.3,44525.780000000006,57354.95999999999,-36916.85,11521,2,0,2,1,1882390.2296597692,67204.22290940453,22992.175337490622,1.0031799053501216,1.1000000080438859,1.064708042612709,0.017129088054352704,-0.45807300607611356,0.7212561296593604,-0.04265728440393913,0.16754866844330898,808.2083234106958,807.7044116003688,43.12949768062838,43.05651808664931,1.0000000020164528,0.9999999838963631,0.20698487884483371,0.20670863746429513,1.0195587929473504e-08,0.0,476,205,26,174,0,92,0,,,,,,0,,,,,,0,,,,,,1,7.083092464228381,0.5233527245944916,0.050266930641124835,0.027923842426429896,0.5233527245944916,0,0,0,3.5499431050626426e-08,2.5552511218052132e-08,8.27487965549399e-11,0.0,2.5552511218052132e-08,6.645237992345049e-06,2.9388503014161557e-06,4.260589086169212e-08,7.532213741612281e-11,2.9388503014161557e-06,4.946412482143721e-08,2.4401825005071487e-08,1.471760188578158e-10,8.401279671943485e-12,2.4401825005071487e-08,2.2042720493765228e-08,5.807836878091166e-09,1.4884411662897317e-10,1.0272009485405922e-10,5.807836878091166e-09,native_only,ipopt,nlp,optimal,ok,2.0611939430236816,1.0365288257598877,3.0977227687835693,1855878.1197511405
2026-03-22T19:37:24Z,test_cases/pglib_opf_case7336_epigrids.mat,pglib_opf_case7336_epigrids,dc_seed__Pg_Va,dc_seed,none,dcopf,0,1,Pg+Va,2,,,optimal,ok,1,13354.320499891439,1869035.9091599043,139.95739500000653,0,0.03658890724182129,3.195246934890747,15.20408296585083,18.399329900741577,21.497052669525146,21.533641576766968,acopf_acdc_paper_study/cases/pglib_opf_case7336_epigrids/logs/dc_seed__Pg_Va.log,0,34,4.068158367435352e-08,1.4365261757909309e-09,1.3115896457804865e-07,8.112937024508042e-08,8.112937024508042e-08,9.227,,,9.227,False,100.0,7336,11521,686,684,5252,1,239,7096,66286.4,24243.41,110222.3,44525.780000000006,57354.95999999999,-36916.85,11521,2,0,2,1,1882390.229659795,67204.22290933487,22992.175337611883,1.0031799053502644,1.1000000080438859,1.0647080425634097,0.01712908806428338,-0.45807300609356405,0.7212561296710819,-0.042657284452978145,0.16754866845504682,808.2083232745184,807.7044114642819,43.12949767325384,43.056518087240555,1.0000000020164561,0.9999999838964188,0.2069848788175555,0.20670863750236812,1.0195605248952688e-08,0.0,476,205,26,174,0,92,1,8.920999515525887,5.615100884932622,0.03882221938306329,9.333288031321274e-09,5.615100884932622,0,,,,,,0,,,,,,1,7.083092464228381,0.5233527245944916,0.050266930641124835,0.027923842426429896,0.5233527245944916,0,0,0,4.9263997883704073e-08,3.571905349275539e-08,1.1403781502779115e-10,0.0,3.571905349275539e-08,9.26792651055007e-06,4.045370549710971e-06,5.98632843527815e-08,1.0576979569965062e-10,4.045370549710971e-06,6.888296823961594e-08,3.359844669148515e-08,2.0884174457634577e-10,1.1852741010898171e-11,3.359844669148515e-08,3.033686671078725e-08,7.99703325782275e-09,2.0464825377862879e-10,1.404354106962491e-10,7.99703325782275e-09,native_only,ipopt,nlp,optimal,ok,2.0611939430236816,1.0365288257598877,3.0977227687835693,1855878.1197511405
