timestamp_utc,case_file,case_name,run_name,family,dual_mode,seed_source,is_oracle,is_practical,blocks,num_blocks,seed_vm_policy,seed_qg_policy,termination,status,success,objective,objective_gap_vs_baseline_abs,objective_gap_vs_baseline_rel,objective_matches_baseline,shared_case_prep_time,build_time,solve_time,total_time,end_to_end_time,full_pipeline_time_including_shared_case_prep,log_path,hit_max_iter,iterations,dual_inf,constr_viol,var_bound_viol,compl_inf,overall_nlp_error,ipopt_reported_total_sec,ipopt_cpu_sec_no_func_eval,ipopt_cpu_sec_func_eval,ipopt_cpu_total_est,restoration_used,baseMVA,nb,nl,ng_total,ng_active,n_load_buses,n_ref_buses,n_pv_buses,n_pq_buses,total_pd_mw,total_qd_mvar,sum_pmax_mw,sum_pmin_mw,sum_qmax_mvar,sum_qmin_mvar,n_branch_with_limits,n_branch_out_of_service,gencost_any_pwl,gencost_max_poly_degree,gencost_any_quadratic,objective_value,total_pg_mw,total_qg_mvar,vm_min,vm_max,vm_mean,vm_std,va_min_rad,va_max_rad,va_mean_rad,va_std_rad,max_line_mva_from,max_line_mva_to,mean_line_mva_from,mean_line_mva_to,max_thermal_util_from,max_thermal_util_to,mean_thermal_util_from,mean_thermal_util_to,max_flow_limit_violation_sq_from,max_flow_limit_violation_sq_to,n_pg_at_lb,n_pg_at_ub,n_qg_at_lb,n_qg_at_ub,n_vm_at_lb,n_vm_at_ub,init_has_Pg,init_Pg_l2,init_Pg_linf,init_Pg_mean_abs,init_Pg_median_abs,init_Pg_max_abs,init_has_Qg,init_Qg_l2,init_Qg_linf,init_Qg_mean_abs,init_Qg_median_abs,init_Qg_max_abs,init_has_Vm,init_Vm_l2,init_Vm_linf,init_Vm_mean_abs,init_Vm_median_abs,init_Vm_max_abs,init_has_Va,init_Va_l2,init_Va_linf,init_Va_mean_abs,init_Va_median_abs,init_Va_max_abs,init_has_duals,init_has_constraint_duals,init_has_bound_mults,dist_to_baseline_Pg_l2,dist_to_baseline_Pg_linf,dist_to_baseline_Pg_mean_abs,dist_to_baseline_Pg_median_abs,dist_to_baseline_Pg_max_abs,dist_to_baseline_Qg_l2,dist_to_baseline_Qg_linf,dist_to_baseline_Qg_mean_abs,dist_to_baseline_Qg_median_abs,dist_to_baseline_Qg_max_abs,dist_to_baseline_Vm_l2,dist_to_baseline_Vm_linf,dist_to_baseline_Vm_mean_abs,dist_to_baseline_Vm_median_abs,dist_to_baseline_Vm_max_abs,dist_to_baseline_Va_l2,dist_to_baseline_Va_linf,dist_to_baseline_Va_mean_abs,dist_to_baseline_Va_median_abs,dist_to_baseline_Va_max_abs,dc_seed_mode,dc_solver,dc_solver_problem_type,dc_termination,dc_status,dc_build_time,dc_solve_time,dc_total_time,dc_objective
2026-03-22T06:14:47Z,test_cases/pglib_opf_case118_ieee.mat,pglib_opf_case118_ieee,baseline_default,baseline,none,case_default,0,1,,0,,,optimal,ok,1,780.3209742529302,,,,0.008260965347290039,0.00882101058959961,0.17411303520202637,0.18293404579162598,0.18293404579162598,0.19119501113891602,acopf_acdc_paper_study/cases/pglib_opf_case118_ieee/logs/baseline_default.log,0,23,4.41112544797244e-07,1.0785457081580417e-08,5.784286560839291e-08,3.0480181716220766e-07,4.41112544797244e-07,0.062,,,0.062,False,100.0,118,186,54,54,99,1,53,64,4242.0,1438.0,6515.0,0.0,7954.0,-5777.0,186,0,0,2,1,97213.60739443378,4380.685348017252,847.3006718805366,0.9843875303667694,1.0600000048041842,1.0329065223645981,0.019771907202341527,-0.5008763303794547,0.17980594433681485,-0.20762861703117605,0.1938389735255217,499.59398691294325,512.3251314675578,65.17656648298029,64.9781494971323,0.9999999874572045,1.0000000032914145,0.2867774328078197,0.2867854182493567,0.0,4.982543266862649e-09,40,45,3,19,0,11,,,,,,,,,,,,,,,,,,,,,,,,,,,,,,,,,,,,,,,,,,,,,,,,,,,,,,,,
2026-03-22T06:14:48Z,test_cases/pglib_opf_case118_ieee.mat,pglib_opf_case118_ieee,oracle_ac_primal_only__Pg,oracle_ac_primal_only,none,ac_true,1,0,Pg,1,,,optimal,ok,1,780.3209742529425,96433.28642018237,123.58156400000195,0,0.008260965347290039,0.007289886474609375,0.371304988861084,0.37859487533569336,0.37859487533569336,0.3868558406829834,acopf_acdc_paper_study/cases/pglib_opf_case118_ieee/logs/oracle_ac_primal_only__Pg.log,0,21,4.412006688620826e-07,1.0787633100514421e-08,5.784286560839291e-08,3.048480865090454e-07,4.412006688620826e-07,0.14,,,0.14,False,100.0,118,186,54,54,99,1,53,64,4242.0,1438.0,6515.0,0.0,7954.0,-5777.0,186,0,0,2,1,97213.6073944353,4380.68534801587,847.3006718681199,0.9843875303616139,1.0600000048041842,1.0329065223527754,0.01977190717957517,-0.5008763303892514,0.1798059443405692,-0.20762861702142307,0.19383897351874552,499.5939869153477,512.325131476575,65.17656647115321,64.97814948549599,0.9999999874572045,1.0000000032914147,0.28677743273879286,0.28678541818124487,0.0,4.982543710951859e-09,40,45,3,19,0,11,1,0.0,0.0,0.0,0.0,0.0,0,,,,,,0,,,,,,0,,,,,,0,0,0,2.0819620770675436e-10,1.6429879678980797e-10,5.829100590836369e-12,0.0,1.6429879678980797e-10,9.936411927547172e-08,7.066436044644853e-08,2.75780954602496e-09,4.2695014190741176e-13,7.066436044644853e-08,1.5003101047148635e-09,1.1310410386045078e-09,2.7675306490948515e-11,3.5689229349600282e-12,1.1310410386045078e-09,4.2358335915533974e-10,3.15748982515629e-10,1.174346524604005e-11,3.1186858651111038e-12,3.15748982515629e-10,,,,,,,,,
2026-03-22T06:14:48Z,test_cases/pglib_opf_case118_ieee.mat,pglib_opf_case118_ieee,oracle_ac_primal_only__Qg,oracle_ac_primal_only,none,ac_true,1,0,Qg,1,,,optimal,ok,1,780.3209742529424,96433.28642018237,123.58156400000195,0,0.008260965347290039,0.012626171112060547,0.41175293922424316,0.4243791103363037,0.4243791103363037,0.43264007568359375,acopf_acdc_paper_study/cases/pglib_opf_case118_ieee/logs/oracle_ac_primal_only__Qg.log,0,24,4.4120470893525803e-07,1.0787725699848881e-08,5.784286560839291e-08,3.048502789154849e-07,4.4120470893525803e-07,0.236,,,0.236,False,100.0,118,186,54,54,99,1,53,64,4242.0,1438.0,6515.0,0.0,7954.0,-5777.0,186,0,0,2,1,97213.6073944353,4380.6853480158015,847.3006718675057,0.9843875303613703,1.0600000048041842,1.0329065223522156,0.019771907178496476,-0.5008763303897162,0.17980594434075162,-0.2076286170209602,0.19383897351842577,499.59398691546176,512.3251314770026,65.17656647059286,64.97814948494468,0.9999999874572035,1.000000003291414,0.2867774327355227,0.286785418178018,0.0,4.982542489706532e-09,40,45,3,19,0,11,0,,,,,,1,0.0,0.0,0.0,0.0,0.0,0,,,,,,0,,,,,,0,0,0,2.1807361393734782e-10,1.7211121416949027e-10,6.10586993960721e-12,0.0,1.7211121416949027e-10,1.0407225042840409e-07,7.401258542150124e-08,2.888483526406173e-09,4.494321581560712e-13,7.401258542150124e-08,1.5713974213837942e-09,1.184631948092374e-09,2.8986558915856305e-11,3.7382319462153646e-12,1.184631948092374e-09,4.436525661215442e-10,3.307089602166968e-10,1.2300686316246465e-11,3.270134163457783e-12,3.307089602166968e-10,,,,,,,,,
2026-03-22T06:14:49Z,test_cases/pglib_opf_case118_ieee.mat,pglib_opf_case118_ieee,oracle_ac_primal_only__Vm,oracle_ac_primal_only,none,ac_true,1,0,Vm,1,,,optimal,ok,1,780.3209742527029,96433.28642015251,123.58156399996368,0,0.008260965347290039,0.05485892295837402,1.1207020282745361,1.1755609512329102,1.1755609512329102,1.1838219165802002,acopf_acdc_paper_study/cases/pglib_opf_case118_ieee/logs/oracle_ac_primal_only__Vm.log,0,23,4.3934173467884117e-07,1.0185543736549327e-08,5.784286560839291e-08,3.038711602697507e-07,4.3934173467884117e-07,0.235,,,0.235,False,100.0,118,186,54,54,99,1,53,64,4242.0,1438.0,6515.0,0.0,7954.0,-5777.0,186,0,0,2,1,97213.60739440544,4380.685348045123,847.3006721297221,0.9843875304710078,1.0600000048041842,1.0329065226026115,0.019771907660506138,-0.5008763301819638,0.17980594426146174,-0.2076286172271949,0.19383897366181296,499.59398686454534,512.3251312860726,65.17656672100236,64.97814973131504,0.9999999874572035,1.0000000032914138,0.2867774341970799,0.28678541962020115,0.0,4.982542156639624e-09,40,45,3,19,0,11,0,,,,,,0,,,,,,1,0.0,0.0,0.0,0.0,0.0,0,,,,,,0,0,0,4.185512281790366e-09,3.3032190316362176e-09,1.1718024213385558e-10,0.0,3.3032190316362176e-09,1.9998134547243358e-06,1.4221988267337782e-06,5.5504573756196306e-08,8.451447874868734e-12,1.4221988267337782e-06,3.019546285403678e-08,2.2763471996256612e-08,5.570688204511209e-10,7.181566452629795e-11,2.2763471996256612e-08,8.524070763166008e-09,6.354447024126131e-09,2.3613683702541277e-10,6.258765034017344e-11,6.354447024126131e-09,,,,,,,,,
2026-03-22T06:14:50Z,test_cases/pglib_opf_case118_ieee.mat,pglib_opf_case118_ieee,oracle_ac_primal_only__Va,oracle_ac_primal_only,none,ac_true,1,0,Va,1,,,optimal,ok,1,780.3209742527006,96433.28642015223,123.58156399996332,0,0.008260965347290039,0.008598804473876953,0.33628225326538086,0.3448810577392578,0.3448810577392578,0.35314202308654785,acopf_acdc_paper_study/cases/pglib_opf_case118_ieee/logs/oracle_ac_primal_only__Va.log,0,32,4.3933288137543753e-07,1.0734668672538505e-08,5.784286560839291e-08,3.038661016637452e-07,4.3933288137543753e-07,0.194,,,0.194,False,100.0,118,186,54,54,99,1,53,64,4242.0,1438.0,6515.0,0.0,7954.0,-5777.0,186,0,0,2,1,97213.60739440516,4380.685348045227,847.3006721306544,0.9843875304717475,1.0600000048041842,1.0329065226039378,0.019771907662983746,-0.5008763301807586,0.1798059442606458,-0.2076286172282312,0.1938389736623911,499.59398686427573,512.325131285062,65.17656672228271,64.9781497325742,0.9999999874572041,1.0000000032914134,0.2867774342045869,0.28678541962760706,0.0,4.9825417125504146e-09,40,45,3,19,0,11,0,,,,,,0,,,,,,0,,,,,,1,0.0,0.0,0.0,0.0,0.0,0,0,0,4.208063343767491e-09,3.3220324269223056e-09,1.1785760462344562e-10,0.0,3.3220324269223056e-09,2.0106897611118533e-06,1.429933684071738e-06,5.580674493115759e-08,8.610639978812173e-12,1.429933684071738e-06,3.035969332862666e-08,2.2887274964134008e-08,5.601244675235904e-10,7.219946862591087e-11,2.2887274964134008e-08,8.570017247344695e-09,6.3888516699250886e-09,2.374130930139573e-10,6.324189089079724e-11,6.3888516699250886e-09,,,,,,,,,
2026-03-22T06:14:50Z,test_cases/pglib_opf_case118_ieee.mat,pglib_opf_case118_ieee,oracle_ac_primal_only__Pg_Qg,oracle_ac_primal_only,none,ac_true,1,0,Pg+Qg,2,,,optimal,ok,1,780.3209742527014,96433.28642015233,123.58156399996345,0,0.008260965347290039,0.03448081016540527,0.2797081470489502,0.31418895721435547,0.31418895721435547,0.3224499225616455,acopf_acdc_paper_study/cases/pglib_opf_case118_ieee/logs/oracle_ac_primal_only__Pg_Qg.log,0,22,4.3934078349137186e-07,1.0742128400533378e-08,5.784286560839291e-08,3.038704548295664e-07,4.3934078349137186e-07,0.134,,,0.134,False,100.0,118,186,54,54,99,1,53,64,4242.0,1438.0,6515.0,0.0,7954.0,-5777.0,186,0,0,2,1,97213.60739440526,4380.685348045168,847.30067213063,0.9843875304705849,1.0600000048041842,1.0329065226027163,0.01977190766088907,-0.5008763301821141,0.17980594426125274,-0.20762861722759646,0.1938389736620084,499.59398686450777,512.3251312859317,65.17656672119783,64.97814973150751,0.9999999874572035,1.0000000032914134,0.2867774341981323,0.28678541962124154,0.0,4.9825417125504146e-09,40,45,3,19,0,11,1,0.0,0.0,0.0,0.0,0.0,1,0.0,0.0,0.0,0.0,0.0,0,,,,,,0,,,,,,0,0,0,4.192782607251672e-09,3.308889162667583e-09,1.1738168490375252e-10,0.0,3.308889162667583e-09,2.0013305615316716e-06,1.4232774484534971e-06,5.554605541074345e-08,8.534638273882678e-12,1.4232774484534971e-06,3.0218323327683755e-08,2.2780734632021904e-08,5.574145852991359e-10,7.18874959559912e-11,2.2780734632021904e-08,8.531471398573497e-09,6.359587467752448e-09,2.3651336709320447e-10,6.277276615174188e-11,6.359587467752448e-09,,,,,,,,,
2026-03-22T06:14:52Z,test_cases/pglib_opf_case118_ieee.mat,pglib_opf_case118_ieee,oracle_ac_primal_only__Pg_Vm,oracle_ac_primal_only,none,ac_true,1,0,Pg+Vm,2,,,optimal,ok,1,780.3209742527015,96433.28642015235,123.58156399996348,0,0.008260965347290039,1.4426870346069336,0.20021700859069824,1.6429040431976318,1.6429040431976318,1.6511650085449219,acopf_acdc_paper_study/cases/pglib_opf_case118_ieee/logs/oracle_ac_primal_only__Pg_Vm.log,0,22,4.393413458363338e-07,1.0185524215994394e-08,5.784286560839291e-08,3.038708011664e-07,4.393413458363338e-07,0.073,,,0.073,False,100.0,118,186,54,54,99,1,53,64,4242.0,1438.0,6515.0,0.0,7954.0,-5777.0,186,0,0,2,1,97213.60739440528,4380.685348045128,847.3006721298024,0.984387530471048,1.0600000048041842,1.0329065226027032,0.019771907660683145,-0.5008763301818888,0.1798059442614275,-0.20762861722727294,0.19383897366186525,499.5939868645264,512.3251312860023,65.17656672109428,64.97814973140541,0.9999999874572049,1.0000000032914138,0.2867774341976162,0.28678541962073023,0.0,4.982542156639624e-09,40,45,3,19,0,11,1,0.0,0.0,0.0,0.0,0.0,0,,,,,,1,0.0,0.0,0.0,0.0,0.0,0,,,,,,0,0,0,4.187191821626544e-09,3.3045317593405343e-09,1.1722782855431335e-10,0.0,3.3045317593405343e-09,2.000585563322999e-06,1.4227479075423766e-06,5.552600074811253e-08,8.455194877576844e-12,1.4227479075423766e-06,3.020712157853198e-08,2.2772260965808755e-08,5.572839026404678e-10,7.184342010191358e-11,2.2772260965808755e-08,8.527368901298921e-09,6.356901893767031e-09,2.362301866027599e-10,6.261592633283186e-11,6.356901893767031e-09,,,,,,,,,
2026-03-22T06:14:52Z,test_cases/pglib_opf_case118_ieee.mat,pglib_opf_case118_ieee,oracle_ac_primal_only__Pg_Va,oracle_ac_primal_only,none,ac_true,1,0,Pg+Va,2,,,optimal,ok,1,780.3209742526628,96433.28642014753,123.5815639999573,0,0.008260965347290039,0.010081052780151367,0.19433903694152832,0.2044200897216797,0.2044200897216797,0.21268105506896973,acopf_acdc_paper_study/cases/pglib_opf_case118_ieee/logs/oracle_ac_primal_only__Pg_Va.log,0,26,4.390410865747048e-07,1.0727536574394281e-08,5.784286560839291e-08,3.0371295948777536e-07,4.390410865747048e-07,0.079,,,0.079,False,100.0,118,186,54,54,99,1,53,64,4242.0,1438.0,6515.0,0.0,7954.0,-5777.0,186,0,0,2,1,97213.60739440046,4380.68534804982,847.3006721717938,0.9843875304888283,1.0600000048041842,1.0329065226431176,0.019771907738432976,-0.5008763301482914,0.17980594424821097,-0.20762861726055173,0.19383897368484884,499.5939868563065,512.3251312551783,65.17656676147928,64.97814977113855,0.999999987457203,1.0000000032914134,0.28677743443335013,0.28678541985333816,0.0,4.9825417125504146e-09,40,45,3,19,0,11,1,0.0,0.0,0.0,0.0,0.0,0,,,,,,0,,,,,,1,0.0,0.0,0.0,0.0,0.0,0,0,0,4.897962874623144e-09,3.866494679982679e-09,1.3717230882737954e-10,0.0,3.866494679982679e-09,2.339989018269597e-06,1.6641199180600363e-06,6.494629451483691e-08,1.0009507112052063e-11,1.6641199180600363e-06,3.5331817038399074e-08,2.6635619043702263e-08,6.518410274824085e-10,8.402789575256975e-11,2.6635619043702263e-08,9.973790362371446e-09,7.435260185317816e-09,2.763301539903358e-10,7.357198877899762e-11,7.435260185317816e-09,,,,,,,,,
2026-03-22T06:14:52Z,test_cases/pglib_opf_case118_ieee.mat,pglib_opf_case118_ieee,oracle_ac_primal_only__Qg_Vm,oracle_ac_primal_only,none,ac_true,1,0,Qg+Vm,2,,,optimal,ok,1,780.3209742527009,96433.2864201523,123.58156399996342,0,0.008260965347290039,0.013580083847045898,0.19006013870239258,0.20364022254943848,0.20364022254943848,0.21190118789672852,acopf_acdc_paper_study/cases/pglib_opf_case118_ieee/logs/oracle_ac_primal_only__Qg_Vm.log,0,23,4.393402941986682e-07,1.0185492639842504e-08,5.784286560839291e-08,3.0387045345923467e-07,4.393402941986682e-07,0.071,,,0.071,False,100.0,118,186,54,54,99,1,53,64,4242.0,1438.0,6515.0,0.0,7954.0,-5777.0,186,0,0,2,1,97213.60739440523,4380.6853480451355,847.3006721298916,0.9843875304710874,1.0600000048041842,1.0329065226027927,0.019771907660854328,-0.5008763301818129,0.17980594426138685,-0.2076286172273469,0.19383897366191208,499.59398686450845,512.3251312859345,65.17656672118292,64.97814973149264,0.9999999874572054,1.000000003291414,0.28677743419813406,0.28678541962124116,0.0,4.982542489706532e-09,40,45,3,19,0,11,0,,,,,,1,0.0,0.0,0.0,0.0,0.0,1,0.0,0.0,0.0,0.0,0.0,0,,,,,,0,0,0,4.188782155435956e-09,3.3058107362649025e-09,1.1727371880072093e-10,0.0,3.3058107362649025e-09,2.001333149865704e-06,1.4232795679802734e-06,5.554674927597621e-08,8.460641909291411e-12,1.4232795679802734e-06,3.0218409504024806e-08,2.2780770603247902e-08,5.574922435179745e-10,7.186995443220212e-11,2.2780770603247902e-08,8.530548804931737e-09,6.359274606904108e-09,2.363194452941967e-10,6.264895546781446e-11,6.359274606904108e-09,,,,,,,,,
2026-03-22T06:14:52Z,test_cases/pglib_opf_case118_ieee.mat,pglib_opf_case118_ieee,oracle_ac_primal_only__Qg_Va,oracle_ac_primal_only,none,ac_true,1,0,Qg+Va,2,,,optimal,ok,1,780.3209742527014,96433.28642015235,123.58156399996348,0,0.008260965347290039,0.11484813690185547,0.19283485412597656,0.30768299102783203,0.30768299102783203,0.31594395637512207,acopf_acdc_paper_study/cases/pglib_opf_case118_ieee/logs/oracle_ac_primal_only__Qg_Va.log,0,27,4.39340516024742e-07,1.0734869023270934e-08,5.784286560839291e-08,3.038703420646899e-07,4.39340516024742e-07,0.074,,,0.074,False,100.0,118,186,54,54,99,1,53,64,4242.0,1438.0,6515.0,0.0,7954.0,-5777.0,186,0,0,2,1,97213.60739440528,4380.6853480451,847.3006721295159,0.9843875304712738,1.0600000048041842,1.032906522602853,0.019771907660895125,-0.5008763301816589,0.17980594426099258,-0.20762861722733664,0.19383897366177036,499.5939868644964,512.3251312858895,65.1765667211976,64.97814973150658,0.9999999874572051,1.000000003291414,0.2867774341982536,0.2867854196213577,0.0,4.982542267661927e-09,40,45,3,19,0,11,0,,,,,,1,0.0,0.0,0.0,0.0,0.0,0,,,,,,1,0.0,0.0,0.0,0.0,0.0,0,0,0,4.1889635716581025e-09,3.3069511573557975e-09,1.173226991689629e-10,0.0,3.3069511573557975e-09,2.001572643092924e-06,1.4234498735554713e-06,5.5553705636955354e-08,8.567091480671252e-12,1.4234498735554713e-06,3.0222032599102845e-08,2.2783496200773357e-08,5.575852726805023e-10,7.187217487825137e-11,2.2783496200773357e-08,8.531154148023254e-09,6.359881343787066e-09,2.363356806281749e-10,6.295392679378509e-11,6.359881343787066e-09,,,,,,,,,
2026-03-22T06:14:53Z,test_cases/pglib_opf_case118_ieee.mat,pglib_opf_case118_ieee,oracle_ac_primal_only__Vm_Va,oracle_ac_primal_only,none,ac_true,1,0,Vm+Va,2,,,optimal,ok,1,780.3209742529368,96433.28642018167,123.58156400000105,0,0.008260965347290039,0.026788949966430664,0.18596196174621582,0.21275091171264648,0.21275091171264648,0.22101187705993652,acopf_acdc_paper_study/cases/pglib_opf_case118_ieee/logs/oracle_ac_primal_only__Vm_Va.log,0,27,4.411578113946772e-07,1.0220740974966483e-08,5.784286560839291e-08,3.04825440397206e-07,4.411578113946772e-07,0.074,,,0.074,False,100.0,118,186,54,54,99,1,53,64,4242.0,1438.0,6515.0,0.0,7954.0,-5777.0,186,0,0,2,1,97213.6073944346,4380.685348016466,847.3006718729124,0.9843875303648781,1.0600000048041842,1.0329065223586802,0.019771907190663764,-0.5008763303839816,0.17980594433843736,-0.20762861702588722,0.19383897352177695,499.5939869141643,512.3251314721371,65.17656647690953,64.97814949115866,0.9999999874572046,1.000000003291414,0.28677743277252304,0.2867854182145241,0.0,4.982542711751137e-09,40,45,3,19,0,11,0,,,,,,0,,,,,,1,0.0,0.0,0.0,0.0,0.0,1,0.0,0.0,0.0,0.0,0.0,0,0,0,1.1111470596464949e-10,8.637002224531898e-11,3.0533497579894326e-12,0.0,8.637002224531898e-11,5.073242771781816e-08,3.6078859427801646e-08,1.4070188077752475e-09,1.7415929809416753e-13,3.6078859427801646e-08,7.659586506411529e-10,5.774687394932698e-10,1.4017183835491905e-11,1.5648593532091581e-12,5.774687394932698e-10,2.1780923374674325e-10,1.6173595795976325e-10,6.228102547725562e-12,1.5230386396503093e-12,1.6173595795976325e-10,,,,,,,,,
2026-03-22T06:14:53Z,test_cases/pglib_opf_case118_ieee.mat,pglib_opf_case118_ieee,oracle_ac_primal_only__Pg_Qg_Vm,oracle_ac_primal_only,none,ac_true,1,0,Pg+Qg+Vm,3,,,optimal,ok,1,780.3209742527038,96433.28642015264,123.58156399996385,0,0.008260965347290039,0.023846864700317383,0.17351388931274414,0.19736075401306152,0.19736075401306152,0.20562171936035156,acopf_acdc_paper_study/cases/pglib_opf_case118_ieee/logs/oracle_ac_primal_only__Pg_Qg_Vm.log,0,21,4.39358977603567e-07,1.0185935636503893e-08,5.784286560839291e-08,3.0388010509738137e-07,4.39358977603567e-07,0.054,,,0.054,False,100.0,118,186,54,54,99,1,53,64,4242.0,1438.0,6515.0,0.0,7954.0,-5777.0,186,0,0,2,1,97213.60739440557,4380.685348044849,847.3006721273092,0.9843875304700093,1.0600000048041842,1.0329065226003231,0.019771907656099777,-0.5008763301838614,0.1798059442621797,-0.20762861722531012,0.19383897366050024,499.59398686501066,512.3251312878178,65.17656671871315,64.97814972906268,0.9999999874572046,1.0000000032914138,0.28677743418371904,0.2867854196070172,0.0,4.982542156639624e-09,40,45,3,19,0,11,1,0.0,0.0,0.0,0.0,0.0,1,0.0,0.0,0.0,0.0,0.0,1,0.0,0.0,0.0,0.0,0.0,0,,,,,,0,0,0,4.1452977865271236e-09,3.2714773112729745e-09,1.1605527781183014e-10,0.0,3.2714773112729745e-09,1.980581627903742e-06,1.4085217857340293e-06,5.497079761429148e-08,8.370408532965001e-12,1.4085217857340293e-06,2.9905079775715523e-08,2.2544560218662468e-08,5.517122107567076e-10,7.112488376037618e-11,2.2544560218662468e-08,8.442094919143558e-09,6.293336241025571e-09,2.338666828388092e-10,6.199075974766544e-11,6.293336241025571e-09,,,,,,,,,
2026-03-22T06:14:53Z,test_cases/pglib_opf_case118_ieee.mat,pglib_opf_case118_ieee,oracle_ac_primal_only__Pg_Qg_Va,oracle_ac_primal_only,none,ac_true,1,0,Pg+Qg+Va,3,,,optimal,ok,1,780.3209742527034,96433.2864201526,123.58156399996379,0,0.008260965347290039,0.02270221710205078,0.1886610984802246,0.2113633155822754,0.2113633155822754,0.21962428092956543,acopf_acdc_paper_study/cases/pglib_opf_case118_ieee/logs/oracle_ac_primal_only__Pg_Qg_Va.log,0,26,4.3935452512062223e-07,1.0735179367492603e-08,5.784286560839291e-08,3.0387764109658125e-07,4.3935452512062223e-07,0.076,,,0.076,False,100.0,118,186,54,54,99,1,53,64,4242.0,1438.0,6515.0,0.0,7954.0,-5777.0,186,0,0,2,1,97213.60739440552,4380.685348044883,847.3006721275451,0.98438753047046,1.0600000048041842,1.0329065226009857,0.0197719076572994,-0.5008763301832068,0.17980594426158625,-0.20762861722579662,0.19383897366070058,499.5939868648763,512.3251312873136,65.17656671932967,64.97814972966879,0.9999999874572051,1.0000000032914131,0.2867774341873518,0.2867854196106004,0.0,4.982541157438902e-09,40,45,3,19,0,11,1,0.0,0.0,0.0,0.0,0.0,1,0.0,0.0,0.0,0.0,0.0,0,,,,,,1,0.0,0.0,0.0,0.0,0.0,0,0,0,4.15607942473531e-09,3.2810003602889992e-09,1.1640184318266673e-10,0.0,3.2810003602889992e-09,1.985879299462991e-06,1.412289310803727e-06,5.511814393701492e-08,8.502136494836776e-12,1.412289310803727e-06,2.9985078165842326e-08,2.2604862870423403e-08,5.532144629399976e-10,7.130851464864918e-11,2.2604862870423403e-08,8.464257077865533e-09,6.3100138447680365e-09,2.344811910716117e-10,6.246105715979056e-11,6.3100138447680365e-09,,,,,,,,,
2026-03-22T06:14:53Z,test_cases/pglib_opf_case118_ieee.mat,pglib_opf_case118_ieee,oracle_ac_primal_only__Pg_Vm_Va,oracle_ac_primal_only,none,ac_true,1,0,Pg+Vm+Va,3,,,optimal,ok,1,780.3209742529335,96433.28642018126,123.58156400000053,0,0.008260965347290039,0.019945144653320312,0.17204713821411133,0.19199228286743164,0.19199228286743164,0.20025324821472168,acopf_acdc_paper_study/cases/pglib_opf_case118_ieee/logs/oracle_ac_primal_only__Pg_Vm_Va.log,0,22,4.411395014796205e-07,1.0220284164917804e-08,5.784286560839291e-08,3.048158403803348e-07,4.411395014796205e-07,0.062,,,0.062,False,100.0,118,186,54,54,99,1,53,64,4242.0,1438.0,6515.0,0.0,7954.0,-5777.0,186,0,0,2,1,97213.60739443419,4380.68534801675,847.3006718754893,0.9843875303659466,1.0600000048041842,1.0329065223611331,0.019771907195387482,-0.5008763303819498,0.17980594433766833,-0.2076286170279098,0.19383897352318583,499.5939869136654,512.3251314702661,65.17656647936373,64.97814949357324,0.9999999874572043,1.0000000032914143,0.28677743278684625,0.2867854182286574,0.0,4.982542933795742e-09,40,45,3,19,0,11,1,0.0,0.0,0.0,0.0,0.0,0,,,,,,1,0.0,0.0,0.0,0.0,0.0,1,0.0,0.0,0.0,0.0,0.0,0,0,0,6.799059052685243e-11,5.232614341821318e-11,1.845138242047312e-12,0.0,5.232614341821318e-11,3.0116131744826427e-08,2.141724472770612e-08,8.348212970158327e-10,8.21773205039733e-14,2.141724472770612e-08,4.546748398029e-10,3.427982342429914e-10,8.275820706692961e-12,8.896217096321379e-13,3.427982342429914e-10,1.2995610407369622e-10,9.622314056656478e-11,3.793932893468624e-12,8.436723542004643e-13,9.622314056656478e-11,,,,,,,,,
2026-03-22T06:14:54Z,test_cases/pglib_opf_case118_ieee.mat,pglib_opf_case118_ieee,oracle_ac_primal_only__Qg_Vm_Va,oracle_ac_primal_only,none,ac_true,1,0,Qg+Vm+Va,3,,,optimal,ok,1,780.3209742523883,96433.28642011333,123.58156399991348,0,0.008260965347290039,0.02781200408935547,0.19190716743469238,0.21971917152404785,0.21971917152404785,0.2279801368713379,acopf_acdc_paper_study/cases/pglib_opf_case118_ieee/logs/oracle_ac_primal_only__Qg_Vm_Va.log,0,28,4.369193246126151e-07,1.0122485754083635e-08,5.784286560839291e-08,3.0259754081344544e-07,4.369193246126151e-07,0.077,,,0.077,False,100.0,118,186,54,54,99,1,53,64,4242.0,1438.0,6515.0,0.0,7954.0,-5777.0,186,0,0,2,1,97213.60739436626,4380.685348083294,847.3006724716653,0.984387530613409,1.0600000048041842,1.0329065229287242,0.019771908288402373,-0.5008763299115597,0.1798059441575307,-0.20762861749610964,0.19383897384851562,499.5939867982127,512.3251310373346,65.17656704719325,64.97815005224412,0.9999999874572049,1.0000000032914127,0.28677743610088224,0.28678542149876846,0.0,4.982540380282785e-09,40,45,3,19,0,11,0,,,,,,1,0.0,0.0,0.0,0.0,0.0,1,0.0,0.0,0.0,0.0,0.0,1,0.0,0.0,0.0,0.0,0.0,0,0,0,9.926341366566597e-09,7.835001980538436e-09,2.779552356375463e-10,0.0,7.835001980538436e-09,4.7403503740181106e-06,3.37117439144774e-06,1.3156737841760834e-07,2.025370843261598e-11,3.37117439144774e-06,7.157515852413624e-08,5.395844016042872e-08,1.3204047789236969e-09,1.7024603948812e-10,5.395844016042872e-08,2.0206150216193275e-08,1.5062790625908207e-08,5.599827245712485e-10,1.4889899729864098e-10,1.5062790625908207e-08,,,,,,,,,
2026-03-22T06:14:54Z,test_cases/pglib_opf_case118_ieee.mat,pglib_opf_case118_ieee,oracle_ac_primal_only__Pg_Qg_Vm_Va,oracle_ac_primal_only,none,ac_true,1,0,Pg+Qg+Vm+Va,4,,,optimal,ok,1,780.3209742511817,96433.28641996303,123.58156399972086,0,0.008260965347290039,0.009404182434082031,0.15967488288879395,0.16907906532287598,0.16907906532287598,0.17734003067016602,acopf_acdc_paper_study/cases/pglib_opf_case118_ieee/logs/oracle_ac_primal_only__Pg_Qg_Vm_Va.log,0,18,4.2763920786077306e-07,9.907528191789253e-09,5.784286560839291e-08,2.977206469680591e-07,4.2763920786077306e-07,0.048,,,0.048,False,100.0,118,186,54,54,99,1,53,64,4242.0,1438.0,6515.0,0.0,7954.0,-5777.0,186,0,0,2,1,97213.60739421596,4380.685348230236,847.3006737882217,0.9843875311598647,1.0600000048041842,1.0329065241821154,0.019771910702082948,-0.500876328872821,0.17980594375978762,-0.20762861853002199,0.1938389745669486,499.5939865432618,512.3251300813045,65.17656830116007,64.97815128598705,0.9999999874572046,1.0000000032914085,0.28677744341947176,0.28678542872036533,0.0,4.982534163033847e-09,40,45,3,19,0,11,1,0.0,0.0,0.0,0.0,0.0,1,0.0,0.0,0.0,0.0,0.0,1,0.0,0.0,0.0,0.0,0.0,1,0.0,0.0,0.0,0.0,0.0,0,0,0,3.199620521686106e-08,2.525221987070836e-08,8.958259947795783e-10,0.0,2.525221987070836e-08,1.5274816999527245e-05,1.0862924803040075e-05,4.239469038158446e-07,6.516453349147966e-11,1.0862924803040075e-05,2.3063630091256059e-07,1.7387011164160526e-07,4.254485800382177e-09,5.486422427480875e-10,1.7387011164160526e-07,6.51135635356763e-08,4.8537964647543674e-08,1.8049324252236556e-09,4.793220334531334e-10,4.8537964647543674e-08,,,,,,,,,
2026-03-22T06:14:54Z,test_cases/pglib_opf_case118_ieee.mat,pglib_opf_case118_ieee,oracle_ac_primal_dual__Pg,oracle_ac_primal_dual,full,ac_true,1,0,Pg,1,,,optimal,ok,1,780.3209742818328,96433.28642378158,123.58156400461442,0,0.008260965347290039,0.01970195770263672,0.2322831153869629,0.2519850730895996,0.2519850730895996,0.26024603843688965,acopf_acdc_paper_study/cases/pglib_opf_case118_ieee/logs/oracle_ac_primal_dual__Pg.log,0,45,7.788203921342161e-07,1.6974273190401318e-08,5.784291090549232e-08,4.289219582572573e-07,7.788203921342161e-07,0.118,,,0.118,False,100.0,118,186,54,54,99,1,53,64,4242.0,1438.0,6515.0,0.0,7954.0,-5777.0,186,0,0,2,1,97213.60739803451,4380.685344491455,847.3006408363125,0.9843875172880894,1.0600000048079927,1.0329064917252972,0.019771850274177785,-0.5008763542815984,0.17980595344329628,-0.20762859231375533,0.19383895640991936,499.5939930588637,512.325154516205,65.17653671876305,64.97812023204304,0.999999987461579,1.000000003291316,0.28677725902860374,0.28678524689624413,0.0,4.982394385955047e-09,40,45,3,19,0,11,1,0.0,0.0,0.0,0.0,0.0,0,,,,,,0,,,,,,0,,,,,,1,1,1,5.155007599372069e-07,4.0431658732131837e-07,1.4322085372419656e-08,0.0,4.0431658732131837e-07,0.00024887502871773925,0.0001769714284504953,6.908894592966909e-06,4.895662264470246e-08,0.0001769714284504953,3.756451197577953e-06,2.8321133684894306e-06,6.911934446171318e-08,8.334123169362329e-09,2.8321133684894306e-06,1.0615982200140968e-06,7.909338120559717e-07,2.9650910887808024e-08,8.41367277931715e-09,7.909338120559717e-07,,,,,,,,,
2026-03-22T06:14:54Z,test_cases/pglib_opf_case118_ieee.mat,pglib_opf_case118_ieee,oracle_ac_primal_dual__Qg,oracle_ac_primal_dual,full,ac_true,1,0,Qg,1,,,optimal,ok,1,780.3209742442144,96433.28641909503,123.5815639986085,0,0.008260965347290039,0.024482250213623047,0.29768991470336914,0.3221721649169922,0.3221721649169922,0.3304331302642822,acopf_acdc_paper_study/cases/pglib_opf_case118_ieee/logs/oracle_ac_primal_dual__Qg.log,0,72,4.474006942562727e-07,9.411959243013073e-09,5.784291179367074e-08,2.685137593479159e-07,4.474006942562727e-07,0.188,,,0.188,True,100.0,118,186,54,54,99,1,53,64,4242.0,1438.0,6515.0,0.0,7954.0,-5777.0,186,0,0,2,1,97213.60739334796,4380.685349062896,847.3006817893024,0.9843875343285576,1.0600000048079823,1.0329065308429721,0.019771925517819533,-0.5008763219576902,0.17980594107053632,-0.20762862450228092,0.19383897879343595,499.5939851256275,512.3251247675427,65.17657580407861,64.97815868705142,0.9999999874615764,1.0000000032914318,0.2867774871317264,0.28678547197252946,0.0,4.982569357103728e-09,40,45,3,19,0,11,0,,,,,,1,0.0,0.0,0.0,0.0,0.0,0,,,,,,0,,,,,,1,1,1,1.7162306191717634e-07,1.3766051409902502e-07,4.906619183252355e-09,0.0,1.3766051409902502e-07,7.964774944223575e-05,5.665462045023606e-05,2.2324621652466103e-06,3.5338724661826415e-08,5.665462045023606e-05,1.2041939964409102e-06,9.071407587324387e-07,2.323373192988685e-08,4.068646308752477e-09,9.071407587324387e-07,3.3861799558493425e-07,2.5284778898404525e-07,9.249488323647204e-09,2.5961119920481224e-09,2.5284778898404525e-07,,,,,,,,,
2026-03-22T06:14:55Z,test_cases/pglib_opf_case118_ieee.mat,pglib_opf_case118_ieee,oracle_ac_primal_dual__Vm,oracle_ac_primal_dual,full,ac_true,1,0,Vm,1,,,optimal,ok,1,780.3209742525645,96433.2864201353,123.58156399994162,0,0.008260965347290039,0.008894205093383789,0.2516648769378662,0.26055908203125,0.26055908203125,0.26882004737854004,acopf_acdc_paper_study/cases/pglib_opf_case118_ieee/logs/oracle_ac_primal_dual__Vm.log,0,53,5.165249079416057e-07,1.0407974835455581e-08,5.784291179367074e-08,3.0163452446481985e-07,5.165249079416057e-07,0.14,,,0.14,False,100.0,118,186,54,54,99,1,53,64,4242.0,1438.0,6515.0,0.0,7954.0,-5777.0,186,0,0,2,1,97213.60739438822,4380.685348047533,847.3006726928977,0.9843875305440575,1.060000004807982,1.0329065221538651,0.019771908803735697,-0.5008763291364012,0.17980594381866732,-0.2076286173528186,0.19383897382170057,499.5939868875733,512.3251313746441,65.17656711708658,64.9781501399558,0.999999987461576,1.0000000032914222,0.2867774364299453,0.2867854219424633,0.0,4.98255503522671e-09,40,45,3,19,0,11,0,,,,,,0,,,,,,1,0.0,0.0,0.0,0.0,0.0,0,,,,,,1,1,1,2.1270840057690952e-08,1.728408882684107e-08,6.371765559703779e-10,0.0,1.728408882684107e-08,6.684944506884367e-06,4.761205048497974e-06,2.1092641594377111e-07,1.3576081973887266e-08,4.761205048497974e-06,1.0857059982436844e-07,7.657271505756569e-08,3.1267725630890197e-09,7.55854823175639e-10,7.657271505756569e-08,2.8522506663228745e-08,2.1002255323754326e-08,8.082858527218101e-10,3.1566160449414404e-10,2.1002255323754326e-08,,,,,,,,,
2026-03-22T06:14:55Z,test_cases/pglib_opf_case118_ieee.mat,pglib_opf_case118_ieee,oracle_ac_primal_dual__Va,oracle_ac_primal_dual,full,ac_true,1,0,Va,1,,,optimal,ok,1,780.3209742224012,96433.28641637751,123.58156399512593,0,0.008260965347290039,0.02429795265197754,0.2704501152038574,0.29474806785583496,0.29474806785583496,0.303009033203125,acopf_acdc_paper_study/cases/pglib_opf_case118_ieee/logs/oracle_ac_primal_dual__Va.log,0,63,2.2284708081616655e-07,5.442008757018531e-09,5.784286560839291e-08,1.9009902720042947e-07,2.2284708081616655e-07,0.16,,,0.16,False,100.0,118,186,54,54,99,1,53,64,4242.0,1438.0,6515.0,0.0,7954.0,-5777.0,186,0,0,2,1,97213.60739063044,4380.685351740692,847.3007052400359,0.9843875442142729,1.0600000048041847,1.032906554124426,0.019771968365985822,-0.5008763040581574,0.17980593425768357,-0.20762864322933305,0.19383899172961433,499.5939804526684,512.3251072423631,65.17659827610625,64.97818077813889,0.9999999874572059,1.0000000032913217,0.28677761837903987,0.2867856013648906,0.0,4.982402601605429e-09,40,45,3,19,0,11,0,,,,,,0,,,,,,0,,,,,,1,0.0,0.0,0.0,0.0,0.0,1,1,1,5.592269542982256e-07,4.413368284161834e-07,1.565628274293251e-08,0.0,4.413368284161834e-07,0.00026693394455533403,0.0001898342547519971,7.408637092688288e-06,1.1380208164712968e-09,0.0001898342547519971,4.030467519000494e-06,3.038454630788223e-06,7.434719621490594e-08,9.58824075691922e-09,3.038454630788223e-06,1.1379123584633883e-06,8.482305702273152e-07,3.1545739191759295e-08,8.37312923163136e-09,8.482305702273152e-07,,,,,,,,,
2026-03-22T06:14:55Z,test_cases/pglib_opf_case118_ieee.mat,pglib_opf_case118_ieee,oracle_ac_primal_dual__Pg_Qg,oracle_ac_primal_dual,full,ac_true,1,0,Pg+Qg,2,,,optimal,ok,1,780.320974244203,96433.28641909357,123.58156399860663,0,0.008260965347290039,0.02664494514465332,0.23612117767333984,0.26276612281799316,0.26276612281799316,0.2710270881652832,acopf_acdc_paper_study/cases/pglib_opf_case118_ieee/logs/oracle_ac_primal_dual__Pg_Qg.log,0,47,4.4720412303793814e-07,9.414026851374397e-09,5.784291179367074e-08,2.6855888961002626e-07,4.4720412303793814e-07,0.124,,,0.124,True,100.0,118,186,54,54,99,1,53,64,4242.0,1438.0,6515.0,0.0,7954.0,-5777.0,186,0,0,2,1,97213.6073933465,4380.6853490616095,847.3006817766636,0.9843875343231541,1.0600000048079967,1.0329065308317686,0.01977192549517504,-0.5008763219682087,0.17980594107412431,-0.2076286244931044,0.19383897878677223,499.59398512807286,512.3251247767006,65.17657579204715,64.97815867520491,0.9999999874616508,1.0000000032914327,0.28677748706152417,0.2867854719031747,0.0,4.982570578349055e-09,40,45,3,19,0,11,1,0.0,0.0,0.0,0.0,0.0,1,0.0,0.0,0.0,0.0,0.0,0,,,,,,0,,,,,,1,1,1,1.7143280648564166e-07,1.3750785221589013e-07,4.901194874524138e-09,0.0,1.3750785221589013e-07,7.954613414366794e-05,5.658235091224317e-05,2.229641529785976e-06,3.5275369049403427e-08,5.658235091224317e-05,1.2026608559472587e-06,9.059851862058821e-07,2.3204927411794085e-08,4.063467562431811e-09,9.059851862058821e-07,3.381881082207941e-07,2.5252579177736934e-07,9.238270037438148e-09,2.5931749733643095e-09,2.5252579177736934e-07,,,,,,,,,
2026-03-22T06:14:55Z,test_cases/pglib_opf_case118_ieee.mat,pglib_opf_case118_ieee,oracle_ac_primal_dual__Pg_Vm,oracle_ac_primal_dual,full,ac_true,1,0,Pg+Vm,2,,,optimal,ok,1,780.3209742490293,96433.28641969486,123.5815639993772,0,0.008260965347290039,0.00854802131652832,0.19786596298217773,0.20641398429870605,0.20641398429870605,0.2146749496459961,acopf_acdc_paper_study/cases/pglib_opf_case118_ieee/logs/oracle_ac_primal_dual__Pg_Vm.log,0,35,4.869500956511944e-07,9.7719848991431e-09,5.784291179367074e-08,2.8743368229678477e-07,4.869500956511944e-07,0.089,,,0.089,False,100.0,118,186,54,54,99,1,53,64,4242.0,1438.0,6515.0,0.0,7954.0,-5777.0,186,0,0,2,1,97213.6073939478,4380.685348477522,847.3006765448771,0.9843875321469033,1.0600000048079836,1.0329065258334733,0.0197719158818231,-0.5008763260962417,0.17980594265487926,-0.20762862038040952,0.19383897592708776,499.59398614141605,512.3251285766388,65.17657079544598,64.97815375906882,0.9999999874615767,1.000000003291414,0.2867774578984714,0.2867854431265226,0.0,4.982542489706532e-09,40,45,3,19,0,11,1,0.0,0.0,0.0,0.0,0.0,0,,,,,,1,0.0,0.0,0.0,0.0,0.0,0,,,,,,1,1,1,8.39893271620558e-08,6.826125975578634e-08,2.4452055176263667e-09,0.0,6.826125975578634e-08,3.757873548859607e-05,2.6736903701529702e-05,1.0660662377792221e-06,3.1461040127245266e-08,2.6736903701529702e-05,5.696923974428796e-07,4.2829972635161084e-07,1.1594145450678702e-08,2.1138640837747857e-09,4.2829972635161084e-07,1.594149220715132e-07,1.1918361642049291e-07,4.355429209371797e-09,1.2969770257775792e-09,1.1918361642049291e-07,,,,,,,,,
2026-03-22T06:14:56Z,test_cases/pglib_opf_case118_ieee.mat,pglib_opf_case118_ieee,oracle_ac_primal_dual__Pg_Va,oracle_ac_primal_dual,full,ac_true,1,0,Pg+Va,2,,,optimal,ok,1,780.3209742442319,96433.28641909722,123.5815639986113,0,0.008260965347290039,0.03028130531311035,0.1987919807434082,0.22907328605651855,0.22907328605651855,0.2373342514038086,acopf_acdc_paper_study/cases/pglib_opf_case118_ieee/logs/oracle_ac_primal_dual__Pg_Va.log,0,33,4.4754491187912737e-07,9.408829317583967e-09,5.784291179367074e-08,2.685815686251498e-07,4.4754491187912737e-07,0.084,,,0.084,False,100.0,118,186,54,54,99,1,53,64,4242.0,1438.0,6515.0,0.0,7954.0,-5777.0,186,0,0,2,1,97213.60739335015,4380.685349060698,847.3006817690981,0.9843875343213323,1.060000004807982,1.0329065308248842,0.019771925482804376,-0.5008763219722809,0.1798059410760236,-0.20762862448703218,0.19383897878277195,499.59398512930846,512.3251247813469,65.17657578586604,64.97815866913189,0.9999999874615739,1.000000003291432,0.2867774870255482,0.286785471867758,0.0,4.982569579148333e-09,40,45,3,19,0,11,1,0.0,0.0,0.0,0.0,0.0,0,,,,,,0,,,,,,1,0.0,0.0,0.0,0.0,0.0,1,1,1,1.7130035513335893e-07,1.3740632276437736e-07,4.8976135892048855e-09,0.0,1.3740632276437736e-07,7.94950565106282e-05,5.6546032989213124e-05,2.228229690499051e-06,3.5303801944330804e-08,5.6546032989213124e-05,1.2018898422341653e-06,9.0540277652984e-07,2.3191533673698074e-08,4.061036618097091e-09,9.0540277652984e-07,3.379660673720578e-07,2.5236216621982166e-07,9.231545802100073e-09,2.5913427167956193e-09,2.5236216621982166e-07,,,,,,,,,
2026-03-22T06:14:56Z,test_cases/pglib_opf_case118_ieee.mat,pglib_opf_case118_ieee,oracle_ac_primal_dual__Qg_Vm,oracle_ac_primal_dual,full,ac_true,1,0,Qg+Vm,2,,,optimal,ok,1,780.3209742442183,96433.2864190955,123.5815639986091,0,0.008260965347290039,0.021585941314697266,0.24291682243347168,0.26450276374816895,0.26450276374816895,0.272763729095459,acopf_acdc_paper_study/cases/pglib_opf_case118_ieee/logs/oracle_ac_primal_dual__Qg_Vm.log,0,51,4.474294310610667e-07,8.924965026004844e-09,5.784291179367074e-08,2.685296370405742e-07,4.474294310610667e-07,0.132,,,0.132,False,100.0,118,186,54,54,99,1,53,64,4242.0,1438.0,6515.0,0.0,7954.0,-5777.0,186,0,0,2,1,97213.60739334843,4380.685349062381,847.3006817840757,0.9843875343272458,1.0600000048079812,1.0329065308388883,0.0197719255095309,-0.5008763219609115,0.1798059410720512,-0.2076286244985809,0.19383897879093592,499.59398512648335,512.3251247707514,65.17657579982559,64.97815868286233,0.9999999874615767,1.0000000032914433,0.2867774871070161,0.28678547194811166,0.0,4.982586898627517e-09,40,45,3,19,0,11,0,,,,,,1,0.0,0.0,0.0,0.0,0.0,1,0.0,0.0,0.0,0.0,0.0,0,,,,,,1,1,1,1.7154516598987866e-07,1.3759881234420845e-07,4.904429771725572e-09,0.0,1.3759881234420845e-07,7.961198969450943e-05,5.662919325125082e-05,2.2314691417784685e-06,3.5327375726146304e-08,5.662919325125082e-05,1.203654609870448e-06,9.067339123980389e-07,2.3223799522824306e-08,4.067087999715113e-09,9.067339123980389e-07,3.3846498056544297e-07,2.52733953987061e-07,9.24518902799593e-09,2.5948139262266245e-09,2.52733953987061e-07,,,,,,,,,
2026-03-22T06:14:56Z,test_cases/pglib_opf_case118_ieee.mat,pglib_opf_case118_ieee,oracle_ac_primal_dual__Qg_Va,oracle_ac_primal_dual,full,ac_true,1,0,Qg+Va,2,,,optimal,ok,1,780.3209742455074,96433.28641925611,123.58156399881493,0,0.008260965347290039,0.01803112030029297,0.2898139953613281,0.3078451156616211,0.3078451156616211,0.31610608100891113,acopf_acdc_paper_study/cases/pglib_opf_case118_ieee/logs/oracle_ac_primal_dual__Qg_Va.log,0,73,4.475906840584616e-07,9.406805389435532e-09,5.784290912913548e-08,2.685387374262946e-07,4.475906840584616e-07,0.177,,,0.177,False,100.0,118,186,54,54,99,1,53,64,4242.0,1438.0,6515.0,0.0,7954.0,-5777.0,186,0,0,2,1,97213.60739350904,4380.6853489615005,847.3006824196231,0.9843875336743577,1.0600000048080394,1.0329065297807176,0.019771924859883817,-0.5008763219571128,0.1798059405430828,-0.20762862444416608,0.19383897880617515,499.59398512795616,512.325124776281,65.17657568297992,64.97815858307712,0.9999999874618027,1.0000000032913992,0.28677748626670535,0.2867854712172948,0.0,4.982520285246039e-09,40,45,3,19,0,11,0,,,,,,1,0.0,0.0,0.0,0.0,0.0,0,,,,,,1,0.0,0.0,0.0,0.0,0.0,1,1,1,1.7973850445572574e-07,1.4672682446814633e-07,5.261400044236169e-09,0.0,1.4672682446814633e-07,7.959211279110606e-05,5.66146110260457e-05,2.235846951691371e-06,3.7814097880728426e-08,5.66146110260457e-05,1.206714708522523e-06,9.06499628916535e-07,2.4069694440024704e-08,4.16072021280911e-09,9.06499628916535e-07,3.3846568879766365e-07,2.526229522792356e-07,9.421270387554739e-09,3.0008624057886735e-09,2.526229522792356e-07,,,,,,,,,
2026-03-22T06:14:56Z,test_cases/pglib_opf_case118_ieee.mat,pglib_opf_case118_ieee,oracle_ac_primal_dual__Vm_Va,oracle_ac_primal_dual,full,ac_true,1,0,Vm+Va,2,,,optimal,ok,1,780.3209742442186,96433.28641909554,123.58156399860916,0,0.008260965347290039,0.02514195442199707,0.2921619415283203,0.3173038959503174,0.3173038959503174,0.3255648612976074,acopf_acdc_paper_study/cases/pglib_opf_case118_ieee/logs/oracle_ac_primal_dual__Vm_Va.log,0,70,4.474325024547344e-07,8.918824132408771e-09,5.784291179367074e-08,2.6852718473153284e-07,4.474325024547344e-07,0.178,,,0.178,False,100.0,118,186,54,54,99,1,53,64,4242.0,1438.0,6515.0,0.0,7954.0,-5777.0,186,0,0,2,1,97213.60739334847,4380.685349062364,847.3006817844366,0.9843875343275414,1.0600000048079823,1.0329065308391583,0.0197719255106555,-0.5008763219601902,0.17980594107120837,-0.2076286244989899,0.19383897879109066,499.59398512635096,512.3251247702564,65.17657580040965,64.97815868344583,0.9999999874615837,1.000000003291432,0.2867774871103975,0.2867854719515128,0.0,4.98256991221524e-09,40,45,3,19,0,11,0,,,,,,0,,,,,,1,0.0,0.0,0.0,0.0,0.0,1,0.0,0.0,0.0,0.0,0.0,1,1,1,1.7155785517735555e-07,1.376109697304173e-07,4.904882161151296e-09,0.0,1.376109697304173e-07,7.96175170507636e-05,5.6633120688820426e-05,2.2316265607102678e-06,3.534766850749049e-08,5.6633120688820426e-05,1.2037382982197252e-06,9.06796637334395e-07,2.3225703294691385e-08,4.067383763128873e-09,9.06796637334395e-07,3.3848769294362843e-07,2.527511888117395e-07,9.24582997133247e-09,2.5953920332333347e-09,2.527511888117395e-07,,,,,,,,,
2026-03-22T06:14:57Z,test_cases/pglib_opf_case118_ieee.mat,pglib_opf_case118_ieee,oracle_ac_primal_dual__Pg_Qg_Vm,oracle_ac_primal_dual,full,ac_true,1,0,Pg+Qg+Vm,3,,,optimal,ok,1,780.3209742444586,96433.28641912543,123.58156399864745,0,0.008260965347290039,0.0173799991607666,0.15862512588500977,0.17600512504577637,0.17600512504577637,0.1842660903930664,acopf_acdc_paper_study/cases/pglib_opf_case118_ieee/logs/oracle_ac_primal_dual__Pg_Qg_Vm.log,0,19,4.4829794794625934e-07,8.92578770159541e-09,5.784291090549232e-08,2.685000984257281e-07,4.4829794794625934e-07,0.048,,,0.048,False,100.0,118,186,54,54,99,1,53,64,4242.0,1438.0,6515.0,0.0,7954.0,-5777.0,186,0,0,2,1,97213.60739337836,4380.685349049051,847.3006815649063,0.9843875344217593,1.0600000048079297,1.032906530862354,0.01977192551296031,-0.5008763218554008,0.17980594110774076,-0.2076286244169562,0.19383897875874126,499.59398512561836,512.3251247675462,65.17657579917602,64.97815868351519,0.9999999874615809,1.0000000032914695,0.2867774871195705,0.2867854719678312,0.0,4.982626533589496e-09,40,45,3,19,0,11,1,0.0,0.0,0.0,0.0,0.0,1,0.0,0.0,0.0,0.0,0.0,1,0.0,0.0,0.0,0.0,0.0,0,,,,,,1,1,1,1.6987113324193353e-07,1.3633518669564637e-07,4.860101494302787e-09,0.0,1.3633518669564637e-07,7.967945374151136e-05,5.6676479833372984e-05,2.234037690034999e-06,3.523954586470701e-08,5.6676479833372984e-05,1.2046302701695192e-06,9.0748050607381e-07,2.326115252204907e-08,4.123603236649842e-09,9.0748050607381e-07,3.3840204427729695e-07,2.5282060184261823e-07,9.192746130936327e-09,2.5598661385073385e-09,2.5282060184261823e-07,,,,,,,,,
2026-03-22T06:14:57Z,test_cases/pglib_opf_case118_ieee.mat,pglib_opf_case118_ieee,oracle_ac_primal_dual__Pg_Qg_Va,oracle_ac_primal_dual,full,ac_true,1,0,Pg+Qg+Va,3,,,optimal,ok,1,780.320974244186,96433.28641909148,123.58156399860395,0,0.008260965347290039,0.022510051727294922,0.18355512619018555,0.20606517791748047,0.20606517791748047,0.2143261432647705,acopf_acdc_paper_study/cases/pglib_opf_case118_ieee/logs/oracle_ac_primal_dual__Pg_Qg_Va.log,0,27,4.4722631334166745e-07,9.40343523425643e-09,5.784291179367074e-08,2.6846338625562714e-07,4.4722631334166745e-07,0.069,,,0.069,False,100.0,118,186,54,54,99,1,53,64,4242.0,1438.0,6515.0,0.0,7954.0,-5777.0,186,0,0,2,1,97213.60739334441,4380.685349064334,847.3006818021865,0.9843875343342159,1.0600000048079872,1.032906530857732,0.019771925542443978,-0.5008763219460023,0.17980594106692524,-0.20762862451341485,0.19383897880133388,499.5939851228478,512.3251247571148,65.17657581788502,64.97815870058308,0.9999999874615636,1.0000000032914265,0.28677748721239016,0.2867854720517351,0.0,4.982561252475648e-09,40,45,3,19,0,11,1,0.0,0.0,0.0,0.0,0.0,1,0.0,0.0,0.0,0.0,0.0,0,,,,,,1,0.0,0.0,0.0,0.0,0.0,1,1,1,1.7183825225319042e-07,1.3782869601186576e-07,4.912581423800642e-09,0.0,1.3782869601186576e-07,7.976116428547747e-05,5.673529892097351e-05,2.2355704095812043e-06,3.5341413989753434e-08,5.673529892097351e-05,1.2059056819143684e-06,9.084324261721122e-07,2.3263557059070543e-08,4.074832582467991e-09,9.084324261721122e-07,3.391010319109827e-07,2.5320828167529896e-07,9.26226939923598e-09,2.5993665969670232e-09,2.5320828167529896e-07,,,,,,,,,
2026-03-22T06:14:57Z,test_cases/pglib_opf_case118_ieee.mat,pglib_opf_case118_ieee,oracle_ac_primal_dual__Pg_Vm_Va,oracle_ac_primal_dual,full,ac_true,1,0,Pg+Vm+Va,3,,,optimal,ok,1,780.3209742442248,96433.28641909632,123.58156399861015,0,0.008260965347290039,0.02140522003173828,0.170623779296875,0.19202899932861328,0.19202899932861328,0.20028996467590332,acopf_acdc_paper_study/cases/pglib_opf_case118_ieee/logs/oracle_ac_primal_dual__Pg_Vm_Va.log,0,23,4.474858104885063e-07,8.920010772245713e-09,5.784291179367074e-08,2.685532070196697e-07,4.474858104885063e-07,0.057,,,0.057,False,100.0,118,186,54,54,99,1,53,64,4242.0,1438.0,6515.0,0.0,7954.0,-5777.0,186,0,0,2,1,97213.60739334924,4380.6853490615795,847.3006817769377,0.9843875343247085,1.060000004807982,1.0329065308324996,0.019771925497427498,-0.5008763219659561,0.17980594107357606,-0.20762862449326477,0.1938389787870936,499.5939851277656,512.3251247755605,65.17657579346688,64.97815867661025,0.9999999874615753,1.000000003291432,0.2867774870699237,0.2867854719115453,0.0,4.982569579148333e-09,40,45,3,19,0,11,1,0.0,0.0,0.0,0.0,0.0,0,,,,,,1,0.0,0.0,0.0,0.0,0.0,1,0.0,0.0,0.0,0.0,0.0,1,1,1,1.7143330007500503e-07,1.3751153993268872e-07,4.901346426396624e-09,0.0,1.3751153993268872e-07,7.955891937955293e-05,5.659144907316227e-05,2.2300004245826537e-06,3.531774273035637e-08,5.659144907316227e-05,1.2028535574053558e-06,9.061296730727975e-07,2.3209232529261877e-08,4.064385827895478e-09,9.061296730727975e-07,3.3823804840888663e-07,2.5256502539372505e-07,9.238960196585024e-09,2.593453944654822e-09,2.5256502539372505e-07,,,,,,,,,
2026-03-22T06:14:57Z,test_cases/pglib_opf_case118_ieee.mat,pglib_opf_case118_ieee,oracle_ac_primal_dual__Qg_Vm_Va,oracle_ac_primal_dual,full,ac_true,1,0,Qg+Vm+Va,3,,,optimal,ok,1,780.3209742442134,96433.28641909492,123.58156399860836,0,0.008260965347290039,0.008763313293457031,0.26459598541259766,0.2733592987060547,0.2733592987060547,0.2816202640533447,acopf_acdc_paper_study/cases/pglib_opf_case118_ieee/logs/oracle_ac_primal_dual__Qg_Vm_Va.log,0,59,4.4739342199441743e-07,8.917967711724002e-09,5.784291090549232e-08,2.6850743121095706e-07,4.4739342199441743e-07,0.15,,,0.15,False,100.0,118,186,54,54,99,1,53,64,4242.0,1438.0,6515.0,0.0,7954.0,-5777.0,186,0,0,2,1,97213.60739334785,4380.685349063013,847.3006817898629,0.9843875343299832,1.060000004807982,1.0329065308447551,0.019771925521023886,-0.5008763219558262,0.1798059410697038,-0.20762862450336206,0.19383897879413559,499.59398512527696,512.3251247662284,65.17657580574087,64.97815868868716,0.9999999874614982,1.0000000032914318,0.28677748714155205,0.2867854719822278,0.0,4.982569357103728e-09,40,45,3,19,0,11,0,,,,,,1,0.0,0.0,0.0,0.0,0.0,1,0.0,0.0,0.0,0.0,0.0,1,0.0,0.0,0.0,0.0,0.0,1,1,1,1.716485832216107e-07,1.3768172024697378e-07,4.907390367081778e-09,0.0,1.3768172024697378e-07,7.966199956504832e-05,5.6664754545326934e-05,2.232858448674012e-06,3.5341136975231e-08,5.6664754545326934e-05,1.2044090774545457e-06,9.073029463291249e-07,2.3237769919227112e-08,4.069721670774129e-09,9.073029463291249e-07,3.3867728094261674e-07,2.528925459599485e-07,9.25094708867982e-09,2.59678760439197e-09,2.528925459599485e-07,,,,,,,,,
2026-03-22T06:14:57Z,test_cases/pglib_opf_case118_ieee.mat,pglib_opf_case118_ieee,oracle_ac_primal_dual__Pg_Qg_Vm_Va,oracle_ac_primal_dual,full,ac_true,1,0,Pg+Qg+Vm+Va,4,,,optimal,ok,1,780.3209742622297,96433.28642133939,123.5815640014847,0,0.008260965347290039,0.02332472801208496,0.11880874633789062,0.14213347434997559,0.14213347434997559,0.15039443969726562,acopf_acdc_paper_study/cases/pglib_opf_case118_ieee/logs/oracle_ac_primal_dual__Pg_Qg_Vm_Va.log,0,2,6.000914436217357e-07,1.220563926174948e-08,5.784291179367074e-08,3.4192483397166944e-07,6.000914436217357e-07,0.008,,,0.008,False,100.0,118,186,54,54,99,1,53,64,4242.0,1438.0,6515.0,0.0,7954.0,-5777.0,186,0,0,2,1,97213.60739559232,4380.6853468671225,847.3006621211574,0.9843875261457514,1.0600000048079878,1.0329065120531506,0.019771889381067415,-0.5008763374793715,0.17980594701137084,-0.20762860904289399,0.1938389680430728,499.5939889360014,512.3251390560106,65.1765570251344,64.97814021072345,0.9999999874619899,1.0000000032913738,0.2867773775308203,0.2867853638247389,0.0,4.982481871529387e-09,40,45,3,19,0,11,1,0.0,0.0,0.0,0.0,0.0,1,0.0,0.0,0.0,0.0,0.0,1,0.0,0.0,0.0,0.0,0.0,1,0.0,0.0,0.0,0.0,0.0,1,1,1,1.587622616262846e-07,1.22599871588136e-07,4.3280707458196e-09,0.0,1.22599871588136e-07,7.81269808604706e-05,5.554457578282879e-05,2.172155354544801e-06,4.6916104584626694e-08,5.554457578282879e-05,1.178967743228582e-06,8.886392999229997e-07,2.1893943390829435e-08,2.699307333209333e-09,8.886392999229997e-07,3.3395181097275455e-07,2.4842993712193007e-07,9.502218613857649e-09,2.622109779304438e-09,2.4842993712193007e-07,,,,,,,,,
2026-03-22T06:14:58Z,test_cases/pglib_opf_case118_ieee.mat,pglib_opf_case118_ieee,oracle_ac_constraint_dual__Pg,oracle_ac_constraint_dual,constraint_only,ac_true,1,0,Pg,1,,,optimal,ok,1,780.3209742445418,96433.28641913581,123.58156399866076,0,0.008260965347290039,0.020340919494628906,0.20783519744873047,0.22817611694335938,0.22817611694335938,0.23643708229064941,acopf_acdc_paper_study/cases/pglib_opf_case118_ieee/logs/oracle_ac_constraint_dual__Pg.log,0,36,4.5006588519512924e-07,9.472074421262528e-09,5.784291179367074e-08,2.697851349861098e-07,4.5006588519512924e-07,0.096,,,0.096,False,100.0,118,186,54,54,99,1,53,64,4242.0,1438.0,6515.0,0.0,7954.0,-5777.0,186,0,0,2,1,97213.60739338874,4380.685349023095,847.3006814327581,0.9843875341801961,1.0600000048079823,1.0329065305023044,0.01977192486261392,-0.5008763222391086,0.17980594117824197,-0.20762862422202621,0.19383897859853672,499.5939851947058,512.3251250265793,65.17657546347984,64.97815835193572,0.999999987461575,1.0000000032914307,0.2867774851437622,0.28678547001089094,0.0,4.982568024836098e-09,40,45,3,19,0,11,1,0.0,0.0,0.0,0.0,0.0,0,,,,,,0,,,,,,0,,,,,,1,1,0,1.6565462454028573e-07,1.3294203071723132e-07,4.739266919639615e-09,0.0,1.3294203071723132e-07,7.678721527605829e-05,5.462035204856219e-05,2.1531522027783958e-06,3.5376011453536194e-08,5.462035204856219e-05,1.1610283449436679e-06,8.745817483557516e-07,2.244137081060837e-08,3.920068269991361e-09,8.745817483557516e-07,3.264298878555509e-07,2.4375926016562133e-07,8.916725381798837e-09,2.5030561304206778e-09,2.4375926016562133e-07,,,,,,,,,
2026-03-22T06:14:58Z,test_cases/pglib_opf_case118_ieee.mat,pglib_opf_case118_ieee,oracle_ac_constraint_dual__Qg,oracle_ac_constraint_dual,constraint_only,ac_true,1,0,Qg,1,,,optimal,ok,1,780.3209742442224,96433.28641909602,123.58156399860977,0,0.008260965347290039,0.021078109741210938,0.2421247959136963,0.2632029056549072,0.2632029056549072,0.27146387100219727,acopf_acdc_paper_study/cases/pglib_opf_case118_ieee/logs/oracle_ac_constraint_dual__Qg.log,0,49,4.474583703139925e-07,9.413245645354684e-09,5.784291179367074e-08,2.685400761895876e-07,4.474583703139925e-07,0.132,,,0.132,False,100.0,118,186,54,54,99,1,53,64,4242.0,1438.0,6515.0,0.0,7954.0,-5777.0,186,0,0,2,1,97213.60739334895,4380.685349062082,847.3006817819885,0.9843875343254875,1.060000004807982,1.0329065308359175,0.01977192550425745,-0.5008763219635525,0.1798059410727575,-0.20762862449650057,0.19383897878940964,499.5939851270442,512.3251247728541,65.17657579702454,64.97815868011031,0.9999999874615741,1.0000000032914331,0.28677748709055356,0.2867854719319016,0.0,4.9825714665274745e-09,40,45,3,19,0,11,0,,,,,,1,0.0,0.0,0.0,0.0,0.0,0,,,,,,0,,,,,,1,1,0,1.7149991733099055e-07,1.3756317862601009e-07,4.903165779123682e-09,0.0,1.3756317862601009e-07,7.958848695686186e-05,5.661247635543876e-05,2.230819177249977e-06,3.532562670160999e-08,5.661247635543876e-05,1.2032997453643815e-06,9.064662480628982e-07,2.321731955089803e-08,4.065584979784376e-09,9.064662480628982e-07,3.3836559843565535e-07,2.5265954201048046e-07,9.242612875545434e-09,2.594194484228929e-09,2.5265954201048046e-07,,,,,,,,,
2026-03-22T06:14:58Z,test_cases/pglib_opf_case118_ieee.mat,pglib_opf_case118_ieee,oracle_ac_constraint_dual__Vm,oracle_ac_constraint_dual,constraint_only,ac_true,1,0,Vm,1,,,optimal,ok,1,780.3209742442241,96433.28641909623,123.58156399861004,0,0.008260965347290039,0.02926802635192871,0.20835614204406738,0.2376241683959961,0.2376241683959961,0.24588513374328613,acopf_acdc_paper_study/cases/pglib_opf_case118_ieee/logs/oracle_ac_constraint_dual__Vm.log,0,38,4.4745901766699296e-07,8.9256214046645e-09,5.784291179367074e-08,2.685431311566037e-07,4.4745901766699296e-07,0.099,,,0.099,False,100.0,118,186,54,54,99,1,53,64,4242.0,1438.0,6515.0,0.0,7954.0,-5777.0,186,0,0,2,1,97213.60739334916,4380.685349061947,847.300681780035,0.9843875343259835,1.060000004807982,1.0329065308350767,0.019771925502848706,-0.5008763219638253,0.1798059410730988,-0.20762862449542208,0.19383897878873912,499.59398512722936,512.3251247735495,65.17657579614935,64.978158679257,0.9999999874615771,1.000000003291433,0.28677748708556783,0.2867854719270363,0.0,4.982571133460567e-09,40,45,3,19,0,11,0,,,,,,0,,,,,,1,0.0,0.0,0.0,0.0,0.0,0,,,,,,1,1,0,1.714815990228027e-07,1.3754909744534416e-07,4.902669062709404e-09,0.0,1.3754909744534416e-07,7.958161482377872e-05,5.660758415382272e-05,2.230634660986967e-06,3.53217395610006e-08,5.660758415382272e-05,1.2031958934569184e-06,9.063878845250173e-07,2.3215716719094778e-08,4.065615621939855e-09,9.063878845250173e-07,3.38334798546968e-07,2.52637124664723e-07,9.241596890309652e-09,2.593882664214675e-09,2.52637124664723e-07,,,,,,,,,
2026-03-22T06:14:58Z,test_cases/pglib_opf_case118_ieee.mat,pglib_opf_case118_ieee,oracle_ac_constraint_dual__Va,oracle_ac_constraint_dual,constraint_only,ac_true,1,0,Va,1,,,optimal,ok,1,780.3209742442295,96433.28641909693,123.58156399861093,0,0.008260965347290039,0.010158061981201172,0.19354701042175293,0.2037050724029541,0.2037050724029541,0.21196603775024414,acopf_acdc_paper_study/cases/pglib_opf_case118_ieee/logs/oracle_ac_constraint_dual__Va.log,0,34,4.473864146804904e-07,9.405326655883254e-09,5.784291268184916e-08,2.6850733558590924e-07,4.473864146804904e-07,0.085,,,0.085,False,100.0,118,186,54,54,99,1,53,64,4242.0,1438.0,6515.0,0.0,7954.0,-5777.0,186,0,0,2,1,97213.60739334986,4380.685349061421,847.3006818005589,0.9843875343192919,1.0600000048079814,1.0329065308276486,0.019771925510937313,-0.5008763219558054,0.17980594106147615,-0.20762862450249187,0.1938389787944656,499.5939851253681,512.325124766571,65.17657580392216,64.97815868714233,0.9999999874615718,1.000000003291432,0.2867774871283271,0.28678547197075077,0.0,4.98256991221524e-09,40,45,3,19,0,11,0,,,,,,0,,,,,,0,,,,,,1,0.0,0.0,0.0,0.0,0.0,1,1,0,1.7177143458859888e-07,1.378286302866627e-07,4.913122629843838e-09,0.0,1.378286302866627e-07,7.966222773958762e-05,5.6664907394365915e-05,2.2329492030715947e-06,3.6241207257425856e-08,5.6664907394365915e-05,1.2044385146935735e-06,9.073053357511185e-07,2.3250822548825744e-08,4.067388315043274e-09,9.073053357511185e-07,3.386767905674541e-07,2.52892508711966e-07,9.253797181750312e-09,2.598225905259266e-09,2.52892508711966e-07,,,,,,,,,
2026-03-22T06:14:59Z,test_cases/pglib_opf_case118_ieee.mat,pglib_opf_case118_ieee,oracle_ac_constraint_dual__Pg_Qg,oracle_ac_constraint_dual,constraint_only,ac_true,1,0,Pg+Qg,2,,,optimal,ok,1,780.3209742442128,96433.28641909483,123.58156399860825,0,0.008260965347290039,0.015266895294189453,0.2418198585510254,0.25708675384521484,0.25708675384521484,0.2653477191925049,acopf_acdc_paper_study/cases/pglib_opf_case118_ieee/logs/oracle_ac_constraint_dual__Pg_Qg.log,0,46,4.473890588147255e-07,9.411694268469105e-09,5.784291179367074e-08,2.6850720216525785e-07,4.473890588147255e-07,0.118,,,0.118,False,100.0,118,186,54,54,99,1,53,64,4242.0,1438.0,6515.0,0.0,7954.0,-5777.0,186,0,0,2,1,97213.60739334776,4380.685349063101,847.3006817911286,0.9843875343293421,1.060000004807982,1.0329065308447174,0.019771925521210463,-0.5008763219562381,0.17980594106997358,-0.20762862450372102,0.19383897879443698,499.59398512527065,512.3251247662054,65.17657580583403,64.97815868877913,0.9999999874615745,1.000000003291432,0.2867774871419724,0.2867854719826439,0.0,4.98256991221524e-09,40,45,3,19,0,11,1,0.0,0.0,0.0,0.0,0.0,1,0.0,0.0,0.0,0.0,0.0,0,,,,,,0,,,,,,1,1,0,1.7165382185276646e-07,1.3768486617493636e-07,4.907483025263918e-09,0.0,1.3768486617493636e-07,7.966251606842427e-05,5.666512144561486e-05,2.2328718956838496e-06,3.534215120559736e-08,5.666512144561486e-05,1.2044168176355502e-06,9.073088165223453e-07,2.3237840670541524e-08,4.069422132602085e-09,9.073088165223453e-07,3.38680885266994e-07,2.528946955182576e-07,9.251203791354472e-09,2.596596465620493e-09,2.528946955182576e-07,,,,,,,,,
2026-03-22T06:14:59Z,test_cases/pglib_opf_case118_ieee.mat,pglib_opf_case118_ieee,oracle_ac_constraint_dual__Pg_Vm,oracle_ac_constraint_dual,constraint_only,ac_true,1,0,Pg+Vm,2,,,optimal,ok,1,780.3209742445397,96433.28641913553,123.5815639986604,0,0.008260965347290039,0.020727157592773438,0.16339397430419922,0.18412113189697266,0.18412113189697266,0.1923820972442627,acopf_acdc_paper_study/cases/pglib_opf_case118_ieee/logs/oracle_ac_constraint_dual__Pg_Vm.log,0,20,4.50124521102516e-07,8.984386443044651e-09,5.784291179367074e-08,2.69859299674712e-07,4.50124521102516e-07,0.054,,,0.054,False,100.0,118,186,54,54,99,1,53,64,4242.0,1438.0,6515.0,0.0,7954.0,-5777.0,186,0,0,2,1,97213.60739338846,4380.68534902062,847.3006814104691,0.9843875341716781,1.0600000048079863,1.0329065304820662,0.019771924822956206,-0.5008763222542543,0.17980594118543586,-0.20762862420486358,0.19383897858689217,499.59398519932597,512.3251250439022,65.17657544365886,64.97815833236828,0.9999999874615761,1.0000000032914285,0.28677748502815387,0.28678546989623094,0.0,4.982564583144722e-09,40,45,3,19,0,11,1,0.0,0.0,0.0,0.0,0.0,0,,,,,,1,0.0,0.0,0.0,0.0,0.0,0,,,,,,1,1,0,1.6528992224406974e-07,1.326520120414898e-07,4.728985988348857e-09,0.0,1.326520120414898e-07,7.662047523464018e-05,5.450178857610566e-05,2.148533413665678e-06,3.53849216871982e-08,5.450178857610566e-05,1.1585134408821586e-06,8.726847890994094e-07,2.2395497688922944e-08,3.9116709871223065e-09,8.726847890994094e-07,3.2571652295071033e-07,2.432287006803868e-07,8.8965449650141e-09,2.4968890843801717e-09,2.432287006803868e-07,,,,,,,,,
2026-03-22T06:14:59Z,test_cases/pglib_opf_case118_ieee.mat,pglib_opf_case118_ieee,oracle_ac_constraint_dual__Pg_Va,oracle_ac_constraint_dual,constraint_only,ac_true,1,0,Pg+Va,2,,,optimal,ok,1,780.3209742443094,96433.28641910684,123.58156399862362,0,0.008260965347290039,0.013435840606689453,0.16338801383972168,0.17682385444641113,0.17682385444641113,0.18508481979370117,acopf_acdc_paper_study/cases/pglib_opf_case118_ieee/logs/oracle_ac_constraint_dual__Pg_Va.log,0,18,4.4817127706741207e-07,9.422962489331636e-09,5.784291179367074e-08,2.6888044621813384e-07,4.4817127706741207e-07,0.048,,,0.048,False,100.0,118,186,54,54,99,1,53,64,4242.0,1438.0,6515.0,0.0,7954.0,-5777.0,186,0,0,2,1,97213.60739335977,4380.685349051339,847.3006816852568,0.9843875342864312,1.0600000048079823,1.0329065307447207,0.019771925328674386,-0.5008763220384751,0.1798059411013627,-0.2076286244211084,0.19383897873692554,499.5939851455734,512.3251248423383,65.17657570575018,64.97815859030463,0.9999999874615754,1.0000000032914313,0.28677748655793467,0.28678547140632643,0.0,4.98256902403682e-09,40,45,3,19,0,11,1,0.0,0.0,0.0,0.0,0.0,0,,,,,,0,,,,,,1,0.0,0.0,0.0,0.0,0.0,1,1,0,1.6989646075212148e-07,1.3629647277468848e-07,4.8582498323205064e-09,0.0,1.3629647277468848e-07,7.882221255570291e-05,5.606754029119365e-05,2.209575187855608e-06,3.5169855860939236e-08,5.606754029119365e-05,1.1917364846673239e-06,8.977443755053827e-07,2.3005189767291006e-08,4.026089128750243e-09,8.977443755053827e-07,3.3509920300132317e-07,2.5022440031108317e-07,9.153270385170868e-09,2.5694509991902592e-09,2.5022440031108317e-07,,,,,,,,,
2026-03-22T06:14:59Z,test_cases/pglib_opf_case118_ieee.mat,pglib_opf_case118_ieee,oracle_ac_constraint_dual__Qg_Vm,oracle_ac_constraint_dual,constraint_only,ac_true,1,0,Qg+Vm,2,,,optimal,ok,1,780.3209742442133,96433.28641909487,123.5815639986083,0,0.008260965347290039,0.022874116897583008,0.22588515281677246,0.24875926971435547,0.24875926971435547,0.2570202350616455,acopf_acdc_paper_study/cases/pglib_opf_case118_ieee/logs/oracle_ac_constraint_dual__Qg_Vm.log,0,44,4.473791460311527e-07,8.924002191175566e-09,5.784291179367074e-08,2.685080627353526e-07,4.473791460311527e-07,0.114,,,0.114,False,100.0,118,186,54,54,99,1,53,64,4242.0,1438.0,6515.0,0.0,7954.0,-5777.0,186,0,0,2,1,97213.6073933478,4380.685349063062,847.3006817902071,0.9843875343297273,1.0600000048079818,1.0329065308446388,0.0197719255207194,-0.500876321956156,0.17980594107019368,-0.20762862450334868,0.19383897879424164,499.5939851253105,512.3251247663538,65.17657580560328,64.97815868854865,0.9999999874615783,1.000000003291437,0.28677748714072315,0.28678547198138693,0.0,4.9825771286649e-09,40,45,3,19,0,11,0,,,,,,1,0.0,0.0,0.0,0.0,0.0,1,0.0,0.0,0.0,0.0,0.0,0,,,,,,1,1,0,1.7164708029210924e-07,1.376794127594394e-07,4.907288227241505e-09,0.0,1.376794127594394e-07,7.966057206377034e-05,5.666374151810927e-05,2.23281719324297e-06,3.5337183353079116e-08,5.666374151810927e-05,1.2043876659912847e-06,9.072868338844131e-07,2.3237291607862962e-08,4.069574344178761e-09,9.072868338844131e-07,3.3867200164332926e-07,2.5288831057013184e-07,9.25085301635309e-09,2.5964187119753568e-09,2.5288831057013184e-07,,,,,,,,,
2026-03-22T06:15:00Z,test_cases/pglib_opf_case118_ieee.mat,pglib_opf_case118_ieee,oracle_ac_constraint_dual__Qg_Va,oracle_ac_constraint_dual,constraint_only,ac_true,1,0,Qg+Va,2,,,optimal,ok,1,780.3209742462975,96433.28641935455,123.58156399894108,0,0.008260965347290039,0.017720699310302734,0.2838273048400879,0.3015480041503906,0.3015480041503906,0.30980896949768066,acopf_acdc_paper_study/cases/pglib_opf_case118_ieee/logs/oracle_ac_constraint_dual__Qg_Va.log,0,62,4.6441057077401804e-07,9.789434817223342e-09,5.784291179367074e-08,2.766405249304059e-07,4.6441057077401804e-07,0.171,,,0.171,False,100.0,118,186,54,54,99,1,53,64,4242.0,1438.0,6515.0,0.0,7954.0,-5777.0,186,0,0,2,1,97213.60739360748,4380.685348809566,847.3006795198393,0.9843875333849849,1.060000004807983,1.0329065286755137,0.01977192134883982,-0.5008763237478095,0.17980594175549366,-0.2076286227188865,0.19383897755318197,499.5939855650709,512.3251264154089,65.17657363704373,64.97815655491004,0.9999999874615753,1.0000000032914238,0.2867774744836039,0.28678545949195716,0.0,4.982557144650457e-09,40,45,3,19,0,11,0,,,,,,1,0.0,0.0,0.0,0.0,0.0,0,,,,,,1,0.0,0.0,0.0,0.0,0.0,1,1,0,1.3366225202655828e-07,1.0763860025519989e-07,3.841837197212364e-09,0.0,1.0763860025519989e-07,6.144749590774702e-05,4.371147813547749e-05,1.7278461165275952e-06,3.6930554524194914e-08,4.371147813547749e-05,9.295849395181598e-07,6.999823514153292e-07,1.8195169481263808e-08,3.2348185796671203e-09,6.999823514153292e-07,2.6107415488293034e-07,1.950210642975847e-07,7.132151987887304e-09,2.072450711043672e-09,1.950210642975847e-07,,,,,,,,,
2026-03-22T06:15:00Z,test_cases/pglib_opf_case118_ieee.mat,pglib_opf_case118_ieee,oracle_ac_constraint_dual__Vm_Va,oracle_ac_constraint_dual,constraint_only,ac_true,1,0,Vm+Va,2,,,optimal,ok,1,780.3209742444136,96433.28641911986,123.58156399864032,0,0.008260965347290039,0.022242069244384766,0.2558162212371826,0.2780582904815674,0.2780582904815674,0.2863192558288574,acopf_acdc_paper_study/cases/pglib_opf_case118_ieee/logs/oracle_ac_constraint_dual__Vm_Va.log,0,57,4.489932297559771e-07,8.952244459719477e-09,5.784291179367074e-08,2.692724793838072e-07,4.489932297559771e-07,0.146,,,0.146,False,100.0,118,186,54,54,99,1,53,64,4242.0,1438.0,6515.0,0.0,7954.0,-5777.0,186,0,0,2,1,97213.60739337279,4380.685349038997,847.3006815746636,0.9843875342412399,1.0600000048079834,1.0329065306391447,0.019771925126863134,-0.5008763221249549,0.17980594113425055,-0.20762862433426946,0.19383897867658037,499.59398516686224,512.3251249221694,65.17657560058122,64.9781584868542,0.9999999874615741,1.000000003291432,0.28677748594413144,0.28678547080083705,0.0,4.98256991221524e-09,40,45,3,19,0,11,0,,,,,,0,,,,,,1,0.0,0.0,0.0,0.0,0.0,1,0.0,0.0,0.0,0.0,0.0,1,1,0,1.6805809175586758e-07,1.3484510397177019e-07,4.8067917846851565e-09,0.0,1.3484510397177019e-07,7.794008539745459e-05,5.5440203691442536e-05,2.185131914742345e-06,3.527619930193682e-08,5.5440203691442536e-05,1.1784252537718853e-06,8.877035806431621e-07,2.276158014799664e-08,3.980649476709175e-09,8.877035806431621e-07,3.3133905417149115e-07,2.474210142877631e-07,9.05056757030255e-09,2.5408633461121433e-09,2.474210142877631e-07,,,,,,,,,
2026-03-22T06:15:00Z,test_cases/pglib_opf_case118_ieee.mat,pglib_opf_case118_ieee,oracle_ac_constraint_dual__Pg_Qg_Vm,oracle_ac_constraint_dual,constraint_only,ac_true,1,0,Pg+Qg+Vm,3,,,optimal,ok,1,780.3209742442132,96433.28641909487,123.5815639986083,0,0.008260965347290039,0.026665210723876953,0.18271183967590332,0.20937705039978027,0.20937705039978027,0.2176380157470703,acopf_acdc_paper_study/cases/pglib_opf_case118_ieee/logs/oracle_ac_constraint_dual__Pg_Qg_Vm.log,0,27,4.473892455521342e-07,8.923983952690977e-09,5.784291179367074e-08,2.6850720221097873e-07,4.473892455521342e-07,0.07,,,0.07,False,100.0,118,186,54,54,99,1,53,64,4242.0,1438.0,6515.0,0.0,7954.0,-5777.0,186,0,0,2,1,97213.6073933478,4380.685349063071,847.3006817903936,0.9843875343298459,1.060000004807982,1.0329065308447931,0.01977192552117467,-0.5008763219559358,0.17980594107011216,-0.20762862450346903,0.19383897879434073,499.59398512527133,512.3251247662079,65.17657580581884,64.97815868876395,0.9999999874615753,1.000000003291432,0.2867774871419724,0.28678547198264187,0.0,4.9825698011929376e-09,40,45,3,19,0,11,1,0.0,0.0,0.0,0.0,0.0,1,0.0,0.0,0.0,0.0,0.0,1,0.0,0.0,0.0,0.0,0.0,0,,,,,,1,1,0,1.716497904373008e-07,1.376817486686832e-07,4.907373112591243e-09,0.0,1.376817486686832e-07,7.966251558770076e-05,5.666512139212987e-05,2.2328724075157137e-06,3.534088909712407e-08,5.666512139212987e-05,1.2044168486937778e-06,9.073088171884791e-07,2.3237902140203277e-08,4.06965317001351e-09,9.073088171884791e-07,3.386799777429434e-07,2.52894371555179e-07,9.251038043263755e-09,2.596473563931667e-09,2.52894371555179e-07,,,,,,,,,
2026-03-22T06:15:00Z,test_cases/pglib_opf_case118_ieee.mat,pglib_opf_case118_ieee,oracle_ac_constraint_dual__Pg_Qg_Va,oracle_ac_constraint_dual,constraint_only,ac_true,1,0,Pg+Qg+Va,3,,,optimal,ok,1,780.3209742441967,96433.28641909282,123.58156399860567,0,0.008260965347290039,0.008868932723999023,0.17147278785705566,0.1803417205810547,0.1803417205810547,0.18860268592834473,acopf_acdc_paper_study/cases/pglib_opf_case118_ieee/logs/oracle_ac_constraint_dual__Pg_Qg_Va.log,0,23,4.4725637595201736e-07,9.403772188751602e-09,5.784291179367074e-08,2.684714402515503e-07,4.4725637595201736e-07,0.06,,,0.06,False,100.0,118,186,54,54,99,1,53,64,4242.0,1438.0,6515.0,0.0,7954.0,-5777.0,186,0,0,2,1,97213.60739334575,4380.685349064208,847.3006818005063,0.9843875343341436,1.060000004807986,1.0329065308547423,0.019771925539541605,-0.5008763219483013,0.1798059410667085,-0.20762862451177852,0.19383897879989884,499.59398512330574,512.3251247588331,65.17657581553463,64.97815869830944,0.999999987461569,1.0000000032914276,0.28677748719871976,0.2867854720385331,0.0,4.98256313985479e-09,40,45,3,19,0,11,1,0.0,0.0,0.0,0.0,0.0,1,0.0,0.0,0.0,0.0,0.0,0,,,,,,1,0.0,0.0,0.0,0.0,0.0,1,1,0,1.7182402203649684e-07,1.3781915164656766e-07,4.912251043255247e-09,0.0,1.3781915164656766e-07,7.974305037088377e-05,5.672239689175074e-05,2.2350972382454044e-06,3.534395854459804e-08,5.672239689175074e-05,1.2056321454642515e-06,9.082257335091271e-07,2.3259822603764348e-08,4.074160231404278e-09,9.082257335091271e-07,3.3902449084358204e-07,2.531507335423733e-07,9.260637368778507e-09,2.599469861586101e-09,2.531507335423733e-07,,,,,,,,,
2026-03-22T06:15:00Z,test_cases/pglib_opf_case118_ieee.mat,pglib_opf_case118_ieee,oracle_ac_constraint_dual__Pg_Vm_Va,oracle_ac_constraint_dual,constraint_only,ac_true,1,0,Pg+Vm+Va,3,,,optimal,ok,1,780.3209742737506,96433.28642277468,123.58156400332405,0,0.008260965347290039,0.016543149948120117,0.14522409439086914,0.16176724433898926,0.16176724433898926,0.1700282096862793,acopf_acdc_paper_study/cases/pglib_opf_case118_ieee/logs/oracle_ac_constraint_dual__Pg_Vm_Va.log,0,12,7.037022727191169e-07,1.4444682122558308e-08,5.784291090549232e-08,3.921482991151306e-07,7.037022727191169e-07,0.033,,,0.033,False,100.0,118,186,54,54,99,1,53,64,4242.0,1438.0,6515.0,0.0,7954.0,-5777.0,186,0,0,2,1,97213.6073970276,4380.685345467176,847.3006495671156,0.984387520958131,1.0600000048079803,1.0329065000765525,0.019771866371731547,-0.5008763473451796,0.17980595079950476,-0.2076285991833825,0.19383896118956492,499.59399137063645,512.3251481856327,65.17654507541228,64.97812845352217,0.9999999874615783,1.0000000032913565,0.28677730779572796,0.28678529501209277,0.0,4.982455337199099e-09,40,45,3,19,0,11,1,0.0,0.0,0.0,0.0,0.0,0,,,,,,1,0.0,0.0,0.0,0.0,0.0,1,0.0,0.0,0.0,0.0,0.0,1,1,0,3.688235825938265e-07,2.8850901401256124e-07,1.0213618081287643e-08,0.0,2.8850901401256124e-07,0.0001785646897000407,0.00012697071197836918,4.958066710693066e-06,4.9446104016803716e-08,0.00012697071197836918,2.695017008174575e-06,2.0318391815710157e-06,4.9574917359564456e-08,5.956951154573176e-09,2.0318391815710157e-06,7.620354964178248e-07,5.675667714144517e-07,2.1370078786708634e-08,6.093321201772195e-09,5.675667714144517e-07,,,,,,,,,
2026-03-22T06:15:01Z,test_cases/pglib_opf_case118_ieee.mat,pglib_opf_case118_ieee,oracle_ac_constraint_dual__Qg_Vm_Va,oracle_ac_constraint_dual,constraint_only,ac_true,1,0,Qg+Vm+Va,3,,,optimal,ok,1,780.3209742442127,96433.28641909483,123.58156399860825,0,0.008260965347290039,0.02663397789001465,0.2419600486755371,0.26859402656555176,0.26859402656555176,0.2768549919128418,acopf_acdc_paper_study/cases/pglib_opf_case118_ieee/logs/oracle_ac_constraint_dual__Qg_Vm_Va.log,0,52,4.473865004751176e-07,8.917900056060408e-09,5.784291179367074e-08,2.6850570274159353e-07,4.473865004751176e-07,0.132,,,0.132,False,100.0,118,186,54,54,99,1,53,64,4242.0,1438.0,6515.0,0.0,7954.0,-5777.0,186,0,0,2,1,97213.60739334776,4380.685349063065,847.300681790433,0.9843875343301516,1.0600000048079823,1.032906530845124,0.0197719255218727,-0.5008763219554766,0.17980594106948072,-0.2076286245037768,0.19383897879439993,499.59398512518226,512.3251247658743,65.17657580619591,64.9781586891354,0.9999999874615743,1.000000003291432,0.28677748714419576,0.2867854719848411,0.0,4.98256991221524e-09,40,45,3,19,0,11,0,,,,,,1,0.0,0.0,0.0,0.0,0.0,1,0.0,0.0,0.0,0.0,0.0,1,0.0,0.0,0.0,0.0,0.0,1,1,0,1.7165803629958048e-07,1.3768949536085984e-07,4.90766085027657e-09,0.0,1.3768949536085984e-07,7.966589200211611e-05,5.666752278210563e-05,2.2329665744191074e-06,3.5346996593577096e-08,5.666752278210563e-05,1.2044679831093861e-06,9.073472548859485e-07,2.323893875544137e-08,4.069906522907729e-09,9.073472548859485e-07,3.3869397923872407e-07,2.529049501487357e-07,9.251447390433337e-09,2.5969581554652343e-09,2.529049501487357e-07,,,,,,,,,
2026-03-22T06:15:01Z,test_cases/pglib_opf_case118_ieee.mat,pglib_opf_case118_ieee,oracle_ac_constraint_dual__Pg_Qg_Vm_Va,oracle_ac_constraint_dual,constraint_only,ac_true,1,0,Pg+Qg+Vm+Va,4,,,optimal,ok,1,780.3209742450642,96433.2864192009,123.58156399874417,0,0.008260965347290039,0.010653018951416016,0.12375187873840332,0.13440489768981934,0.13440489768981934,0.14266586303710938,acopf_acdc_paper_study/cases/pglib_opf_case118_ieee/logs/oracle_ac_constraint_dual__Pg_Qg_Vm_Va.log,0,4,4.5430990938480737e-07,9.066029279791871e-09,5.784291179367074e-08,2.718142765944486e-07,4.5430990938480737e-07,0.013,,,0.013,False,100.0,118,186,54,54,99,1,53,64,4242.0,1438.0,6515.0,0.0,7954.0,-5777.0,186,0,0,2,1,97213.60739345383,4380.68534895964,847.3006808637265,0.9843875339446426,1.0600000048079825,1.032906529960022,0.01977192381919322,-0.5008763226868231,0.17980594134947978,-0.20762862377544003,0.19383897828789975,499.5939853046808,512.3251254389734,65.17657492108228,64.97815781827045,0.9999999874615912,1.000000003291429,0.2867774819781102,0.2867854668871676,0.0,4.982564916211629e-09,40,45,3,19,0,11,1,0.0,0.0,0.0,0.0,0.0,1,0.0,0.0,0.0,0.0,0.0,1,0.0,0.0,0.0,0.0,0.0,1,0.0,0.0,0.0,0.0,0.0,1,1,0,1.5614725800284324e-07,1.254253962912344e-07,4.472679975012033e-09,0.0,1.254253962912344e-07,7.223199063178731e-05,5.1380899379560585e-05,2.026854853918837e-06,3.583168569493145e-08,5.1380899379560585e-05,1.092293002601096e-06,8.227334422628019e-07,2.1180150484691678e-08,3.6837869421546543e-09,8.227334422628019e-07,3.0702011279828947e-07,2.2928577453340537e-07,8.386629348913819e-09,2.4234382937915466e-09,2.2928577453340537e-07,,,,,,,,,
2026-03-22T06:15:01Z,test_cases/pglib_opf_case118_ieee.mat,pglib_opf_case118_ieee,oracle_ac_bounds_dual__Pg,oracle_ac_bounds_dual,bounds_only,ac_true,1,0,Pg,1,,,optimal,ok,1,780.3209742453622,96433.28641923802,123.58156399879175,0,0.008260965347290039,0.028610944747924805,0.24159932136535645,0.27021026611328125,0.27021026611328125,0.2784712314605713,acopf_acdc_paper_study/cases/pglib_opf_case118_ieee/logs/oracle_ac_bounds_dual__Pg.log,0,52,4.567651257246511e-07,9.623355432593727e-09,5.784291179367074e-08,2.729847863663597e-07,4.567651257246511e-07,0.124,,,0.124,False,100.0,118,186,54,54,99,1,53,64,4242.0,1438.0,6515.0,0.0,7954.0,-5777.0,186,0,0,2,1,97213.60739349095,4380.685348923232,847.3006805381035,0.9843875338079087,1.0600000048079814,1.0329065296477262,0.019771923218580383,-0.5008763229451759,0.17980594144853637,-0.20762862351889053,0.1938389781095664,499.5939853679864,512.3251256763631,65.17657460894252,64.97815751115323,0.9999999874615734,1.0000000032914358,0.28677748015614624,0.28678546508931113,0.0,4.982575574352666e-09,40,45,3,19,0,11,1,0.0,0.0,0.0,0.0,0.0,0,,,,,,0,,,,,,0,,,,,,0,0,1,1.5068283837858592e-07,1.211027136349685e-07,4.319356889284065e-09,0.0,1.211027136349685e-07,6.960997201935829e-05,4.9516251569098335e-05,1.9541544520399234e-06,3.609815765748259e-08,4.9516251569098335e-05,1.0527310277461214e-06,7.928893512865187e-07,2.045420166386101e-08,3.581928753604302e-09,7.928893512865187e-07,2.958504580674121e-07,2.2095564800039824e-07,8.081816873975509e-09,2.344108677998502e-09,2.2095564800039824e-07,,,,,,,,,
2026-03-22T06:15:01Z,test_cases/pglib_opf_case118_ieee.mat,pglib_opf_case118_ieee,oracle_ac_bounds_dual__Qg,oracle_ac_bounds_dual,bounds_only,ac_true,1,0,Qg,1,,,optimal,ok,1,780.3209742443804,96433.28641911568,123.58156399863496,0,0.008260965347290039,0.017973899841308594,0.37143921852111816,0.38941311836242676,0.38941311836242676,0.3976740837097168,acopf_acdc_paper_study/cases/pglib_opf_case118_ieee/logs/oracle_ac_bounds_dual__Qg.log,0,98,4.474194074269037e-07,9.41218875676622e-09,5.784291090549232e-08,2.6850620624797595e-07,4.474194074269037e-07,0.255,,,0.255,True,100.0,118,186,54,54,99,1,53,64,4242.0,1438.0,6515.0,0.0,7954.0,-5777.0,186,0,0,2,1,97213.60739336861,4380.685349055251,847.300681822161,0.9843875342979604,1.0600000048079852,1.0329065307617202,0.019771925484779546,-0.5008763219499971,0.17980594102894576,-0.20762862449166206,0.19383897879075693,499.5939851254685,512.3251247669489,65.17657579522434,64.97815867991247,0.9999999874615764,1.0000000032914536,0.28677748706978223,0.28678547192198045,0.0,4.982602552772164e-09,40,45,3,19,0,11,0,,,,,,1,0.0,0.0,0.0,0.0,0.0,0,,,,,,0,,,,,,0,0,1,1.7222272454700781e-07,1.383811820687697e-07,4.9347402258639285e-09,0.0,1.383811820687697e-07,7.966516053238677e-05,5.666670244838801e-05,2.233612329971292e-06,3.7809352176898514e-08,5.666670244838801e-05,1.2045772817678901e-06,9.073315552221572e-07,2.3310139986792893e-08,4.095796257708173e-09,9.073315552221572e-07,3.3865387824572576e-07,2.528858121242372e-07,9.261895092545258e-09,2.6894255225617947e-09,2.528858121242372e-07,,,,,,,,,
2026-03-22T06:15:02Z,test_cases/pglib_opf_case118_ieee.mat,pglib_opf_case118_ieee,oracle_ac_bounds_dual__Vm,oracle_ac_bounds_dual,bounds_only,ac_true,1,0,Vm,1,,,optimal,ok,1,780.3209742443154,96433.28641910761,123.58156399862462,0,0.008260965347290039,0.017206907272338867,0.2769641876220703,0.2941710948944092,0.2941710948944092,0.3024320602416992,acopf_acdc_paper_study/cases/pglib_opf_case118_ieee/logs/oracle_ac_bounds_dual__Vm.log,0,66,4.482178839470582e-07,8.941747947180674e-09,5.784291179367074e-08,2.689026623763475e-07,4.482178839470582e-07,0.167,,,0.167,True,100.0,118,186,54,54,99,1,53,64,4242.0,1438.0,6515.0,0.0,7954.0,-5777.0,186,0,0,2,1,97213.60739336054,4380.685349050678,847.3006816792993,0.9843875342837656,1.0600000048079823,1.0329065307387197,0.01977192531729646,-0.500876322043487,0.1798059411036132,-0.20762862441619293,0.19383897873365233,499.5939851467691,512.3251248468216,65.1765756997947,64.97815858444969,0.9999999874615764,1.000000003291432,0.2867774865231514,0.2867854713720384,0.0,4.9825698011929376e-09,40,45,3,19,0,11,0,,,,,,0,,,,,,1,0.0,0.0,0.0,0.0,0.0,0,,,,,,0,0,1,1.697922841223945e-07,1.3621347960679486e-07,4.855298898840594e-09,0.0,1.3621347960679486e-07,7.877221197643724e-05,5.6031980716464425e-05,2.2081899904641954e-06,3.5176568047301515e-08,5.6031980716464425e-05,1.1909819378209292e-06,8.971752214481654e-07,2.299137623881551e-08,4.0234632292524e-09,8.971752214481654e-07,3.3488637716549186e-07,2.5006560427920377e-07,9.147459134103575e-09,2.5675153253468253e-09,2.5006560427920377e-07,,,,,,,,,
2026-03-22T06:15:02Z,test_cases/pglib_opf_case118_ieee.mat,pglib_opf_case118_ieee,oracle_ac_bounds_dual__Va,oracle_ac_bounds_dual,bounds_only,ac_true,1,0,Va,1,,,optimal,ok,1,780.3209742442124,96433.28641909477,123.58156399860816,0,0.008260965347290039,0.02325296401977539,0.3733179569244385,0.39657092094421387,0.39657092094421387,0.4048318862915039,acopf_acdc_paper_study/cases/pglib_opf_case118_ieee/logs/oracle_ac_bounds_dual__Va.log,0,104,4.473878208861358e-07,9.40529762649398e-09,5.784291179367074e-08,2.6850720637989945e-07,4.473878208861358e-07,0.26,,,0.26,True,100.0,118,186,54,54,99,1,53,64,4242.0,1438.0,6515.0,0.0,7954.0,-5777.0,186,0,0,2,1,97213.6073933477,4380.685349063024,847.3006817899312,0.9843875343300034,1.0600000048079823,1.0329065308448389,0.01977192552113187,-0.5008763219557808,0.17980594106973685,-0.20762862450342362,0.1938389787941792,499.59398512526525,512.3251247661847,65.17657580580568,64.97815868874997,0.9999999874615756,1.000000003291432,0.2867774871419313,0.2867854719825953,0.0,4.982569579148333e-09,40,45,3,19,0,11,0,,,,,,0,,,,,,0,,,,,,1,0.0,0.0,0.0,0.0,0.0,0,0,1,1.7164935861625472e-07,1.3768219808696358e-07,4.907398372592869e-09,0.0,1.3768219808696358e-07,7.9662505560828e-05,5.6665114603421385e-05,2.2328719893396426e-06,3.534081933348476e-08,5.6665114603421385e-05,1.204416714815158e-06,9.073087210431652e-07,2.3237897566648934e-08,4.069728554156882e-09,9.073087210431652e-07,3.386794834554454e-07,2.5289416927254393e-07,9.25101214630101e-09,2.5967736294596477e-09,2.5289416927254393e-07,,,,,,,,,
2026-03-22T06:15:02Z,test_cases/pglib_opf_case118_ieee.mat,pglib_opf_case118_ieee,oracle_ac_bounds_dual__Pg_Qg,oracle_ac_bounds_dual,bounds_only,ac_true,1,0,Pg+Qg,2,,,optimal,ok,1,780.3209742442131,96433.28641909486,123.58156399860827,0,0.008260965347290039,0.018268108367919922,0.23752284049987793,0.25579094886779785,0.25579094886779785,0.2640519142150879,acopf_acdc_paper_study/cases/pglib_opf_case118_ieee/logs/oracle_ac_bounds_dual__Pg_Qg.log,0,51,4.4739466993752336e-07,9.411816920060486e-09,5.784291179367074e-08,2.6850899730125015e-07,4.4739466993752336e-07,0.126,,,0.126,False,100.0,118,186,54,54,99,1,53,64,4242.0,1438.0,6515.0,0.0,7954.0,-5777.0,186,0,0,2,1,97213.60739334779,4380.685349063039,847.3006817904526,0.984387534329207,1.0600000048079816,1.0329065308443024,0.019771925520248045,-0.5008763219565693,0.17980594107016976,-0.20762862450328948,0.19383897879414994,499.59398512536745,512.3251247665684,65.17657580535746,64.97815868830844,0.9999999874615743,1.000000003291436,0.28677748713921214,0.2867854719799062,0.0,4.9825757963972706e-09,40,45,3,19,0,11,1,0.0,0.0,0.0,0.0,0.0,1,0.0,0.0,0.0,0.0,0.0,0,,,,,,0,,,,,,0,0,1,1.7164427401394276e-07,1.3767724205138165e-07,4.907212369322127e-09,0.0,1.3767724205138165e-07,7.96584729616461e-05,5.666224663569697e-05,2.232758935486696e-06,3.5339964503389165e-08,5.666224663569697e-05,1.2043558121960613e-06,9.072628326389776e-07,2.3236676543366452e-08,4.069257819594441e-09,9.072628326389776e-07,3.386635187063371e-07,2.5288180055538234e-07,9.250700293130382e-09,2.5964339844808393e-09,2.5288180055538234e-07,,,,,,,,,
2026-03-22T06:15:03Z,test_cases/pglib_opf_case118_ieee.mat,pglib_opf_case118_ieee,oracle_ac_bounds_dual__Pg_Vm,oracle_ac_bounds_dual,bounds_only,ac_true,1,0,Pg+Vm,2,,,optimal,ok,1,780.3209742442136,96433.28641909493,123.58156399860837,0,0.008260965347290039,0.02400994300842285,0.3163571357727051,0.34036707878112793,0.34036707878112793,0.34862804412841797,acopf_acdc_paper_study/cases/pglib_opf_case118_ieee/logs/oracle_ac_bounds_dual__Pg_Vm.log,0,71,4.473892893794434e-07,8.924014722379263e-09,5.784291179367074e-08,2.685072072958118e-07,4.473892893794434e-07,0.184,,,0.184,True,100.0,118,186,54,54,99,1,53,64,4242.0,1438.0,6515.0,0.0,7954.0,-5777.0,186,0,0,2,1,97213.60739334786,4380.685349063069,847.3006817904096,0.9843875343298143,1.060000004807982,1.0329065308447485,0.01977192552114645,-0.5008763219559395,0.17980594107009382,-0.20762862450346745,0.19383897879434242,499.5939851252718,512.3251247662095,65.17657580581307,64.97815868875891,0.9999999874615747,1.000000003291432,0.286777487141932,0.2867854719826059,0.0,4.9825698011929376e-09,40,45,3,19,0,11,1,0.0,0.0,0.0,0.0,0.0,0,,,,,,1,0.0,0.0,0.0,0.0,0.0,0,,,,,,0,0,1,1.7165010034306721e-07,1.3768211992726265e-07,4.9073873246164665e-09,0.0,1.3768211992726265e-07,7.966250415035028e-05,5.6665113247755805e-05,2.232872285637094e-06,3.5343170563806314e-08,5.6665113247755805e-05,1.2044167415477662e-06,9.07308686848296e-07,2.3237930907210883e-08,4.0696447323185225e-09,9.07308686848296e-07,3.3867993343087066e-07,2.528943364166203e-07,9.251044925391406e-09,2.5964753472274005e-09,2.528943364166203e-07,,,,,,,,,
2026-03-22T06:15:04Z,test_cases/pglib_opf_case118_ieee.mat,pglib_opf_case118_ieee,oracle_ac_bounds_dual__Pg_Va,oracle_ac_bounds_dual,bounds_only,ac_true,1,0,Pg+Va,2,,,optimal,ok,1,780.3209742533046,96433.2864202275,123.58156400005977,0,0.008260965347290039,0.0238339900970459,0.740354061126709,0.7641880512237549,0.7641880512237549,0.7724490165710449,acopf_acdc_paper_study/cases/pglib_opf_case118_ieee/logs/oracle_ac_bounds_dual__Pg_Va.log,0,56,5.230141655396908e-07,1.1119227377845906e-08,5.784291090549232e-08,3.047672574411684e-07,5.230141655396908e-07,0.487,,,0.487,False,100.0,118,186,54,54,99,1,53,64,4242.0,1438.0,6515.0,0.0,7954.0,-5777.0,186,0,0,2,1,97213.60739448042,4380.685347953436,847.3006718492952,0.9843875301957998,1.0600000048079867,1.0329065213516553,0.019771907259258384,-0.5008763297986879,0.1798059440727557,-0.20762861669142962,0.19383897336185268,499.59398705035755,512.3251319850655,65.17656631451167,64.97814935031133,0.9999999874615771,1.0000000032913992,0.28677743174599835,0.28678541732060947,0.0,4.982519952179132e-09,40,45,3,19,0,11,1,0.0,0.0,0.0,0.0,0.0,0,,,,,,0,,,,,,1,0.0,0.0,0.0,0.0,0.0,0,0,1,1.099167126477913e-08,8.882550694977454e-09,3.1748342196550165e-10,0.0,8.882550694977454e-09,3.7060049286241907e-07,1.8280334984632773e-07,3.2416577635561556e-08,1.547530002754538e-08,1.8280334984632773e-07,3.7394604271002584e-08,2.8630398496432008e-08,1.4463152201306513e-09,4.771204542564078e-10,2.8630398496432008e-08,7.502406750744868e-09,4.650379373249969e-09,4.166367858446662e-10,2.7292350324170656e-10,4.650379373249969e-09,,,,,,,,,
2026-03-22T06:15:05Z,test_cases/pglib_opf_case118_ieee.mat,pglib_opf_case118_ieee,oracle_ac_bounds_dual__Qg_Vm,oracle_ac_bounds_dual,bounds_only,ac_true,1,0,Qg+Vm,2,,,optimal,ok,1,780.3209742442225,96433.28641909604,123.5815639986098,0,0.008260965347290039,0.018372058868408203,1.110395908355713,1.128767967224121,1.128767967224121,1.1370289325714111,acopf_acdc_paper_study/cases/pglib_opf_case118_ieee/logs/oracle_ac_bounds_dual__Qg_Vm.log,0,91,4.473905324532483e-07,8.924080128645425e-09,5.784291179367074e-08,2.6850710465623834e-07,4.473905324532483e-07,0.727,,,0.727,True,100.0,118,186,54,54,99,1,53,64,4242.0,1438.0,6515.0,0.0,7954.0,-5777.0,186,0,0,2,1,97213.60739334897,4380.685349063015,847.3006817881788,0.9843875343320644,1.0600000048079818,1.0329065308443048,0.01977192552237831,-0.5008763219551983,0.17980594106980188,-0.20762862450251696,0.19383897879371767,499.59398512528577,512.3251247662616,65.17657580556936,64.97815868856686,0.9999999874615737,1.0000000032914345,0.2867774871407328,0.28678547198177673,0.0,4.982573575951221e-09,40,45,3,19,0,11,0,,,,,,1,0.0,0.0,0.0,0.0,0.0,1,0.0,0.0,0.0,0.0,0.0,0,,,,,,0,0,1,1.7164910954146753e-07,1.3768323725571463e-07,4.907438315984122e-09,0.0,1.3768323725571463e-07,7.966277588253248e-05,5.6665276192885417e-05,2.232913225527975e-06,3.53386135840128e-08,5.6665276192885417e-05,1.2044199044603815e-06,9.073110216473168e-07,2.3239402881354212e-08,4.070780934561924e-09,9.073110216473168e-07,3.3867723031826275e-07,2.52893573193802e-07,9.250734009111117e-09,2.5966389594067607e-09,2.52893573193802e-07,,,,,,,,,
2026-03-22T06:15:05Z,test_cases/pglib_opf_case118_ieee.mat,pglib_opf_case118_ieee,oracle_ac_bounds_dual__Qg_Va,oracle_ac_bounds_dual,bounds_only,ac_true,1,0,Qg+Va,2,,,optimal,ok,1,780.3209742526778,96433.28642014941,123.58156399995971,0,0.008260965347290039,0.035462141036987305,0.5166940689086914,0.5521562099456787,0.5521562099456787,0.5604171752929688,acopf_acdc_paper_study/cases/pglib_opf_case118_ieee/logs/oracle_ac_bounds_dual__Qg_Va.log,0,72,5.174682070000213e-07,1.0990354324537699e-08,5.784291179367074e-08,3.020847712288074e-07,5.174682070000213e-07,0.327,,,0.327,False,100.0,118,186,54,54,99,1,53,64,4242.0,1438.0,6515.0,0.0,7954.0,-5777.0,186,0,0,2,1,97213.60739440234,4380.6853480340105,847.300672571615,0.9843875304938604,1.0600000048079847,1.03290652203835,0.019771908581588827,-0.5008763292318802,0.1798059438548035,-0.207628617257714,0.1938389737553965,499.5939869110135,512.3251314625423,65.17656700152865,64.97815002626338,0.9999999874615694,1.0000000032914005,0.28677743575551795,0.2867854212770076,0.0,4.982522283647484e-09,40,45,3,19,0,11,0,,,,,,1,0.0,0.0,0.0,0.0,0.0,0,,,,,,1,0.0,0.0,0.0,0.0,0.0,0,0,1,1.95018273803037e-08,1.5683850662639998e-08,5.804251728714006e-10,0.0,1.5683850662639998e-08,5.715935169289301e-06,4.0708949293755126e-06,1.8453573145920063e-07,1.5501589678557082e-08,4.0708949293755126e-06,9.494496902152156e-08,6.552400577675144e-08,2.8686368356064096e-09,7.322116246655241e-10,6.552400577675144e-08,2.4550392144579598e-08,1.7917990036142584e-08,7.096364317348491e-10,2.7051233475461345e-10,1.7917990036142584e-08,,,,,,,,,
2026-03-22T06:15:06Z,test_cases/pglib_opf_case118_ieee.mat,pglib_opf_case118_ieee,oracle_ac_bounds_dual__Vm_Va,oracle_ac_bounds_dual,bounds_only,ac_true,1,0,Vm+Va,2,,,optimal,ok,1,780.3209742534268,96433.28642024272,123.58156400007928,0,0.008260965347290039,0.03054499626159668,0.3675539493560791,0.3980989456176758,0.3980989456176758,0.4063599109649658,acopf_acdc_paper_study/cases/pglib_opf_case118_ieee/logs/oracle_ac_bounds_dual__Vm_Va.log,0,60,5.237953318356497e-07,1.0556981088572423e-08,5.784291179367074e-08,3.0512720478057723e-07,5.237953318356497e-07,0.225,,,0.225,False,100.0,118,186,54,54,99,1,53,64,4242.0,1438.0,6515.0,0.0,7954.0,-5777.0,186,0,0,2,1,97213.60739449564,4380.685347942922,847.3006717556877,0.9843875301544105,1.060000004807985,1.0329065212589223,0.01977190708245721,-0.5008763298757688,0.17980594410118236,-0.2076286166164246,0.19383897330942768,499.59398706905364,512.325132055175,65.17656622250422,64.9781492597922,0.9999999874615753,1.000000003291398,0.28677743120884436,0.2867854167906163,0.0,4.9825185088892e-09,40,45,3,19,0,11,0,,,,,,0,,,,,,1,0.0,0.0,0.0,0.0,0.0,1,0.0,0.0,0.0,0.0,0.0,0,0,1,1.0414779407701895e-08,8.693962882944106e-09,3.085540406882276e-10,0.0,8.693962882944106e-09,9.163235494723799e-07,6.087522364112141e-07,5.203042810801378e-08,1.4983636581478166e-08,6.087522364112141e-07,3.9155038251870826e-08,2.865569026511139e-08,1.5769244554221258e-09,4.6170256506883334e-10,2.865569026511139e-08,8.657968687850335e-09,4.676001454095857e-09,4.859237126798812e-10,2.9193342188094107e-10,4.676001454095857e-09,,,,,,,,,
2026-03-22T06:15:06Z,test_cases/pglib_opf_case118_ieee.mat,pglib_opf_case118_ieee,oracle_ac_bounds_dual__Pg_Qg_Vm,oracle_ac_bounds_dual,bounds_only,ac_true,1,0,Pg+Qg+Vm,3,,,optimal,ok,1,780.3209742442137,96433.28641909495,123.58156399860839,0,0.008260965347290039,0.028538227081298828,0.33470892906188965,0.3632471561431885,0.3632471561431885,0.3715081214904785,acopf_acdc_paper_study/cases/pglib_opf_case118_ieee/logs/oracle_ac_bounds_dual__Pg_Qg_Vm.log,0,53,4.4738981919259556e-07,8.923977087411064e-09,5.784291179367074e-08,2.685071989278296e-07,4.4738981919259556e-07,0.19,,,0.19,True,100.0,118,186,54,54,99,1,53,64,4242.0,1438.0,6515.0,0.0,7954.0,-5777.0,186,0,0,2,1,97213.60739334788,4380.685349063068,847.3006817902643,0.9843875343299692,1.060000004807982,1.0329065308447665,0.01977192552124451,-0.5008763219558952,0.17980594107009187,-0.2076286245034156,0.1938389787943041,499.5939851252724,512.325124766212,65.17657580580432,64.97815868875243,0.9999999874615743,1.000000003291432,0.2867774871419003,0.28678547198259097,0.0,4.9825698011929376e-09,40,45,3,19,0,11,1,0.0,0.0,0.0,0.0,0.0,1,0.0,0.0,0.0,0.0,0.0,1,0.0,0.0,0.0,0.0,0.0,0,,,,,,0,0,1,1.7164976439009104e-07,1.376818428155957e-07,4.907377107300496e-09,0.0,1.376818428155957e-07,7.966252528216263e-05,5.666512656227196e-05,2.2328746011263137e-06,3.534062486404421e-08,5.666512656227196e-05,1.2044169415173622e-06,9.073088842459498e-07,2.3237984412433737e-08,4.069712344900722e-09,9.073088842459498e-07,3.386798016874653e-07,2.5289431060393497e-07,9.251020658907017e-09,2.5964858874072405e-09,2.5289431060393497e-07,,,,,,,,,
2026-03-22T06:15:06Z,test_cases/pglib_opf_case118_ieee.mat,pglib_opf_case118_ieee,oracle_ac_bounds_dual__Pg_Qg_Va,oracle_ac_bounds_dual,bounds_only,ac_true,1,0,Pg+Qg+Va,3,,,optimal,ok,1,780.3209742442132,96433.28641909487,123.5815639986083,0,0.008260965347290039,0.03341794013977051,0.2666358947753906,0.30005383491516113,0.30005383491516113,0.30831480026245117,acopf_acdc_paper_study/cases/pglib_opf_case118_ieee/logs/oracle_ac_bounds_dual__Pg_Qg_Va.log,0,45,4.473893115153298e-07,9.405347577965615e-09,5.784291179367074e-08,2.6850725296611953e-07,4.473893115153298e-07,0.142,,,0.142,False,100.0,118,186,54,54,99,1,53,64,4242.0,1438.0,6515.0,0.0,7954.0,-5777.0,186,0,0,2,1,97213.6073933478,4380.685349063027,847.3006817899542,0.9843875343300106,1.060000004807982,1.032906530844812,0.019771925521133243,-0.5008763219558177,0.17980594106971778,-0.20762862450342814,0.1938389787941724,499.5939851252681,512.3251247661952,65.17657580579139,64.97815868873639,0.9999999874615743,1.000000003291432,0.28677748714184603,0.28678547198251525,0.0,4.982569579148333e-09,40,45,3,19,0,11,1,0.0,0.0,0.0,0.0,0.0,1,0.0,0.0,0.0,0.0,0.0,0,,,,,,1,0.0,0.0,0.0,0.0,0.0,0,0,1,1.7164953895930136e-07,1.376823792753612e-07,4.907404360468438e-09,0.0,1.376823792753612e-07,7.966240117303796e-05,5.666504008114415e-05,2.2328694173371036e-06,3.534064556970362e-08,5.666504008114415e-05,1.2044151282145031e-06,9.073075168952727e-07,2.3237888688628204e-08,4.069728110067672e-09,9.073075168952727e-07,3.386790911053011e-07,2.528938558565841e-07,9.25101310286686e-09,2.596790581177455e-09,2.528938558565841e-07,,,,,,,,,
2026-03-22T06:15:07Z,test_cases/pglib_opf_case118_ieee.mat,pglib_opf_case118_ieee,oracle_ac_bounds_dual__Pg_Vm_Va,oracle_ac_bounds_dual,bounds_only,ac_true,1,0,Pg+Vm+Va,3,,,optimal,ok,1,780.3209742443197,96433.28641910813,123.58156399862528,0,0.008260965347290039,0.008918046951293945,0.21393394470214844,0.22285199165344238,0.22285199165344238,0.23111295700073242,acopf_acdc_paper_study/cases/pglib_opf_case118_ieee/logs/oracle_ac_bounds_dual__Pg_Vm_Va.log,0,30,4.482548277070143e-07,8.936446965593212e-09,5.784291179367074e-08,2.6892030287148434e-07,4.482548277070143e-07,0.086,,,0.086,False,100.0,118,186,54,54,99,1,53,64,4242.0,1438.0,6515.0,0.0,7954.0,-5777.0,186,0,0,2,1,97213.60739336106,4380.685349050082,847.300681673939,0.9843875342818418,1.0600000048079823,1.032906530734091,0.019771925308138056,-0.5008763220472586,0.17980594110470285,-0.20762862441230034,0.1938389787307917,499.5939851477189,512.3251248503844,65.1765756950683,64.97815857979575,0.9999999874615753,1.0000000032914316,0.2867774864956033,0.2867854713448311,0.0,4.982569135059123e-09,40,45,3,19,0,11,1,0.0,0.0,0.0,0.0,0.0,0,,,,,,1,0.0,0.0,0.0,0.0,0.0,1,0.0,0.0,0.0,0.0,0.0,0,0,1,1.697089136381503e-07,1.361483157324983e-07,4.852996202342998e-09,0.0,1.361483157324983e-07,7.873250646099111e-05,5.600374590714052e-05,2.2070874563608774e-06,3.5178723739592854e-08,5.600374590714052e-05,1.1903827880184013e-06,8.967233307011213e-07,2.2980306210682174e-08,4.021459387715254e-09,8.967233307011213e-07,3.3471687730599846e-07,2.4993933916972466e-07,9.142824947621e-09,2.566561886629959e-09,2.4993933916972466e-07,,,,,,,,,
2026-03-22T06:15:07Z,test_cases/pglib_opf_case118_ieee.mat,pglib_opf_case118_ieee,oracle_ac_bounds_dual__Qg_Vm_Va,oracle_ac_bounds_dual,bounds_only,ac_true,1,0,Qg+Vm+Va,3,,,optimal,ok,1,780.3209742444375,96433.2864191228,123.58156399864409,0,0.008260965347290039,0.024604082107543945,0.41623711585998535,0.4408411979675293,0.4408411979675293,0.44910216331481934,acopf_acdc_paper_study/cases/pglib_opf_case118_ieee/logs/oracle_ac_bounds_dual__Qg_Vm_Va.log,0,93,4.4920412831265724e-07,8.956763295972318e-09,5.784291179367074e-08,2.693733901869804e-07,4.4920412831265724e-07,0.28,,,0.28,True,100.0,118,186,54,54,99,1,53,64,4242.0,1438.0,6515.0,0.0,7954.0,-5777.0,186,0,0,2,1,97213.60739337573,4380.685349035891,847.3006815466645,0.9843875342291799,1.0600000048079823,1.0329065306126264,0.019771925074744463,-0.5008763221474711,0.17980594114304269,-0.20762862431232387,0.19383897866126842,499.5939851723351,512.325124942692,65.17657557365756,64.97815846034483,0.999999987461575,1.0000000032914311,0.28677748578698903,0.28678547064564003,0.0,4.9825683579030056e-09,40,45,3,19,0,11,0,,,,,,1,0.0,0.0,0.0,0.0,0.0,1,0.0,0.0,0.0,0.0,0.0,1,0.0,0.0,0.0,0.0,0.0,0,0,1,1.67581906487024e-07,1.344670312874996e-07,4.7933672701219475e-09,0.0,1.344670312874996e-07,7.771308249833411e-05,5.52787796850307e-05,2.1788266460883948e-06,3.528197660418453e-08,5.52787796850307e-05,1.1749995506847654e-06,8.8512002949237e-07,2.2698075098378456e-08,3.9686197661481515e-09,8.8512002949237e-07,3.303729371639281e-07,2.467002412909203e-07,9.024205601603832e-09,2.5334197586990292e-09,2.467002412909203e-07,,,,,,,,,
2026-03-22T06:15:07Z,test_cases/pglib_opf_case118_ieee.mat,pglib_opf_case118_ieee,oracle_ac_bounds_dual__Pg_Qg_Vm_Va,oracle_ac_bounds_dual,bounds_only,ac_true,1,0,Pg+Qg+Vm+Va,4,,,optimal,ok,1,780.3209742443062,96433.28641910643,123.58156399862311,0,0.008260965347290039,0.02270984649658203,0.1814441680908203,0.20415401458740234,0.20415401458740234,0.21241497993469238,acopf_acdc_paper_study/cases/pglib_opf_case118_ieee/logs/oracle_ac_bounds_dual__Pg_Qg_Vm_Va.log,0,22,4.474007843475813e-07,8.917982032241677e-09,5.784291090549232e-08,2.6850715120112644e-07,4.474007843475813e-07,0.065,,,0.065,False,100.0,118,186,54,54,99,1,53,64,4242.0,1438.0,6515.0,0.0,7954.0,-5777.0,186,0,0,2,1,97213.60739335936,4380.685349054803,847.3006818459235,0.9843875342733521,1.0600000048079878,1.032906530757287,0.019771925468147565,-0.5008763219561261,0.17980594102677858,-0.20762862449955644,0.19383897879619538,499.59398512534403,512.3251247664806,65.17657579645976,64.97815868081443,0.9999999874615778,1.0000000032914282,0.2867774870738726,0.28678547192358267,0.0,4.982563917010907e-09,40,45,3,19,0,11,1,0.0,0.0,0.0,0.0,0.0,1,0.0,0.0,0.0,0.0,0.0,1,0.0,0.0,0.0,0.0,0.0,1,0.0,0.0,0.0,0.0,0.0,0,0,1,1.7228947776207268e-07,1.3844353752290317e-07,4.9371371621879915e-09,0.0,1.3844353752290317e-07,7.966266456551255e-05,5.666520222849525e-05,2.2332802641991326e-06,3.780884560988795e-08,5.666520222849525e-05,1.204563774310192e-06,9.073100344370033e-07,2.3303444547862683e-08,4.096297856470699e-09,9.073100344370033e-07,3.3867616828682297e-07,2.528916972499573e-07,9.265990861297955e-09,2.689278542911122e-09,2.528916972499573e-07,,,,,,,,,
2026-03-22T06:15:07Z,test_cases/pglib_opf_case118_ieee.mat,pglib_opf_case118_ieee,oracle_ac_primal_dual_all_bounds__Pg,oracle_ac_primal_dual_all_bounds,full_all_bounds,ac_true,1,0,Pg,1,,,optimal,ok,1,780.3209742442133,96433.28641909489,123.58156399860832,0,0.008260965347290039,0.017585277557373047,0.16854286193847656,0.1861281394958496,0.1861281394958496,0.19438910484313965,acopf_acdc_paper_study/cases/pglib_opf_case118_ieee/logs/oracle_ac_primal_dual_all_bounds__Pg.log,0,18,4.473893690245284e-07,9.411678609891115e-09,5.784291179367074e-08,2.6850719987139273e-07,4.473893690245284e-07,0.053,,,0.053,False,100.0,118,186,54,54,99,1,53,64,4242.0,1438.0,6515.0,0.0,7954.0,-5777.0,186,0,0,2,1,97213.60739334782,4380.685349063103,847.300681791133,0.9843875343293419,1.0600000048079823,1.03290653084472,0.019771925521209693,-0.5008763219562336,0.17980594106997666,-0.20762862450371886,0.1938389787944369,499.59398512527065,512.325124766205,65.17657580583479,64.97815868877983,0.9999999874615753,1.000000003291432,0.28677748714197737,0.2867854719826486,0.0,4.982569579148333e-09,40,45,3,19,0,11,1,0.0,0.0,0.0,0.0,0.0,0,,,,,,0,,,,,,0,,,,,,1,1,1,1.7165376905504178e-07,1.3768483064779957e-07,4.9074813435858704e-09,0.0,1.3768483064779957e-07,7.966252114648145e-05,5.6665125097055125e-05,2.2328720157267463e-06,3.534215559097831e-08,5.6665125097055125e-05,1.20441689495059e-06,9.073088764743886e-07,2.323784001005291e-08,4.069422576691295e-09,9.073088764743886e-07,3.386808981849656e-07,2.528947088409339e-07,9.25120235800061e-09,2.5965938219019158e-09,2.528947088409339e-07,,,,,,,,,
2026-03-22T06:15:08Z,test_cases/pglib_opf_case118_ieee.mat,pglib_opf_case118_ieee,oracle_ac_primal_dual_all_bounds__Qg,oracle_ac_primal_dual_all_bounds,full_all_bounds,ac_true,1,0,Qg,1,,,optimal,ok,1,780.3209742442133,96433.28641909489,123.58156399860832,0,0.008260965347290039,0.024773836135864258,0.2206881046295166,0.24546194076538086,0.24546194076538086,0.2537229061126709,acopf_acdc_paper_study/cases/pglib_opf_case118_ieee/logs/oracle_ac_primal_dual_all_bounds__Qg.log,0,33,4.473864758932796e-07,9.411687856739399e-09,5.784291179367074e-08,2.685072024749456e-07,4.473864758932796e-07,0.099,,,0.099,True,100.0,118,186,54,54,99,1,53,64,4242.0,1438.0,6515.0,0.0,7954.0,-5777.0,186,0,0,2,1,97213.60739334782,4380.685349063105,847.3006817911905,0.9843875343293178,1.060000004807982,1.032906530844699,0.019771925521206157,-0.5008763219562552,0.17980594106995684,-0.20762862450373482,0.19383897879444223,499.5939851252705,512.3251247662042,65.17657580583342,64.97815868877862,0.9999999874615748,1.000000003291432,0.2867774871419643,0.2867854719826365,0.0,4.98256991221524e-09,40,45,3,19,0,11,0,,,,,,1,0.0,0.0,0.0,0.0,0.0,0,,,,,,0,,,,,,1,1,1,1.7165427081655044e-07,1.3768528539515046e-07,4.907498026144313e-09,0.0,1.3768528539515046e-07,7.966251529213972e-05,5.666512100388488e-05,2.232871874496194e-06,3.534292586371279e-08,5.666512100388488e-05,1.2044168388138533e-06,9.073088136357654e-07,2.323785092222803e-08,4.0694109193495365e-09,9.073088136357654e-07,3.38680938647915e-07,2.528947138369375e-07,9.25121707064798e-09,2.596606284155367e-09,2.528947138369375e-07,,,,,,,,,
2026-03-22T06:15:08Z,test_cases/pglib_opf_case118_ieee.mat,pglib_opf_case118_ieee,oracle_ac_primal_dual_all_bounds__Vm,oracle_ac_primal_dual_all_bounds,full_all_bounds,ac_true,1,0,Vm,1,,,optimal,ok,1,780.3209742441383,96433.28641908553,123.58156399859632,0,0.008260965347290039,0.011181116104125977,0.1610558032989502,0.17223691940307617,0.17223691940307617,0.1804978847503662,acopf_acdc_paper_study/cases/pglib_opf_case118_ieee/logs/oracle_ac_primal_dual_all_bounds__Vm.log,0,19,4.4704855234883534e-07,8.921655258015832e-09,5.784291179367074e-08,2.685069276324405e-07,4.4704855234883534e-07,0.051,,,0.051,False,100.0,118,186,54,54,99,1,53,64,4242.0,1438.0,6515.0,0.0,7954.0,-5777.0,186,0,0,2,1,97213.60739333846,4380.685349062216,847.3006817800286,0.9843875343290485,1.0600000048080023,1.0329065308489487,0.0197719255164785,-0.5008763219490792,0.1798059410741724,-0.20762862449967467,0.19383897879348,499.5939851251873,512.3251247658789,65.17657580628187,64.9781586891084,0.9999999874615734,1.0000000032913987,0.2867774871454769,0.2867854719851286,0.0,4.982519508089922e-09,40,45,3,19,0,11,0,,,,,,0,,,,,,1,0.0,0.0,0.0,0.0,0.0,0,,,,,,1,1,1,1.7155226417527884e-07,1.375995939412178e-07,4.904488996059546e-09,0.0,1.375995939412178e-07,7.966301849300934e-05,5.6665537729899684e-05,2.2328177117031487e-06,3.5322265265480546e-08,5.6665537729899684e-05,1.2044258852999154e-06,9.073184286112479e-07,2.323328026105269e-08,4.069338865875238e-09,9.073184286112479e-07,3.38667490510928e-07,2.5289082611346103e-07,9.247770157844023e-09,2.592998801786983e-09,2.5289082611346103e-07,,,,,,,,,
2026-03-22T06:15:08Z,test_cases/pglib_opf_case118_ieee.mat,pglib_opf_case118_ieee,oracle_ac_primal_dual_all_bounds__Va,oracle_ac_primal_dual_all_bounds,full_all_bounds,ac_true,1,0,Va,1,,,optimal,ok,1,780.320974244286,96433.28641910394,123.58156399861991,0,0.008260965347290039,0.014610052108764648,0.13131976127624512,0.14592981338500977,0.14592981338500977,0.1541907787322998,acopf_acdc_paper_study/cases/pglib_opf_case118_ieee/logs/oracle_ac_primal_dual_all_bounds__Va.log,0,5,4.4798030540605046e-07,9.418647135494264e-09,5.784291179367074e-08,2.6878939175437355e-07,4.4798030540605046e-07,0.018,,,0.018,False,100.0,118,186,54,54,99,1,53,64,4242.0,1438.0,6515.0,0.0,7954.0,-5777.0,186,0,0,2,1,97213.60739335687,4380.685349054188,847.3006817107436,0.9843875342970745,1.0600000048079823,1.0329065307691714,0.019771925375632448,-0.5008763220182947,0.1798059410936441,-0.20762862444118035,0.19383897875088746,499.5939851406057,512.3251248237102,65.17657573015474,64.97815861431746,0.9999999874615756,1.0000000032914313,0.28677748670038156,0.28678547154689815,0.0,4.98256902403682e-09,40,45,3,19,0,11,0,,,,,,0,,,,,,0,,,,,,1,0.0,0.0,0.0,0.0,0.0,1,1,1,1.7032380881358312e-07,1.3663434117461293e-07,4.870233139384966e-09,0.0,1.3663434117461293e-07,7.902716863826225e-05,5.621329469063241e-05,2.2152571681568996e-06,3.52008254836389e-08,5.621329469063241e-05,1.1948292883771451e-06,9.000772147604863e-07,2.3061924797336e-08,4.036739165158565e-09,9.000772147604863e-07,3.359724384105075e-07,2.5087556815295287e-07,9.17710867118109e-09,2.576118499075797e-09,2.5087556815295287e-07,,,,,,,,,
2026-03-22T06:15:08Z,test_cases/pglib_opf_case118_ieee.mat,pglib_opf_case118_ieee,oracle_ac_primal_dual_all_bounds__Pg_Qg,oracle_ac_primal_dual_all_bounds,full_all_bounds,ac_true,1,0,Pg+Qg,2,,,optimal,ok,1,780.3209742442045,96433.28641909378,123.5815639986069,0,0.008260965347290039,0.026701688766479492,0.14594101905822754,0.17264270782470703,0.17264270782470703,0.18090367317199707,acopf_acdc_paper_study/cases/pglib_opf_case118_ieee/logs/oracle_ac_primal_dual_all_bounds__Pg_Qg.log,0,13,4.473593506800373e-07,9.411550724234667e-09,5.784291179367074e-08,2.685060930469006e-07,4.473593506800373e-07,0.037,,,0.037,False,100.0,118,186,54,54,99,1,53,64,4242.0,1438.0,6515.0,0.0,7954.0,-5777.0,186,0,0,2,1,97213.60739334671,4380.68534906312,847.3006817908173,0.9843875343291182,1.0600000048079827,1.03290653084543,0.019771925521513377,-0.5008763219556759,0.17980594107009962,-0.20762862450395717,0.1938389787946614,499.59398512523825,512.3251247660817,65.1765758061802,64.97815868910574,0.9999999874615743,1.0000000032914311,0.28677748714405144,0.28678547198457344,0.0,4.9825683579030056e-09,40,45,3,19,0,11,1,0.0,0.0,0.0,0.0,0.0,1,0.0,0.0,0.0,0.0,0.0,0,,,,,,0,,,,,,1,1,1,1.7165825901003125e-07,1.3768766038424474e-07,4.907583179224335e-09,0.0,1.3768766038424474e-07,7.966500418788047e-05,5.666689429870142e-05,2.2329325788965484e-06,3.534068751531727e-08,5.666689429870142e-05,1.2044547088531404e-06,9.073376010526601e-07,2.3238082691633956e-08,4.0694598801849224e-09,9.073376010526601e-07,3.3869153778455176e-07,2.529025655007011e-07,9.251462955904949e-09,2.596506648577801e-09,2.529025655007011e-07,,,,,,,,,
2026-03-22T06:15:08Z,test_cases/pglib_opf_case118_ieee.mat,pglib_opf_case118_ieee,oracle_ac_primal_dual_all_bounds__Pg_Vm,oracle_ac_primal_dual_all_bounds,full_all_bounds,ac_true,1,0,Pg+Vm,2,,,optimal,ok,1,780.3209742439244,96433.28641905887,123.58156399856216,0,0.008260965347290039,0.011054039001464844,0.16588902473449707,0.17694306373596191,0.17694306373596191,0.18520402908325195,acopf_acdc_paper_study/cases/pglib_opf_case118_ieee/logs/oracle_ac_primal_dual_all_bounds__Pg_Vm.log,0,19,4.460367265952999e-07,8.914463008807458e-09,5.784291268184916e-08,2.6850520731314574e-07,4.460367265952999e-07,0.052,,,0.052,False,100.0,118,186,54,54,99,1,53,64,4242.0,1438.0,6515.0,0.0,7954.0,-5777.0,186,0,0,2,1,97213.6073933118,4380.685349062325,847.3006817908216,0.9843875343090291,1.0600000048080633,1.032906530857972,0.019771925505010984,-0.5008763219482624,0.17980594107886905,-0.20762862450554345,0.19383897879826134,499.5939851247549,512.3251247642179,65.17657580939292,64.97815869167161,0.9999999874615647,1.000000003291215,0.2867774871629875,0.28678547199832355,0.0,4.9822413972222535e-09,40,45,3,19,0,11,1,0.0,0.0,0.0,0.0,0.0,0,,,,,,1,0.0,0.0,0.0,0.0,0.0,0,,,,,,1,1,1,1.715734726087918e-07,1.3759247785571915e-07,4.9042067791413846e-09,0.0,1.3759247785571915e-07,7.96663309210066e-05,5.6668231777162736e-05,2.232576100920119e-06,3.5301068165849436e-08,5.6668231777162736e-05,1.2044891363513351e-06,9.073715527829762e-07,2.3217064880790052e-08,4.058934521822266e-09,9.073715527829762e-07,3.387060085471582e-07,2.5291142446981496e-07,9.24955222888093e-09,2.589771140593111e-09,2.5291142446981496e-07,,,,,,,,,
2026-03-22T06:15:08Z,test_cases/pglib_opf_case118_ieee.mat,pglib_opf_case118_ieee,oracle_ac_primal_dual_all_bounds__Pg_Va,oracle_ac_primal_dual_all_bounds,full_all_bounds,ac_true,1,0,Pg+Va,2,,,optimal,ok,1,780.3209742442683,96433.28641910176,123.58156399861711,0,0.008260965347290039,0.03070211410522461,0.1266648769378662,0.15736699104309082,0.15736699104309082,0.16562795639038086,acopf_acdc_paper_study/cases/pglib_opf_case118_ieee/logs/oracle_ac_primal_dual_all_bounds__Pg_Va.log,0,5,4.4783480997867175e-07,9.41532385885595e-09,5.784291179367074e-08,2.687197890286967e-07,4.4783480997867175e-07,0.015,,,0.015,False,100.0,118,186,54,54,99,1,53,64,4242.0,1438.0,6515.0,0.0,7954.0,-5777.0,186,0,0,2,1,97213.60739335469,4380.685349056371,847.3006817302867,0.9843875343051971,1.0600000048079823,1.0329065307878285,0.01977192541152284,-0.500876322002885,0.17980594108775125,-0.2076286244565336,0.19383897876156672,499.5939851368228,512.3251248095241,65.1765757488114,64.97815863267375,0.9999999874615756,1.0000000032914318,0.286777486809274,0.28678547165434826,0.0,4.982569357103728e-09,40,45,3,19,0,11,1,0.0,0.0,0.0,0.0,0.0,0,,,,,,0,,,,,,1,0.0,0.0,0.0,0.0,0.0,1,1,1,1.7065079339244103e-07,1.3689282418738458e-07,4.879400589264707e-09,0.0,1.3689282418738458e-07,7.9183855735989e-05,5.632472266384192e-05,2.219601422173877e-06,3.5235308941394816e-08,5.632472266384192e-05,1.1971937351605547e-06,9.018606490496239e-07,2.3105328927908175e-08,4.04487587868374e-09,9.018606490496239e-07,3.366400658286728e-07,2.513734020381797e-07,9.195337434933932e-09,2.581210481467089e-09,2.513734020381797e-07,,,,,,,,,
2026-03-22T06:15:09Z,test_cases/pglib_opf_case118_ieee.mat,pglib_opf_case118_ieee,oracle_ac_primal_dual_all_bounds__Qg_Vm,oracle_ac_primal_dual_all_bounds,full_all_bounds,ac_true,1,0,Qg+Vm,2,,,optimal,ok,1,780.3209742442131,96433.28641909486,123.58156399860827,0,0.008260965347290039,0.018817901611328125,0.16344070434570312,0.18225860595703125,0.18225860595703125,0.1905195713043213,acopf_acdc_paper_study/cases/pglib_opf_case118_ieee/logs/oracle_ac_primal_dual_all_bounds__Qg_Vm.log,0,18,4.473851643872966e-07,8.924045781567305e-09,5.784291179367074e-08,2.68507173116253e-07,4.473851643872966e-07,0.05,,,0.05,False,100.0,118,186,54,54,99,1,53,64,4242.0,1438.0,6515.0,0.0,7954.0,-5777.0,186,0,0,2,1,97213.60739334779,4380.685349063078,847.3006817904578,0.984387534329823,1.060000004807982,1.032906530844801,0.019771925521195444,-0.5008763219559613,0.1798059410701043,-0.20762862450350283,0.1938389787943578,499.5939851252692,512.3251247661997,65.17657580583004,64.97815868877454,0.9999999874615756,1.000000003291433,0.286777487142034,0.28678547198269966,0.0,4.982571133460567e-09,40,45,3,19,0,11,0,,,,,,1,0.0,0.0,0.0,0.0,0.0,1,0.0,0.0,0.0,0.0,0.0,0,,,,,,1,1,1,1.7165045850766107e-07,1.3768226736488032e-07,4.90739087933761e-09,0.0,1.3768226736488032e-07,7.966258083642115e-05,5.666516806712707e-05,2.2328739615170634e-06,3.5340661445892874e-08,5.666516806712707e-05,1.204417849619136e-06,9.073095728062697e-07,2.3237911850891272e-08,4.069640513471029e-09,9.073095728062697e-07,3.386803676858657e-07,2.528946210778038e-07,9.251063503735895e-09,2.5964832159330875e-09,2.528946210778038e-07,,,,,,,,,
2026-03-22T06:15:09Z,test_cases/pglib_opf_case118_ieee.mat,pglib_opf_case118_ieee,oracle_ac_primal_dual_all_bounds__Qg_Va,oracle_ac_primal_dual_all_bounds,full_all_bounds,ac_true,1,0,Qg+Va,2,,,optimal,ok,1,780.3209742742785,96433.28642284045,123.58156400340835,0,0.008260965347290039,0.01749587059020996,0.12757301330566406,0.14506888389587402,0.14506888389587402,0.15332984924316406,acopf_acdc_paper_study/cases/pglib_opf_case118_ieee/logs/oracle_ac_primal_dual_all_bounds__Qg_Va.log,0,5,7.08089112400741e-07,1.5338819318688518e-08,5.784291090549232e-08,3.943944079800294e-07,7.08089112400741e-07,0.015,,,0.015,False,100.0,118,186,54,54,99,1,53,64,4242.0,1438.0,6515.0,0.0,7954.0,-5777.0,186,0,0,2,1,97213.60739709338,4380.68534540905,847.3006490561584,0.9843875207091718,1.0600000048079907,1.0329064995769355,0.019771865376593728,-0.500876347792466,0.1798059509592832,-0.20762859877488563,0.19383896090270264,499.5939914663299,512.3251485444175,65.1765445591172,64.97812794578607,0.9999999874615767,1.0000000032913356,0.2867773047812479,0.2867852920408077,0.0,4.982423695842897e-09,40,45,3,19,0,11,0,,,,,,1,0.0,0.0,0.0,0.0,0.0,0,,,,,,1,0.0,0.0,0.0,0.0,0.0,1,1,1,3.776833207705448e-07,2.9552205838001555e-07,1.0462582713574269e-08,0.0,2.9552205838001555e-07,0.00018293350372355517,0.00013007741380177684,5.078998764838633e-06,4.8975387967331585e-08,0.00013007741380177684,2.760956135141995e-06,2.081559725697346e-06,5.0800322343263756e-08,6.142113040397135e-09,2.081559725697346e-06,7.805728131847738e-07,5.814227639344693e-07,2.186887269798726e-08,6.232587099197495e-09,5.814227639344693e-07,,,,,,,,,
2026-03-22T06:15:09Z,test_cases/pglib_opf_case118_ieee.mat,pglib_opf_case118_ieee,oracle_ac_primal_dual_all_bounds__Vm_Va,oracle_ac_primal_dual_all_bounds,full_all_bounds,ac_true,1,0,Vm+Va,2,,,optimal,ok,1,780.3209742615993,96433.28642126085,123.58156400138405,0,0.008260965347290039,0.01925492286682129,0.12729310989379883,0.14654803276062012,0.14654803276062012,0.15480899810791016,acopf_acdc_paper_study/cases/pglib_opf_case118_ieee/logs/oracle_ac_primal_dual_all_bounds__Vm_Va.log,0,3,5.94208790637677e-07,1.2076799857985098e-08,5.784291090549232e-08,3.3909574575689814e-07,5.94208790637677e-07,0.013,,,0.013,False,100.0,118,186,54,54,99,1,53,64,4242.0,1438.0,6515.0,0.0,7954.0,-5777.0,186,0,0,2,1,97213.60739551378,4380.68534694834,847.3006628467413,0.9843875264486978,1.0600000048079872,1.032906512747561,0.019771890715183118,-0.5008763369062231,0.17980594679188117,-0.20762860961373422,0.19383896843988974,499.59398879514214,512.3251385278038,65.17655771817557,64.97814089258542,0.9999999874615767,1.0000000032913736,0.2867773815756574,0.28678536781591873,0.0,4.982481427440177e-09,40,45,3,19,0,11,0,,,,,,0,,,,,,1,0.0,0.0,0.0,0.0,0.0,1,0.0,0.0,0.0,0.0,0.0,1,1,1,1.4661492679617454e-07,1.1299304070178096e-07,3.987301763230671e-09,0.0,1.1299304070178096e-07,7.2302809474456e-05,5.140269501888173e-05,2.010609483232351e-06,4.408052779736327e-08,5.140269501888173e-05,1.0910825618207088e-06,8.223470453483372e-07,2.031206453034784e-08,2.6995191637624316e-09,8.223470453483372e-07,3.0913568898390135e-07,2.2992491216511368e-07,8.81474702690802e-09,2.42206626283048e-09,2.2992491216511368e-07,,,,,,,,,
2026-03-22T06:15:09Z,test_cases/pglib_opf_case118_ieee.mat,pglib_opf_case118_ieee,oracle_ac_primal_dual_all_bounds__Pg_Qg_Vm,oracle_ac_primal_dual_all_bounds,full_all_bounds,ac_true,1,0,Pg+Qg+Vm,3,,,optimal,ok,1,780.3209742444586,96433.28641912543,123.58156399864745,0,0.008260965347290039,0.020573139190673828,0.15852975845336914,0.17910289764404297,0.17910289764404297,0.187363862991333,acopf_acdc_paper_study/cases/pglib_opf_case118_ieee/logs/oracle_ac_primal_dual_all_bounds__Pg_Qg_Vm.log,0,19,4.4829794794625934e-07,8.92578770159541e-09,5.784291090549232e-08,2.685000984257281e-07,4.4829794794625934e-07,0.049,,,0.049,False,100.0,118,186,54,54,99,1,53,64,4242.0,1438.0,6515.0,0.0,7954.0,-5777.0,186,0,0,2,1,97213.60739337836,4380.685349049051,847.3006815649063,0.9843875344217593,1.0600000048079297,1.032906530862354,0.01977192551296031,-0.5008763218554008,0.17980594110774076,-0.2076286244169562,0.19383897875874126,499.59398512561836,512.3251247675462,65.17657579917602,64.97815868351519,0.9999999874615809,1.0000000032914695,0.2867774871195705,0.2867854719678312,0.0,4.982626533589496e-09,40,45,3,19,0,11,1,0.0,0.0,0.0,0.0,0.0,1,0.0,0.0,0.0,0.0,0.0,1,0.0,0.0,0.0,0.0,0.0,0,,,,,,1,1,1,1.6987113324193353e-07,1.3633518669564637e-07,4.860101494302787e-09,0.0,1.3633518669564637e-07,7.967945374151136e-05,5.6676479833372984e-05,2.234037690034999e-06,3.523954586470701e-08,5.6676479833372984e-05,1.2046302701695192e-06,9.0748050607381e-07,2.326115252204907e-08,4.123603236649842e-09,9.0748050607381e-07,3.3840204427729695e-07,2.5282060184261823e-07,9.192746130936327e-09,2.5598661385073385e-09,2.5282060184261823e-07,,,,,,,,,
2026-03-22T06:15:09Z,test_cases/pglib_opf_case118_ieee.mat,pglib_opf_case118_ieee,oracle_ac_primal_dual_all_bounds__Pg_Qg_Va,oracle_ac_primal_dual_all_bounds,full_all_bounds,ac_true,1,0,Pg+Qg+Va,3,,,optimal,ok,1,780.3209742767923,96433.28642315361,123.58156400380966,0,0.008260965347290039,0.021337032318115234,0.1332683563232422,0.15460538864135742,0.15460538864135742,0.16286635398864746,acopf_acdc_paper_study/cases/pglib_opf_case118_ieee/logs/oracle_ac_primal_dual_all_bounds__Pg_Qg_Va.log,0,5,7.313887910452942e-07,1.5873223590599835e-08,5.784291090549232e-08,4.057541761836046e-07,7.313887910452942e-07,0.016,,,0.016,False,100.0,118,186,54,54,99,1,53,64,4242.0,1438.0,6515.0,0.0,7954.0,-5777.0,186,0,0,2,1,97213.60739740654,4380.685345103682,847.3006463205055,0.9843875195709646,1.0600000048079914,1.032906496964181,0.01977186035092713,-0.5008763499516833,0.17980595178579414,-0.20762859662474786,0.19383895940756796,499.59399199626785,512.3251505316148,65.17654194980896,64.9781253786048,0.9999999874615785,1.0000000032913283,0.28677728955435994,0.2867852770162394,0.0,4.982412926679558e-09,40,45,3,19,0,11,1,0.0,0.0,0.0,0.0,0.0,1,0.0,0.0,0.0,0.0,0.0,0,,,,,,1,0.0,0.0,0.0,0.0,0.0,1,1,1,4.235430806877582e-07,3.3172586455521014e-07,1.1746915132218536e-08,0.0,3.3172586455521014e-07,0.00020487677500003842,0.00014568227355002406,5.687852860615857e-06,4.896909953922002e-08,0.00014568227355002406,3.092220786901342e-06,2.3313204358110795e-06,5.689309166057974e-08,6.850988443218853e-09,2.3313204358110795e-06,8.74088955464886e-07,6.51141596919036e-07,2.445851022111138e-08,6.958312023797042e-09,6.51141596919036e-07,,,,,,,,,
2026-03-22T06:15:09Z,test_cases/pglib_opf_case118_ieee.mat,pglib_opf_case118_ieee,oracle_ac_primal_dual_all_bounds__Pg_Vm_Va,oracle_ac_primal_dual_all_bounds,full_all_bounds,ac_true,1,0,Pg+Vm+Va,3,,,optimal,ok,1,780.3209742615787,96433.2864212583,123.58156400138077,0,0.008260965347290039,0.028028011322021484,0.12807774543762207,0.15610575675964355,0.15610575675964355,0.1643667221069336,acopf_acdc_paper_study/cases/pglib_opf_case118_ieee/logs/oracle_ac_primal_dual_all_bounds__Pg_Vm_Va.log,0,3,5.940029341405029e-07,1.2072161808072127e-08,5.784291090549232e-08,3.389969633089483e-07,5.940029341405029e-07,0.014,,,0.014,False,100.0,118,186,54,54,99,1,53,64,4242.0,1438.0,6515.0,0.0,7954.0,-5777.0,186,0,0,2,1,97213.60739551122,4380.685346951184,847.3006628722115,0.9843875264592544,1.0600000048079872,1.0329065127717922,0.019771890761816017,-0.5008763368861773,0.17980594678419287,-0.20762860963369462,0.19383896845377036,499.59398879021916,512.3251385093438,65.1765577424106,64.97814091642992,0.9999999874615766,1.0000000032913738,0.28677738171709233,0.2867853679554795,0.0,4.982481649484782e-09,40,45,3,19,0,11,1,0.0,0.0,0.0,0.0,0.0,0,,,,,,1,0.0,0.0,0.0,0.0,0.0,1,0.0,0.0,0.0,0.0,0.0,1,1,1,1.4619001534713876e-07,1.1265673371951834e-07,3.9753725325893756e-09,0.0,1.1265673371951834e-07,7.20991090195529e-05,5.125783223056124e-05,2.004959732240992e-06,4.398150604822959e-08,5.125783223056124e-05,1.0880089888409902e-06,8.200284695725202e-07,2.0256818800511425e-08,2.6949864562197945e-09,8.200284695725202e-07,3.082677840687065e-07,2.2927769549596633e-07,8.790708195014932e-09,2.414496533265087e-09,2.2927769549596633e-07,,,,,,,,,
2026-03-22T06:15:10Z,test_cases/pglib_opf_case118_ieee.mat,pglib_opf_case118_ieee,oracle_ac_primal_dual_all_bounds__Qg_Vm_Va,oracle_ac_primal_dual_all_bounds,full_all_bounds,ac_true,1,0,Qg+Vm+Va,3,,,optimal,ok,1,780.3209742433972,96433.28641899323,123.58156399847803,0,0.008260965347290039,0.00888681411743164,0.13376998901367188,0.14265680313110352,0.14265680313110352,0.15091776847839355,acopf_acdc_paper_study/cases/pglib_opf_case118_ieee/logs/oracle_ac_primal_dual_all_bounds__Qg_Vm_Va.log,0,3,4.40734920309114e-07,8.775441901980159e-09,5.784291179367074e-08,2.653334359489007e-07,4.40734920309114e-07,0.01,,,0.01,False,100.0,118,186,54,54,99,1,53,64,4242.0,1438.0,6515.0,0.0,7954.0,-5777.0,186,0,0,2,1,97213.60739324616,4380.685349162697,847.3006826827007,0.9843875347015938,1.0600000048079818,1.0329065316977488,0.019771927161757127,-0.5008763212511234,0.1798059407999544,-0.2076286252051492,0.19383897928215219,499.5939849523204,512.3251241176604,65.17657665865607,64.97815952787154,0.9999999874615747,1.0000000032914353,0.2867774921197598,0.2867854768945069,0.0,4.982574797196548e-09,40,45,3,19,0,11,0,,,,,,1,0.0,0.0,0.0,0.0,0.0,1,0.0,0.0,0.0,0.0,0.0,1,0.0,0.0,0.0,0.0,0.0,1,1,1,1.8659710921273212e-07,1.4949749171933036e-07,5.32645426071017e-09,0.0,1.4949749171933036e-07,8.682514747248371e-05,6.175882026995816e-05,2.4314621500829076e-06,3.6916693417488045e-08,6.175882026995816e-05,1.3125076362613386e-06,9.888348118103352e-07,2.522207512525148e-08,4.441803258536936e-09,9.888348118103352e-07,3.691986685789264e-07,2.756513726165366e-07,1.008422733410947e-08,2.8298547463667667e-09,2.756513726165366e-07,,,,,,,,,
2026-03-22T06:15:10Z,test_cases/pglib_opf_case118_ieee.mat,pglib_opf_case118_ieee,oracle_ac_primal_dual_all_bounds__Pg_Qg_Vm_Va,oracle_ac_primal_dual_all_bounds,full_all_bounds,ac_true,1,0,Pg+Qg+Vm+Va,4,,,optimal,ok,1,780.3209742622297,96433.28642133939,123.5815640014847,0,0.008260965347290039,0.015860795974731445,0.1262650489807129,0.14212584495544434,0.14212584495544434,0.15038681030273438,acopf_acdc_paper_study/cases/pglib_opf_case118_ieee/logs/oracle_ac_primal_dual_all_bounds__Pg_Qg_Vm_Va.log,0,2,6.000914436217357e-07,1.220563926174948e-08,5.784291179367074e-08,3.4192483397166944e-07,6.000914436217357e-07,0.008,,,0.008,False,100.0,118,186,54,54,99,1,53,64,4242.0,1438.0,6515.0,0.0,7954.0,-5777.0,186,0,0,2,1,97213.60739559232,4380.6853468671225,847.3006621211574,0.9843875261457514,1.0600000048079878,1.0329065120531506,0.019771889381067415,-0.5008763374793715,0.17980594701137084,-0.20762860904289399,0.1938389680430728,499.5939889360014,512.3251390560106,65.1765570251344,64.97814021072345,0.9999999874619899,1.0000000032913738,0.2867773775308203,0.2867853638247389,0.0,4.982481871529387e-09,40,45,3,19,0,11,1,0.0,0.0,0.0,0.0,0.0,1,0.0,0.0,0.0,0.0,0.0,1,0.0,0.0,0.0,0.0,0.0,1,0.0,0.0,0.0,0.0,0.0,1,1,1,1.587622616262846e-07,1.22599871588136e-07,4.3280707458196e-09,0.0,1.22599871588136e-07,7.81269808604706e-05,5.554457578282879e-05,2.172155354544801e-06,4.6916104584626694e-08,5.554457578282879e-05,1.178967743228582e-06,8.886392999229997e-07,2.1893943390829435e-08,2.699307333209333e-09,8.886392999229997e-07,3.3395181097275455e-07,2.4842993712193007e-07,9.502218613857649e-09,2.622109779304438e-09,2.4842993712193007e-07,,,,,,,,,
2026-03-22T06:15:10Z,test_cases/pglib_opf_case118_ieee.mat,pglib_opf_case118_ieee,oracle_ac_dual_only_constraint__none,oracle_ac_dual_only_constraint,constraint_only,ac_true,1,0,,0,,,optimal,ok,1,780.3209742442679,96433.28641910169,123.58156399861703,0,0.008260965347290039,0.017577171325683594,0.2071669101715088,0.22474408149719238,0.22474408149719238,0.23300504684448242,acopf_acdc_paper_study/cases/pglib_opf_case118_ieee/logs/oracle_ac_dual_only_constraint__none.log,0,35,4.4782830060607995e-07,9.4216011323573e-09,5.784291179367074e-08,2.6871688227130995e-07,4.4782830060607995e-07,0.087,,,0.087,False,100.0,118,186,54,54,99,1,53,64,4242.0,1438.0,6515.0,0.0,7954.0,-5777.0,186,0,0,2,1,97213.60739335461,4380.685349056536,847.3006817322894,0.9843875343048519,1.0600000048079823,1.032906530788498,0.01977192541307234,-0.5008763220026836,0.17980594108775602,-0.20762862445746633,0.19383897876227205,499.59398513666986,512.3251248089513,65.17657574962043,64.9781586334705,0.9999999874615747,1.0000000032914316,0.28677748681387205,0.28678547165888885,0.0,4.982569135059123e-09,40,45,3,19,0,11,0,,,,,,0,,,,,,0,,,,,,0,,,,,,1,1,0,1.7066867151911542e-07,1.3690607758576334e-07,4.879860599760959e-09,0.0,1.3690607758576334e-07,7.919040002160078e-05,5.632937636587676e-05,2.219782100214693e-06,3.523827617202269e-08,5.632937636587676e-05,1.1972924488876713e-06,9.019351288053201e-07,2.3107058739117702e-08,4.0448985272334426e-09,9.019351288053201e-07,3.366692900139731e-07,2.513946830151603e-07,9.196282492915017e-09,2.581233220222412e-09,2.513946830151603e-07,,,,,,,,,
2026-03-22T06:15:10Z,test_cases/pglib_opf_case118_ieee.mat,pglib_opf_case118_ieee,oracle_ac_dual_only_bounds__none,oracle_ac_dual_only_bounds,all_bounds_only,ac_true,1,0,,0,,,optimal,ok,1,780.3209742442133,96433.2864190949,123.58156399860833,0,0.008260965347290039,0.01411294937133789,0.2361128330230713,0.2502257823944092,0.2502257823944092,0.2584867477416992,acopf_acdc_paper_study/cases/pglib_opf_case118_ieee/logs/oracle_ac_dual_only_bounds__none.log,0,45,4.473894071478788e-07,9.4116829498034e-09,5.784291179367074e-08,2.685074561713466e-07,4.473894071478788e-07,0.124,,,0.124,True,100.0,118,186,54,54,99,1,53,64,4242.0,1438.0,6515.0,0.0,7954.0,-5777.0,186,0,0,2,1,97213.60739334783,4380.685349063095,847.3006817910507,0.9843875343293107,1.0600000048079823,1.0329065308446554,0.019771925521073132,-0.5008763219562834,0.17980594107000236,-0.2076286245036584,0.19383897879439657,499.5939851252846,512.3251247662569,65.17657580576653,64.97815868871254,0.9999999874615743,1.000000003291432,0.28677748714157975,0.28678547198225485,0.0,4.9825698011929376e-09,40,45,3,19,0,11,0,,,,,,0,,,,,,0,,,,,,0,,,,,,0,0,1,1.716524465980034e-07,1.3768378259726433e-07,4.907444034258235e-09,0.0,1.3768378259726433e-07,7.966194384065275e-05,5.666471462814626e-05,2.2328559184929573e-06,3.534199303351082e-08,5.666471462814626e-05,1.204408185957155e-06,9.073023099492872e-07,2.3237675548388286e-08,4.069392045558118e-09,9.073023099492872e-07,3.3867842251604726e-07,2.528928692013821e-07,9.251131505327996e-09,2.596571721524832e-09,2.528928692013821e-07,,,,,,,,,
2026-03-22T06:15:10Z,test_cases/pglib_opf_case118_ieee.mat,pglib_opf_case118_ieee,oracle_ac_dual_only_full__none,oracle_ac_dual_only_full,full_all_bounds,ac_true,1,0,,0,,,optimal,ok,1,780.3209742442664,96433.28641910151,123.5815639986168,0,0.008260965347290039,0.023147106170654297,0.19267487525939941,0.2158219814300537,0.2158219814300537,0.22408294677734375,acopf_acdc_paper_study/cases/pglib_opf_case118_ieee/logs/oracle_ac_dual_only_full__none.log,0,32,4.4781972199225086e-07,9.42141244431167e-09,5.784291179367074e-08,2.6871266475769697e-07,4.4781972199225086e-07,0.077,,,0.077,True,100.0,118,186,54,54,99,1,53,64,4242.0,1438.0,6515.0,0.0,7954.0,-5777.0,186,0,0,2,1,97213.60739335444,4380.685349056666,847.3006817334622,0.9843875343053434,1.0600000048079823,1.0329065307896321,0.019771925415243176,-0.500876322001744,0.17980594108739437,-0.20762862445839508,0.19383897876291645,499.59398513644055,512.325124808091,65.17657575075121,64.97815863458294,0.9999999874615764,1.0000000032914313,0.2867774868204727,0.286785471665401,0.0,4.982568801992215e-09,40,45,3,19,0,11,0,,,,,,0,,,,,,0,,,,,,0,,,,,,1,1,1,1.7068843641907801e-07,1.3692170597323639e-07,4.88041533958314e-09,0.0,1.3692170597323639e-07,7.919989472560767e-05,5.6336128592543444e-05,2.2200452794611408e-06,3.524034512814023e-08,5.6336128592543444e-05,1.197435728515631e-06,9.020432027995184e-07,2.310968467719109e-08,4.045390800122561e-09,9.020432027995184e-07,3.3670973482641954e-07,2.514248458318491e-07,9.197385565872556e-09,2.581545317792422e-09,2.514248458318491e-07,,,,,,,,,
2026-03-22T06:15:11Z,test_cases/pglib_opf_case118_ieee.mat,pglib_opf_case118_ieee,dc_seed__Pg,dc_seed,none,dcopf,0,1,Pg,1,,,optimal,ok,1,780.3209742518941,96433.28642005175,123.58156399983456,0,0.008260965347290039,0.01957416534423828,0.17080402374267578,0.19037818908691406,0.21802401542663574,0.22628498077392578,acopf_acdc_paper_study/cases/pglib_opf_case118_ieee/logs/dc_seed__Pg.log,0,22,4.331130566157295e-07,1.0589882707393297e-08,5.784286560839291e-08,3.005974283846936e-07,4.331130566157295e-07,0.063,,,0.063,False,100.0,118,186,54,54,99,1,53,64,4242.0,1438.0,6515.0,0.0,7954.0,-5777.0,186,0,0,2,1,97213.60739430468,4380.685348143529,847.3006730119166,0.9843875308363741,1.0600000048041842,1.032906523441718,0.019771909276566583,-0.5008763294867973,0.1798059439950004,-0.20762861791968146,0.1938389741429136,499.5939866938474,512.32513064598,65.17656756056624,64.97815055733803,0.9999999874572046,1.0000000032914111,0.2867774390969657,0.28678542445514754,0.0,4.982538270859038e-09,40,45,3,19,0,11,1,2.64888118888198,1.8930316238096738,0.08699230938381322,0.0,1.8930316238096738,0,,,,,,0,,,,,,0,,,,,,0,0,0,1.8965996132395092e-08,1.496773016640418e-08,5.309758016522971e-10,0.0,1.496773016640418e-08,9.052944910559962e-06,6.438143009629416e-06,2.5126051531742343e-07,3.859573077802381e-11,6.438143009629416e-06,1.366914669333463e-07,1.030478113950295e-07,2.521443301796551e-09,3.251796609760049e-10,1.030478113950295e-07,3.859181388341799e-08,2.876736521217893e-08,1.0698638909836218e-09,2.8395957113458437e-10,2.876736521217893e-08,native_only,ipopt,nlp,optimal,ok,0.0037038326263427734,0.023941993713378906,0.02764582633972168,93132.67895813868
2026-03-22T06:15:11Z,test_cases/pglib_opf_case118_ieee.mat,pglib_opf_case118_ieee,dc_seed__Va,dc_seed,none,dcopf,0,1,Va,1,,,optimal,ok,1,780.3209742529895,96433.28642018822,123.58156400000945,0,0.008260965347290039,0.01886606216430664,0.19194483757019043,0.21081089973449707,0.23845672607421875,0.2467176914215088,acopf_acdc_paper_study/cases/pglib_opf_case118_ieee/logs/dc_seed__Va.log,0,29,4.4156272352877103e-07,1.0788700529782314e-08,5.784286560839291e-08,3.050380857221227e-07,4.4156272352877103e-07,0.081,,,0.081,False,100.0,118,186,54,54,99,1,53,64,4242.0,1438.0,6515.0,0.0,7954.0,-5777.0,186,0,0,2,1,97213.60739444115,4380.685348010097,847.3006718158974,0.9843875303411538,1.0600000048041842,1.0329065223043492,0.019771907086053028,-0.5008763304290537,0.1798059443555477,-0.20762861698113513,0.19383897349062304,499.5939869252152,512.3251315135765,65.17656642256135,64.97814943768694,0.9999999874572024,1.0000000032914145,0.2867774324553226,0.2867854179015278,0.0,4.982543266862649e-09,40,45,3,19,0,11,0,,,,,,0,,,,,,0,,,,,,1,1.0269357975469078,0.2669770870744515,0.059206199077785265,0.017541915936454586,0.2669770870744515,0,0,0,1.0666425104071023e-09,8.403340245877189e-10,2.9798525855687394e-11,0.0,8.403340245877189e-10,5.073309367853605e-07,3.607960568363655e-07,1.407972847607529e-08,2.091132822457098e-12,3.607960568363655e-07,7.660191895539618e-09,5.774837275041023e-09,1.4119259622109882e-10,1.8245960298202135e-11,5.774837275041023e-09,2.164042123501667e-09,1.6126096569202275e-09,6.012992365564936e-11,1.5600506997337504e-11,1.6126096569202275e-09,native_only,ipopt,nlp,optimal,ok,0.0037038326263427734,0.023941993713378906,0.02764582633972168,93132.67895813868
2026-03-22T06:15:11Z,test_cases/pglib_opf_case118_ieee.mat,pglib_opf_case118_ieee,dc_seed__Pg_Va,dc_seed,none,dcopf,0,1,Pg+Va,2,,,optimal,ok,1,780.3209742528771,96433.28642017423,123.58156399999152,0,0.008260965347290039,0.028589725494384766,0.18970894813537598,0.21829867362976074,0.24594449996948242,0.25420546531677246,acopf_acdc_paper_study/cases/pglib_opf_case118_ieee/logs/dc_seed__Pg_Va.log,0,28,4.4069277620905527e-07,1.0767468760997349e-08,5.784286560839291e-08,3.0458104744571475e-07,4.4069277620905527e-07,0.08,,,0.08,False,100.0,118,186,54,54,99,1,53,64,4242.0,1438.0,6515.0,0.0,7954.0,-5777.0,186,0,0,2,1,97213.60739442716,4380.685348023789,847.3006719385587,0.9843875303920692,1.0600000048041842,1.0329065224211302,0.019771907310938912,-0.5008763303322705,0.17980594431849184,-0.20762861707746452,0.1938389735575603,499.59398690146077,512.3251314245013,65.17656653939007,64.97814955263122,0.9999999874572046,1.0000000032914145,0.28677743313717163,0.2867854185743391,0.0,4.982543044818044e-09,40,45,3,19,0,11,1,2.64888118888198,1.8930316238096738,0.08699230938381322,0.0,1.8930316238096738,0,,,,,,0,,,,,,1,1.0269357975469078,0.2669770870744515,0.059206199077785265,0.017541915936454586,0.2669770870744515,0,0,0,9.896577190678312e-10,7.824425551916647e-10,2.7768757528721086e-11,0.0,7.824425551916647e-10,4.741846312618118e-07,3.372240530985504e-07,1.3161805799243906e-08,2.058003940874631e-12,3.372240530985504e-07,7.159827585233847e-09,5.3975535152517296e-09,1.32181086227138e-10,1.7009726960282023e-11,5.3975535152517296e-09,2.0200664324626636e-09,1.5063313374419351e-09,5.586435766075752e-11,1.5183562740439527e-11,1.5063313374419351e-09,native_only,ipopt,nlp,optimal,ok,0.0037038326263427734,0.023941993713378906,0.02764582633972168,93132.67895813868
