timestamp_utc,case_file,case_name,run_name,family,dual_mode,seed_source,is_oracle,is_practical,blocks,num_blocks,seed_vm_policy,seed_qg_policy,termination,status,success,objective,objective_gap_vs_baseline_abs,objective_gap_vs_baseline_rel,objective_matches_baseline,shared_case_prep_time,build_time,solve_time,total_time,end_to_end_time,full_pipeline_time_including_shared_case_prep,log_path,hit_max_iter,iterations,dual_inf,constr_viol,var_bound_viol,compl_inf,overall_nlp_error,ipopt_reported_total_sec,ipopt_cpu_sec_no_func_eval,ipopt_cpu_sec_func_eval,ipopt_cpu_total_est,restoration_used,baseMVA,nb,nl,ng_total,ng_active,n_load_buses,n_ref_buses,n_pv_buses,n_pq_buses,total_pd_mw,total_qd_mvar,sum_pmax_mw,sum_pmin_mw,sum_qmax_mvar,sum_qmin_mvar,n_branch_with_limits,n_branch_out_of_service,gencost_any_pwl,gencost_max_poly_degree,gencost_any_quadratic,objective_value,total_pg_mw,total_qg_mvar,vm_min,vm_max,vm_mean,vm_std,va_min_rad,va_max_rad,va_mean_rad,va_std_rad,max_line_mva_from,max_line_mva_to,mean_line_mva_from,mean_line_mva_to,max_thermal_util_from,max_thermal_util_to,mean_thermal_util_from,mean_thermal_util_to,max_flow_limit_violation_sq_from,max_flow_limit_violation_sq_to,n_pg_at_lb,n_pg_at_ub,n_qg_at_lb,n_qg_at_ub,n_vm_at_lb,n_vm_at_ub,init_has_Pg,init_Pg_l2,init_Pg_linf,init_Pg_mean_abs,init_Pg_median_abs,init_Pg_max_abs,init_has_Qg,init_Qg_l2,init_Qg_linf,init_Qg_mean_abs,init_Qg_median_abs,init_Qg_max_abs,init_has_Vm,init_Vm_l2,init_Vm_linf,init_Vm_mean_abs,init_Vm_median_abs,init_Vm_max_abs,init_has_Va,init_Va_l2,init_Va_linf,init_Va_mean_abs,init_Va_median_abs,init_Va_max_abs,init_has_duals,init_has_constraint_duals,init_has_bound_mults,dist_to_baseline_Pg_l2,dist_to_baseline_Pg_linf,dist_to_baseline_Pg_mean_abs,dist_to_baseline_Pg_median_abs,dist_to_baseline_Pg_max_abs,dist_to_baseline_Qg_l2,dist_to_baseline_Qg_linf,dist_to_baseline_Qg_mean_abs,dist_to_baseline_Qg_median_abs,dist_to_baseline_Qg_max_abs,dist_to_baseline_Vm_l2,dist_to_baseline_Vm_linf,dist_to_baseline_Vm_mean_abs,dist_to_baseline_Vm_median_abs,dist_to_baseline_Vm_max_abs,dist_to_baseline_Va_l2,dist_to_baseline_Va_linf,dist_to_baseline_Va_mean_abs,dist_to_baseline_Va_median_abs,dist_to_baseline_Va_max_abs,dc_seed_mode,dc_solver,dc_solver_problem_type,dc_termination,dc_status,dc_build_time,dc_solve_time,dc_total_time,dc_objective
2026-03-22T10:10:25Z,test_cases/pglib_opf_case200_activ.mat,pglib_opf_case200_activ,baseline_default,baseline,none,case_default,0,1,,0,,,optimal,ok,1,1186.8829499149224,,,,0.003063201904296875,0.5110762119293213,0.2373816967010498,0.7484579086303711,0.7484579086303711,0.751521110534668,acopf_acdc_paper_study/cases/pglib_opf_case200_activ/logs/baseline_default.log,0,24,2.1627249607243542e-07,5.1927457299372204e-08,1.173520236541492e-08,2.082923175706609e-07,2.1627249607243542e-07,0.087,,,0.087,False,100.0,200,245,49,38,108,1,48,151,1475.69,420.55,2997.49,1274.65,1241.66,-377.9100000000001,245,0,0,2,1,27557.570559622633,1487.303651929224,50.121913899863145,1.0621167501628834,1.09999999340479,1.077157814261075,0.008457170679784935,-0.18172885464096036,0.047236525250310864,-0.10368481823379624,0.041974938180766065,386.23347610168895,387.18708577842733,28.909646359575987,28.90012629005457,0.7126044877428753,0.7067036897980625,0.12282983301665638,0.12277821926347125,0.0,0.0,37,6,12,0,0,1,,,,,,,,,,,,,,,,,,,,,,,,,,,,,,,,,,,,,,,,,,,,,,,,,,,,,,,,
2026-03-22T10:10:25Z,test_cases/pglib_opf_case200_activ.mat,pglib_opf_case200_activ,oracle_ac_primal_only__Pg,oracle_ac_primal_only,none,ac_true,1,0,Pg,1,,,optimal,ok,1,1187.5560458468387,26370.687609653814,22.218439999954594,0,0.003063201904296875,0.010543107986450195,0.21983885765075684,0.23038196563720703,0.23038196563720703,0.2334451675415039,acopf_acdc_paper_study/cases/pglib_opf_case200_activ/logs/oracle_ac_primal_only__Pg.log,0,19,2.16265250150787e-07,5.1896230732033366e-08,1.1736141392049149e-08,2.0828370822269607e-07,2.16265250150787e-07,0.073,,,0.073,False,100.0,200,245,49,38,108,1,48,151,1475.69,420.55,2997.49,1274.65,1241.66,-377.9100000000001,245,0,0,2,1,27557.570559568736,1487.3036519267791,50.12191352099996,1.0621167504757458,1.0999999934147644,1.0771578144078584,0.008457171156453435,-0.18172885460123264,0.04723652518432786,-0.10368481822127709,0.04197493812320804,386.23347622808143,387.18708593198596,28.90964638247054,28.90012631027436,0.7126044880709034,0.706703689914826,0.12282983411215455,0.12277822036582507,0.0,0.0,37,6,12,0,0,1,1,0.0,0.0,0.0,0.0,0.0,0,,,,,,0,,,,,,0,,,,,,0,0,0,6.8136019707340336e-12,4.392930463836819e-12,8.745431279740052e-13,9.765799280359033e-13,4.392930463836819e-12,1.4469925987642454e-07,1.218686731816257e-07,9.63209508226672e-09,1.141094510548335e-09,1.218686731816257e-07,7.530811789126637e-08,7.189757189607349e-08,1.053328817501864e-09,4.680623666430961e-10,7.189757189607349e-08,4.128781307982234e-09,3.1024530167123032e-09,8.407796208385887e-11,4.381674190145901e-11,3.1024530167123032e-09,,,,,,,,,
2026-03-22T10:10:26Z,test_cases/pglib_opf_case200_activ.mat,pglib_opf_case200_activ,oracle_ac_primal_only__Qg,oracle_ac_primal_only,none,ac_true,1,0,Qg,1,,,optimal,ok,1,1186.8829499149251,26370.687609707773,22.218440000000054,0,0.003063201904296875,0.011390209197998047,0.23606181144714355,0.2474520206451416,0.2474520206451416,0.2505152225494385,acopf_acdc_paper_study/cases/pglib_opf_case200_activ/logs/oracle_ac_primal_only__Qg.log,0,23,2.1625445530530922e-07,5.192312696293555e-08,1.173520236541492e-08,2.082823591231051e-07,2.1625445530530922e-07,0.089,,,0.089,False,100.0,200,245,49,38,108,1,48,151,1475.69,420.55,2997.49,1274.65,1241.66,-377.9100000000001,245,0,0,2,1,27557.570559622694,1487.3036519292334,50.12191389833088,1.0621167501607047,1.09999999340479,1.0771578142397633,0.008457170712176448,-0.18172885464237917,0.047236525248786736,-0.10368481823335757,0.04197493817936953,386.23347610169685,387.1870857784349,28.909646360334527,28.900126290743913,0.7126044877435226,0.7067036897983171,0.12282983308407401,0.12277821933187345,0.0,0.0,37,6,12,0,0,1,0,,,,,,1,0.0,0.0,0.0,0.0,0.0,0,,,,,,0,,,,,,0,0,0,9.547918011776346e-14,9.547918011776346e-14,2.5126100030990385e-15,0.0,9.547918011776346e-14,1.0775253641483083e-08,9.697495221769326e-09,5.465868894418588e-10,4.5389950478758045e-13,9.697495221769326e-09,5.778250645036689e-09,5.744480668923302e-09,4.093230532298264e-11,5.486833209999986e-12,5.744480668923302e-09,2.5127955443761103e-10,2.445670888029383e-10,2.2684031129177606e-12,5.593858709573851e-13,2.445670888029383e-10,,,,,,,,,
2026-03-22T10:10:26Z,test_cases/pglib_opf_case200_activ.mat,pglib_opf_case200_activ,oracle_ac_primal_only__Vm,oracle_ac_primal_only,none,ac_true,1,0,Vm,1,,,optimal,ok,1,1186.882949914924,26370.687609707747,22.218440000000033,0,0.003063201904296875,0.010924816131591797,0.23279309272766113,0.24371790885925293,0.24371790885925293,0.2467811107635498,acopf_acdc_paper_study/cases/pglib_opf_case200_activ/logs/oracle_ac_primal_only__Vm.log,0,22,2.162586338929914e-07,5.1924128954827786e-08,1.173520236541492e-08,2.0828465954300174e-07,2.162586338929914e-07,0.085,,,0.085,False,100.0,200,245,49,38,108,1,48,151,1475.69,420.55,2997.49,1274.65,1241.66,-377.9100000000001,245,0,0,2,1,27557.57055962267,1487.3036519292298,50.12191389869795,1.0621167501611861,1.09999999340479,1.0771578142447193,0.008457170704735888,-0.18172885464204797,0.047236525249158424,-0.10368481823346075,0.04197493817968302,386.2334761016942,387.1870857784324,28.909646360159904,28.900126290585067,0.7126044877433284,0.706703689798243,0.1228298330685924,0.1227782193161629,0.0,0.0,37,6,12,0,0,1,0,,,,,,0,,,,,,1,0.0,0.0,0.0,0.0,0.0,0,,,,,,0,0,0,5.773159728050814e-14,5.773159728050814e-14,1.519252560013372e-15,0.0,5.773159728050814e-14,8.289138675945777e-09,7.457350683151565e-09,4.2150834735725655e-10,3.2299857233297757e-13,7.457350683151565e-09,4.4441531350329104e-09,4.417506804799132e-09,3.1527116473029084e-11,4.203859482743155e-12,4.417506804799132e-09,1.9350872444926014e-10,1.8807569390766332e-10,1.7475213203582695e-12,4.2656850274269686e-13,1.8807569390766332e-10,,,,,,,,,
2026-03-22T10:10:26Z,test_cases/pglib_opf_case200_activ.mat,pglib_opf_case200_activ,oracle_ac_primal_only__Va,oracle_ac_primal_only,none,ac_true,1,0,Va,1,,,optimal,ok,1,1186.8829499150281,26370.687609710163,22.21844000000207,0,0.003063201904296875,0.021346092224121094,0.23445367813110352,0.2557997703552246,0.2557997703552246,0.2588629722595215,acopf_acdc_paper_study/cases/pglib_opf_case200_activ/logs/oracle_ac_primal_only__Va.log,0,22,2.1607196468885704e-07,5.1879262313175856e-08,1.173520236541492e-08,2.0816631766944624e-07,2.1607196468885704e-07,0.089,,,0.089,False,100.0,200,245,49,38,108,1,48,151,1475.69,420.55,2997.49,1274.65,1241.66,-377.9100000000001,245,0,0,2,1,27557.570559625085,1487.3036519295897,50.12191382104545,1.0621167500232842,1.0999999934047902,1.0771578141441953,0.008457171297188665,-0.18172885465333277,0.0472365253325184,-0.10368481824479875,0.0419749381194597,386.23347610209373,387.18708577879306,28.909646371831734,28.900126300343285,0.7126044875477372,0.7067036897320131,0.12282983432873806,0.12277822058024083,0.0,0.0,37,6,12,0,0,1,0,,,,,,0,,,,,,0,,,,,,1,0.0,0.0,0.0,0.0,0.0,0,0,0,3.657518732325116e-12,3.657518732325116e-12,9.62504929559241e-14,0.0,3.657518732325116e-12,2.0527981396623182e-07,1.2907080858444442e-07,1.298572573385403e-08,9.01065203354201e-11,1.2907080858444442e-07,8.986335762910666e-08,7.283850189665486e-08,8.116896199616974e-10,8.115619287707432e-11,7.283850189665486e-08,7.57834527711574e-09,6.900120787245445e-09,6.628038323047702e-11,1.4056124320038776e-11,6.900120787245445e-09,,,,,,,,,
2026-03-22T10:10:27Z,test_cases/pglib_opf_case200_activ.mat,pglib_opf_case200_activ,oracle_ac_primal_only__Pg_Qg,oracle_ac_primal_only,none,ac_true,1,0,Pg+Qg,2,,,optimal,ok,1,1187.5560458468397,26370.687609653836,22.21843999995461,0,0.003063201904296875,0.022622108459472656,0.23261499404907227,0.2552371025085449,0.2552371025085449,0.2583003044128418,acopf_acdc_paper_study/cases/pglib_opf_case200_activ/logs/oracle_ac_primal_only__Pg_Qg.log,0,19,2.162480026433609e-07,5.189209318582494e-08,1.1736141392049149e-08,2.0827418856441098e-07,2.162480026433609e-07,0.08,,,0.08,False,100.0,200,245,49,38,108,1,48,151,1475.69,420.55,2997.49,1274.65,1241.66,-377.9100000000001,245,0,0,2,1,27557.570559568758,1487.3036519267823,50.121913519615525,1.0621167504736624,1.0999999934147644,1.0771578143874945,0.008457171187408628,-0.18172885460258548,0.047236525182870616,-0.10368481822085433,0.04197493812187311,386.2334762280827,387.1870859319867,28.909646383195383,28.900126310933054,0.7126044880715372,0.7067036899150748,0.12282983417658086,0.1227782204311923,0.0,0.0,37,6,12,0,0,1,1,0.0,0.0,0.0,0.0,0.0,1,0.0,0.0,0.0,0.0,0.0,0,,,,,,0,,,,,,0,0,0,6.833685505845672e-12,4.424016708526324e-12,8.753611870447817e-13,9.765799280359033e-13,4.424016708526324e-12,1.5461780200588017e-07,1.311363614911118e-07,1.0152990763193548e-08,1.141090753137286e-09,1.311363614911118e-07,8.070200371796625e-08,7.738743557084149e-08,1.0915771808672758e-09,4.725418945028537e-10,7.738743557084149e-08,4.339428523138064e-09,3.336181803037519e-09,8.59273915822939e-11,4.3865779064677923e-11,3.336181803037519e-09,,,,,,,,,
2026-03-22T10:10:27Z,test_cases/pglib_opf_case200_activ.mat,pglib_opf_case200_activ,oracle_ac_primal_only__Pg_Vm,oracle_ac_primal_only,none,ac_true,1,0,Pg+Vm,2,,,optimal,ok,1,1187.55604584684,26370.687609653847,22.21843999995462,0,0.003063201904296875,0.02827596664428711,0.22338008880615234,0.25165605545043945,0.25165605545043945,0.25471925735473633,acopf_acdc_paper_study/cases/pglib_opf_case200_activ/logs/oracle_ac_primal_only__Pg_Vm.log,0,19,2.1626480339484257e-07,5.189612322601539e-08,1.1736141392049149e-08,2.0828346586070015e-07,2.1626480339484257e-07,0.074,,,0.074,False,100.0,200,245,49,38,108,1,48,151,1475.69,420.55,2997.49,1274.65,1241.66,-377.9100000000001,245,0,0,2,1,27557.57055956877,1487.303651926784,50.12191352102469,1.0621167504757,1.0999999934147644,1.0771578144073133,0.008457171157211691,-0.18172885460127264,0.047236525184274646,-0.10368481822126668,0.04197493812318118,386.23347622808564,387.1870859319901,28.909646382488724,28.90012631029104,0.7126044880709582,0.7067036899148457,0.1228298341137245,0.12277822036742016,0.0,0.0,37,6,12,0,0,1,1,0.0,0.0,0.0,0.0,0.0,0,,,,,,1,0.0,0.0,0.0,0.0,0.0,0,,,,,,0,0,0,6.8434700498613735e-12,4.439115741661226e-12,8.757585300220159e-13,9.765799280359033e-13,4.439115741661226e-12,1.449434622239549e-07,1.2210460775038262e-07,9.64447357597603e-09,1.1410944099343734e-09,1.2210460775038262e-07,7.544335625880245e-08,7.203732965699317e-08,1.0542605533014892e-09,4.681915966031625e-10,7.203732965699317e-08,4.133509399964001e-09,3.1083982054980197e-09,8.411886145108516e-11,4.3899432700111873e-11,3.1083982054980197e-09,,,,,,,,,
2026-03-22T10:10:27Z,test_cases/pglib_opf_case200_activ.mat,pglib_opf_case200_activ,oracle_ac_primal_only__Pg_Va,oracle_ac_primal_only,none,ac_true,1,0,Pg+Va,2,,,optimal,ok,1,1187.5560458457671,26370.68760962895,22.218439999933643,0,0.003063201904296875,0.029926300048828125,0.215101957321167,0.24502825736999512,0.24502825736999512,0.248091459274292,acopf_acdc_paper_study/cases/pglib_opf_case200_activ/logs/oracle_ac_primal_only__Pg_Va.log,0,16,2.273877540808031e-07,5.4565129949113444e-08,1.1736141392049149e-08,2.1452077655827423e-07,2.273877540808031e-07,0.07,,,0.07,False,100.0,200,245,49,38,108,1,48,151,1475.69,420.55,2997.49,1274.65,1241.66,-377.9100000000001,245,0,0,2,1,27557.57055954387,1487.3036519230736,50.12191463651297,1.0621167521409955,1.0999999934147606,1.0771578272284343,0.008457150447693702,-0.18172885373680206,0.04723652584917318,-0.10368481844960285,0.04197493911289601,386.2334762253482,387.1870859296348,28.90964590404856,28.90012587790007,0.7126044882335598,0.7067036899489623,0.12282979094634786,0.12277817660972137,0.0,0.0,37,6,12,0,0,1,1,0.0,0.0,0.0,0.0,0.0,0,,,,,,0,,,,,,1,0.0,0.0,0.0,0.0,0.0,0,0,0,3.307761125199201e-11,3.2664981830521356e-11,1.6185444112529348e-12,9.765799280359033e-13,3.2664981830521356e-11,6.609542733507072e-06,5.906568757208831e-06,3.4880494384046467e-07,1.6962855911573094e-09,5.906568757208831e-06,3.5300773935082705e-06,3.4994538915533724e-06,2.5153538759647986e-08,2.2436043023432717e-09,3.4994538915533724e-06,1.571033034819149e-07,1.4897682831804815e-07,1.4200097933712158e-09,2.7751052844582347e-10,1.4897682831804815e-07,,,,,,,,,
2026-03-22T10:10:27Z,test_cases/pglib_opf_case200_activ.mat,pglib_opf_case200_activ,oracle_ac_primal_only__Qg_Vm,oracle_ac_primal_only,none,ac_true,1,0,Qg+Vm,2,,,optimal,ok,1,1186.8829499149247,26370.687609707762,22.218440000000044,0,0.003063201904296875,0.03054213523864746,0.23710012435913086,0.2676422595977783,0.2676422595977783,0.2707054615020752,acopf_acdc_paper_study/cases/pglib_opf_case200_activ/logs/oracle_ac_primal_only__Qg_Vm.log,0,23,2.1627250990578957e-07,5.192746037156748e-08,1.173520236541492e-08,2.082923249392907e-07,2.1627250990578957e-07,0.092,,,0.092,False,100.0,200,245,49,38,108,1,48,151,1475.69,420.55,2997.49,1274.65,1241.66,-377.9100000000001,245,0,0,2,1,27557.570559622684,1487.3036519292316,50.121913899868865,1.0621167501628748,1.09999999340479,1.0771578142610878,0.008457170679764326,-0.18172885464096178,0.04723652525031001,-0.10368481823379837,0.041974938180767196,386.2334761016966,387.18708577843495,28.909646359575827,28.90012629005446,0.7126044877428698,0.7067036897980606,0.12282983301660999,0.12277821926342408,0.0,0.0,37,6,12,0,0,1,0,,,,,,1,0.0,0.0,0.0,0.0,0.0,1,0.0,0.0,0.0,0.0,0.0,0,,,,,,0,0,0,7.505107646466058e-14,7.505107646466058e-14,1.975028328017384e-15,0.0,7.505107646466058e-14,7.946837226307884e-12,7.174680988208948e-12,3.982949181543633e-13,8.360066111601228e-15,7.174680988208948e-12,4.2621669673181325e-12,4.243272400117348e-12,3.120947944523778e-14,5.662137425588298e-15,4.243272400117348e-12,1.8500097484546725e-13,1.8213208718975693e-13,2.5474240772371815e-15,1.2906342661267445e-15,1.8213208718975693e-13,,,,,,,,,
2026-03-22T10:10:28Z,test_cases/pglib_opf_case200_activ.mat,pglib_opf_case200_activ,oracle_ac_primal_only__Qg_Va,oracle_ac_primal_only,none,ac_true,1,0,Qg+Va,2,,,optimal,ok,1,1186.882949913732,26370.687609680073,22.218439999976717,0,0.003063201904296875,0.02342820167541504,0.24127721786499023,0.2647054195404053,0.2647054195404053,0.26776862144470215,acopf_acdc_paper_study/cases/pglib_opf_case200_activ/logs/oracle_ac_primal_only__Qg_Va.log,0,23,2.2753809880048792e-07,5.463229764499783e-08,1.173520236541492e-08,2.146260017308236e-07,2.2753809880048792e-07,0.098,,,0.098,False,100.0,200,245,49,38,108,1,48,151,1475.69,420.55,2997.49,1274.65,1241.66,-377.9100000000001,245,0,0,2,1,27557.570559594995,1487.3036519251052,50.121915105826965,1.0621167519916646,1.099999993404786,1.0771578270948132,0.008457149392426833,-0.18172885376980338,0.04723652580097181,-0.10368481844533875,0.041974939239498285,386.23347609848224,387.1870857756496,28.90964587042932,28.900125849016646,0.7126044881576715,0.7067036899177679,0.12282978861320543,0.12277817427003558,0.0,0.0,37,6,12,0,0,1,0,,,,,,1,0.0,0.0,0.0,0.0,0.0,0,,,,,,1,0.0,0.0,0.0,0.0,0.0,0,0,0,4.118749785675413e-11,4.118749785675391e-11,1.0838817051486266e-12,0.0,4.118749785675391e-11,6.885895874024364e-06,6.122857773257703e-06,3.693460696285984e-07,1.3882952166338614e-10,6.122857773257703e-06,3.6671334289737767e-06,3.6274300341254673e-06,2.6818656272409313e-08,3.029726802772359e-09,3.6274300341254673e-06,1.6596711522047594e-07,1.5448065654455334e-07,1.520776179136235e-09,2.982381286376068e-10,1.5448065654455334e-07,,,,,,,,,
2026-03-22T10:10:28Z,test_cases/pglib_opf_case200_activ.mat,pglib_opf_case200_activ,oracle_ac_primal_only__Vm_Va,oracle_ac_primal_only,none,ac_true,1,0,Vm+Va,2,,,optimal,ok,1,1186.882949900368,26370.687609369783,22.218439999715283,0,0.003063201904296875,0.03139185905456543,0.23503398895263672,0.26642584800720215,0.26642584800720215,0.269489049911499,acopf_acdc_paper_study/cases/pglib_opf_case200_activ/logs/oracle_ac_primal_only__Vm_Va.log,0,20,3.8524325418579766e-07,9.249197453764513e-08,1.173520236541492e-08,3.0805928051971496e-07,3.8524325418579766e-07,0.081,,,0.081,False,100.0,200,245,49,38,108,1,48,151,1475.69,420.55,2997.49,1274.65,1241.66,-377.9100000000001,245,0,0,2,1,27557.570559284704,1487.303651878862,50.12193199292753,1.0621167774103382,1.099999993404712,1.0771579970975045,0.008456864099187463,-0.18172884219373112,0.04723653226235118,-0.10368482112479305,0.04197495376120791,386.2334760637183,387.1870857469052,28.90963939562316,28.900120026597396,0.7126044954719398,0.7067036921212003,0.12282919559387291,0.12277757348120448,0.0,0.0,37,6,12,0,0,1,0,,,,,,0,,,,,,1,0.0,0.0,0.0,0.0,0.0,1,0.0,0.0,0.0,0.0,0.0,0,0,0,5.036202566088878e-10,5.036202566088832e-10,1.3253168596380629e-11,0.0,5.036202566088832e-10,9.906337538513852e-05,8.787531064562582e-05,5.35420661448414e-06,2.51805499715263e-09,8.787531064562582e-05,5.268272188684188e-05,5.2060583688895434e-05,3.8708326056347e-07,4.277415588394007e-08,5.2060583688895434e-05,2.4021625655634917e-06,2.217182265312756e-06,2.2023450522469512e-08,4.2490572275954985e-09,2.217182265312756e-06,,,,,,,,,
2026-03-22T10:10:28Z,test_cases/pglib_opf_case200_activ.mat,pglib_opf_case200_activ,oracle_ac_primal_only__Pg_Qg_Vm,oracle_ac_primal_only,none,ac_true,1,0,Pg+Qg+Vm,3,,,optimal,ok,1,1187.5560458468406,26370.687609653858,22.21843999995463,0,0.003063201904296875,0.013567209243774414,0.21887612342834473,0.23244333267211914,0.23244333267211914,0.23550653457641602,acopf_acdc_paper_study/cases/pglib_opf_case200_activ/logs/oracle_ac_primal_only__Pg_Qg_Vm.log,0,19,2.1624788838148946e-07,5.1892065416371536e-08,1.1736141392049149e-08,2.0827412429827654e-07,2.1624788838148946e-07,0.073,,,0.073,False,100.0,200,245,49,38,108,1,48,151,1475.69,420.55,2997.49,1274.65,1241.66,-377.9100000000001,245,0,0,2,1,27557.57055956878,1487.3036519267855,50.12191351957143,1.0621167504736455,1.0999999934147644,1.0771578143873617,0.008457171187623782,-0.18172885460259627,0.0472365251828644,-0.10368481822085394,0.04197493812186298,386.23347622808615,387.1870859319904,28.909646383200315,28.900126310937516,0.7126044880715366,0.7067036899150749,0.12282983417702942,0.12277822043164706,0.0,0.0,37,6,12,0,0,1,1,0.0,0.0,0.0,0.0,0.0,1,0.0,0.0,0.0,0.0,0.0,1,0.0,0.0,0.0,0.0,0.0,0,,,,,,0,0,0,6.853273890302157e-12,4.454214774796128e-12,8.761558729992501e-13,9.765799280359033e-13,4.454214774796128e-12,1.5468635125272188e-07,1.311989349453424e-07,1.0156675186471261e-08,1.1410907461983921e-09,1.311989349453424e-07,8.073883994616663e-08,7.74245183521316e-08,1.0918392367997854e-09,4.725425606366684e-10,7.74245183521316e-08,4.340972762285067e-09,3.3377602071116286e-09,8.593986746199822e-11,4.386327412397861e-11,3.3377602071116286e-09,,,,,,,,,
2026-03-22T10:10:28Z,test_cases/pglib_opf_case200_activ.mat,pglib_opf_case200_activ,oracle_ac_primal_only__Pg_Qg_Va,oracle_ac_primal_only,none,ac_true,1,0,Pg+Qg+Va,3,,,optimal,ok,1,1187.5560458456425,26370.687609626053,22.218439999931203,0,0.003063201904296875,0.03152298927307129,0.2247791290283203,0.2563021183013916,0.2563021183013916,0.2593653202056885,acopf_acdc_paper_study/cases/pglib_opf_case200_activ/logs/oracle_ac_primal_only__Pg_Qg_Va.log,0,17,2.274803989096022e-07,5.4587433906405636e-08,1.1736141392049149e-08,2.14591641915417e-07,2.274803989096022e-07,0.076,,,0.076,False,100.0,200,245,49,38,108,1,48,151,1475.69,420.55,2997.49,1274.65,1241.66,-377.9100000000001,245,0,0,2,1,27557.570559540975,1487.3036519226418,50.12191472760041,1.062116752307447,1.0999999934147604,1.0771578271716284,0.008457149940585853,-0.18172885373435982,0.04723652572284667,-0.10368481843030888,0.04197493918158409,386.2334762248451,387.18708592917966,28.909645895155315,28.90012587096554,0.7126044885035155,0.7067036900406944,0.12282978985477112,0.12277817552173613,0.0,0.0,37,6,12,0,0,1,1,0.0,0.0,0.0,0.0,0.0,1,0.0,0.0,0.0,0.0,0.0,0,,,,,,1,0.0,0.0,0.0,0.0,0.0,0,0,0,3.734605689560953e-11,3.6981084861054114e-11,1.7321260699511652e-12,9.765799280359033e-13,3.6981084861054114e-11,6.717262010565714e-06,5.974632855494308e-06,3.6080804782124495e-07,1.8226578926694437e-09,5.974632855494308e-06,3.5778771815612442e-06,3.5399287838799864e-06,2.5778890336836115e-08,2.2109369890443986e-09,3.5399287838799864e-06,1.6165289192151682e-07,1.5071473788430545e-07,1.4657507633152046e-09,2.657132083805358e-10,1.5071473788430545e-07,,,,,,,,,
2026-03-22T10:10:29Z,test_cases/pglib_opf_case200_activ.mat,pglib_opf_case200_activ,oracle_ac_primal_only__Pg_Vm_Va,oracle_ac_primal_only,none,ac_true,1,0,Pg+Vm+Va,3,,,optimal,ok,1,1187.5560458320206,26370.68760930996,22.21843999966488,0,0.003063201904296875,0.012153148651123047,0.20543622970581055,0.2175893783569336,0.2175893783569336,0.22065258026123047,acopf_acdc_paper_study/cases/pglib_opf_case200_activ/logs/oracle_ac_primal_only__Pg_Vm_Va.log,0,16,3.8679879016592984e-07,9.281285639779063e-08,1.1736141392049149e-08,3.0927991898209213e-07,3.8679879016592984e-07,0.06,,,0.06,False,100.0,200,245,49,38,108,1,48,151,1475.69,420.55,2997.49,1274.65,1241.66,-377.9100000000001,245,0,0,2,1,27557.57055922488,1487.303651875534,50.12193201314158,1.0621167783749972,1.099999993414684,1.0771579987676843,0.008456860569101625,-0.18172884203530043,0.04723653195403804,-0.10368482109178828,0.04197495401184099,386.2334761891391,387.18708589966275,28.90963933471462,28.90011997411105,0.7126044965237659,0.7067036924811632,0.1228291882995985,0.1227775661268706,0.0,0.0,37,6,12,0,0,1,1,0.0,0.0,0.0,0.0,0.0,0,,,,,,1,0.0,0.0,0.0,0.0,0.0,1,0.0,0.0,0.0,0.0,0.0,0,0,0,5.080874009898863e-10,5.08060704618174e-10,1.4128960063323378e-11,9.765807953976413e-13,5.08060704618174e-10,0.00010009582875732748,8.871706100566784e-05,5.424450202630453e-06,7.383347815949348e-09,8.871706100566784e-05,5.3206034731204734e-05,5.255986679597591e-05,3.9115551991319995e-07,4.2335120742365007e-08,5.255986679597591e-05,2.4321466043442635e-06,2.2384393845442663e-06,2.22838290262449e-08,4.26124006913664e-09,2.2384393845442663e-06,,,,,,,,,
2026-03-22T10:10:29Z,test_cases/pglib_opf_case200_activ.mat,pglib_opf_case200_activ,oracle_ac_primal_only__Qg_Vm_Va,oracle_ac_primal_only,none,ac_true,1,0,Qg+Vm+Va,3,,,optimal,ok,1,1186.8829499002914,26370.687609368,22.21843999971378,0,0.003063201904296875,0.03747892379760742,0.2237868309020996,0.26126575469970703,0.26126575469970703,0.2643289566040039,acopf_acdc_paper_study/cases/pglib_opf_case200_activ/logs/oracle_ac_primal_only__Qg_Vm_Va.log,0,20,3.8624366891522864e-07,9.273217372717663e-08,1.173520236541492e-08,3.0867798690207445e-07,3.8624366891522864e-07,0.077,,,0.077,False,100.0,200,245,49,38,108,1,48,151,1475.69,420.55,2997.49,1274.65,1241.66,-377.9100000000001,245,0,0,2,1,27557.57055928292,1487.3036518785966,50.12193210527073,1.0621167775804836,1.0999999934047116,1.0771579981101858,0.008456862339723243,-0.18172884212412035,0.04723653228761565,-0.10368482113878442,0.04197495385557869,386.2334760635127,387.1870857467405,28.909639356338,28.900119991432632,0.7126044955444504,0.7067036921441501,0.12282919194625597,0.12277756978763311,0.0,0.0,37,6,12,0,0,1,0,,,,,,1,0.0,0.0,0.0,0.0,0.0,1,0.0,0.0,0.0,0.0,0.0,1,0.0,0.0,0.0,0.0,0.0,0,0,0,5.062736896377422e-10,5.062736896377373e-10,1.3322995872651709e-11,0.0,5.062736896377373e-10,9.962782530907507e-05,8.837251353552376e-05,5.38536324486183e-06,2.540697271492809e-09,8.837251353552376e-05,5.29816834242749e-05,5.2355153679961575e-05,3.8930873399456443e-07,4.300352540731467e-08,5.2355153679961575e-05,2.4160899812472095e-06,2.2297290593054075e-06,2.2151262884595803e-08,4.2716732824577e-09,2.2297290593054075e-06,,,,,,,,,
2026-03-22T10:10:29Z,test_cases/pglib_opf_case200_activ.mat,pglib_opf_case200_activ,oracle_ac_primal_only__Pg_Qg_Vm_Va,oracle_ac_primal_only,none,ac_true,1,0,Pg+Qg+Vm+Va,4,,,optimal,ok,1,1187.5560458322423,26370.687609315097,22.218439999669208,0,0.003063201904296875,0.011508941650390625,0.20463275909423828,0.2161417007446289,0.2161417007446289,0.21920490264892578,acopf_acdc_paper_study/cases/pglib_opf_case200_activ/logs/oracle_ac_primal_only__Pg_Qg_Vm_Va.log,0,15,3.856817548755331e-07,9.254467597114013e-08,1.1736141392049149e-08,3.083111680960414e-07,3.856817548755331e-07,0.06,,,0.06,False,100.0,200,245,49,38,108,1,48,151,1475.69,420.55,2997.49,1274.65,1241.66,-377.9100000000001,245,0,0,2,1,27557.57055923002,1487.3036518762995,50.12193165097418,1.0621167777786076,1.0999999934146865,1.07715799763274,0.008456863932425195,-0.18172884212763096,0.047236532213026365,-0.10368482111866563,0.041974953735710974,386.23347619001305,387.1870859003775,28.909639403808935,28.900120033565504,0.7126044958125295,0.7067036922415894,0.1228291953499655,0.12277757322635198,0.0,0.0,37,6,12,0,0,1,1,0.0,0.0,0.0,0.0,0.0,1,0.0,0.0,0.0,0.0,0.0,1,0.0,0.0,0.0,0.0,0.0,1,0.0,0.0,0.0,0.0,0.0,0,0,0,5.004317114396672e-10,5.004046066403589e-10,1.3927483800749299e-11,9.765807953976413e-13,5.004046066403589e-10,9.912999462822643e-05,8.793879053832412e-05,5.357851556572586e-06,7.344325377890704e-09,8.793879053832412e-05,5.271960157054605e-05,5.2098492052676804e-05,3.8694100783498443e-07,4.216287763370019e-08,5.2098492052676804e-05,2.4033414680610965e-06,2.218756079197526e-06,2.2017659618619316e-08,4.1958337915204424e-09,2.218756079197526e-06,,,,,,,,,
2026-03-22T10:10:29Z,test_cases/pglib_opf_case200_activ.mat,pglib_opf_case200_activ,oracle_ac_primal_dual__Pg,oracle_ac_primal_dual,full,ac_true,1,0,Pg,1,,,optimal,ok,1,1187.5560458061952,26370.68760871067,22.21843999915995,0,0.003063201904296875,0.03106522560119629,0.21587014198303223,0.24693536758422852,0.24693536758422852,0.2499985694885254,acopf_acdc_paper_study/cases/pglib_opf_case200_activ/logs/oracle_ac_primal_dual__Pg.log,0,16,2.9933838769166916e-07,8.001375590479393e-08,1.173613695115705e-08,2.9534827753965004e-07,2.9933838769166916e-07,0.063,,,0.063,False,100.0,200,245,49,38,108,1,48,151,1475.69,420.55,2997.49,1274.65,1241.66,-377.9100000000001,245,0,0,2,1,27557.57055862559,1487.3036517862056,50.12195226453742,1.0621168047484937,1.099999993687543,1.077157923658276,0.008456835374764961,-0.18172884801011366,0.04723650098774117,-0.1036848176484159,0.041974964895921694,386.2334789622589,387.18708932451074,28.90963918120854,28.90012006836205,0.712604539519211,0.7067037066048925,0.12282913229566199,0.12277751348376244,0.0,0.0,37,6,12,0,0,1,1,0.0,0.0,0.0,0.0,0.0,0,,,,,,0,,,,,,0,,,,,,1,1,1,1.4014281684483627e-09,1.4014185367727805e-09,3.763641230723685e-11,9.692515887116393e-13,1.4014185367727805e-09,0.00010300436238225434,7.767896412877884e-05,6.4913212144141645e-06,1.23061992540318e-07,7.767896412877884e-05,5.013105800577965e-05,4.604889579185034e-05,4.3089109161620345e-07,4.096841854650535e-08,4.604889579185034e-05,3.238034107277441e-06,2.566486275452917e-06,3.005725063351741e-08,4.2970938751718535e-09,2.566486275452917e-06,,,,,,,,,
2026-03-22T10:10:30Z,test_cases/pglib_opf_case200_activ.mat,pglib_opf_case200_activ,oracle_ac_primal_dual__Qg,oracle_ac_primal_dual,full,ac_true,1,0,Qg,1,,,optimal,ok,1,1186.882949874401,26370.687608766864,22.2184399992073,0,0.003063201904296875,0.02868485450744629,0.3040130138397217,0.33269786834716797,0.33269786834716797,0.33576107025146484,acopf_acdc_paper_study/cases/pglib_opf_case200_activ/logs/oracle_ac_primal_dual__Qg.log,0,40,2.994238728492664e-07,8.013667301010746e-08,1.1735197924522822e-08,2.953411308529702e-07,2.994238728492664e-07,0.155,,,0.155,False,100.0,200,245,49,38,108,1,48,151,1475.69,420.55,2997.49,1274.65,1241.66,-377.9100000000001,245,0,0,2,1,27557.570558681786,1487.3036517889936,50.12195207955694,1.0621168054429675,1.0999999936773177,1.07715792430724,0.008456834673227751,-0.1817288482608766,0.04723650033925247,-0.10368481794407244,0.041974964907961015,386.23348011706526,387.18709073300715,28.90963917165674,28.900120062930803,0.7126045398477194,0.7067037067293561,0.12282913112567037,0.12277751230321418,0.0,0.0,37,6,12,0,0,1,0,,,,,,1,0.0,0.0,0.0,0.0,0.0,0,,,,,,0,,,,,,1,1,1,1.402372884788014e-09,1.4023728844847483e-09,3.6908127413222485e-11,3.8719027983802334e-15,1.4023728844847483e-09,0.00010317629168511568,7.780928871765121e-05,6.506009505677596e-06,1.259942265679527e-07,7.780928871765121e-05,5.0213970073394675e-05,4.612694204708667e-05,4.3169237179951916e-07,4.0937630840787165e-08,4.612694204708667e-05,3.243035678324519e-06,2.5699025075903714e-06,3.0260702282725734e-08,4.540631350080648e-09,2.5699025075903714e-06,,,,,,,,,
2026-03-22T10:10:30Z,test_cases/pglib_opf_case200_activ.mat,pglib_opf_case200_activ,oracle_ac_primal_dual__Vm,oracle_ac_primal_dual,full,ac_true,1,0,Vm,1,,,optimal,ok,1,1186.8829498780017,26370.687608850476,22.218439999277745,0,0.003063201904296875,0.025676965713500977,0.28862619400024414,0.3143031597137451,0.3143031597137451,0.317366361618042,acopf_acdc_paper_study/cases/pglib_opf_case200_activ/logs/oracle_ac_primal_dual__Vm.log,0,38,2.9770875239258337e-07,7.897754849064964e-08,1.1735196592255193e-08,2.9529940315910234e-07,2.9770875239258337e-07,0.14,,,0.14,False,100.0,200,245,49,38,108,1,48,151,1475.69,420.55,2997.49,1274.65,1241.66,-377.9100000000001,245,0,0,2,1,27557.570558765397,1487.3036518014435,50.12197075020828,1.0621167722045812,1.0999999936818752,1.0771578976282747,0.008456840464108726,-0.1817288404661385,0.04723652413784265,-0.10368480777516545,0.04197496666306705,386.2334360748081,387.18703703371375,28.909638755273388,28.900119589424296,0.7126045216624565,0.7067037001573765,0.12282912978001574,0.12277751109038251,0.0,0.0,37,6,12,0,0,1,0,,,,,,0,,,,,,1,0.0,0.0,0.0,0.0,0.0,0,,,,,,1,1,1,1.277935091534984e-09,1.277935091081872e-09,3.3633991082928464e-11,3.3063829452117943e-15,1.277935091081872e-09,0.00010302610322063924,7.77693833870748e-05,6.527772367456877e-06,8.186540707963083e-08,7.77693833870748e-05,5.0193865773323576e-05,4.6066859648696834e-05,4.418936228334225e-07,6.86987436937514e-08,4.6066859648696834e-05,3.2513606082150724e-06,2.58831439595153e-06,3.205951599551809e-08,6.516863777783488e-09,2.58831439595153e-06,,,,,,,,,
2026-03-22T10:10:30Z,test_cases/pglib_opf_case200_activ.mat,pglib_opf_case200_activ,oracle_ac_primal_dual__Va,oracle_ac_primal_dual,full,ac_true,1,0,Va,1,,,optimal,ok,1,1186.8829498780128,26370.687608850738,22.218439999277965,0,0.003063201904296875,0.02381300926208496,0.2960796356201172,0.31989264488220215,0.31989264488220215,0.322955846786499,acopf_acdc_paper_study/cases/pglib_opf_case200_activ/logs/oracle_ac_primal_dual__Va.log,0,37,2.977069772312831e-07,7.897635321933716e-08,1.1735196592255193e-08,2.952993602946988e-07,2.977069772312831e-07,0.138,,,0.138,False,100.0,200,245,49,38,108,1,48,151,1475.69,420.55,2997.49,1274.65,1241.66,-377.9100000000001,245,0,0,2,1,27557.57055876566,1487.3036518014824,50.1219707811943,1.0621167721482991,1.0999999936818792,1.0771578975840088,0.008456840474323829,-0.18172884045264884,0.047236524178218796,-0.1036848077577965,0.04197496666591896,386.23343600047036,387.1870369430729,28.909638754610516,28.900119588647232,0.7126045216325902,0.7067037001466749,0.12282912977830567,0.12277751108885077,0.0,0.0,37,6,12,0,0,1,0,,,,,,0,,,,,,0,,,,,,1,0.0,0.0,0.0,0.0,0.0,1,1,1,1.2775460693874544e-09,1.2775460689340434e-09,3.3623754913377593e-11,3.3063829452117943e-15,1.2775460689340434e-09,0.00010302600647613602,7.776933681111382e-05,6.527836632094747e-06,8.177590686293118e-08,7.776933681111382e-05,5.0193838668193315e-05,4.606677080598587e-05,4.4191611330401946e-07,6.876902891583825e-08,4.606677080598587e-05,3.251378524172857e-06,2.5883427664935565e-06,3.207100096595805e-08,6.534622482012864e-09,2.5883427664935565e-06,,,,,,,,,
2026-03-22T10:10:30Z,test_cases/pglib_opf_case200_activ.mat,pglib_opf_case200_activ,oracle_ac_primal_dual__Pg_Qg,oracle_ac_primal_dual,full,ac_true,1,0,Pg+Qg,2,,,optimal,ok,1,1187.5560458061766,26370.68760871023,22.218439999159582,0,0.003063201904296875,0.03253293037414551,0.20878005027770996,0.24131298065185547,0.24131298065185547,0.24437618255615234,acopf_acdc_paper_study/cases/pglib_opf_case200_activ/logs/oracle_ac_primal_dual__Pg_Qg.log,0,15,3.03743222268515e-07,8.024158544735205e-08,1.1736137173201655e-08,2.973280109307422e-07,3.03743222268515e-07,0.063,,,0.063,False,100.0,200,245,49,38,108,1,48,151,1475.69,420.55,2997.49,1274.65,1241.66,-377.9100000000001,245,0,0,2,1,27557.57055862515,1487.3036517861408,50.12195186513559,1.0621168058152266,1.0999999936873333,1.077157928189872,0.008456830211171,-0.18172884796654584,0.047236500702336176,-0.10368481804762075,0.04197496501513376,386.2334803177846,387.18709097733563,28.909639067167447,28.90011996664697,0.7126045397190536,0.7067037066835359,0.12282912181945473,0.12277750283970562,0.0,0.0,37,6,12,0,0,1,1,0.0,0.0,0.0,0.0,0.0,1,0.0,0.0,0.0,0.0,0.0,0,,,,,,0,,,,,,1,1,1,1.4020734276931613e-09,1.4020637983946926e-09,3.7653474453888526e-11,9.69427663144451e-13,1.4020637983946926e-09,0.00010449677209424485,7.92987628775452e-05,6.5782055006588095e-06,1.2184641159408705e-07,7.92987628775452e-05,5.102080905679018e-05,4.700942882229775e-05,4.3708106093443e-07,4.133530295824528e-08,4.700942882229775e-05,3.2631661686389026e-06,2.566179193766449e-06,3.044003863262798e-08,4.46766181688707e-09,2.566179193766449e-06,,,,,,,,,
2026-03-22T10:10:31Z,test_cases/pglib_opf_case200_activ.mat,pglib_opf_case200_activ,oracle_ac_primal_dual__Pg_Vm,oracle_ac_primal_dual,full,ac_true,1,0,Pg+Vm,2,,,optimal,ok,1,1187.5560458063096,26370.687608713317,22.218439999162182,0,0.003063201904296875,0.014281034469604492,0.21596693992614746,0.23024797439575195,0.23024797439575195,0.23331117630004883,acopf_acdc_paper_study/cases/pglib_opf_case200_activ/logs/oracle_ac_primal_dual__Pg_Vm.log,0,16,2.9942492231474053e-07,8.008093148499651e-08,1.1736137173201655e-08,2.95338861330403e-07,2.9942492231474053e-07,0.069,,,0.069,False,100.0,200,245,49,38,108,1,48,151,1475.69,420.55,2997.49,1274.65,1241.66,-377.9100000000001,245,0,0,2,1,27557.57055862824,1487.3036517866008,50.12195176362479,1.062116805592634,1.0999999936870077,1.0771579243453115,0.008456835270024627,-0.1817288481907948,0.04723650038899997,-0.10368481789316916,0.04197496484666481,386.23348006744413,387.1870906719207,28.909639194375668,28.900120082318832,0.712604540056118,0.7067037068034521,0.1228291324053671,0.12277751358989619,0.0,0.0,37,6,12,0,0,1,1,0.0,0.0,0.0,0.0,0.0,0,,,,,,1,0.0,0.0,0.0,0.0,0.0,0,,,,,,1,1,1,1.3974731398122257e-09,1.3974634782698558e-09,3.7532432799484325e-11,9.693851624192895e-13,1.3974634782698558e-09,0.00010300463684425603,7.76712739132511e-05,6.494683159775806e-06,1.2344561683540894e-07,7.76712739132511e-05,5.0127185409105166e-05,4.6045299498143066e-05,4.306635909889778e-07,4.0697111902687766e-08,4.6045299498143066e-05,3.2378520505869086e-06,2.5661328888273993e-06,3.0179666016851015e-08,4.522925332872685e-09,2.5661328888273993e-06,,,,,,,,,
2026-03-22T10:10:31Z,test_cases/pglib_opf_case200_activ.mat,pglib_opf_case200_activ,oracle_ac_primal_dual__Pg_Va,oracle_ac_primal_dual,full,ac_true,1,0,Pg+Va,2,,,optimal,ok,1,1187.5560458061186,26370.687608708897,22.21843999915846,0,0.003063201904296875,0.02933812141418457,0.21617794036865234,0.24551606178283691,0.24551606178283691,0.2485792636871338,acopf_acdc_paper_study/cases/pglib_opf_case200_activ/logs/oracle_ac_primal_dual__Pg_Va.log,0,16,2.991916223676389e-07,7.992322356362158e-08,1.173613695115705e-08,2.953333592270885e-07,2.991916223676389e-07,0.066,,,0.066,False,100.0,200,245,49,38,108,1,48,151,1475.69,420.55,2997.49,1274.65,1241.66,-377.9100000000001,245,0,0,2,1,27557.57055862382,1487.3036517859407,50.12195297748636,1.0621168035426236,1.0999999936876312,1.0771579226138475,0.008456835585849327,-0.18172884774683198,0.04723650183671234,-0.10368481728833448,0.041974964966775746,386.233477367563,387.18708738026646,28.90963916458143,28.9001200503163,0.7126045388021188,0.7067037063408087,0.12282913225600352,0.12277751345204022,0.0,0.0,37,6,12,0,0,1,1,0.0,0.0,0.0,0.0,0.0,0,,,,,,0,,,,,,1,0.0,0.0,0.0,0.0,0.0,1,1,1,1.404082912770415e-09,1.4040733020692642e-09,3.770616704467626e-11,9.690989330457533e-13,1.4040733020692642e-09,0.0001029907831570646,7.766661294478314e-05,6.485826946616394e-06,9.324327526522187e-08,7.766661294478314e-05,5.0125630824788854e-05,4.60402286013295e-05,4.311290150016411e-07,4.052822222266883e-08,4.60402286013295e-05,3.238427515962991e-06,2.56760881270357e-06,2.988420501825843e-08,4.088180738381908e-09,2.56760881270357e-06,,,,,,,,,
2026-03-22T10:10:31Z,test_cases/pglib_opf_case200_activ.mat,pglib_opf_case200_activ,oracle_ac_primal_dual__Qg_Vm,oracle_ac_primal_dual,full,ac_true,1,0,Qg+Vm,2,,,optimal,ok,1,1186.8829498751006,26370.68760878313,22.218439999221,0,0.003063201904296875,0.011868953704833984,0.2999558448791504,0.3118247985839844,0.3118247985839844,0.31488800048828125,acopf_acdc_paper_study/cases/pglib_opf_case200_activ/logs/oracle_ac_primal_dual__Qg_Vm.log,0,37,2.984125880158356e-07,7.945359613032582e-08,1.1735197258389007e-08,2.953160411915022e-07,2.984125880158356e-07,0.143,,,0.143,False,100.0,200,245,49,38,108,1,48,151,1475.69,420.55,2997.49,1274.65,1241.66,-377.9100000000001,245,0,0,2,1,27557.57055869805,1487.303651791411,50.12196027043474,1.0621167910885525,1.099999993679991,1.0771579126127449,0.008456837095996064,-0.18172884497368869,0.047236510573862106,-0.10368481360211405,0.04197496568906128,386.2334611430528,387.18706759906627,28.909638983421804,28.900119852656584,0.712604531705745,0.7067037037672182,0.12282913042351384,0.12277751166490056,0.0,0.0,37,6,12,0,0,1,0,,,,,,1,0.0,0.0,0.0,0.0,0.0,1,0.0,0.0,0.0,0.0,0.0,0,,,,,,1,1,1,1.378233083579528e-09,1.3782330832157186e-09,3.6273180639700975e-11,3.4555691641457997e-15,1.3782330832157186e-09,0.00010308968443669782,7.778668059069647e-05,6.505831243883952e-06,1.1010632279995387e-07,7.778668059069647e-05,5.0203375681916206e-05,4.6097678106482576e-05,4.351525158963199e-07,5.00962987759479e-08,4.6097678106482576e-05,3.246154828188309e-06,2.5783708454199528e-06,2.929012037314327e-08,3.800601222625488e-09,2.5783708454199528e-06,,,,,,,,,
2026-03-22T10:10:32Z,test_cases/pglib_opf_case200_activ.mat,pglib_opf_case200_activ,oracle_ac_primal_dual__Qg_Va,oracle_ac_primal_dual,full,ac_true,1,0,Qg+Va,2,,,optimal,ok,1,1186.882949870554,26370.68760867755,22.218439999132045,0,0.003063201904296875,0.033544063568115234,0.29199695587158203,0.32554101943969727,0.32554101943969727,0.32860422134399414,acopf_acdc_paper_study/cases/pglib_opf_case200_activ/logs/oracle_ac_primal_dual__Qg_Va.log,0,38,4.67888991840043e-07,1.2230521940787692e-07,1.1735197480433612e-08,3.9552595471258085e-07,4.67888991840043e-07,0.144,,,0.144,False,100.0,200,245,49,38,108,1,48,151,1475.69,420.55,2997.49,1274.65,1241.66,-377.9100000000001,245,0,0,2,1,27557.57055859247,1487.3036517756811,50.12196121118754,1.0621168134998829,1.0999999936779756,1.0771581012038334,0.008456595782665081,-0.18172883646077018,0.04723652026982562,-0.10368482211673204,0.04197497303465334,386.2334781158624,387.1870882933578,28.909633547222324,28.90011490985432,0.7126045200034481,0.7067036996704298,0.12282864045749951,0.12277701345982836,0.0,0.0,37,6,12,0,0,1,0,,,,,,1,0.0,0.0,0.0,0.0,0.0,0,,,,,,1,0.0,0.0,0.0,0.0,0.0,1,1,1,1.5355081653531375e-09,1.535508165062538e-09,4.041180397445469e-11,3.552713678800501e-15,1.535508165062538e-09,0.0001794795797887104,0.0001541798763132823,1.0383925787371588e-05,6.191983679113867e-08,0.0001541798763132823,9.371183244484024e-05,9.135471520282934e-05,7.321204878740773e-07,8.430764852906947e-08,9.135471520282934e-05,4.679344341088521e-06,3.8948290138896e-06,4.323263271395657e-08,5.7629411277793086e-09,3.8948290138896e-06,,,,,,,,,
2026-03-22T10:10:32Z,test_cases/pglib_opf_case200_activ.mat,pglib_opf_case200_activ,oracle_ac_primal_dual__Vm_Va,oracle_ac_primal_dual,full,ac_true,1,0,Vm+Va,2,,,optimal,ok,1,1186.8829498461132,26370.68760811007,22.21843999865392,0,0.003063201904296875,0.015316963195800781,0.5672440528869629,0.5825610160827637,0.5825610160827637,0.5856242179870605,acopf_acdc_paper_study/cases/pglib_opf_case200_activ/logs/oracle_ac_primal_dual__Vm_Va.log,0,108,4.68875993946087e-07,1.2272765811168623e-07,1.1735198146567427e-08,3.9564648044727846e-07,4.68875993946087e-07,0.42,,,0.42,False,100.0,200,245,49,38,108,1,48,151,1475.69,420.55,2997.49,1274.65,1241.66,-377.9100000000001,245,0,0,2,1,27557.570558024992,1487.3036516911122,50.121980911290365,1.0621168556103353,1.0999999936769105,1.077158049392594,0.008456521972175975,-0.18172883892744665,0.04723648255647738,-0.1036848169581381,0.04197498837325576,386.2334813855454,387.1870923150492,28.909632719342408,28.90011446625664,0.7126045936210895,0.7067037248077382,0.12282848126594874,0.12277685697024177,0.0,0.0,37,6,12,0,0,1,0,,,,,,0,,,,,,1,0.0,0.0,0.0,0.0,0.0,1,0.0,0.0,0.0,0.0,0.0,1,1,1,2.381180142125487e-09,2.3811801419526546e-09,6.266616031829735e-11,4.08006961549745e-15,2.3811801419526546e-09,0.0002008096932119733,0.00015426935243325647,1.2546511906316927e-05,8.804034381908188e-08,0.00015426935243325647,9.864762169535292e-05,9.145276773203648e-05,8.277831112124545e-07,5.90944853051667e-08,9.145276773203648e-05,6.181216153395362e-06,4.781665368491783e-06,5.664131256339841e-08,7.49141296219058e-09,4.781665368491783e-06,,,,,,,,,
2026-03-22T10:10:32Z,test_cases/pglib_opf_case200_activ.mat,pglib_opf_case200_activ,oracle_ac_primal_dual__Pg_Qg_Vm,oracle_ac_primal_dual,full,ac_true,1,0,Pg+Qg+Vm,3,,,optimal,ok,1,1187.556045803515,26370.687608648466,22.21843999910754,0,0.003063201904296875,0.03852391242980957,0.17904019355773926,0.21756410598754883,0.21756410598754883,0.2206273078918457,acopf_acdc_paper_study/cases/pglib_opf_case200_activ/logs/oracle_ac_primal_dual__Pg_Qg_Vm.log,0,6,4.295415611342947e-07,1.1278521953265314e-07,1.1736137173201655e-08,3.727893926238871e-07,4.295415611342947e-07,0.029,,,0.029,False,100.0,200,245,49,38,108,1,48,151,1475.69,420.55,2997.49,1274.65,1241.66,-377.9100000000001,245,0,0,2,1,27557.570558563388,1487.3036517769365,50.12195803849784,1.0621168134761267,1.099999993687029,1.0771580644515166,0.008456647354321199,-0.18172883924705638,0.047236514935192445,-0.1036848216030064,0.04197497115096454,386.2334804739113,387.1870911676015,28.90963479116492,28.900116050875216,0.7126045255038546,0.7067037016398835,0.12282874670598407,0.1227771214623304,0.0,0.0,37,6,12,0,0,1,1,0.0,0.0,0.0,0.0,0.0,1,0.0,0.0,0.0,0.0,0.0,1,0.0,0.0,0.0,0.0,0.0,0,,,,,,1,1,1,1.4941138773873916e-09,1.494104839849797e-09,4.007566491744181e-11,9.694467451026867e-13,1.494104839849797e-09,0.00016224600981031327,0.0001376199895960998,9.546956981692343e-06,7.052270491951333e-08,0.0001376199895960998,8.410846453944604e-05,8.154956355443943e-05,6.653384226806836e-07,7.047280203842377e-08,8.154956355443943e-05,4.33414431240783e-06,3.4780068928486063e-06,4.004994524070895e-08,4.955483395158167e-09,3.4780068928486063e-06,,,,,,,,,
2026-03-22T10:10:33Z,test_cases/pglib_opf_case200_activ.mat,pglib_opf_case200_activ,oracle_ac_primal_dual__Pg_Qg_Va,oracle_ac_primal_dual,full,ac_true,1,0,Pg+Qg+Va,3,,,optimal,ok,1,1187.5560458064724,26370.687608717097,22.218439999165366,0,0.003063201904296875,0.01699686050415039,0.19025015830993652,0.20724701881408691,0.20724701881408691,0.2103102207183838,acopf_acdc_paper_study/cases/pglib_opf_case200_activ/logs/oracle_ac_primal_dual__Pg_Qg_Va.log,0,11,3.0002818728037675e-07,7.968031462413094e-08,1.1736137173201655e-08,2.953169901759859e-07,3.0002818728037675e-07,0.042,,,0.042,False,100.0,200,245,49,38,108,1,48,151,1475.69,420.55,2997.49,1274.65,1241.66,-377.9100000000001,245,0,0,2,1,27557.57055863202,1487.3036517871644,50.12195152159335,1.062116805787514,1.09999999368713,1.0771579245757845,0.008456835174957275,-0.18172884825476718,0.04723650018444867,-0.10368481798628965,0.04197496482867668,386.233480464997,387.187091156606,28.90963919800561,28.900120085340955,0.7126045402370533,0.7067037068697349,0.12282913254089149,0.12277751371747198,0.0,0.0,37,6,12,0,0,1,1,0.0,0.0,0.0,0.0,0.0,1,0.0,0.0,0.0,0.0,0.0,0,,,,,,1,0.0,0.0,0.0,0.0,0.0,1,1,1,1.3918341344902405e-09,1.3918244334831797e-09,3.7384050259676496e-11,9.694467451026867e-13,1.3918244334831797e-09,0.00010298756267931324,7.76525542003012e-05,6.495031400844246e-06,1.2343155130888767e-07,7.76525542003012e-05,5.011569250003094e-05,4.6034366279590344e-05,4.3049937588302e-07,4.049877366796295e-08,4.6034366279590344e-05,3.2374292377969112e-06,2.5658808575912406e-06,3.022374307460121e-08,4.610978286689882e-09,2.5658808575912406e-06,,,,,,,,,
2026-03-22T10:10:33Z,test_cases/pglib_opf_case200_activ.mat,pglib_opf_case200_activ,oracle_ac_primal_dual__Pg_Vm_Va,oracle_ac_primal_dual,full,ac_true,1,0,Pg+Vm+Va,3,,,optimal,ok,1,1187.5560458082484,26370.68760875831,22.218439999200093,0,0.003063201904296875,0.0471949577331543,0.22300410270690918,0.2701990604400635,0.2701990604400635,0.27326226234436035,acopf_acdc_paper_study/cases/pglib_opf_case200_activ/logs/oracle_ac_primal_dual__Pg_Vm_Va.log,0,16,2.9807537116710295e-07,7.916866667963263e-08,1.1736135840934026e-08,2.953069852059966e-07,2.9807537116710295e-07,0.07,,,0.07,False,100.0,200,245,49,38,108,1,48,151,1475.69,420.55,2997.49,1274.65,1241.66,-377.9100000000001,245,0,0,2,1,27557.570558673233,1487.3036517932974,50.12196472724556,1.0621167826656905,1.099999993690615,1.0771579058225174,0.008456839202324753,-0.1817288428611804,0.04723651677894461,-0.1036848109060804,0.04197496607450004,386.2334496999639,387.1870536461453,28.90963890154199,28.90011975192909,0.7126045273464044,0.7067037021976564,0.12282913137363302,0.12277751265456774,0.0,0.0,37,6,12,0,0,1,1,0.0,0.0,0.0,0.0,0.0,0,,,,,,1,0.0,0.0,0.0,0.0,0.0,1,0.0,0.0,0.0,0.0,0.0,1,1,1,1.3305542335291578e-09,1.3305441193267598e-09,3.577016912750662e-11,9.677285014997317e-13,1.3305441193267598e-09,0.00010288706463686873,7.764148237775388e-05,6.5050770310522585e-06,9.500622957531873e-08,7.764148237775388e-05,5.0113435565877324e-05,4.6002433831349165e-05,4.369675930493422e-07,5.7831550326348236e-08,4.6002433831349165e-05,3.2433613513337715e-06,2.5794550290725304e-06,3.008153353055605e-08,5.033674407850519e-09,2.5794550290725304e-06,,,,,,,,,
2026-03-22T10:10:33Z,test_cases/pglib_opf_case200_activ.mat,pglib_opf_case200_activ,oracle_ac_primal_dual__Qg_Vm_Va,oracle_ac_primal_dual,full,ac_true,1,0,Qg+Vm+Va,3,,,optimal,ok,1,1186.8829498744333,26370.68760876761,22.218439999207927,0,0.003063201904296875,0.012040853500366211,0.2965672016143799,0.3086080551147461,0.3086080551147461,0.31167125701904297,acopf_acdc_paper_study/cases/pglib_opf_case200_activ/logs/oracle_ac_primal_dual__Qg_Vm_Va.log,0,40,2.997110895041885e-07,8.022357348737297e-08,1.1735198146567427e-08,2.9549448567021124e-07,2.997110895041885e-07,0.15,,,0.15,False,100.0,200,245,49,38,108,1,48,151,1475.69,420.55,2997.49,1274.65,1241.66,-377.9100000000001,245,0,0,2,1,27557.57055868253,1487.303651789105,50.121951980964916,1.0621168057128456,1.0999999936771987,1.0771579247403764,0.008456834180520388,-0.18172884828879093,0.04723650018265392,-0.10368481800923124,0.04197496492212677,386.2334804105418,387.1870910908122,28.90963916511648,28.900120057485992,0.7126045400215907,0.7067037067929028,0.1228291301819372,0.12277751134664575,0.0,0.0,37,6,12,0,0,1,0,,,,,,1,0.0,0.0,0.0,0.0,0.0,1,0.0,0.0,0.0,0.0,0.0,1,0.0,0.0,0.0,0.0,0.0,1,1,1,1.40125733269138e-09,1.401257332389605e-09,3.6878756992653194e-11,3.920475055707584e-15,1.401257332389605e-09,0.0001033198397255492,7.793522982541858e-05,6.51540131027745e-06,1.2593302267313589e-07,7.793522982541858e-05,5.028907722270197e-05,4.620181487724473e-05,4.3221119817582475e-07,4.0820026470100856e-08,4.620181487724473e-05,3.246585835839055e-06,2.571860437942941e-06,3.032425059788617e-08,4.601465493359047e-09,2.571860437942941e-06,,,,,,,,,
2026-03-22T10:10:33Z,test_cases/pglib_opf_case200_activ.mat,pglib_opf_case200_activ,oracle_ac_primal_dual__Pg_Qg_Vm_Va,oracle_ac_primal_dual,full,ac_true,1,0,Pg+Qg+Vm+Va,4,,,optimal,ok,1,1187.5560457699723,26370.687607870103,22.21843999845174,0,0.003063201904296875,0.033289194107055664,0.1665029525756836,0.19979214668273926,0.19979214668273926,0.20285534858703613,acopf_acdc_paper_study/cases/pglib_opf_case200_activ/logs/oracle_ac_primal_dual__Pg_Qg_Vm_Va.log,0,2,6.0652592161031e-07,1.5702654702909324e-07,1.1736137173201655e-08,4.759976976749432e-07,6.0652592161031e-07,0.014,,,0.014,False,100.0,200,245,49,38,108,1,48,151,1475.69,420.55,2997.49,1274.65,1241.66,-377.9100000000001,245,0,0,2,1,27557.570557785024,1487.3036516609363,50.12198813155759,1.0621168646875703,1.0999999936872433,1.077158172328408,0.00845634777731118,-0.18172883069389284,0.047236494090069754,-0.10368481964773876,0.04197499511572422,386.2334805788973,387.18709133624355,28.90962875258114,28.900110858601074,0.7126045846332694,0.7067037215387693,0.12282812553089707,0.12277649563056653,0.0,0.0,37,6,12,0,0,1,1,0.0,0.0,0.0,0.0,0.0,1,0.0,0.0,0.0,0.0,0.0,1,0.0,0.0,0.0,0.0,0.0,1,0.0,0.0,0.0,0.0,0.0,1,1,1,2.6541113561000414e-09,2.654106268096257e-09,7.060205184555273e-11,9.694901131895861e-13,2.654106268096257e-09,0.0002549689700131746,0.00020862023727000363,1.5446228573116513e-05,8.659935834751109e-08,0.00020862023727000363,0.00012954548098114479,0.00012364395630704017,1.0453778649843759e-06,8.450772004398033e-08,0.00012364395630704017,7.229733015571233e-06,5.273579827269614e-06,6.571048276449165e-08,6.349155565882336e-09,5.273579827269614e-06,,,,,,,,,
2026-03-22T10:10:34Z,test_cases/pglib_opf_case200_activ.mat,pglib_opf_case200_activ,oracle_ac_constraint_dual__Pg,oracle_ac_constraint_dual,constraint_only,ac_true,1,0,Pg,1,,,optimal,ok,1,1187.5560458062066,26370.687608710938,22.21843999916018,0,0.003063201904296875,0.03028392791748047,0.19735503196716309,0.22763895988464355,0.22763895988464355,0.23070216178894043,acopf_acdc_paper_study/cases/pglib_opf_case200_activ/logs/oracle_ac_constraint_dual__Pg.log,0,11,2.997603430430643e-07,7.992494162507857e-08,1.173613650706784e-08,2.95869653346571e-07,2.997603430430643e-07,0.046,,,0.046,False,100.0,200,245,49,38,108,1,48,151,1475.69,420.55,2997.49,1274.65,1241.66,-377.9100000000001,245,0,0,2,1,27557.57055862586,1487.3036517862427,50.12195551132449,1.0621167992721194,1.0999999936885358,1.0771579201033068,0.008456834898113132,-0.18172884669675463,0.04723650502778313,-0.10368481601026383,0.04197496525310541,386.2334716438957,387.1870804017854,28.90963907357703,28.900119955854024,0.7126045362107515,0.7067037053966585,0.12282912913131927,0.1227775102998022,0.0,0.0,37,6,12,0,0,1,1,0.0,0.0,0.0,0.0,0.0,0,,,,,,0,,,,,,0,,,,,,1,1,0,1.40107466512775e-09,1.4010650417617398e-09,3.762669240052255e-11,9.686895383054228e-13,1.4010650417617398e-09,0.00010337391591959557,7.810620259334541e-05,6.50804093613011e-06,1.1743254946217606e-07,7.810620259334541e-05,5.036747703805281e-05,4.6295772130777735e-05,4.337398608866838e-07,4.214277249392495e-08,4.6295772130777735e-05,3.2463347629057085e-06,2.570378898870962e-06,2.9436599827663973e-08,3.2644686398519696e-09,2.570378898870962e-06,,,,,,,,,
2026-03-22T10:10:34Z,test_cases/pglib_opf_case200_activ.mat,pglib_opf_case200_activ,oracle_ac_constraint_dual__Qg,oracle_ac_constraint_dual,constraint_only,ac_true,1,0,Qg,1,,,optimal,ok,1,1186.8829498293444,26370.687607720738,22.21843999832589,0,0.003063201904296875,0.02821207046508789,0.23650217056274414,0.26471424102783203,0.26471424102783203,0.2677774429321289,acopf_acdc_paper_study/cases/pglib_opf_case200_activ/logs/oracle_ac_constraint_dual__Qg.log,0,22,2.998092732213341e-07,8.04740268329357e-08,1.1735197480433612e-08,2.9534392849911e-07,2.998092732213341e-07,0.09,,,0.09,False,100.0,200,245,49,38,108,1,48,151,1475.69,420.55,2997.49,1274.65,1241.66,-377.9100000000001,245,0,0,2,1,27557.57055763566,1487.303651633091,50.12195560742616,1.0621168082113903,1.0999999936997187,1.0771578810507763,0.008456794359880759,-0.18172885110448658,0.04723649599872515,-0.10368481751926353,0.04197496564654322,386.23348437712457,387.1870959686624,28.90963887781959,28.90011952062644,0.712604542666474,0.7067037074639085,0.12282907774112604,0.12277746020794031,0.0,0.0,37,6,12,0,0,1,0,,,,,,1,0.0,0.0,0.0,0.0,0.0,0,,,,,,0,,,,,,1,1,0,2.961384471154414e-09,2.961384470978601e-09,7.793505887700973e-11,4.718447854656915e-15,2.961384470978601e-09,0.00010285094745506024,7.781461198482116e-05,6.666876196933706e-06,3.498768045735734e-07,7.781461198482116e-05,5.070174705556877e-05,4.61421714499366e-05,4.805849438094257e-07,6.198613511365636e-08,4.61421714499366e-05,3.24954447187479e-06,2.5492978540445077e-06,3.323909865164503e-08,5.492473940937881e-09,2.5492978540445077e-06,,,,,,,,,
2026-03-22T10:10:34Z,test_cases/pglib_opf_case200_activ.mat,pglib_opf_case200_activ,oracle_ac_constraint_dual__Vm,oracle_ac_constraint_dual,constraint_only,ac_true,1,0,Vm,1,,,optimal,ok,1,1186.8829498824982,26370.68760895488,22.21843999936571,0,0.003063201904296875,0.024209022521972656,0.22314095497131348,0.24734997749328613,0.24734997749328613,0.250413179397583,acopf_acdc_paper_study/cases/pglib_opf_case200_activ/logs/oracle_ac_constraint_dual__Vm.log,0,20,3.263635011647166e-07,8.583600182628798e-08,1.1735196148165983e-08,3.1331964186343216e-07,3.263635011647166e-07,0.076,,,0.076,False,100.0,200,245,49,38,108,1,48,151,1475.69,420.55,2997.49,1274.65,1241.66,-377.9100000000001,245,0,0,2,1,27557.5705588698,1487.3036518170006,50.12198488574769,1.0621167588140519,1.099999993684701,1.0771579144145316,0.00845679284478957,-0.18172883530434236,0.0472365384108868,-0.10368480390837975,0.041974970264082395,386.2334141797867,387.1870103409382,28.909637278085036,28.900118213701464,0.7126045118796211,0.7067036965404269,0.12282902485290999,0.12277740486298037,0.0,0.0,37,6,12,0,0,1,0,,,,,,0,,,,,,1,0.0,0.0,0.0,0.0,0.0,0,,,,,,1,1,0,1.12237241778927e-09,1.1223724172282346e-09,2.954043753032817e-11,3.490263633665336e-15,1.1223724172282346e-09,0.00011808221955112976,9.235152655312148e-05,7.410850507298624e-06,8.976122812479753e-08,9.235152655312148e-05,5.858604550464309e-05,5.468341219971862e-05,5.166641643739034e-07,9.408146139922025e-08,5.468341219971862e-05,3.583613519253628e-06,2.7182583395291005e-06,3.9010738065933806e-08,1.1414217761934742e-08,2.7182583395291005e-06,,,,,,,,,
2026-03-22T10:10:34Z,test_cases/pglib_opf_case200_activ.mat,pglib_opf_case200_activ,oracle_ac_constraint_dual__Va,oracle_ac_constraint_dual,constraint_only,ac_true,1,0,Va,1,,,optimal,ok,1,1186.8829498658608,26370.687608568594,22.218439999040246,0,0.003063201904296875,0.04481387138366699,0.23422503471374512,0.2790389060974121,0.2790389060974121,0.282102108001709,acopf_acdc_paper_study/cases/pglib_opf_case200_activ/logs/oracle_ac_constraint_dual__Va.log,0,21,3.0749891950198393e-07,8.231642390724853e-08,1.1735198146567427e-08,3.000049820741213e-07,3.0749891950198393e-07,0.088,,,0.088,False,100.0,200,245,49,38,108,1,48,151,1475.69,420.55,2997.49,1274.65,1241.66,-377.9100000000001,245,0,0,2,1,27557.570558483516,1487.3036517594476,50.12195116010842,1.062116809141141,1.0999999936852698,1.0771579282378447,0.008456815850968004,-0.18172884861742294,0.047236499120496524,-0.10368481879494826,0.04197496523574985,386.2334825203254,387.18709367197454,28.909638856560996,28.900119773716813,0.7126045422577151,0.7067037075231453,0.12282909921143301,0.12277748028392416,0.0,0.0,37,6,12,0,0,1,0,,,,,,0,,,,,,0,,,,,,1,0.0,0.0,0.0,0.0,0.0,1,1,0,1.6978227715187772e-09,1.6978227712627358e-09,4.4683169947361776e-11,4.2049697057677804e-15,1.6978227712627358e-09,0.00010630198019914955,8.162587181580021e-05,6.711780744262269e-06,1.594843084522929e-07,8.162587181580021e-05,5.227899079225782e-05,4.83927257204364e-05,4.535685504192255e-07,4.1781685333752705e-08,4.83927257204364e-05,3.2874314746730605e-06,2.5479338975342714e-06,3.145518156127784e-08,4.8663722079789196e-09,2.5479338975342714e-06,,,,,,,,,
2026-03-22T10:10:35Z,test_cases/pglib_opf_case200_activ.mat,pglib_opf_case200_activ,oracle_ac_constraint_dual__Pg_Qg,oracle_ac_constraint_dual,constraint_only,ac_true,1,0,Pg+Qg,2,,,optimal,ok,1,1187.5560458040834,26370.687608661658,22.218439999118658,0,0.003063201904296875,0.01250314712524414,0.1862938404083252,0.19879698753356934,0.19879698753356934,0.2018601894378662,acopf_acdc_paper_study/cases/pglib_opf_case200_activ/logs/oracle_ac_constraint_dual__Pg_Qg.log,0,9,3.0533868234668994e-07,8.160332778169715e-08,1.173613695115705e-08,2.9887255980323906e-07,3.0533868234668994e-07,0.039,,,0.039,False,100.0,200,245,49,38,108,1,48,151,1475.69,420.55,2997.49,1274.65,1241.66,-377.9100000000001,245,0,0,2,1,27557.57055857658,1487.3036517789023,50.121952400945304,1.062116806430034,1.099999993688071,1.0771579272175036,0.008456822131860296,-0.1817288479950142,0.047236500546049984,-0.10368481803484748,0.04197496523288838,386.2334808790811,387.1870916634075,28.90963896487938,28.900119838373232,0.7126045400759579,0.7067037067998315,0.12282910805704061,0.12277748904263323,0.0,0.0,37,6,12,0,0,1,1,0.0,0.0,0.0,0.0,0.0,1,0.0,0.0,0.0,0.0,0.0,0,,,,,,0,,,,,,1,1,0,1.4744550574464385e-09,1.4744458987081543e-09,3.95583474602954e-11,9.695282771060576e-13,1.4744458987081543e-09,0.00010573478342065226,8.05649060795768e-05,6.662526274813306e-06,1.1194734924366116e-07,8.05649060795768e-05,5.174116230071123e-05,4.776004817563795e-05,4.4623526671339067e-07,4.178690271583463e-08,4.776004817563795e-05,3.2868659015922426e-06,2.570419815446645e-06,3.0855626647141935e-08,4.406122508515686e-09,2.570419815446645e-06,,,,,,,,,
2026-03-22T10:10:35Z,test_cases/pglib_opf_case200_activ.mat,pglib_opf_case200_activ,oracle_ac_constraint_dual__Pg_Vm,oracle_ac_constraint_dual,constraint_only,ac_true,1,0,Pg+Vm,2,,,optimal,ok,1,1187.556045807765,26370.687608747085,22.218439999190633,0,0.003063201904296875,0.036924123764038086,0.19318199157714844,0.23010611534118652,0.23010611534118652,0.2331693172454834,acopf_acdc_paper_study/cases/pglib_opf_case200_activ/logs/oracle_ac_constraint_dual__Pg_Vm.log,0,11,2.990006629593877e-07,7.945214466117262e-08,1.173613606297863e-08,2.957964606759823e-07,2.990006629593877e-07,0.043,,,0.043,False,100.0,200,245,49,38,108,1,48,151,1475.69,420.55,2997.49,1274.65,1241.66,-377.9100000000001,245,0,0,2,1,27557.570558662006,1487.303651791625,50.12196304609932,1.0621167858203806,1.0999999936902978,1.0771579092194024,0.008456837395249677,-0.18172884354113003,0.04723651464816828,-0.10368481188739512,0.04197496595627023,386.2334538199309,387.1870586695558,28.909638909525686,28.900119768124426,0.712604528902791,0.7067037027577387,0.12282912889825921,0.12277751012483737,0.0,0.0,37,6,12,0,0,1,1,0.0,0.0,0.0,0.0,0.0,0,,,,,,1,0.0,0.0,0.0,0.0,0.0,0,,,,,,1,1,0,1.3472714053452218e-09,1.3472614135423555e-09,3.6210213966524296e-11,9.678750856334517e-13,1.3472614135423555e-09,0.00010326572118799578,7.80438284680024e-05,6.521793230689809e-06,9.925703828772212e-08,7.80438284680024e-05,5.033386350967485e-05,4.624410135845025e-05,4.374410026808384e-07,5.5116585073733404e-08,4.624410135845025e-05,3.248712969262729e-06,2.577864816472042e-06,2.973568937431753e-08,4.597959235574933e-09,2.577864816472042e-06,,,,,,,,,
2026-03-22T10:10:35Z,test_cases/pglib_opf_case200_activ.mat,pglib_opf_case200_activ,oracle_ac_constraint_dual__Pg_Va,oracle_ac_constraint_dual,constraint_only,ac_true,1,0,Pg+Va,2,,,optimal,ok,1,1187.5560458061618,26370.68760870989,22.218439999159294,0,0.003063201904296875,0.014767169952392578,0.18665480613708496,0.20142197608947754,0.20142197608947754,0.20448517799377441,acopf_acdc_paper_study/cases/pglib_opf_case200_activ/logs/oracle_ac_constraint_dual__Pg_Va.log,0,11,2.9962444765962174e-07,8.007244286026283e-08,1.173613695115705e-08,2.955394458301455e-07,2.9962444765962174e-07,0.043,,,0.043,False,100.0,200,245,49,38,108,1,48,151,1475.69,420.55,2997.49,1274.65,1241.66,-377.9100000000001,245,0,0,2,1,27557.57055862481,1487.3036517860892,50.12195245267959,1.0621168044897247,1.0999999936873819,1.077157923778273,0.00845683491378615,-0.18172884792537278,0.047236501222349056,-0.1036848175734871,0.04197496493123168,386.23347858778646,387.18708886796435,28.9096391652597,28.900120053154517,0.7126045393159741,0.70670370653021,0.12282913123551717,0.12277751240869568,0.0,0.0,37,6,12,0,0,1,1,0.0,0.0,0.0,0.0,0.0,0,,,,,,0,,,,,,1,0.0,0.0,0.0,0.0,0.0,1,1,0,1.4025930057749502e-09,1.4025833827702172e-09,3.766704003712128e-11,9.692151595186438e-13,1.4025833827702172e-09,0.00010315040795492947,7.783588011405808e-05,6.498385441616511e-06,1.2276860887269758e-07,7.783588011405808e-05,5.021800103445506e-05,4.6141513456054994e-05,4.315804673904466e-07,4.0705441683996924e-08,4.6141513456054994e-05,3.2407752378387217e-06,2.5669905888286992e-06,3.0040103376118706e-08,4.2389997761960174e-09,2.5669905888286992e-06,,,,,,,,,
2026-03-22T10:10:35Z,test_cases/pglib_opf_case200_activ.mat,pglib_opf_case200_activ,oracle_ac_constraint_dual__Qg_Vm,oracle_ac_constraint_dual,constraint_only,ac_true,1,0,Qg+Vm,2,,,optimal,ok,1,1186.8829498744349,26370.687608767654,22.218439999207963,0,0.003063201904296875,0.051622867584228516,0.22406411170959473,0.27568697929382324,0.27568697929382324,0.2787501811981201,acopf_acdc_paper_study/cases/pglib_opf_case200_activ/logs/oracle_ac_constraint_dual__Qg_Vm.log,0,21,2.994327621326662e-07,8.014364352802034e-08,1.1735197924522822e-08,2.9534009069003375e-07,2.994327621326662e-07,0.077,,,0.077,False,100.0,200,245,49,38,108,1,48,151,1475.69,420.55,2997.49,1274.65,1241.66,-377.9100000000001,245,0,0,2,1,27557.570558682575,1487.3036517891114,50.12195203379981,1.0621168055073096,1.0999999936772615,1.0771579243768292,0.008456834677843505,-0.18172884827562943,0.04723650029335834,-0.10368481796582499,0.04197496490107152,386.2334802177003,387.1870908556736,28.909639173115437,28.9001200642083,0.7126045398789163,0.7067037067416179,0.1228291311599389,0.12277751233627911,0.0,0.0,37,6,12,0,0,1,0,,,,,,1,0.0,0.0,0.0,0.0,0.0,1,0.0,0.0,0.0,0.0,0.0,0,,,,,,1,1,0,1.4011956042925112e-09,1.4011956039894358e-09,3.687714223900077e-11,3.892719480091955e-15,1.4011956039894358e-09,0.00010317288800662805,7.780843282872464e-05,6.5060147153793955e-06,1.2595136512460851e-07,7.780843282872464e-05,5.021260234839971e-05,4.6126507153188e-05,4.3165207080919643e-07,4.087702598631893e-08,4.6126507153188e-05,3.242767261916324e-06,2.569558265830274e-06,3.026871349942443e-08,4.560119080954106e-09,2.569558265830274e-06,,,,,,,,,
2026-03-22T10:10:36Z,test_cases/pglib_opf_case200_activ.mat,pglib_opf_case200_activ,oracle_ac_constraint_dual__Qg_Va,oracle_ac_constraint_dual,constraint_only,ac_true,1,0,Qg+Va,2,,,optimal,ok,1,1186.882949874444,26370.68760876787,22.218439999208144,0,0.003063201904296875,0.012149810791015625,0.251162052154541,0.26331186294555664,0.26331186294555664,0.2663750648498535,acopf_acdc_paper_study/cases/pglib_opf_case200_activ/logs/oracle_ac_constraint_dual__Qg_Va.log,0,26,2.98731008746635e-07,7.966897258918082e-08,1.1735197480433612e-08,2.9532355958539434e-07,2.98731008746635e-07,0.102,,,0.102,False,100.0,200,245,49,38,108,1,48,151,1475.69,420.55,2997.49,1274.65,1241.66,-377.9100000000001,245,0,0,2,1,27557.57055868279,1487.303651789139,50.12195681764593,1.0621167972319783,1.0999999936791403,1.077157917547093,0.008456836028582729,-0.18172884641419362,0.0472365061753085,-0.10368481548189358,0.041974965364010464,386.23346928571897,387.1870775271462,28.909639060505683,28.900119940249787,0.7126045350665718,0.7067037049819885,0.12282913067819154,0.12277751189487168,0.0,0.0,37,6,12,0,0,1,0,,,,,,1,0.0,0.0,0.0,0.0,0.0,0,,,,,,1,0.0,0.0,0.0,0.0,0.0,1,1,0,1.4009433616549535e-09,1.400943361318241e-09,3.68707141298593e-11,3.174543961037557e-15,1.400943361318241e-09,0.00010312121580748402,7.779389396017286e-05,6.498398381895305e-06,1.1823682383215253e-07,7.779389396017286e-05,5.020696250381177e-05,4.610868760801523e-05,4.334774941872066e-07,4.410434295554211e-08,4.610868760801523e-05,3.2447766773295643e-06,2.5749101886032855e-06,2.934103104839346e-08,3.0052551835968444e-09,2.5749101886032855e-06,,,,,,,,,
2026-03-22T10:10:36Z,test_cases/pglib_opf_case200_activ.mat,pglib_opf_case200_activ,oracle_ac_constraint_dual__Vm_Va,oracle_ac_constraint_dual,constraint_only,ac_true,1,0,Vm+Va,2,,,optimal,ok,1,1186.8829498737605,26370.687608751992,22.218439999194768,0,0.003063201904296875,0.03261375427246094,0.42916083335876465,0.4617745876312256,0.4617745876312256,0.46483778953552246,acopf_acdc_paper_study/cases/pglib_opf_case200_activ/logs/oracle_ac_constraint_dual__Vm_Va.log,0,70,3.3100416657594636e-07,8.812166753420503e-08,1.1735198146567427e-08,3.1425993640801253e-07,3.3100416657594636e-07,0.274,,,0.274,False,100.0,200,245,49,38,108,1,48,151,1475.69,420.55,2997.49,1274.65,1241.66,-377.9100000000001,245,0,0,2,1,27557.570558666914,1487.3036517867777,50.12195354315321,1.0621168076790433,1.0999999936772005,1.0771579602666896,0.008456786614526519,-0.1817288460243193,0.04723650389353819,-0.10368481895617361,0.04197496650215415,386.2334805238766,387.18709122897843,28.909638044555305,28.900119030591416,0.712604536276113,0.706703705465064,0.12282903236019933,0.12277741189125059,0.0,0.0,37,6,12,0,0,1,0,,,,,,0,,,,,,1,0.0,0.0,0.0,0.0,0.0,1,0.0,0.0,0.0,0.0,0.0,1,1,0,1.4245324922629918e-09,1.4245324919670566e-09,3.749125717480545e-11,3.9343528435153985e-15,1.4245324919670566e-09,0.00011758860122731502,9.311011160224956e-05,7.285964236287559e-06,1.1245286443565053e-07,9.311011160224956e-05,5.8701849938855617e-05,5.518901043255475e-05,4.909740044800603e-07,4.418197774302968e-08,5.518901043255475e-05,3.493006153075004e-06,2.571445935871386e-06,3.2445283325160945e-08,4.032518763352755e-09,2.571445935871386e-06,,,,,,,,,
2026-03-22T10:10:36Z,test_cases/pglib_opf_case200_activ.mat,pglib_opf_case200_activ,oracle_ac_constraint_dual__Pg_Qg_Vm,oracle_ac_constraint_dual,constraint_only,ac_true,1,0,Pg+Qg+Vm,3,,,optimal,ok,1,1187.556045806359,26370.68760871446,22.218439999163145,0,0.003063201904296875,0.0123291015625,0.17342114448547363,0.18575024604797363,0.18575024604797363,0.1888134479522705,acopf_acdc_paper_study/cases/pglib_opf_case200_activ/logs/oracle_ac_constraint_dual__Pg_Qg_Vm.log,0,7,2.9991627772072927e-07,8.024604354617271e-08,1.1736137173201655e-08,2.956031345966036e-07,2.9991627772072927e-07,0.028,,,0.028,False,100.0,200,245,49,38,108,1,48,151,1475.69,420.55,2997.49,1274.65,1241.66,-377.9100000000001,245,0,0,2,1,27557.57055862938,1487.303651786772,50.12195145218473,1.0621168064747188,1.0999999936866904,1.0771579252250425,0.00845683419412388,-0.181728848304112,0.047236499812763955,-0.10368481807673004,0.04197496489096004,386.23348096234093,387.18709176304986,28.909639185841485,28.90012007713915,0.7126045407589681,0.7067037070571863,0.12282913041083958,0.12277751157896201,0.0,0.0,37,6,12,0,0,1,1,0.0,0.0,0.0,0.0,0.0,1,0.0,0.0,0.0,0.0,0.0,1,0.0,0.0,0.0,0.0,0.0,0,,,,,,1,1,0,1.3957571934705405e-09,1.3957475175629952e-09,3.748737228440631e-11,9.695161340417258e-13,1.3957475175629952e-09,0.00010332197890044265,7.788881536257512e-05,6.517444516005368e-06,1.2201544405811109e-07,7.788881536257512e-05,5.0273113609616084e-05,4.617509340776316e-05,4.317200666681398e-07,4.027294342456855e-08,4.617509340776316e-05,3.2482831792166803e-06,2.574822292510104e-06,3.037257166995169e-08,4.711599443929515e-09,2.574822292510104e-06,,,,,,,,,
2026-03-22T10:10:37Z,test_cases/pglib_opf_case200_activ.mat,pglib_opf_case200_activ,oracle_ac_constraint_dual__Pg_Qg_Va,oracle_ac_constraint_dual,constraint_only,ac_true,1,0,Pg+Qg+Va,3,,,optimal,ok,1,1187.5560458127604,26370.687608863012,22.218439999288307,0,0.003063201904296875,0.03371906280517578,0.18675470352172852,0.2204737663269043,0.2204737663269043,0.22353696823120117,acopf_acdc_paper_study/cases/pglib_opf_case200_activ/logs/oracle_ac_constraint_dual__Pg_Qg_Va.log,0,9,2.9735646633415296e-07,7.864497833780931e-08,1.173613517480021e-08,2.9534245205370755e-07,2.9735646633415296e-07,0.037,,,0.037,False,100.0,200,245,49,38,108,1,48,151,1475.69,420.55,2997.49,1274.65,1241.66,-377.9100000000001,245,0,0,2,1,27557.570558777934,1487.303651808896,50.12197947410332,1.062116756001896,1.0999999936929439,1.0771578846498937,0.008456843663090451,-0.1817288364440774,0.047236535964077946,-0.10368480263802489,0.041974967443276015,386.2334142662073,387.18701044210917,28.909638580317612,28.900119378333002,0.7126045133150312,0.7067036971670715,0.12282912997950254,0.12277751135595923,0.0,0.0,37,6,12,0,0,1,1,0.0,0.0,0.0,0.0,0.0,1,0.0,0.0,0.0,0.0,0.0,0,,,,,,1,0.0,0.0,0.0,0.0,0.0,1,1,0,1.17459719672114e-09,1.1745857619871458e-09,3.166527080292776e-11,9.667388417566869e-13,1.1745857619871458e-09,0.00010288403127394523,7.7665192757744e-05,6.538392604366403e-06,6.44161323782623e-08,7.7665192757744e-05,5.012674508426038e-05,4.5987555590931706e-05,4.489139883756543e-07,7.526100709309702e-08,4.5987555590931706e-05,3.2532259426475185e-06,2.593030424380416e-06,3.5956990848493714e-08,1.1255821691369405e-08,2.593030424380416e-06,,,,,,,,,
2026-03-22T10:10:37Z,test_cases/pglib_opf_case200_activ.mat,pglib_opf_case200_activ,oracle_ac_constraint_dual__Pg_Vm_Va,oracle_ac_constraint_dual,constraint_only,ac_true,1,0,Pg+Vm+Va,3,,,optimal,ok,1,1187.5560458525936,26370.687609787354,22.218440000067105,0,0.003063201904296875,0.02472090721130371,0.20389080047607422,0.22861170768737793,0.22861170768737793,0.2316749095916748,acopf_acdc_paper_study/cases/pglib_opf_case200_activ/logs/oracle_ac_constraint_dual__Pg_Vm_Va.log,0,10,3.043265290564808e-07,7.910939746596374e-08,1.1736132732309557e-08,3.012997056233057e-07,3.043265290564808e-07,0.044,,,0.044,False,100.0,200,245,49,38,108,1,48,151,1475.69,420.55,2997.49,1274.65,1241.66,-377.9100000000001,245,0,0,2,1,27557.570559702275,1487.303651946632,50.122078554312665,1.062116575676819,1.0999999937007479,1.0771577553145057,0.00845686188373997,-0.18172879140933312,0.04723666775393373,-0.10368474644042566,0.0419749769451537,386.2331735501732,387.1867169326092,28.909636152131444,28.9001166071533,0.7126044198507936,0.7067036638674878,0.12282909417647214,0.12277747558015684,0.0,0.0,37,6,12,0,0,1,1,0.0,0.0,0.0,0.0,0.0,0,,,,,,1,0.0,0.0,0.0,0.0,0.0,1,0.0,0.0,0.0,0.0,0.0,1,1,0,2.0273788381440193e-10,2.0267210132374203e-10,6.085902934748141e-12,9.630820446693278e-13,2.0267210132374203e-10,0.00010968703850676365,8.24917421550081e-05,7.100444782309398e-06,1.804296369818225e-07,8.24917421550081e-05,5.2821542745234966e-05,4.865064671188968e-05,5.821890995050261e-07,2.2762822149413608e-07,4.865064671188968e-05,3.4988982198045014e-06,2.6795187294467726e-06,9.18281459767311e-08,6.568963009656592e-08,2.6795187294467726e-06,,,,,,,,,
2026-03-22T10:10:37Z,test_cases/pglib_opf_case200_activ.mat,pglib_opf_case200_activ,oracle_ac_constraint_dual__Qg_Vm_Va,oracle_ac_constraint_dual,constraint_only,ac_true,1,0,Qg+Vm+Va,3,,,optimal,ok,1,1186.8829499012265,26370.68760938973,22.21843999973209,0,0.003063201904296875,0.031332969665527344,0.24284696578979492,0.27417993545532227,0.27417993545532227,0.27724313735961914,acopf_acdc_paper_study/cases/pglib_opf_case200_activ/logs/oracle_ac_constraint_dual__Qg_Vm_Va.log,0,25,2.9542267763056156e-07,7.743151170507695e-08,1.1735194593853748e-08,2.952450857004372e-07,2.9542267763056156e-07,0.098,,,0.098,False,100.0,200,245,49,38,108,1,48,151,1475.69,420.55,2997.49,1274.65,1241.66,-377.9100000000001,245,0,0,2,1,27557.57055930465,1487.303651881794,50.122031956723525,1.0621166602585372,1.0999999936879992,1.0771578100606474,0.008456861031140576,-0.18172881319884754,0.047236604844013104,-0.10368477289878161,0.04197497226393039,386.2332872127229,387.18685552464495,28.90963746342535,28.90011807030182,0.7126044640960429,0.7067036796100168,0.12282912692335879,0.12277750859419989,0.0,0.0,37,6,12,0,0,1,0,,,,,,1,0.0,0.0,0.0,0.0,0.0,1,0.0,0.0,0.0,0.0,0.0,1,0.0,0.0,0.0,0.0,0.0,1,1,0,4.745071023301307e-10,4.745071002787427e-10,1.2492642223143e-11,5.766220834146907e-15,4.745071002787427e-10,0.00010366503079865246,7.770021866606962e-05,6.6817834484755e-06,1.7292847018799198e-07,7.770021866606962e-05,5.0169620675876906e-05,4.590485655309173e-05,5.066174754986275e-07,1.3979753232806758e-07,4.590485655309173e-05,3.3248230476327046e-06,2.6424916089937134e-06,6.447942213413765e-08,4.0455320732268873e-08,2.6424916089937134e-06,,,,,,,,,
2026-03-22T10:10:37Z,test_cases/pglib_opf_case200_activ.mat,pglib_opf_case200_activ,oracle_ac_constraint_dual__Pg_Qg_Vm_Va,oracle_ac_constraint_dual,constraint_only,ac_true,1,0,Pg+Qg+Vm+Va,4,,,optimal,ok,1,1187.5560458016864,26370.687608606037,22.218439999071794,0,0.003063201904296875,0.02573394775390625,0.16652297973632812,0.19225692749023438,0.19225692749023438,0.19532012939453125,acopf_acdc_paper_study/cases/pglib_opf_case200_activ/logs/oracle_ac_constraint_dual__Pg_Qg_Vm_Va.log,0,3,4.52017473297327e-07,1.1787460754870971e-07,1.1736137173201655e-08,3.8827698516409347e-07,4.52017473297327e-07,0.019,,,0.019,False,100.0,200,245,49,38,108,1,48,151,1475.69,420.55,2997.49,1274.65,1241.66,-377.9100000000001,245,0,0,2,1,27557.570558520958,1487.3036517706125,50.121963790491044,1.0621168226577342,1.0999999936866625,1.0771580799048817,0.008456597660005,-0.18172883789047972,0.047236510727649256,-0.10368482104753485,0.0419749754451501,386.2334801619307,387.18709079155605,28.909633792986345,28.900115199781084,0.7126045370896564,0.7067037055497022,0.12282864290233561,0.12277701699892125,0.0,0.0,37,6,12,0,0,1,1,0.0,0.0,0.0,0.0,0.0,1,0.0,0.0,0.0,0.0,0.0,1,0.0,0.0,0.0,0.0,0.0,1,0.0,0.0,0.0,0.0,0.0,1,1,0,1.5573527012798344e-09,1.5573440315108655e-09,4.1739822786880725e-11,9.693903665897174e-13,1.5573440315108655e-09,0.00017740773975836652,0.00014888558458518806,1.0546636407777738e-05,7.469199892959355e-08,0.00014888558458518806,9.141741973414503e-05,8.822877925940276e-05,7.282777148087671e-07,7.242774480165082e-08,8.822877925940276e-05,4.829946637012139e-06,3.762943403984309e-06,4.442973309552213e-08,5.420085470719815e-09,3.762943403984309e-06,,,,,,,,,
2026-03-22T10:10:37Z,test_cases/pglib_opf_case200_activ.mat,pglib_opf_case200_activ,oracle_ac_bounds_dual__Pg,oracle_ac_bounds_dual,bounds_only,ac_true,1,0,Pg,1,,,optimal,ok,1,1187.556045806381,26370.68760871499,22.218439999163593,0,0.003063201904296875,0.03279685974121094,0.2287311553955078,0.26152801513671875,0.26152801513671875,0.2645912170410156,acopf_acdc_paper_study/cases/pglib_opf_case200_activ/logs/oracle_ac_bounds_dual__Pg.log,0,18,3.145537878003899e-07,8.352755655194333e-08,1.1736136285023235e-08,3.0496973240689614e-07,3.145537878003899e-07,0.073,,,0.073,False,100.0,200,245,49,38,108,1,48,151,1475.69,420.55,2997.49,1274.65,1241.66,-377.9100000000001,245,0,0,2,1,27557.570558629912,1487.3036517868445,50.12195949166737,1.0621167946850465,1.0999999936894136,1.0771579328597098,0.00845681249575443,-0.18172884430157868,0.047236510790623694,-0.10368481476750746,0.041974966349845586,386.2334643167075,387.18707146808845,28.909638451683463,28.900119370642432,0.712604531342451,0.7067037036453976,0.12282908079239788,0.12277746118862282,0.0,0.0,37,6,12,0,0,1,1,0.0,0.0,0.0,0.0,0.0,0,,,,,,0,,,,,,0,,,,,,0,0,1,1.3950661722531007e-09,1.3950565147524685e-09,3.746829028051995e-11,9.68303562332018e-13,1.3950565147524685e-09,0.00011028382684015391,8.551489178455426e-05,6.894497959229945e-06,1.0390128790107797e-07,8.551489178455426e-05,5.446148569278526e-05,5.067737682162843e-05,4.643770381917989e-07,5.1961083991081125e-08,5.067737682162843e-05,3.3673677338833833e-06,2.5766604532656556e-06,3.0632407671277866e-08,3.753259990996183e-09,2.5766604532656556e-06,,,,,,,,,
2026-03-22T10:10:38Z,test_cases/pglib_opf_case200_activ.mat,pglib_opf_case200_activ,oracle_ac_bounds_dual__Qg,oracle_ac_bounds_dual,bounds_only,ac_true,1,0,Qg,1,,,optimal,ok,1,1186.8829498742055,26370.687608762328,22.218439999203476,0,0.003063201904296875,0.02955484390258789,0.27367615699768066,0.30323100090026855,0.30323100090026855,0.30629420280456543,acopf_acdc_paper_study/cases/pglib_opf_case200_activ/logs/oracle_ac_bounds_dual__Qg.log,0,36,2.9916639057130835e-07,7.996346514538982e-08,1.1735197702478217e-08,2.9533381768804784e-07,2.9916639057130835e-07,0.129,,,0.129,False,100.0,200,245,49,38,108,1,48,151,1475.69,420.55,2997.49,1274.65,1241.66,-377.9100000000001,245,0,0,2,1,27557.57055867725,1487.303651788316,50.12195339227703,1.0621168032180948,1.099999993677974,1.0771579224392516,0.008456835028552937,-0.18172884778161089,0.04723650190909568,-0.10368481729147716,0.04197496503575913,386.2334772035107,387.1870871808276,28.909639139647403,28.90012002833718,0.71260453847219,0.7067037062222252,0.12282913099002606,0.12277751217937351,0.0,0.0,37,6,12,0,0,1,0,,,,,,1,0.0,0.0,0.0,0.0,0.0,0,,,,,,0,,,,,,0,0,1,1.4091581238348292e-09,1.4091581235220474e-09,3.708676469454211e-11,3.5318969970887792e-15,1.4091581235220474e-09,0.00010315739723703763,7.780313040900086e-05,6.496148340120639e-06,8.70894422016523e-08,7.780313040900086e-05,5.021086098188359e-05,4.612078382959517e-05,4.3217841063536434e-07,4.0575100390682906e-08,4.612078382959517e-05,3.2434199096769096e-06,2.5712212861905837e-06,2.9938984392420196e-08,4.095277672533371e-09,2.5712212861905837e-06,,,,,,,,,
2026-03-22T10:10:38Z,test_cases/pglib_opf_case200_activ.mat,pglib_opf_case200_activ,oracle_ac_bounds_dual__Vm,oracle_ac_bounds_dual,bounds_only,ac_true,1,0,Vm,1,,,optimal,ok,1,1186.8829498744294,26370.687608767526,22.218439999207856,0,0.003063201904296875,0.031180143356323242,0.3005869388580322,0.33176708221435547,0.33176708221435547,0.33483028411865234,acopf_acdc_paper_study/cases/pglib_opf_case200_activ/logs/oracle_ac_bounds_dual__Vm.log,0,42,2.9943079866640546e-07,8.014231594761362e-08,1.1735197924522822e-08,2.953400444977367e-07,2.9943079866640546e-07,0.156,,,0.156,False,100.0,200,245,49,38,108,1,48,151,1475.69,420.55,2997.49,1274.65,1241.66,-377.9100000000001,245,0,0,2,1,27557.570558682448,1487.3036517890926,50.121952041773646,1.0621168054942454,1.0999999936772669,1.077157924365479,0.008456834679704829,-0.18172884827293545,0.04723650030251063,-0.10368481796205405,0.04197496490187969,386.2334802005565,387.1870908347751,28.9096391729102,28.900120063993835,0.7126045398704289,0.7067037067384553,0.12282913115874637,0.12277751233517198,0.0,0.0,37,6,12,0,0,1,0,,,,,,0,,,,,,1,0.0,0.0,0.0,0.0,0.0,0,,,,,,0,0,1,1.4013843422066816e-09,1.401384341903622e-09,3.688210968815015e-11,3.885780586188048e-15,1.401384341903622e-09,0.00010317279566467569,7.78083947410961e-05,6.5059601327907525e-06,1.259493460894958e-07,7.78083947410961e-05,5.0212591352115746e-05,4.6126469640528356e-05,4.3165554873270117e-07,4.088715122030351e-08,4.6126469640528356e-05,3.242771729674897e-06,2.5695688508284298e-06,3.026682115292792e-08,4.556440752478963e-09,2.5695688508284298e-06,,,,,,,,,
2026-03-22T10:10:38Z,test_cases/pglib_opf_case200_activ.mat,pglib_opf_case200_activ,oracle_ac_bounds_dual__Va,oracle_ac_bounds_dual,bounds_only,ac_true,1,0,Va,1,,,optimal,ok,1,1186.8829498742136,26370.68760876252,22.21843999920364,0,0.003063201904296875,0.014187097549438477,0.3278379440307617,0.3420250415802002,0.3420250415802002,0.34508824348449707,acopf_acdc_paper_study/cases/pglib_opf_case200_activ/logs/oracle_ac_bounds_dual__Va.log,0,52,2.991926536083945e-07,7.998123377483957e-08,1.1735197924522822e-08,2.953344377797458e-07,2.991926536083945e-07,0.182,,,0.182,False,100.0,200,245,49,38,108,1,48,151,1475.69,420.55,2997.49,1274.65,1241.66,-377.9100000000001,245,0,0,2,1,27557.570558677442,1487.3036517883452,50.12195323343707,1.062116803490099,1.0999999936779037,1.0771579226659165,0.008456834985178551,-0.1817288478418769,0.04723650171622793,-0.10368481737256709,0.041974965020245496,386.2334775624733,387.18708761847876,28.909639143452292,28.90012003248197,0.7126045386337191,0.7067037062815114,0.12282913100747699,0.1227775121954147,0.0,0.0,37,6,12,0,0,1,0,,,,,,0,,,,,,0,,,,,,1,0.0,0.0,0.0,0.0,0.0,0,0,1,1.4088663572222984e-09,1.408866356911176e-09,3.707907498492743e-11,3.566591466608315e-15,1.408866356911176e-09,0.00010315918498703617,7.780366617453696e-05,6.497342156608235e-06,1.018409700236176e-07,7.780366617453696e-05,5.021105598121e-05,4.612140536730536e-05,4.321216433900155e-07,4.0594017147732586e-08,4.612140536730536e-05,3.243351074676799e-06,2.5710372807408177e-06,2.997809561419013e-08,4.166086337020758e-09,2.5710372807408177e-06,,,,,,,,,
2026-03-22T10:10:39Z,test_cases/pglib_opf_case200_activ.mat,pglib_opf_case200_activ,oracle_ac_bounds_dual__Pg_Qg,oracle_ac_bounds_dual,bounds_only,ac_true,1,0,Pg+Qg,2,,,optimal,ok,1,1187.556045800279,26370.687608573375,22.218439999044275,0,0.003063201904296875,0.030265092849731445,0.22253680229187012,0.25280189514160156,0.25280189514160156,0.25586509704589844,acopf_acdc_paper_study/cases/pglib_opf_case200_activ/logs/oracle_ac_bounds_dual__Pg_Qg.log,0,20,5.92727936628872e-07,1.5346807466596474e-07,1.1736137173201655e-08,4.683415961550298e-07,5.92727936628872e-07,0.076,,,0.076,False,100.0,200,245,49,38,108,1,48,151,1475.69,420.55,2997.49,1274.65,1241.66,-377.9100000000001,245,0,0,2,1,27557.570558488296,1487.3036517657451,50.12196519296906,1.0621168217382477,1.099999993687215,1.0771582183658055,0.008456441343422626,-0.1817288293082479,0.04723653124808675,-0.10368482556422919,0.04197497811952851,386.2334803665909,387.1870910369577,28.90963002335528,28.900111693083137,0.7126045092086146,0.7067036958530425,0.12282832625038574,0.12277669397760359,0.0,0.0,37,6,12,0,0,1,1,0.0,0.0,0.0,0.0,0.0,1,0.0,0.0,0.0,0.0,0.0,0,,,,,,0,,,,,,0,0,1,1.6060263925010893e-09,1.6060179852672718e-09,4.3020723907614015e-11,9.694363367618308e-13,1.6060179852672718e-09,0.00023190937582613782,0.00020363278149311027,1.2908639894511548e-05,5.820654691308241e-08,0.00020363278149311027,0.00012261122912002448,0.00012064483693974282,9.278023697778525e-07,1.1244820441458359e-07,0.00012064483693974282,5.765880865083783e-06,5.1417616628024465e-06,5.2833754639889163e-08,9.761310329481354e-09,5.1417616628024465e-06,,,,,,,,,
2026-03-22T10:10:39Z,test_cases/pglib_opf_case200_activ.mat,pglib_opf_case200_activ,oracle_ac_bounds_dual__Pg_Vm,oracle_ac_bounds_dual,bounds_only,ac_true,1,0,Pg+Vm,2,,,optimal,ok,1,1187.5560458063205,26370.687608713568,22.218439999162396,0,0.003063201904296875,0.020706892013549805,0.2387371063232422,0.259443998336792,0.259443998336792,0.26250720024108887,acopf_acdc_paper_study/cases/pglib_opf_case200_activ/logs/oracle_ac_bounds_dual__Pg_Vm.log,0,25,2.994335458846036e-07,8.00867619148854e-08,1.1736137173201655e-08,2.9533906388335455e-07,2.994335458846036e-07,0.095,,,0.095,False,100.0,200,245,49,38,108,1,48,151,1475.69,420.55,2997.49,1274.65,1241.66,-377.9100000000001,245,0,0,2,1,27557.57055862849,1487.3036517866383,50.12195172692169,1.062116805653122,1.0999999936869846,1.0771579243975549,0.008456835261255622,-0.18172884820339444,0.04723650034655411,-0.10368481791070983,0.04197496484296269,386.2334801468707,387.18709076875376,28.909639195310266,28.90012008330102,0.7126045400949349,0.7067037068178877,0.12282913241065314,0.1227775135947989,0.0,0.0,37,6,12,0,0,1,1,0.0,0.0,0.0,0.0,0.0,0,,,,,,1,0.0,0.0,0.0,0.0,0.0,0,,,,,,0,0,1,1.397096554923861e-09,1.397086890619903e-09,3.752252876100318e-11,9.693955707601454e-13,1.397086890619903e-09,0.00010300506102638091,7.767144166735511e-05,6.494937742158508e-06,1.2346068251978606e-07,7.767144166735511e-05,5.012723516210339e-05,4.6045467878563784e-05,4.306479943283481e-07,4.065056358193431e-08,4.6045467878563784e-05,3.2378321704939182e-06,2.566085031012466e-06,3.018841594447375e-08,4.540001777297853e-09,2.566085031012466e-06,,,,,,,,,
2026-03-22T10:10:39Z,test_cases/pglib_opf_case200_activ.mat,pglib_opf_case200_activ,oracle_ac_bounds_dual__Pg_Va,oracle_ac_bounds_dual,bounds_only,ac_true,1,0,Pg+Va,2,,,optimal,ok,1,1187.5560458243683,26370.687609132387,22.218439999515265,0,0.003063201904296875,0.03574681282043457,0.2316417694091797,0.26738858222961426,0.26738858222961426,0.27045178413391113,acopf_acdc_paper_study/cases/pglib_opf_case200_activ/logs/oracle_ac_bounds_dual__Pg_Va.log,0,22,2.9609612500191454e-07,7.783087986601434e-08,1.1736134286621791e-08,2.9526000216996486e-07,2.9609612500191454e-07,0.083,,,0.083,False,100.0,200,245,49,38,108,1,48,151,1475.69,420.55,2997.49,1274.65,1241.66,-377.9100000000001,245,0,0,2,1,27557.570559047308,1487.3036518490335,50.122009840598814,1.0621167004192507,1.0999999936959106,1.077157841287475,0.008456854218135043,-0.18172882291423617,0.047236576026490895,-0.10368478533519955,0.041974970216781066,386.23334037160436,387.18692034158664,28.909637942844224,28.90011862929698,0.712604484741164,0.7067036869669682,0.12282912912372045,0.12277751067714378,0.0,0.0,37,6,12,0,0,1,1,0.0,0.0,0.0,0.0,0.0,0,,,,,,0,,,,,,1,0.0,0.0,0.0,0.0,0.0,0,0,1,7.732667848414543e-10,7.732494644585586e-10,2.1102732271787978e-11,9.652972865481502e-13,7.732494644585586e-10,0.00010307227040718718,7.758534344055705e-05,6.607409271717642e-06,7.285001818869812e-08,7.758534344055705e-05,5.008699397335667e-05,4.588011115735924e-05,4.803569561673271e-07,1.1043170711211303e-07,4.588011115735924e-05,3.285083946205779e-06,2.6200140388621396e-06,5.2224070822221374e-08,2.8739909549435616e-08,2.6200140388621396e-06,,,,,,,,,
2026-03-22T10:10:40Z,test_cases/pglib_opf_case200_activ.mat,pglib_opf_case200_activ,oracle_ac_bounds_dual__Qg_Vm,oracle_ac_bounds_dual,bounds_only,ac_true,1,0,Qg+Vm,2,,,optimal,ok,1,1186.8829498742355,26370.68760876303,22.21843999920407,0,0.003063201904296875,0.021069765090942383,0.2802248001098633,0.30129456520080566,0.30129456520080566,0.30435776710510254,acopf_acdc_paper_study/cases/pglib_opf_case200_activ/logs/oracle_ac_bounds_dual__Qg_Vm.log,0,37,2.992366008264456e-07,8.00109569180571e-08,1.1735197924522822e-08,2.9533547276414477e-07,2.992366008264456e-07,0.136,,,0.136,False,100.0,200,245,49,38,108,1,48,151,1475.69,420.55,2997.49,1274.65,1241.66,-377.9100000000001,245,0,0,2,1,27557.57055867795,1487.3036517884213,50.12195298002754,1.0621168039225413,1.0999999936777862,1.077157923027648,0.008456834916894005,-0.18172884793703936,0.047236501410028386,-0.10368481750107506,0.0419749649953894,386.23347813269464,387.18708831369423,28.909639149569816,28.90012003911865,0.7126045388927896,0.7067037063767452,0.12282913103634,0.12277751222198455,0.0,0.0,37,6,12,0,0,1,0,,,,,,1,0.0,0.0,0.0,0.0,0.0,1,0.0,0.0,0.0,0.0,0.0,0,,,,,,0,0,1,1.4081034119573304e-09,1.4081034116486535e-09,3.705897935472368e-11,3.6290415117434804e-15,1.4081034116486535e-09,0.00010316204767939354,7.780455483855954e-05,6.499230650293418e-06,1.2520526103637457e-07,7.780455483855954e-05,5.021137031171189e-05,4.6122416520244514e-05,4.3202910316786357e-07,4.0623361896585664e-08,4.6122416520244514e-05,3.2432383477023652e-06,2.57073925302026e-06,3.003995858375484e-08,4.268552757785704e-09,2.57073925302026e-06,,,,,,,,,
2026-03-22T10:10:40Z,test_cases/pglib_opf_case200_activ.mat,pglib_opf_case200_activ,oracle_ac_bounds_dual__Qg_Va,oracle_ac_bounds_dual,bounds_only,ac_true,1,0,Qg+Va,2,,,optimal,ok,1,1186.8829498763098,26370.687608811186,22.21843999924464,0,0.003063201904296875,0.031755924224853516,0.33049893379211426,0.3622548580169678,0.3622548580169678,0.36531805992126465,acopf_acdc_paper_study/cases/pglib_opf_case200_activ/logs/oracle_ac_bounds_dual__Qg_Va.log,0,52,2.9805864907150735e-07,7.921419083092157e-08,1.1735196814299798e-08,2.9530769725741646e-07,2.9805864907150735e-07,0.18,,,0.18,False,100.0,200,245,49,38,108,1,48,151,1475.69,420.55,2997.49,1274.65,1241.66,-377.9100000000001,245,0,0,2,1,27557.570558726107,1487.3036517955902,50.12196505002483,1.0621167825053532,1.099999993680938,1.0771579057798897,0.008456838616465227,-0.1817288429348204,0.04723651673362388,-0.10368481095979899,0.041974966134772036,386.23344975416865,387.1870537128237,28.909638878641292,28.900119732272028,0.7126045271048771,0.7067037021109575,0.12282913011466905,0.1227775113882509,0.0,0.0,37,6,12,0,0,1,0,,,,,,1,0.0,0.0,0.0,0.0,0.0,0,,,,,,1,0.0,0.0,0.0,0.0,0.0,0,0,1,1.336454947112693e-09,1.336454946709864e-09,3.5173867336666855e-11,3.469446951953614e-15,1.336454946709864e-09,0.00010305444020347302,7.777823125738881e-05,6.5159032947791255e-06,9.767261641233788e-08,7.777823125738881e-05,5.019877549698348e-05,4.608330573363517e-05,4.380431378825378e-07,5.8550203352325525e-08,4.608330573363517e-05,3.248294522715284e-06,2.5829622994494317e-06,3.012964755676542e-08,4.9918697786477395e-09,2.5829622994494317e-06,,,,,,,,,
2026-03-22T10:10:40Z,test_cases/pglib_opf_case200_activ.mat,pglib_opf_case200_activ,oracle_ac_bounds_dual__Vm_Va,oracle_ac_bounds_dual,bounds_only,ac_true,1,0,Vm+Va,2,,,optimal,ok,1,1186.882949871893,26370.68760870864,22.21843999915824,0,0.003063201904296875,0.01378941535949707,0.5364608764648438,0.5502502918243408,0.5502502918243408,0.5533134937286377,acopf_acdc_paper_study/cases/pglib_opf_case200_activ/logs/oracle_ac_bounds_dual__Vm_Va.log,0,97,4.201290581350045e-07,1.1002895350126912e-07,1.1735197924522822e-08,3.669949045746398e-07,4.201290581350045e-07,0.38,,,0.38,False,100.0,200,245,49,38,108,1,48,151,1475.69,420.55,2997.49,1274.65,1241.66,-377.9100000000001,245,0,0,2,1,27557.57055862356,1487.3036517803164,50.12195807044867,1.0621168125192815,1.0999999936775495,1.0771580542875685,0.008456660089019921,-0.18172883991441333,0.04723651397510847,-0.1036848213410607,0.041974970782539645,386.2334802677243,387.1870909167763,28.909635072605774,28.900116309573246,0.7126045262067109,0.7067037018861112,0.12282877254015359,0.12277714774880308,0.0,0.0,37,6,12,0,0,1,0,,,,,,0,,,,,,1,0.0,0.0,0.0,0.0,0.0,1,0.0,0.0,0.0,0.0,0.0,0,0,1,1.4891474722848138e-09,1.4891474720002407e-09,3.919167822876829e-11,3.864963904476326e-15,1.4891474720002407e-09,0.00015804322759732528,0.00013351343226848233,9.342120817927192e-06,7.671870691787659e-08,0.00013351343226848233,8.174413118294589e-05,7.91169697818006e-05,6.498061040838277e-07,6.881028657979016e-08,7.91169697818006e-05,4.253583262417445e-06,3.3745208344315714e-06,3.936257712071692e-08,4.92542344757152e-09,3.3745208344315714e-06,,,,,,,,,
2026-03-22T10:10:41Z,test_cases/pglib_opf_case200_activ.mat,pglib_opf_case200_activ,oracle_ac_bounds_dual__Pg_Qg_Vm,oracle_ac_bounds_dual,bounds_only,ac_true,1,0,Pg+Qg+Vm,3,,,optimal,ok,1,1187.556045806409,26370.687608715616,22.21843999916412,0,0.003063201904296875,0.03396725654602051,0.2146310806274414,0.24859833717346191,0.24859833717346191,0.2516615390777588,acopf_acdc_paper_study/cases/pglib_opf_case200_activ/logs/oracle_ac_bounds_dual__Pg_Qg_Vm.log,0,16,2.994979557453951e-07,8.012985899981395e-08,1.1736137173201655e-08,2.953411808337606e-07,2.994979557453951e-07,0.064,,,0.064,False,100.0,200,245,49,38,108,1,48,151,1475.69,420.55,2997.49,1274.65,1241.66,-377.9100000000001,245,0,0,2,1,27557.570558630538,1487.3036517869443,50.1219514755346,1.0621168060642128,1.0999999936868154,1.0771579247569698,0.008456835201579645,-0.18172884828752692,0.047236500059031385,-0.1036848180290695,0.041974964817417866,386.23348068590127,387.18709142590535,28.9096392017775,28.900120090045007,0.7126045403635872,0.7067037069181005,0.12282913244566085,0.12277751362701998,0.0,0.0,37,6,12,0,0,1,1,0.0,0.0,0.0,0.0,0.0,1,0.0,0.0,0.0,0.0,0.0,1,0.0,0.0,0.0,0.0,0.0,0,,,,,,0,0,1,1.3940341385155545e-09,1.394024451428777e-09,3.744199826371063e-11,9.694727659548263e-13,1.394024451428777e-09,0.00010300844968710099,7.767318204245695e-05,6.4966752589165835e-06,1.2320505368441231e-07,7.767318204245695e-05,5.012786634359627e-05,4.604696996590718e-05,4.3053882847754466e-07,4.0331033623886015e-08,4.604696996590718e-05,3.2376964583198206e-06,2.5657478558913094e-06,3.0247776085234876e-08,4.640598363914172e-09,2.5657478558913094e-06,,,,,,,,,
2026-03-22T10:10:41Z,test_cases/pglib_opf_case200_activ.mat,pglib_opf_case200_activ,oracle_ac_bounds_dual__Pg_Qg_Va,oracle_ac_bounds_dual,bounds_only,ac_true,1,0,Pg+Qg+Va,3,,,optimal,ok,1,1187.5560458053155,26370.68760869025,22.218439999142745,0,0.003063201904296875,0.011108160018920898,0.2057967185974121,0.216904878616333,0.216904878616333,0.21996808052062988,acopf_acdc_paper_study/cases/pglib_opf_case200_activ/logs/oracle_ac_bounds_dual__Pg_Qg_Va.log,0,17,3.474032093731476e-07,9.219984450740959e-08,1.1736137173201655e-08,3.240477080322375e-07,3.474032093731476e-07,0.06,,,0.06,False,100.0,200,245,49,38,108,1,48,151,1475.69,420.55,2997.49,1274.65,1241.66,-377.9100000000001,245,0,0,2,1,27557.57055860517,1487.3036517831633,50.12195398218282,1.062116808934482,1.0999999936860032,1.0771579784511107,0.008456762940227857,-0.18172884481835097,0.04723650576021613,-0.10368481940873217,0.04197496724886721,386.2334806338519,387.18709136249265,28.909637498730323,28.90011852959451,0.7126045346929768,0.7067037049042235,0.12282898380787326,0.12277736251559324,0.0,0.0,37,6,12,0,0,1,1,0.0,0.0,0.0,0.0,0.0,1,0.0,0.0,0.0,0.0,0.0,0,,,,,,1,0.0,0.0,0.0,0.0,0.0,0,0,1,1.4318454142038297e-09,1.4318359831122507e-09,3.843703142684878e-11,9.694675617843984e-13,1.4318359831122507e-09,0.00012493736081940058,0.00010070533964248642,7.66866424179373e-06,1.0313089385022463e-07,0.00010070533964248642,6.29690054152625e-05,5.9687439321720603e-05,5.200189073617523e-07,4.811803944182458e-08,5.9687439321720603e-05,3.623304733978948e-06,2.5684702153264127e-06,3.3577122334109766e-08,3.978222001821408e-09,2.5684702153264127e-06,,,,,,,,,
2026-03-22T10:10:41Z,test_cases/pglib_opf_case200_activ.mat,pglib_opf_case200_activ,oracle_ac_bounds_dual__Pg_Vm_Va,oracle_ac_bounds_dual,bounds_only,ac_true,1,0,Pg+Vm+Va,3,,,optimal,ok,1,1187.5560458135249,26370.687608880755,22.218439999303257,0,0.003063201904296875,0.04387974739074707,0.22545504570007324,0.2693347930908203,0.2693347930908203,0.2723979949951172,acopf_acdc_paper_study/cases/pglib_opf_case200_activ/logs/oracle_ac_bounds_dual__Pg_Vm_Va.log,0,20,2.9718686348566474e-07,7.856811611289122e-08,1.173613517480021e-08,2.9528590678014124e-07,2.9718686348566474e-07,0.076,,,0.076,False,100.0,200,245,49,38,108,1,48,151,1475.69,420.55,2997.49,1274.65,1241.66,-377.9100000000001,245,0,0,2,1,27557.570558795676,1487.3036518115396,50.12198112710246,1.0621167529198978,1.0999999936929912,1.077157882367013,0.008456844578253558,-0.18172883569698814,0.04723653817954829,-0.10368480168847864,0.04197496758844103,386.23341018303546,387.1870054633193,28.909638549273133,28.900119342131504,0.7126045117571699,0.7067036966112747,0.12282913047251393,0.12277751185642169,0.0,0.0,37,6,12,0,0,1,1,0.0,0.0,0.0,0.0,0.0,0,,,,,,1,0.0,0.0,0.0,0.0,0.0,1,0.0,0.0,0.0,0.0,0.0,0,0,1,1.1481621594204754e-09,1.1481504635924011e-09,3.096953587218638e-11,9.666373604333423e-13,1.1481504635924011e-09,0.00010284548892807947,7.761809996319462e-05,6.5389065479344225e-06,6.419880810531846e-08,7.761809996319462e-05,5.0100487104298674e-05,4.595628568937471e-05,4.5009120851924323e-07,7.724324058155929e-08,4.595628568937471e-05,3.253827965425293e-06,2.5945595946430533e-06,3.6783800678045e-08,1.237206462972873e-08,2.5945595946430533e-06,,,,,,,,,
2026-03-22T10:10:42Z,test_cases/pglib_opf_case200_activ.mat,pglib_opf_case200_activ,oracle_ac_bounds_dual__Qg_Vm_Va,oracle_ac_bounds_dual,bounds_only,ac_true,1,0,Qg+Vm+Va,3,,,optimal,ok,1,1186.88294987363,26370.68760874896,22.218439999192213,0,0.003063201904296875,0.014575958251953125,0.6184618473052979,0.633037805557251,0.633037805557251,0.6361010074615479,acopf_acdc_paper_study/cases/pglib_opf_case200_activ/logs/oracle_ac_bounds_dual__Qg_Vm_Va.log,0,130,3.280989566507503e-07,8.740519972811472e-08,1.1735198146567427e-08,3.125169524665302e-07,3.280989566507503e-07,0.472,,,0.472,False,100.0,200,245,49,38,108,1,48,151,1475.69,420.55,2997.49,1274.65,1241.66,-377.9100000000001,245,0,0,2,1,27557.570558663883,1487.3036517863263,50.12195343122377,1.0621168075401317,1.099999993677324,1.0771579566743263,0.008456790622222307,-0.18172884625499738,0.04723650349955984,-0.1036848188666594,0.04197496636766187,386.2334805854456,387.18709130423105,28.909638145385674,28.900119120412132,0.7126045367018131,0.7067037056147343,0.12282904080590575,0.12277742049634713,0.0,0.0,37,6,12,0,0,1,0,,,,,,1,0.0,0.0,0.0,0.0,0.0,1,0.0,0.0,0.0,0.0,0.0,1,0.0,0.0,0.0,0.0,0.0,0,0,1,1.4290462149914252e-09,1.4290462146959726e-09,3.7610039808388365e-11,3.948230631323213e-15,1.4290462146959726e-09,0.00011626318339856087,9.171954887102294e-05,7.217822004100059e-06,1.1447252636748693e-07,9.171954887102294e-05,5.7926144479772195e-05,5.436556957594263e-05,4.859834572068511e-07,4.357672633847898e-08,5.436556957594263e-05,3.4700295589314077e-06,2.57228567144413e-06,3.227224578055549e-08,4.0972294584884494e-09,2.57228567144413e-06,,,,,,,,,
2026-03-22T10:10:42Z,test_cases/pglib_opf_case200_activ.mat,pglib_opf_case200_activ,oracle_ac_bounds_dual__Pg_Qg_Vm_Va,oracle_ac_bounds_dual,bounds_only,ac_true,1,0,Pg+Qg+Vm+Va,4,,,optimal,ok,1,1187.556045806291,26370.687608712884,22.218439999161816,0,0.003063201904296875,0.03351283073425293,0.1974472999572754,0.23096013069152832,0.23096013069152832,0.2340233325958252,acopf_acdc_paper_study/cases/pglib_opf_case200_activ/logs/oracle_ac_bounds_dual__Pg_Qg_Vm_Va.log,0,9,2.9941190287155944e-07,8.007180156335142e-08,1.173613695115705e-08,2.9533901368702696e-07,2.9941190287155944e-07,0.036,,,0.036,False,100.0,200,245,49,38,108,1,48,151,1475.69,420.55,2997.49,1274.65,1241.66,-377.9100000000001,245,0,0,2,1,27557.570558627805,1487.3036517865362,50.12195182186302,1.0621168054920915,1.0999999936870433,1.0771579242644933,0.008456835287291077,-0.1817288481701059,0.04723650046014275,-0.10368481786499453,0.04197496485182587,386.2334799383164,387.18709051449486,28.90963919288156,28.900120080727707,0.7126045399889812,0.7067037067786234,0.12282913240348578,0.12277751358843929,0.0,0.0,37,6,12,0,0,1,1,0.0,0.0,0.0,0.0,0.0,1,0.0,0.0,0.0,0.0,0.0,1,0.0,0.0,0.0,0.0,0.0,1,0.0,0.0,0.0,0.0,0.0,0,0,1,1.3981183964807204e-09,1.398108739891768e-09,3.754939417239723e-11,9.693686825462677e-13,1.398108739891768e-09,0.00010300273488402772,7.767139592410998e-05,6.494165930252489e-06,1.2341438748340525e-07,7.767139592410998e-05,5.0126946066874575e-05,4.6045257249049953e-05,4.306845978763185e-07,4.077255799650459e-08,4.6045257249049953e-05,3.237789760886721e-06,2.566084123696577e-06,3.0164783362887635e-08,4.494694505474683e-09,2.566084123696577e-06,,,,,,,,,
2026-03-22T10:10:42Z,test_cases/pglib_opf_case200_activ.mat,pglib_opf_case200_activ,oracle_ac_primal_dual_all_bounds__Pg,oracle_ac_primal_dual_all_bounds,full_all_bounds,ac_true,1,0,Pg,1,,,optimal,ok,1,1187.5560458548257,26370.68760983915,22.218440000110746,0,0.003063201904296875,0.013834953308105469,0.17103886604309082,0.1848738193511963,0.1848738193511963,0.18793702125549316,acopf_acdc_paper_study/cases/pglib_opf_case200_activ/logs/oracle_ac_primal_dual_all_bounds__Pg.log,0,5,3.002071858046663e-07,7.715976770537869e-08,1.1736137173201655e-08,2.948160554993269e-07,3.002071858046663e-07,0.026,,,0.026,False,100.0,200,245,49,38,108,1,48,151,1475.69,420.55,2997.49,1274.65,1241.66,-377.9100000000001,245,0,0,2,1,27557.570559754073,1487.3036519543887,50.12198501921844,1.062116793475343,1.0999999936940048,1.0771578987965054,0.008456822262355583,-0.1817288575973351,0.04723650952706456,-0.10368482384339028,0.04197497088548841,386.233473861707,387.1870831430741,28.90963728087862,28.90011839512572,0.7126045316399111,0.7067037032753128,0.12282910745668993,0.12277748980293172,0.0,0.0,37,6,12,0,0,1,1,0.0,0.0,0.0,0.0,0.0,0,,,,,,0,,,,,,0,,,,,,1,1,1,2.804789854989573e-10,2.8043078970085844e-10,8.137244807065137e-12,9.696974126449653e-13,2.8043078970085844e-10,0.00010514678885195923,7.723678277382889e-05,6.717228710228222e-06,3.514967482250164e-07,7.723678277382889e-05,5.05028137445266e-05,4.573660241913302e-05,4.791184893682132e-07,8.703585452352058e-08,4.573660241913302e-05,3.4024634952365457e-06,2.768982037840151e-06,3.741213658388538e-08,1.0188021780377365e-08,2.768982037840151e-06,,,,,,,,,
2026-03-22T10:10:42Z,test_cases/pglib_opf_case200_activ.mat,pglib_opf_case200_activ,oracle_ac_primal_dual_all_bounds__Qg,oracle_ac_primal_dual_all_bounds,full_all_bounds,ac_true,1,0,Qg,1,,,optimal,ok,1,1186.8829498744312,26370.68760876757,22.21843999920789,0,0.003063201904296875,0.03228902816772461,0.17857909202575684,0.21086812019348145,0.21086812019348145,0.21393132209777832,acopf_acdc_paper_study/cases/pglib_opf_case200_activ/logs/oracle_ac_primal_dual_all_bounds__Qg.log,0,7,3.002612668549978e-07,8.036947016839407e-08,1.1735198146567427e-08,2.958176538502849e-07,3.002612668549978e-07,0.029,,,0.029,False,100.0,200,245,49,38,108,1,48,151,1475.69,420.55,2997.49,1274.65,1241.66,-377.9100000000001,245,0,0,2,1,27557.57055868249,1487.3036517890994,50.12195194086817,1.0621168058609831,1.0999999936827818,1.0771579254518608,0.008456833326003317,-0.18172884826824662,0.04723650017021707,-0.10368481805351185,0.04197496494493602,386.2334805497938,387.1870912605799,28.909639147135092,28.900120041183303,0.7126045400416176,0.7067037068013049,0.12282912845882515,0.12277750959447387,0.0,0.0,37,6,12,0,0,1,0,,,,,,1,0.0,0.0,0.0,0.0,0.0,0,,,,,,0,,,,,,1,1,1,1.4013155083765043e-09,1.4013155080760953e-09,3.688027866469595e-11,3.941291737419306e-15,1.4013155080760953e-09,0.00010356758906854357,7.82005102648092e-05,6.529593540321916e-06,1.256737182759541e-07,7.82005102648092e-05,5.0435234973224974e-05,4.635905011429742e-05,4.332179318167206e-07,4.084143601090773e-08,4.635905011429742e-05,3.2508833228178073e-06,2.5720966277814616e-06,3.037692307697286e-08,4.614006066105958e-09,2.5720966277814616e-06,,,,,,,,,
2026-03-22T10:10:43Z,test_cases/pglib_opf_case200_activ.mat,pglib_opf_case200_activ,oracle_ac_primal_dual_all_bounds__Vm,oracle_ac_primal_dual_all_bounds,full_all_bounds,ac_true,1,0,Vm,1,,,optimal,ok,1,1186.8829498929147,26370.687609196728,22.218439999569476,0,0.003063201904296875,0.023319005966186523,0.179976224899292,0.20329523086547852,0.20329523086547852,0.2063584327697754,acopf_acdc_paper_study/cases/pglib_opf_case200_activ/logs/oracle_ac_primal_dual_all_bounds__Vm.log,0,5,2.982373563731137e-07,7.897153231611193e-08,1.1735198146567427e-08,2.9600481723389974e-07,2.982373563731137e-07,0.026,,,0.026,False,100.0,200,245,49,38,108,1,48,151,1475.69,420.55,2997.49,1274.65,1241.66,-377.9100000000001,245,0,0,2,1,27557.57055911165,1487.303651853059,50.1219663871996,1.062116800983482,1.099999993681001,1.0771579140357723,0.008456825718562199,-0.181728851959484,0.04723650383530977,-0.10368482018130905,0.04197496776567293,386.2334770118213,387.18708696357595,28.909638312676677,28.90011930881081,0.7126045369873039,0.7067037054488661,0.12282911320339245,0.12277749483320803,0.0,0.0,37,6,12,0,0,1,0,,,,,,0,,,,,,1,0.0,0.0,0.0,0.0,0.0,0,,,,,,1,1,1,7.617098069268608e-10,7.617098063406047e-10,2.0048772218418446e-11,4.253541963095131e-15,7.617098063406047e-10,0.00010520463337075197,7.835295944536372e-05,6.667767753053698e-06,1.9549182091530004e-07,7.835295944536372e-05,5.0877833091639044e-05,4.642845504210236e-05,4.5525130228485365e-07,5.6768982847898997e-08,4.642845504210236e-05,3.352932345211179e-06,2.6941959942322624e-06,3.3408206132415354e-08,6.744975106220963e-09,2.6941959942322624e-06,,,,,,,,,
2026-03-22T10:10:43Z,test_cases/pglib_opf_case200_activ.mat,pglib_opf_case200_activ,oracle_ac_primal_dual_all_bounds__Va,oracle_ac_primal_dual_all_bounds,full_all_bounds,ac_true,1,0,Va,1,,,optimal,ok,1,1186.882949874332,26370.687608765267,22.218439999205952,0,0.003063201904296875,0.03196883201599121,0.16608905792236328,0.1980578899383545,0.1980578899383545,0.20112109184265137,acopf_acdc_paper_study/cases/pglib_opf_case200_activ/logs/oracle_ac_primal_dual_all_bounds__Va.log,0,4,2.9948840686317054e-07,8.01747894680141e-08,1.1735198146567427e-08,2.9534985953934365e-07,2.9948840686317054e-07,0.018,,,0.018,False,100.0,200,245,49,38,108,1,48,151,1475.69,420.55,2997.49,1274.65,1241.66,-377.9100000000001,245,0,0,2,1,27557.57055868019,1487.3036517887563,50.12195203627624,1.062116806047794,1.0999999936746547,1.0771579242231568,0.008456834087894322,-0.1817288483424598,0.04723649985754339,-0.10368481799844538,0.04197496499844068,386.2334805539871,387.18709126590335,28.909639170105866,28.9001200641466,0.712604540570863,0.7067037069829989,0.12282912997708294,0.12277751117068636,0.0,0.0,37,6,12,0,0,1,0,,,,,,0,,,,,,0,,,,,,1,0.0,0.0,0.0,0.0,0.0,1,1,1,1.4047456534326457e-09,1.4047456531329772e-09,3.697054486381655e-11,3.941291737419306e-15,1.4047456531329772e-09,0.00010338062169563748,7.781650076232795e-05,6.522980737499127e-06,1.2570117281698184e-07,7.781650076232795e-05,5.0264170697926285e-05,4.613187558377696e-05,4.323356137203582e-07,4.072300829882636e-08,4.613187558377696e-05,3.255503974764899e-06,2.5853128361869038e-06,3.042120004444725e-08,4.688047186562905e-09,2.5853128361869038e-06,,,,,,,,,
2026-03-22T10:10:43Z,test_cases/pglib_opf_case200_activ.mat,pglib_opf_case200_activ,oracle_ac_primal_dual_all_bounds__Pg_Qg,oracle_ac_primal_dual_all_bounds,full_all_bounds,ac_true,1,0,Pg+Qg,2,,,optimal,ok,1,1187.5560458593882,26370.687609945027,22.21844000019995,0,0.003063201904296875,0.023997068405151367,0.1838667392730713,0.20786380767822266,0.20786380767822266,0.21092700958251953,acopf_acdc_paper_study/cases/pglib_opf_case200_activ/logs/oracle_ac_primal_dual_all_bounds__Pg_Qg.log,0,8,3.066412926271966e-07,7.349564175133938e-08,1.1736141392049149e-08,2.5327382610923204e-07,3.066412926271966e-07,0.034,,,0.034,False,100.0,200,245,49,38,108,1,48,151,1475.69,420.55,2997.49,1274.65,1241.66,-377.9100000000001,245,0,0,2,1,27557.57055985995,1487.303651970179,50.12190706324742,1.0621167354677337,1.0999999934147848,1.0771579392946222,0.008457077205400383,-0.1817288473046546,0.04723655382537429,-0.10368482372918439,0.04197493463593111,386.23347629216966,387.1870859906752,28.90964372358303,28.9001237116307,0.712604441033562,0.7067036737422903,0.12282964524027437,0.1227780255763006,0.0,0.0,37,6,12,0,0,1,1,0.0,0.0,0.0,0.0,0.0,1,0.0,0.0,0.0,0.0,0.0,0,,,,,,0,,,,,,1,1,1,4.384224840096356e-10,4.383915452876863e-10,1.2295561658555808e-11,9.765825301211173e-13,4.383915452876863e-10,5.2585838035653085e-05,4.1573461825507134e-05,3.299624849839849e-06,2.267763445995899e-08,4.1573461825507134e-05,2.611839493392125e-05,2.4602275669804996e-05,2.2108673327858597e-07,2.791892617093339e-08,2.4602275669804996e-05,1.5373778174996385e-06,1.1202079754427108e-06,1.6762462212074196e-08,4.927013741440334e-09,1.1202079754427108e-06,,,,,,,,,
2026-03-22T10:10:43Z,test_cases/pglib_opf_case200_activ.mat,pglib_opf_case200_activ,oracle_ac_primal_dual_all_bounds__Pg_Vm,oracle_ac_primal_dual_all_bounds,full_all_bounds,ac_true,1,0,Pg+Vm,2,,,optimal,ok,1,1187.5560458248435,26370.6876091434,22.218439999524545,0,0.003063201904296875,0.03147482872009277,0.17369699478149414,0.20517182350158691,0.20517182350158691,0.2082350254058838,acopf_acdc_paper_study/cases/pglib_opf_case200_activ/logs/oracle_ac_primal_dual_all_bounds__Pg_Vm.log,0,5,2.9826074983567804e-07,7.892959779515207e-08,1.1736137173201655e-08,2.9600582813149675e-07,2.9826074983567804e-07,0.024,,,0.024,False,100.0,200,245,49,38,108,1,48,151,1475.69,420.55,2997.49,1274.65,1241.66,-377.9100000000001,245,0,0,2,1,27557.57055905832,1487.3036518506988,50.121965992469,1.0621168012754627,1.099999993690665,1.0771579141858953,0.008456826277284045,-0.18172885191799387,0.04723650378652081,-0.10368482016917906,0.041974967698812454,386.23347713369805,387.1870871115932,28.90963833698002,28.900119330136057,0.71260453729757,0.7067037055602509,0.12282911445989979,0.12277749609649259,0.0,0.0,37,6,12,0,0,1,1,0.0,0.0,0.0,0.0,0.0,0,,,,,,1,0.0,0.0,0.0,0.0,0.0,0,,,,,,1,1,1,7.564900793972058e-10,7.564722181996331e-10,2.0664513708560257e-11,9.696184827268084e-13,7.564722181996331e-10,0.00010503908785768404,7.821748415337993e-05,6.657356995174932e-06,1.9434886249988792e-07,7.821748415337993e-05,5.0793218467096626e-05,4.634847804285691e-05,4.5414676248634046e-07,5.6171998052967353e-08,4.634847804285691e-05,3.347959949092089e-06,2.6905969944951424e-06,3.334642715024233e-08,6.704236887866699e-09,2.6905969944951424e-06,,,,,,,,,
2026-03-22T10:10:44Z,test_cases/pglib_opf_case200_activ.mat,pglib_opf_case200_activ,oracle_ac_primal_dual_all_bounds__Pg_Va,oracle_ac_primal_dual_all_bounds,full_all_bounds,ac_true,1,0,Pg+Va,2,,,optimal,ok,1,1187.5560458062635,26370.68760871224,22.218439999161276,0,0.003063201904296875,0.03219199180603027,0.17196273803710938,0.20415472984313965,0.20415472984313965,0.20721793174743652,acopf_acdc_paper_study/cases/pglib_opf_case200_activ/logs/oracle_ac_primal_dual_all_bounds__Pg_Va.log,0,4,2.9950827154457727e-07,8.013172949662695e-08,1.1736137173201655e-08,2.9534798249822625e-07,2.9950827154457727e-07,0.023,,,0.023,False,100.0,200,245,49,38,108,1,48,151,1475.69,420.55,2997.49,1274.65,1241.66,-377.9100000000001,245,0,0,2,1,27557.57055862716,1487.303651786441,50.121951628771974,1.0621168063141093,1.099999993684094,1.0771579244000355,0.008456834698727114,-0.18172884829956085,0.04723649983084226,-0.10368481798912034,0.04197496492188376,386.2334806739525,387.18709141156893,28.90963919515303,28.900120085962026,0.7126045408368844,0.7067037070792698,0.1228291313458565,0.12277751254478807,0.0,0.0,37,6,12,0,0,1,1,0.0,0.0,0.0,0.0,0.0,0,,,,,,0,,,,,,1,0.0,0.0,0.0,0.0,0.0,1,1,1,1.3990700752455046e-09,1.3990604230684767e-09,3.7574522258230096e-11,9.694710312313504e-13,1.3990604230684767e-09,0.00010319597188867454,7.767880768723943e-05,6.511142794818656e-06,1.224574308299458e-07,7.767880768723943e-05,5.0174308459137204e-05,4.605055951723003e-05,4.312284817709067e-07,4.038177747744953e-08,4.605055951723003e-05,3.2494272080892783e-06,2.5803714076427786e-06,3.035238238225345e-08,4.684007820499048e-09,2.5803714076427786e-06,,,,,,,,,
2026-03-22T10:10:44Z,test_cases/pglib_opf_case200_activ.mat,pglib_opf_case200_activ,oracle_ac_primal_dual_all_bounds__Qg_Vm,oracle_ac_primal_dual_all_bounds,full_all_bounds,ac_true,1,0,Qg+Vm,2,,,optimal,ok,1,1186.882949871599,26370.68760870181,22.218439999152487,0,0.003063201904296875,0.029819965362548828,0.17675304412841797,0.2065730094909668,0.2065730094909668,0.20963621139526367,acopf_acdc_paper_study/cases/pglib_opf_case200_activ/logs/oracle_ac_primal_dual_all_bounds__Qg_Vm.log,0,6,4.296642695169681e-07,1.1288286539106601e-07,1.1735197924522822e-08,3.7287829263798165e-07,4.296642695169681e-07,0.024,,,0.024,False,100.0,200,245,49,38,108,1,48,151,1475.69,420.55,2997.49,1274.65,1241.66,-377.9100000000001,245,0,0,2,1,27557.57055861673,1487.3036517792991,50.12195844356643,1.0621168131940388,1.099999993677364,1.0771580644948486,0.008456646537290386,-0.18172883927665007,0.04723651500497265,-0.10368482162067182,0.041974971226764184,386.2334803522525,387.18709101985013,28.90963476088006,28.900116024094906,0.7126045251728329,0.706703701521141,0.12282874492574959,0.12277711966657243,0.0,0.0,37,6,12,0,0,1,0,,,,,,1,0.0,0.0,0.0,0.0,0.0,1,0.0,0.0,0.0,0.0,0.0,0,,,,,,1,1,1,1.4993184474549947e-09,1.4993184471734367e-09,3.9459319469626655e-11,3.892719480091955e-15,1.4993184471734367e-09,0.00016249792429546924,0.0001378385278871016,9.561591184022482e-06,7.291226648310778e-08,0.0001378385278871016,8.424098714492101e-05,8.167872945130661e-05,6.667693812134612e-07,7.14003132173957e-08,8.167872945130661e-05,4.340768938281791e-06,3.483551811345187e-06,4.014833292826335e-08,5.0109010378551755e-09,3.483551811345187e-06,,,,,,,,,
2026-03-22T10:10:44Z,test_cases/pglib_opf_case200_activ.mat,pglib_opf_case200_activ,oracle_ac_primal_dual_all_bounds__Qg_Va,oracle_ac_primal_dual_all_bounds,full_all_bounds,ac_true,1,0,Qg+Va,2,,,optimal,ok,1,1186.882949874499,26370.687608769145,22.21843999920922,0,0.003063201904296875,0.012292146682739258,0.17003297805786133,0.18232512474060059,0.18232512474060059,0.18538832664489746,acopf_acdc_paper_study/cases/pglib_opf_case200_activ/logs/oracle_ac_primal_dual_all_bounds__Qg_Va.log,0,4,2.994996473851166e-07,8.017816780295228e-08,1.1735198146567427e-08,2.9535625606778793e-07,2.994996473851166e-07,0.018,,,0.018,False,100.0,200,245,49,38,108,1,48,151,1475.69,420.55,2997.49,1274.65,1241.66,-377.9100000000001,245,0,0,2,1,27557.570558684067,1487.303651789334,50.12195187327839,1.0621168057723458,1.099999993677144,1.0771579246371723,0.008456834602085855,-0.1817288483272581,0.0472365001124015,-0.10368481804220402,0.041974964885866564,386.23348056334265,387.18709127705256,28.9096391764173,28.900120067736214,0.7126045400521014,0.7067037068063232,0.12282913110429237,0.12277751227747252,0.0,0.0,37,6,12,0,0,1,0,,,,,,1,0.0,0.0,0.0,0.0,0.0,0,,,,,,1,0.0,0.0,0.0,0.0,0.0,1,1,1,1.3989680528137212e-09,1.3989680525128279e-09,3.681850356394479e-11,3.941291737419306e-15,1.3989680525128279e-09,0.00010318629419992054,7.782170876341477e-05,6.507743899276206e-06,1.259474617083898e-07,7.782170876341477e-05,5.021967258995505e-05,4.6134671129571814e-05,4.316270483895046e-07,4.0676365165026596e-08,4.6134671129571814e-05,3.2428695171955576e-06,2.5693453338526684e-06,3.0308276504588046e-08,4.633372019391402e-09,2.5693453338526684e-06,,,,,,,,,
2026-03-22T10:10:44Z,test_cases/pglib_opf_case200_activ.mat,pglib_opf_case200_activ,oracle_ac_primal_dual_all_bounds__Vm_Va,oracle_ac_primal_dual_all_bounds,full_all_bounds,ac_true,1,0,Vm+Va,2,,,optimal,ok,1,1186.882949849903,26370.687608198063,22.21843999872806,0,0.003063201904296875,0.0364992618560791,0.1693248748779297,0.2058241367340088,0.2058241367340088,0.20888733863830566,acopf_acdc_paper_study/cases/pglib_opf_case200_activ/logs/oracle_ac_primal_dual_all_bounds__Vm_Va.log,0,3,5.820194064765183e-07,1.5094119637341918e-07,1.1735198146567427e-08,4.622848911745196e-07,5.820194064765183e-07,0.015,,,0.015,False,100.0,200,245,49,38,108,1,48,151,1475.69,420.55,2997.49,1274.65,1241.66,-377.9100000000001,245,0,0,2,1,27557.570558112984,1487.3036517042249,50.121980523625375,1.0621168497948998,1.099999993677434,1.0771581696837045,0.008456399784294858,-0.18172883137787899,0.047236504165994085,-0.10368482107659663,0.041974989013583916,386.23348032169764,387.1870910089408,28.90962965130218,28.90011157621225,0.7126045621938658,0.7067037139180555,0.1228282342337706,0.12277660435302458,0.0,0.0,37,6,12,0,0,1,0,,,,,,0,,,,,,1,0.0,0.0,0.0,0.0,0.0,1,0.0,0.0,0.0,0.0,0.0,1,1,1,2.250060138395257e-09,2.2500601382091645e-09,5.921567126902564e-11,3.878841692284141e-15,2.2500601382091645e-09,0.00023933014367779243,0.0001998366179858579,1.4275850757927326e-05,7.238180024793373e-08,0.0001998366179858579,0.00012297364167258647,0.0001184271271172932,9.790600104675472e-07,9.119758848097348e-08,0.0001184271271172932,6.570797572758636e-06,5.05026224939531e-06,6.000347536832574e-08,6.116119794646879e-09,5.05026224939531e-06,,,,,,,,,
2026-03-22T10:10:44Z,test_cases/pglib_opf_case200_activ.mat,pglib_opf_case200_activ,oracle_ac_primal_dual_all_bounds__Pg_Qg_Vm,oracle_ac_primal_dual_all_bounds,full_all_bounds,ac_true,1,0,Pg+Qg+Vm,3,,,optimal,ok,1,1187.556045803515,26370.687608648466,22.21843999910754,0,0.003063201904296875,0.02017688751220703,0.17374897003173828,0.1939258575439453,0.1939258575439453,0.1969890594482422,acopf_acdc_paper_study/cases/pglib_opf_case200_activ/logs/oracle_ac_primal_dual_all_bounds__Pg_Qg_Vm.log,0,6,4.295415611342947e-07,1.1278521953265314e-07,1.1736137173201655e-08,3.727893926238871e-07,4.295415611342947e-07,0.024,,,0.024,False,100.0,200,245,49,38,108,1,48,151,1475.69,420.55,2997.49,1274.65,1241.66,-377.9100000000001,245,0,0,2,1,27557.570558563388,1487.3036517769365,50.12195803849784,1.0621168134761267,1.099999993687029,1.0771580644515166,0.008456647354321199,-0.18172883924705638,0.047236514935192445,-0.1036848216030064,0.04197497115096454,386.2334804739113,387.1870911676015,28.90963479116492,28.900116050875216,0.7126045255038546,0.7067037016398835,0.12282874670598407,0.1227771214623304,0.0,0.0,37,6,12,0,0,1,1,0.0,0.0,0.0,0.0,0.0,1,0.0,0.0,0.0,0.0,0.0,1,0.0,0.0,0.0,0.0,0.0,0,,,,,,1,1,1,1.4941138773873916e-09,1.494104839849797e-09,4.007566491744181e-11,9.694467451026867e-13,1.494104839849797e-09,0.00016224600981031327,0.0001376199895960998,9.546956981692343e-06,7.052270491951333e-08,0.0001376199895960998,8.410846453944604e-05,8.154956355443943e-05,6.653384226806836e-07,7.047280203842377e-08,8.154956355443943e-05,4.33414431240783e-06,3.4780068928486063e-06,4.004994524070895e-08,4.955483395158167e-09,3.4780068928486063e-06,,,,,,,,,
2026-03-22T10:10:45Z,test_cases/pglib_opf_case200_activ.mat,pglib_opf_case200_activ,oracle_ac_primal_dual_all_bounds__Pg_Qg_Va,oracle_ac_primal_dual_all_bounds,full_all_bounds,ac_true,1,0,Pg+Qg+Va,3,,,optimal,ok,1,1187.556045806379,26370.68760871492,22.218439999163532,0,0.003063201904296875,0.036401987075805664,0.16846394538879395,0.2048659324645996,0.2048659324645996,0.20792913436889648,acopf_acdc_paper_study/cases/pglib_opf_case200_activ/logs/oracle_ac_primal_dual_all_bounds__Pg_Qg_Va.log,0,4,3.0004143980564497e-07,8.026691892659005e-08,1.1736137173201655e-08,2.9566831964894465e-07,3.0004143980564497e-07,0.019,,,0.019,False,100.0,200,245,49,38,108,1,48,151,1475.69,420.55,2997.49,1274.65,1241.66,-377.9100000000001,245,0,0,2,1,27557.570558629843,1487.3036517868404,50.121951522150674,1.0621168061282573,1.099999993686811,1.0771579253396912,0.008456834300301025,-0.18172884824826183,0.04723650009770456,-0.10368481804011413,0.04197496485816773,386.23348068418346,387.18709142383716,28.909639181157242,28.90012007137464,0.7126045403567896,0.706703706914885,0.12282913058148993,0.12277751173612222,0.0,0.0,37,6,12,0,0,1,1,0.0,0.0,0.0,0.0,0.0,1,0.0,0.0,0.0,0.0,0.0,0,,,,,,1,0.0,0.0,0.0,0.0,0.0,1,1,1,1.395074188223098e-09,1.3950645083582458e-09,3.7469368182907177e-11,9.694727659548263e-13,1.3950645083582458e-09,0.00010327675452774468,7.794171772049045e-05,6.51204893878784e-06,1.2311319177072018e-07,7.794171772049045e-05,5.028021980966151e-05,4.620603774219134e-05,4.316596172115883e-07,4.0446634930191294e-08,4.620603774219134e-05,3.243255732012221e-06,2.567544586863646e-06,3.029677315807486e-08,4.631699669632727e-09,2.567544586863646e-06,,,,,,,,,
2026-03-22T10:10:45Z,test_cases/pglib_opf_case200_activ.mat,pglib_opf_case200_activ,oracle_ac_primal_dual_all_bounds__Pg_Vm_Va,oracle_ac_primal_dual_all_bounds,full_all_bounds,ac_true,1,0,Pg+Vm+Va,3,,,optimal,ok,1,1187.556045783023,26370.687608172942,22.218439998706895,0,0.003063201904296875,0.020423173904418945,0.1682121753692627,0.18863534927368164,0.18863534927368164,0.19169855117797852,acopf_acdc_paper_study/cases/pglib_opf_case200_activ/logs/oracle_ac_primal_dual_all_bounds__Pg_Vm_Va.log,0,3,5.780808597933786e-07,1.498656862315359e-07,1.1736137173201655e-08,4.600302696455309e-07,5.780808597933786e-07,0.015,,,0.015,False,100.0,200,245,49,38,108,1,48,151,1475.69,420.55,2997.49,1274.65,1241.66,-377.9100000000001,245,0,0,2,1,27557.570558087864,1487.3036517060682,50.12197922570002,1.0621168484990782,1.0999999936871023,1.0771581681941702,0.008456407655419586,-0.1817288314949243,0.047236505009538035,-0.10368482117912324,0.041974988240738954,386.2334804420541,387.18709115365084,28.909629814204493,28.900111713245753,0.712604560342532,0.7067037132981548,0.12282825069380167,0.12277662088525086,0.0,0.0,37,6,12,0,0,1,1,0.0,0.0,0.0,0.0,0.0,0,,,,,,1,0.0,0.0,0.0,0.0,0.0,1,0.0,0.0,0.0,0.0,0.0,1,1,1,2.2027929717327947e-09,2.2027868418206253e-09,5.872518731349144e-11,9.694554187200666e-13,2.2027868418206253e-09,0.00023694383365435384,0.000198180142746209,1.411238483986015e-05,7.111554221894689e-08,0.000198180142746209,0.00012186271872114623,0.00011744485151599093,9.68689087341712e-07,9.045353444037119e-08,0.00011744485151599093,6.486486045302631e-06,5.008274620049713e-06,5.922343550232752e-08,6.101055455981497e-09,5.008274620049713e-06,,,,,,,,,
2026-03-22T10:10:45Z,test_cases/pglib_opf_case200_activ.mat,pglib_opf_case200_activ,oracle_ac_primal_dual_all_bounds__Qg_Vm_Va,oracle_ac_primal_dual_all_bounds,full_all_bounds,ac_true,1,0,Qg+Vm+Va,3,,,optimal,ok,1,1186.882949874457,26370.687608768167,22.218439999208396,0,0.003063201904296875,0.03699779510498047,0.16187095642089844,0.1988687515258789,0.1988687515258789,0.20193195343017578,acopf_acdc_paper_study/cases/pglib_opf_case200_activ/logs/oracle_ac_primal_dual_all_bounds__Qg_Vm_Va.log,0,3,3.082619283107108e-07,8.236899032287859e-08,1.1735198146567427e-08,3.006303593806835e-07,3.082619283107108e-07,0.015,,,0.015,False,100.0,200,245,49,38,108,1,48,151,1475.69,420.55,2997.49,1274.65,1241.66,-377.9100000000001,245,0,0,2,1,27557.570558683088,1487.3036517891885,50.12195232948214,1.0621168062766024,1.0999999936771694,1.077157934738556,0.008456821124901245,-0.18172884767615216,0.04723650121018246,-0.10368481830576108,0.041974965327812426,386.2334805532587,387.18709126463165,28.909638857397887,28.90011977513859,0.7126045389214076,0.7067037064055813,0.12282910336796575,0.12277748407525906,0.0,0.0,37,6,12,0,0,1,0,,,,,,1,0.0,0.0,0.0,0.0,0.0,1,0.0,0.0,0.0,0.0,0.0,1,0.0,0.0,0.0,0.0,0.0,1,1,1,1.400423333154741e-09,1.4004233328535065e-09,3.685680628111967e-11,3.941291737419306e-15,1.4004233328535065e-09,0.00010715161955530798,8.213485723727876e-05,6.725345707407254e-06,1.2207840678710863e-07,8.213485723727876e-05,5.2586594308678206e-05,4.8689022883241506e-05,4.482723429954927e-07,4.196748237816905e-08,4.8689022883241506e-05,3.3092186018286935e-06,2.567933835607994e-06,3.0885712984634466e-08,4.345893797608191e-09,2.567933835607994e-06,,,,,,,,,
2026-03-22T10:10:45Z,test_cases/pglib_opf_case200_activ.mat,pglib_opf_case200_activ,oracle_ac_primal_dual_all_bounds__Pg_Qg_Vm_Va,oracle_ac_primal_dual_all_bounds,full_all_bounds,ac_true,1,0,Pg+Qg+Vm+Va,4,,,optimal,ok,1,1187.5560457699723,26370.687607870103,22.21843999845174,0,0.003063201904296875,0.023230314254760742,0.16214895248413086,0.1853792667388916,0.1853792667388916,0.18844246864318848,acopf_acdc_paper_study/cases/pglib_opf_case200_activ/logs/oracle_ac_primal_dual_all_bounds__Pg_Qg_Vm_Va.log,0,2,6.0652592161031e-07,1.5702654702909324e-07,1.1736137173201655e-08,4.759976976749432e-07,6.0652592161031e-07,0.012,,,0.012,False,100.0,200,245,49,38,108,1,48,151,1475.69,420.55,2997.49,1274.65,1241.66,-377.9100000000001,245,0,0,2,1,27557.570557785024,1487.3036516609363,50.12198813155759,1.0621168646875703,1.0999999936872433,1.077158172328408,0.00845634777731118,-0.18172883069389284,0.047236494090069754,-0.10368481964773876,0.04197499511572422,386.2334805788973,387.18709133624355,28.90962875258114,28.900110858601074,0.7126045846332694,0.7067037215387693,0.12282812553089707,0.12277649563056653,0.0,0.0,37,6,12,0,0,1,1,0.0,0.0,0.0,0.0,0.0,1,0.0,0.0,0.0,0.0,0.0,1,0.0,0.0,0.0,0.0,0.0,1,0.0,0.0,0.0,0.0,0.0,1,1,1,2.6541113561000414e-09,2.654106268096257e-09,7.060205184555273e-11,9.694901131895861e-13,2.654106268096257e-09,0.0002549689700131746,0.00020862023727000363,1.5446228573116513e-05,8.659935834751109e-08,0.00020862023727000363,0.00012954548098114479,0.00012364395630704017,1.0453778649843759e-06,8.450772004398033e-08,0.00012364395630704017,7.229733015571233e-06,5.273579827269614e-06,6.571048276449165e-08,6.349155565882336e-09,5.273579827269614e-06,,,,,,,,,
2026-03-22T10:10:45Z,test_cases/pglib_opf_case200_activ.mat,pglib_opf_case200_activ,oracle_ac_dual_only_constraint__none,oracle_ac_dual_only_constraint,constraint_only,ac_true,1,0,,0,,,optimal,ok,1,1186.8829498647772,26370.68760854342,22.218439999019036,0,0.003063201904296875,0.0344541072845459,0.3017411231994629,0.3361952304840088,0.3361952304840088,0.33925843238830566,acopf_acdc_paper_study/cases/pglib_opf_case200_activ/logs/oracle_ac_dual_only_constraint__none.log,0,41,3.402120840219779e-07,8.042133672891971e-08,1.1735197702478217e-08,2.965268148279152e-07,3.402120840219779e-07,0.15,,,0.15,False,100.0,200,245,49,38,108,1,48,151,1475.69,420.55,2997.49,1274.65,1241.66,-377.9100000000001,245,0,0,2,1,27557.57055845834,1487.3036517556914,50.1219618437985,1.0621168172593456,1.0999999936781313,1.0771579039097476,0.008456804834039008,-0.18172884818536825,0.04723648936350863,-0.10368481492422134,0.0419749709345209,386.23347614961256,387.1870859091543,28.909638730264884,28.900119765337006,0.712604564496303,0.7067037150750572,0.12282906527270887,0.12277744737445127,0.0,0.0,37,6,12,0,0,1,0,,,,,,0,,,,,,0,,,,,,0,,,,,,1,1,0,1.7354073736160237e-09,1.7354073733599762e-09,4.5672289712074035e-11,3.4416913763379853e-15,1.7354073733599762e-09,0.0001151939024664962,7.878425534922802e-05,7.340123458832401e-06,7.106774936116791e-08,7.878425534922802e-05,5.345734539244578e-05,4.6716656292300485e-05,4.7345849622737467e-07,4.1549467311163824e-08,4.6716656292300485e-05,3.939902917305639e-06,3.391060005672464e-06,3.5797550979096285e-08,6.424263829241106e-09,3.391060005672464e-06,,,,,,,,,
2026-03-22T10:10:46Z,test_cases/pglib_opf_case200_activ.mat,pglib_opf_case200_activ,oracle_ac_dual_only_bounds__none,oracle_ac_dual_only_bounds,all_bounds_only,ac_true,1,0,,0,,,optimal,ok,1,1186.882949874498,26370.68760876912,22.2184399992092,0,0.003063201904296875,0.014086008071899414,0.19214487075805664,0.20623087882995605,0.20623087882995605,0.20929408073425293,acopf_acdc_paper_study/cases/pglib_opf_case200_activ/logs/oracle_ac_dual_only_bounds__none.log,0,9,2.994745596014167e-07,8.0171917085127e-08,1.1735198146567427e-08,2.953410758671343e-07,2.994745596014167e-07,0.036,,,0.036,False,100.0,200,245,49,38,108,1,48,151,1475.69,420.55,2997.49,1274.65,1241.66,-377.9100000000001,245,0,0,2,1,27557.57055868404,1487.3036517893306,50.121951871327674,1.0621168057720356,1.0999999936771576,1.0771579246082483,0.00845683464078469,-0.18172884832956934,0.04723650010825209,-0.10368481804185851,0.041974964884486626,386.2334805647546,387.1870912787759,28.909639177338516,28.90012006859703,0.7126045400530785,0.7067037068066464,0.12282913118516801,0.12277751235972213,0.0,0.0,37,6,12,0,0,1,0,,,,,,0,,,,,,0,,,,,,0,,,,,,0,0,1,1.3990018035937137e-09,1.3990018032927765e-09,3.681939219887067e-11,3.948230631323213e-15,1.3990018032927765e-09,0.0001031747660854502,7.78092417367338e-05,6.507112672078147e-06,1.2596897640141172e-07,7.78092417367338e-05,5.0212828639823655e-05,4.6127290330266746e-05,4.3157935533666425e-07,4.067035153099141e-08,4.6127290330266746e-05,3.2426726084590457e-06,2.569338094338125e-06,3.030675074324786e-08,4.634415656790125e-09,2.569338094338125e-06,,,,,,,,,
2026-03-22T10:10:46Z,test_cases/pglib_opf_case200_activ.mat,pglib_opf_case200_activ,oracle_ac_dual_only_full__none,oracle_ac_dual_only_full,full_all_bounds,ac_true,1,0,,0,,,optimal,ok,1,1186.8829499231667,26370.68760989914,22.21844000016129,0,0.003063201904296875,0.03714394569396973,0.17370295524597168,0.2108469009399414,0.2108469009399414,0.21391010284423828,acopf_acdc_paper_study/cases/pglib_opf_case200_activ/logs/oracle_ac_dual_only_full__none.log,0,5,3.002361457453689e-07,7.718919659005508e-08,1.1735198146567427e-08,2.948091650321549e-07,3.002361457453689e-07,0.027,,,0.027,False,100.0,200,245,49,38,108,1,48,151,1475.69,420.55,2997.49,1274.65,1241.66,-377.9100000000001,245,0,0,2,1,27557.570559814063,1487.3036519577417,50.12198557567446,1.0621167931025732,1.0999999936843696,1.0771578985414292,0.008456821683219548,-0.18172885769006847,0.0472365096389995,-0.1036848238928419,0.04197497097540684,386.23347371741806,387.1870829679044,28.909637247178214,28.900118365372627,0.712604531253803,0.7067037031350205,0.12282910617357154,0.12277748851792915,0.0,0.0,37,6,12,0,0,1,0,,,,,,0,,,,,,0,,,,,,0,,,,,,1,1,1,2.8512170570267503e-10,2.8512170402450465e-10,7.507176441163013e-12,4.3125225612783424e-15,2.8512170402450465e-10,0.0001053054743298026,7.736710060646506e-05,6.728117933548973e-06,3.5440330734340386e-07,7.736710060646506e-05,5.058416574733608e-05,4.581323243324498e-05,4.804346008024929e-07,8.83909542226391e-08,4.581323243324498e-05,3.4073129554415893e-06,2.7724495751807465e-06,3.751207155924981e-08,1.0221339268035035e-08,2.7724495751807465e-06,,,,,,,,,
2026-03-22T10:10:46Z,test_cases/pglib_opf_case200_activ.mat,pglib_opf_case200_activ,dc_seed__Pg,dc_seed,none,dcopf,0,1,Pg,1,,,optimal,ok,1,1187.5560458468374,26370.687609653785,22.21843999995457,0,0.003063201904296875,0.018100976943969727,0.2266850471496582,0.24478602409362793,0.27542877197265625,0.2784919738769531,acopf_acdc_paper_study/cases/pglib_opf_case200_activ/logs/dc_seed__Pg.log,0,19,2.1626544748449233e-07,5.1896278801220885e-08,1.1736141392049149e-08,2.0828381692154822e-07,2.1626544748449233e-07,0.082,,,0.082,False,100.0,200,245,49,38,108,1,48,151,1475.69,420.55,2997.49,1274.65,1241.66,-377.9100000000001,245,0,0,2,1,27557.570559568707,1487.3036519267744,50.12191352105432,1.0621167504757656,1.0999999934147644,1.0771578144080958,0.008457171156106487,-0.18172885460121765,0.04723652518434843,-0.10368481822128185,0.04197493812322201,386.233476228077,387.18708593198164,28.909646382462345,28.900126310266867,0.7126044880708915,0.7067036899148217,0.12282983411143278,0.12277822036509224,0.0,0.0,37,6,12,0,0,1,1,0.1161364697973556,0.11613646979735526,0.003056224191901028,1.6756396842981802e-09,0.11613646979735526,0,,,,,,0,,,,,,0,,,,,,0,0,0,6.782778772890225e-12,4.344968829173013e-12,8.732809796933787e-13,9.765799280359033e-13,4.344968829173013e-12,1.445877397901471e-07,1.2176285559429428e-07,9.626314986669118e-09,1.1410945521816984e-09,1.2176285559429428e-07,7.524698892792505e-08,7.183489469930748e-08,1.0528983984681162e-09,4.680030807335811e-10,7.183489469930748e-08,4.126506013764304e-09,3.099784873228373e-09,8.405788258156188e-11,4.3781020475641697e-11,3.099784873228373e-09,native_only,ipopt,nlp,optimal,ok,0.0026700496673583984,0.027972698211669922,0.03064274787902832,27479.642890835534
2026-03-22T10:10:46Z,test_cases/pglib_opf_case200_activ.mat,pglib_opf_case200_activ,dc_seed__Va,dc_seed,none,dcopf,0,1,Va,1,,,optimal,ok,1,1186.8829499138585,26370.68760968301,22.21843999997919,0,0.003063201904296875,0.0359339714050293,0.23311686515808105,0.26905083656311035,0.29969358444213867,0.30275678634643555,acopf_acdc_paper_study/cases/pglib_opf_case200_activ/logs/dc_seed__Va.log,0,21,2.27349142058932e-07,5.458686214935421e-08,1.173520236541492e-08,2.1450362520201028e-07,2.27349142058932e-07,0.09,,,0.09,False,100.0,200,245,49,38,108,1,48,151,1475.69,420.55,2997.49,1274.65,1241.66,-377.9100000000001,245,0,0,2,1,27557.57055959793,1487.303651925543,50.121915010519736,1.0621167518206882,1.0999999934047862,1.077157827033965,0.008457150052462394,-0.1817288537797929,0.04723652591356372,-0.10368481846140654,0.04197493916625216,386.2334760989777,387.18708577609647,28.909645883027192,28.90012585936694,0.712604487902986,0.7067036898314127,0.12282979002128865,0.12277817568000227,0.0,0.0,37,6,12,0,0,1,0,,,,,,0,,,,,,0,,,,,,1,0.2217272148569125,0.026255284413140012,0.014559642149214711,0.015264469075818243,0.026255284413140012,0,0,0,3.6810998693681786e-11,3.681099869368154e-11,9.68710674541459e-13,0.0,3.681099869368154e-11,6.7242543612896676e-06,6.005340639700374e-06,3.549109145554583e-07,1.1368670891839794e-10,6.005340639700374e-06,3.590077762705154e-06,3.5576673909076817e-06,2.600241405414927e-08,3.0902729264425943e-09,3.5576673909076817e-06,1.6022134476220336e-07,1.5149647047962844e-07,1.464421709633859e-09,2.9587189989688234e-10,1.5149647047962844e-07,native_only,ipopt,nlp,optimal,ok,0.0026700496673583984,0.027972698211669922,0.03064274787902832,27479.642890835534
2026-03-22T10:10:47Z,test_cases/pglib_opf_case200_activ.mat,pglib_opf_case200_activ,dc_seed__Pg_Va,dc_seed,none,dcopf,0,1,Pg+Va,2,,,optimal,ok,1,1187.5560458457717,26370.687609629058,22.218439999933732,0,0.003063201904296875,0.02330183982849121,0.21743416786193848,0.2407360076904297,0.271378755569458,0.2744419574737549,acopf_acdc_paper_study/cases/pglib_opf_case200_activ/logs/dc_seed__Pg_Va.log,0,16,2.2737021552573365e-07,5.45609207579581e-08,1.1736141392049149e-08,2.145108939722437e-07,2.2737021552573365e-07,0.072,,,0.072,False,100.0,200,245,49,38,108,1,48,151,1475.69,420.55,2997.49,1274.65,1241.66,-377.9100000000001,245,0,0,2,1,27557.57055954398,1487.3036519230893,50.12191463426002,1.0621167521373398,1.0999999934147606,1.0771578272096753,0.008457150482181722,-0.1817288537381139,0.04723652584905967,-0.1036848184493983,0.04197493911093679,386.2334762253631,387.18708592964884,28.909645904825357,28.900125878594324,0.7126044882314322,0.7067036899482709,0.1228297910184598,0.12277817668268973,0.0,0.0,37,6,12,0,0,1,1,0.1161364697973556,0.11613646979735526,0.003056224191901028,1.6756396842981802e-09,0.11613646979735526,0,,,,,,0,,,,,,1,0.2217272148569125,0.026255284413140012,0.014559642149214711,0.015264469075818243,0.026255284413140012,0,0,0,3.29201815952828e-11,3.2505553804185183e-11,1.6143489368756671e-12,9.765799280359033e-13,3.2505553804185183e-11,6.598720018644833e-06,5.897084689531797e-06,3.4818852733642433e-07,1.6946097025627438e-09,5.897084689531797e-06,3.524361645501637e-06,3.4938342750034934e-06,2.5110175662090838e-08,2.239651131219489e-09,3.4938342750034934e-06,1.5683245370369153e-07,1.4873742870680218e-07,1.417493785717261e-09,2.772054669142321e-10,1.4873742870680218e-07,native_only,ipopt,nlp,optimal,ok,0.0026700496673583984,0.027972698211669922,0.03064274787902832,27479.642890835534
