timestamp_utc,case_file,case_name,run_name,family,dual_mode,seed_source,is_oracle,is_practical,blocks,num_blocks,seed_vm_policy,seed_qg_policy,termination,status,success,objective,objective_gap_vs_baseline_abs,objective_gap_vs_baseline_rel,objective_matches_baseline,shared_case_prep_time,build_time,solve_time,total_time,end_to_end_time,full_pipeline_time_including_shared_case_prep,log_path,hit_max_iter,iterations,dual_inf,constr_viol,var_bound_viol,compl_inf,overall_nlp_error,ipopt_reported_total_sec,ipopt_cpu_sec_no_func_eval,ipopt_cpu_sec_func_eval,ipopt_cpu_total_est,restoration_used,baseMVA,nb,nl,ng_total,ng_active,n_load_buses,n_ref_buses,n_pv_buses,n_pq_buses,total_pd_mw,total_qd_mvar,sum_pmax_mw,sum_pmin_mw,sum_qmax_mvar,sum_qmin_mvar,n_branch_with_limits,n_branch_out_of_service,gencost_any_pwl,gencost_max_poly_degree,gencost_any_quadratic,objective_value,total_pg_mw,total_qg_mvar,vm_min,vm_max,vm_mean,vm_std,va_min_rad,va_max_rad,va_mean_rad,va_std_rad,max_line_mva_from,max_line_mva_to,mean_line_mva_from,mean_line_mva_to,max_thermal_util_from,max_thermal_util_to,mean_thermal_util_from,mean_thermal_util_to,max_flow_limit_violation_sq_from,max_flow_limit_violation_sq_to,n_pg_at_lb,n_pg_at_ub,n_qg_at_lb,n_qg_at_ub,n_vm_at_lb,n_vm_at_ub,init_has_Pg,init_Pg_l2,init_Pg_linf,init_Pg_mean_abs,init_Pg_median_abs,init_Pg_max_abs,init_has_Qg,init_Qg_l2,init_Qg_linf,init_Qg_mean_abs,init_Qg_median_abs,init_Qg_max_abs,init_has_Vm,init_Vm_l2,init_Vm_linf,init_Vm_mean_abs,init_Vm_median_abs,init_Vm_max_abs,init_has_Va,init_Va_l2,init_Va_linf,init_Va_mean_abs,init_Va_median_abs,init_Va_max_abs,init_has_duals,init_has_constraint_duals,init_has_bound_mults,dist_to_baseline_Pg_l2,dist_to_baseline_Pg_linf,dist_to_baseline_Pg_mean_abs,dist_to_baseline_Pg_median_abs,dist_to_baseline_Pg_max_abs,dist_to_baseline_Qg_l2,dist_to_baseline_Qg_linf,dist_to_baseline_Qg_mean_abs,dist_to_baseline_Qg_median_abs,dist_to_baseline_Qg_max_abs,dist_to_baseline_Vm_l2,dist_to_baseline_Vm_linf,dist_to_baseline_Vm_mean_abs,dist_to_baseline_Vm_median_abs,dist_to_baseline_Vm_max_abs,dist_to_baseline_Va_l2,dist_to_baseline_Va_linf,dist_to_baseline_Va_mean_abs,dist_to_baseline_Va_median_abs,dist_to_baseline_Va_max_abs,dc_seed_mode,dc_solver,dc_solver_problem_type,dc_termination,dc_status,dc_build_time,dc_solve_time,dc_total_time,dc_objective
2026-03-22T15:34:51Z,test_cases/pglib_opf_case3022_goc.mat,pglib_opf_case3022_goc,baseline_default,baseline,none,case_default,0,1,,0,,,optimal,ok,1,2204.4862438346313,,,,0.03871893882751465,0.3611578941345215,8.974912166595459,9.33607006072998,9.33607006072998,9.374788999557495,acopf_acdc_paper_study/cases/pglib_opf_case3022_goc/logs/baseline_default.log,0,53,7.627346860786252e-08,1.586632008242217e-08,9.639247712522891e-09,3.361074564042833e-08,7.627346860786252e-08,5.137,,,5.137,False,100.0,3022,4135,637,327,1574,1,318,2703,57997.486000000004,3503.426,228574.12099999998,7502.474999999999,78429.07500000001,-78429.07500000001,4135,0,0,2,1,601383.8473180869,59253.52959582177,4967.729321800277,0.9499999960695329,1.069151321925045,1.0153359918187455,0.023709289906683063,-1.642677523543171,0.06192846928503214,-0.6384623231707214,0.15968931484068116,1568.1569680530677,1513.0005897383278,71.2460376006938,71.32071708249603,1.0000000348508875,1.0000002353560524,0.3186264230415636,0.31890278597177674,5.6810659287975795e-08,1.5916661055825898e-07,199,13,6,19,19,95,,,,,,,,,,,,,,,,,,,,,,,,,,,,,,,,,,,,,,,,,,,,,,,,,,,,,,,,
2026-03-22T15:35:00Z,test_cases/pglib_opf_case3022_goc.mat,pglib_opf_case3022_goc,oracle_ac_primal_only__Pg,oracle_ac_primal_only,none,ac_true,1,0,Pg,1,,,optimal,ok,1,2204.4862438346318,599179.3610742525,271.7999999999999,0,0.03871893882751465,0.9638299942016602,8.196057081222534,9.159887075424194,9.159887075424194,9.198606014251709,acopf_acdc_paper_study/cases/pglib_opf_case3022_goc/logs/oracle_ac_primal_only__Pg.log,0,54,7.627428906543608e-08,1.5866344100969737e-08,9.639247712522891e-09,3.361074603179657e-08,7.627428906543608e-08,5.748,,,5.748,False,100.0,3022,4135,637,327,1574,1,318,2703,57997.486000000004,3503.426,228574.12099999998,7502.474999999999,78429.07500000001,-78429.07500000001,4135,0,0,2,1,601383.8473180871,59253.52959582174,4967.729321799194,0.9499999960695329,1.069151321925046,1.0153359918187486,0.023709289906677755,-1.6426775235432372,0.061928469285012056,-0.6384623231707204,0.15968931484069177,1568.1569680530652,1513.000589738329,71.24603760069311,71.32071708249539,1.0000000348508917,1.0000002353561201,0.3186264230415569,0.3189027859717713,5.680952597231226e-08,1.5916658213654955e-07,199,13,6,19,19,95,1,0.0,0.0,0.0,0.0,0.0,0,,,,,,0,,,,,,0,,,,,,0,0,0,4.1545307272005966e-12,1.7781331962396507e-12,7.354641870032341e-14,0.0,1.7781331962396507e-12,5.5380201339801996e-11,3.033573392485778e-11,6.404244014501798e-13,5.595524044110789e-14,3.033573392485778e-11,3.1935586241837096e-12,2.5148771953809046e-12,1.586083275894671e-14,5.440092820663267e-15,2.5148771953809046e-12,1.3116950676398373e-12,1.3788969965844444e-13,2.008739982939356e-14,1.9206858326015208e-14,1.3788969965844444e-13,,,,,,,,,
2026-03-22T15:35:09Z,test_cases/pglib_opf_case3022_goc.mat,pglib_opf_case3022_goc,oracle_ac_primal_only__Qg,oracle_ac_primal_only,none,ac_true,1,0,Qg,1,,,optimal,ok,1,2204.486243834633,599179.3610742526,271.79999999999995,0,0.03871893882751465,1.457848072052002,7.219146013259888,8.67699408531189,8.67699408531189,8.715713024139404,acopf_acdc_paper_study/cases/pglib_opf_case3022_goc/logs/oracle_ac_primal_only__Qg.log,0,54,7.62740515874703e-08,1.5866347025279837e-08,9.639247712522891e-09,3.3610746031819515e-08,7.62740515874703e-08,4.906,,,4.906,False,100.0,3022,4135,637,327,1574,1,318,2703,57997.486000000004,3503.426,228574.12099999998,7502.474999999999,78429.07500000001,-78429.07500000001,4135,0,0,2,1,601383.8473180872,59253.529595821885,4967.729321799882,0.9499999960695329,1.069151321925052,1.0153359918187463,0.023709289906674976,-1.642677523543276,0.0619284692849938,-0.6384623231707192,0.15968931484069687,1568.1569680530654,1513.0005897383287,71.24603760069343,71.32071708249568,1.0000000348509002,1.0000002353560853,0.3186264230415591,0.3189027859717731,5.681017611891548e-08,1.5916645423885711e-07,199,13,6,19,19,95,0,,,,,,1,0.0,0.0,0.0,0.0,0.0,0,,,,,,0,,,,,,0,0,0,1.440434808953025e-11,1.042010921992187e-11,1.7501720638495658e-13,0.0,1.042010921992187e-11,5.741998942745083e-11,3.021316530293916e-11,7.581885342907247e-13,7.389922007661198e-14,3.021316530293916e-11,3.3108606762710065e-12,2.5215385335286555e-12,1.7990168513654654e-14,6.8833827526759706e-15,2.5215385335286555e-12,2.333043263687318e-12,1.291189377639057e-13,3.57637319457656e-14,3.907985046680551e-14,1.291189377639057e-13,,,,,,,,,
2026-03-22T15:35:24Z,test_cases/pglib_opf_case3022_goc.mat,pglib_opf_case3022_goc,oracle_ac_primal_only__Vm,oracle_ac_primal_only,none,ac_true,1,0,Vm,1,,,optimal,ok,1,2204.486243834632,599179.3610742524,271.79999999999984,0,0.03871893882751465,0.9673938751220703,13.944164752960205,14.911558628082275,14.911558628082275,14.95027756690979,acopf_acdc_paper_study/cases/pglib_opf_case3022_goc/logs/oracle_ac_primal_only__Vm.log,0,112,7.627382488698064e-08,1.586632278772343e-08,9.639247712522891e-09,3.361074558473708e-08,7.627382488698064e-08,11.758,,,11.758,False,100.0,3022,4135,637,327,1574,1,318,2703,57997.486000000004,3503.426,228574.12099999998,7502.474999999999,78429.07500000001,-78429.07500000001,4135,0,0,2,1,601383.847318087,59253.52959578047,4967.7293214882275,0.9499999960695329,1.0691513219231727,1.0153359918209632,0.0237092899027775,-1.6426775234915152,0.06192846929297615,-0.6384623231659186,0.15968931483253365,1568.1569680524917,1513.000589738516,71.24603759806104,71.32071707988966,1.0000000348508886,1.0000002353560777,0.3186264230354491,0.3189027859656344,5.681020986969543e-08,1.5916668161253256e-07,199,13,6,19,19,95,0,,,,,,0,,,,,,1,0.0,0.0,0.0,0.0,0.0,0,,,,,,0,0,0,1.6229188291134692e-09,1.3085559302794536e-09,1.989944378789812e-11,0.0,1.3085559302794536e-09,2.6087291800628576e-08,1.768271418178813e-08,3.665024876878336e-10,1.2454509645820622e-11,1.768271418178813e-08,8.932029473610321e-10,1.5724810342732098e-10,7.597348774063391e-12,1.5013545962005992e-12,1.5724810342732098e-10,7.034643881398047e-10,6.066236402091363e-11,5.4711211914875006e-12,6.420974862919593e-13,6.066236402091363e-11,,,,,,,,,
2026-03-22T15:35:33Z,test_cases/pglib_opf_case3022_goc.mat,pglib_opf_case3022_goc,oracle_ac_primal_only__Va,oracle_ac_primal_only,none,ac_true,1,0,Va,1,,,optimal,ok,1,2204.486243834633,599179.3610742526,271.79999999999995,0,0.03871893882751465,0.9702250957489014,8.38405990600586,9.35428500175476,9.35428500175476,9.393003940582275,acopf_acdc_paper_study/cases/pglib_opf_case3022_goc/logs/oracle_ac_primal_only__Va.log,0,50,7.627457372428093e-08,1.586637080747133e-08,9.639247712522891e-09,3.3610746418235065e-08,7.627457372428093e-08,6.097,,,6.097,False,100.0,3022,4135,637,327,1574,1,318,2703,57997.486000000004,3503.426,228574.12099999998,7502.474999999999,78429.07500000001,-78429.07500000001,4135,0,0,2,1,601383.8473180872,59253.52959576519,4967.729321358429,0.9499999960695329,1.0691513219239634,1.0153359918202205,0.02370928990375464,-1.6426775234559274,0.06192846929831695,-0.6384623231629073,0.1596893148270912,1568.1569680499974,1513.0005897393332,71.24603759752846,71.32071707935485,1.000000034850873,1.0000002353560828,0.3186264230345815,0.3189027859647795,5.680934123120096e-08,1.5916665319082313e-07,199,13,6,19,19,95,0,,,,,,0,,,,,,0,,,,,,1,0.0,0.0,0.0,0.0,0.0,0,0,0,6.791460723104091e-09,5.016183024508791e-09,6.883751376640147e-11,0.0,5.016183024508791e-09,2.9589123998992872e-08,1.8495220244219013e-08,3.8684812028586004e-10,1.864780552196521e-11,1.8495220244219013e-08,8.680932240050434e-10,1.7399015561636588e-10,7.591617238514257e-12,1.7061907442439406e-12,1.7399015561636588e-10,1.2135307150285012e-09,1.0201728350978101e-10,1.090794372660829e-11,2.739530824413805e-12,1.0201728350978101e-10,,,,,,,,,
2026-03-22T15:35:41Z,test_cases/pglib_opf_case3022_goc.mat,pglib_opf_case3022_goc,oracle_ac_primal_only__Pg_Qg,oracle_ac_primal_only,none,ac_true,1,0,Pg+Qg,2,,,optimal,ok,1,2204.486243834634,599179.3610742526,271.79999999999995,0,0.03871893882751465,0.5398468971252441,6.690112113952637,7.229959011077881,7.229959011077881,7.2686779499053955,acopf_acdc_paper_study/cases/pglib_opf_case3022_goc/logs/oracle_ac_primal_only__Pg_Qg.log,0,54,7.627417826434474e-08,1.5866349805607888e-08,9.639247712522891e-09,3.361074603187545e-08,7.627417826434474e-08,4.425,,,4.425,False,100.0,3022,4135,637,327,1574,1,318,2703,57997.486000000004,3503.426,228574.12099999998,7502.474999999999,78429.07500000001,-78429.07500000001,4135,0,0,2,1,601383.8473180872,59253.52959582174,4967.729321799833,0.9499999960695329,1.069151321925062,1.0153359918187463,0.02370928990667556,-1.6426775235432818,0.06192846928499551,-0.6384623231707224,0.1596893148406974,1568.1569680530683,1513.0005897383273,71.24603760069363,71.32071708249592,1.0000000348508853,1.0000002353560145,0.3186264230415581,0.31890278597177196,5.680999848323154e-08,1.591665395039854e-07,199,13,6,19,19,95,1,0.0,0.0,0.0,0.0,0.0,1,0.0,0.0,0.0,0.0,0.0,0,,,,,,0,,,,,,0,0,0,9.329977126902883e-12,5.417888360170764e-12,1.5419594118368368e-13,0.0,5.417888360170764e-12,5.880521356445278e-11,3.063782560985828e-11,7.96927159477465e-13,8.260059303211165e-14,3.063782560985828e-11,3.3336297996621025e-12,2.5230928457631308e-12,1.909745249652038e-14,7.549516567451064e-15,2.5230928457631308e-12,2.3066145137424634e-12,1.4410694859634532e-13,3.4945780551231257e-14,3.652633751016765e-14,1.4410694859634532e-13,,,,,,,,,
2026-03-22T15:35:53Z,test_cases/pglib_opf_case3022_goc.mat,pglib_opf_case3022_goc,oracle_ac_primal_only__Pg_Vm,oracle_ac_primal_only,none,ac_true,1,0,Pg+Vm,2,,,optimal,ok,1,2204.486243834633,599179.3610742523,271.7999999999998,0,0.03871893882751465,0.9805991649627686,11.333064079284668,12.313663244247437,12.313663244247437,12.352382183074951,acopf_acdc_paper_study/cases/pglib_opf_case3022_goc/logs/oracle_ac_primal_only__Pg_Vm.log,0,83,7.627391170622974e-08,1.5866320340462287e-08,9.639247712522891e-09,3.3610745584380164e-08,7.627391170622974e-08,8.802,,,8.802,False,100.0,3022,4135,637,327,1574,1,318,2703,57997.486000000004,3503.426,228574.12099999998,7502.474999999999,78429.07500000001,-78429.07500000001,4135,0,0,2,1,601383.8473180869,59253.52959578049,4967.7293214871115,0.9499999960695329,1.0691513219231878,1.015335991820966,0.023709289902777198,-1.6426775234915099,0.061928469292977115,-0.6384623231659178,0.15968931483253251,1568.15696805249,1513.0005897385172,71.24603759806064,71.32071707988923,1.0000000348508933,1.0000002353560495,0.31862642303544614,0.31890278596563093,5.68098119657634e-08,1.5916688766992593e-07,199,13,6,19,19,95,1,0.0,0.0,0.0,0.0,0.0,0,,,,,,1,0.0,0.0,0.0,0.0,0.0,0,,,,,,0,0,0,1.6234846777829326e-09,1.3084529015827684e-09,1.9918223660220667e-11,0.0,1.3084529015827684e-09,2.6087282490654315e-08,1.7682008079944467e-08,3.665575005195212e-10,1.2594231213469698e-11,1.7682008079944467e-08,8.933756685754112e-10,1.5728618407706563e-10,7.599210510065902e-12,1.503908109157237e-12,1.5728618407706563e-10,7.035560237092195e-10,6.065870028493237e-11,5.4737918183698724e-12,6.456501999707598e-13,6.065870028493237e-11,,,,,,,,,
2026-03-22T15:36:02Z,test_cases/pglib_opf_case3022_goc.mat,pglib_opf_case3022_goc,oracle_ac_primal_only__Pg_Va,oracle_ac_primal_only,none,ac_true,1,0,Pg+Va,2,,,optimal,ok,1,2204.486243834631,599179.3610742522,271.7999999999997,0,0.03871893882751465,0.5417008399963379,8.073734045028687,8.615434885025024,8.615434885025024,8.654153823852539,acopf_acdc_paper_study/cases/pglib_opf_case3022_goc/logs/oracle_ac_primal_only__Pg_Va.log,0,43,7.627498783857746e-08,1.586639417332919e-08,9.639247712522891e-09,3.361074681159628e-08,7.627498783857746e-08,5.739,,,5.739,False,100.0,3022,4135,637,327,1574,1,318,2703,57997.486000000004,3503.426,228574.12099999998,7502.474999999999,78429.07500000001,-78429.07500000001,4135,0,0,2,1,601383.8473180868,59253.52959576505,4967.729321359345,0.9499999960695329,1.0691513219239561,1.0153359918202176,0.02370928990374794,-1.6426775234558868,0.061928469298313964,-0.6384623231629082,0.15968931482708568,1568.1569680499929,1513.000589739334,71.24603759752652,71.32071707935266,1.0000000348508853,1.0000002353561286,0.31862642303457256,0.3189027859647692,5.681046921779398e-08,1.5916673845595142e-07,199,13,6,19,19,95,1,0.0,0.0,0.0,0.0,0.0,0,,,,,,0,,,,,,1,0.0,0.0,0.0,0.0,0.0,0,0,0,6.790021883973664e-09,5.014960891003284e-09,6.88190215929277e-11,0.0,5.014960891003284e-09,2.9595987879519323e-08,1.8502994025837438e-08,3.8723893255873525e-10,2.1246240877736966e-11,1.8502994025837438e-08,8.684440658214472e-10,1.7402956853374008e-10,7.596810121184931e-12,1.7216228442862302e-12,1.7402956853374008e-10,1.2139136492084962e-09,1.0209155743012843e-10,1.0909885432100175e-11,2.7478019859472624e-12,1.0209155743012843e-10,,,,,,,,,
2026-03-22T15:36:12Z,test_cases/pglib_opf_case3022_goc.mat,pglib_opf_case3022_goc,oracle_ac_primal_only__Qg_Vm,oracle_ac_primal_only,none,ac_true,1,0,Qg+Vm,2,,,optimal,ok,1,2204.486243834631,599179.3610742523,271.7999999999998,0,0.03871893882751465,1.4015450477600098,8.49451494216919,9.8960599899292,9.8960599899292,9.934778928756714,acopf_acdc_paper_study/cases/pglib_opf_case3022_goc/logs/oracle_ac_primal_only__Qg_Vm.log,0,73,7.627397043693457e-08,1.5866319103604448e-08,9.639247712522891e-09,3.3610745584419114e-08,7.627397043693457e-08,6.232,,,6.232,False,100.0,3022,4135,637,327,1574,1,318,2703,57997.486000000004,3503.426,228574.12099999998,7502.474999999999,78429.07500000001,-78429.07500000001,4135,0,0,2,1,601383.8473180869,59253.529595780536,4967.72932148783,0.9499999960695329,1.0691513219231874,1.0153359918209617,0.023709289902776792,-1.642677523491471,0.06192846929298446,-0.6384623231659129,0.15968931483252788,1568.1569680524865,1513.0005897385186,71.24603759806108,71.32071707988963,1.0000000348508917,1.0000002353561253,0.3186264230354479,0.31890278596563254,5.68094016273335e-08,1.5916666029625048e-07,199,13,6,19,19,95,0,,,,,,1,0.0,0.0,0.0,0.0,0.0,1,0.0,0.0,0.0,0.0,0.0,0,,,,,,0,0,0,1.6226654029875964e-09,1.3092487094468197e-09,1.9866247016029158e-11,0.0,1.3092487094468197e-09,2.6088799402195776e-08,1.7681296204941077e-08,3.665460325746197e-10,1.2571721441645423e-11,1.7681296204941077e-08,8.933264104012588e-10,1.5729539892817002e-10,7.600125984835942e-12,1.5074608228360376e-12,1.5729539892817002e-10,7.04096557922752e-10,6.070666191959617e-11,5.478425353175072e-12,6.538658503529859e-13,6.070666191959617e-11,,,,,,,,,
2026-03-22T15:36:21Z,test_cases/pglib_opf_case3022_goc.mat,pglib_opf_case3022_goc,oracle_ac_primal_only__Qg_Va,oracle_ac_primal_only,none,ac_true,1,0,Qg+Va,2,,,optimal,ok,1,2204.486243834632,599179.3610742525,271.7999999999999,0,0.03871893882751465,0.9378840923309326,8.09272813796997,9.030612230300903,9.030612230300903,9.069331169128418,acopf_acdc_paper_study/cases/pglib_opf_case3022_goc/logs/oracle_ac_primal_only__Qg_Va.log,0,49,7.62745496326268e-08,1.586639440274637e-08,9.639247712522891e-09,3.361074681137384e-08,7.62745496326268e-08,4.389,,,4.389,False,100.0,3022,4135,637,327,1574,1,318,2703,57997.486000000004,3503.426,228574.12099999998,7502.474999999999,78429.07500000001,-78429.07500000001,4135,0,0,2,1,601383.8473180871,59253.52959576501,4967.729321358135,0.9499999960695329,1.0691513219239528,1.0153359918202125,0.023709289903747502,-1.642677523455927,0.06192846929829678,-0.638462323162908,0.159689314827091,1568.1569680499988,1513.0005897393328,71.24603759752665,71.32071707935279,1.000000034850892,1.000000235356043,0.3186264230345705,0.3189027859647679,5.6809893678178014e-08,1.5916668161253256e-07,199,13,6,19,19,95,0,,,,,,1,0.0,0.0,0.0,0.0,0.0,0,,,,,,1,0.0,0.0,0.0,0.0,0.0,0,0,0,6.798851328061141e-09,5.022767979312448e-09,6.886591209154723e-11,0.0,5.022767979312448e-09,2.95924626536797e-08,1.8498928611165866e-08,3.872405384188978e-10,2.1095103094892487e-11,1.8498928611165866e-08,8.684250581475419e-10,1.7402868035532038e-10,7.598593017392245e-12,1.6919798895287386e-12,1.7402868035532038e-10,1.2132991478041935e-09,1.0203971001487844e-10,1.089813912003685e-11,2.7310376182754226e-12,1.0203971001487844e-10,,,,,,,,,
2026-03-22T15:36:29Z,test_cases/pglib_opf_case3022_goc.mat,pglib_opf_case3022_goc,oracle_ac_primal_only__Vm_Va,oracle_ac_primal_only,none,ac_true,1,0,Vm+Va,2,,,optimal,ok,1,2204.48624383463,599179.3610742526,271.79999999999995,0,0.03871893882751465,1.0207481384277344,6.763697862625122,7.7844460010528564,7.7844460010528564,7.823164939880371,acopf_acdc_paper_study/cases/pglib_opf_case3022_goc/logs/oracle_ac_primal_only__Vm_Va.log,0,50,7.62748696952059e-08,1.5866388527671638e-08,9.639247712522891e-09,3.3610746742916995e-08,7.62748696952059e-08,4.484,,,4.484,False,100.0,3022,4135,637,327,1574,1,318,2703,57997.486000000004,3503.426,228574.12099999998,7502.474999999999,78429.07500000001,-78429.07500000001,4135,0,0,2,1,601383.8473180872,59253.529595761356,4967.729321331888,0.9499999960695329,1.0691513219233808,1.0153359918203868,0.02370928990306784,-1.6426775234562887,0.06192846929933627,-0.638462323162462,0.1596893148270759,1568.1569680497405,1513.0005897394171,71.24603759715957,71.32071707896333,1.0000000348508948,1.00000023535613,0.3186264230333733,0.3189027859634762,5.6809565052162725e-08,1.5916679529937028e-07,199,13,6,19,19,95,0,,,,,,0,,,,,,1,0.0,0.0,0.0,0.0,0.0,1,0.0,0.0,0.0,0.0,0.0,0,0,0,7.199643628151576e-09,5.361510346801879e-09,7.196748602891539e-11,0.0,5.361510346801879e-09,3.0454895763436685e-08,1.8572496429669627e-08,4.2339670091471016e-10,2.232003470936661e-11,1.8572496429669627e-08,9.91543942936919e-10,1.9154344776950438e-10,8.822009671793763e-12,1.670774629758398e-12,1.9154344776950438e-10,1.2275412534709481e-09,1.0097811475873186e-10,1.117001663373716e-11,2.50938159140901e-12,1.0097811475873186e-10,,,,,,,,,
2026-03-22T15:36:40Z,test_cases/pglib_opf_case3022_goc.mat,pglib_opf_case3022_goc,oracle_ac_primal_only__Pg_Qg_Vm,oracle_ac_primal_only,none,ac_true,1,0,Pg+Qg+Vm,3,,,optimal,ok,1,2204.4862438346327,599179.3610742526,271.79999999999995,0,0.03871893882751465,2.5878636837005615,8.785392999649048,11.37325668334961,11.37325668334961,11.411975622177124,acopf_acdc_paper_study/cases/pglib_opf_case3022_goc/logs/oracle_ac_primal_only__Pg_Qg_Vm.log,0,75,7.627394823196035e-08,1.5866320176097237e-08,9.639247712522891e-09,3.3610745584441375e-08,7.627394823196035e-08,6.435,,,6.435,False,100.0,3022,4135,637,327,1574,1,318,2703,57997.486000000004,3503.426,228574.12099999998,7502.474999999999,78429.07500000001,-78429.07500000001,4135,0,0,2,1,601383.8473180872,59253.52959578053,4967.729321488548,0.9499999960695329,1.0691513219231779,1.0153359918209615,0.023709289902777028,-1.6426775234914979,0.061928469292983325,-0.6384623231659111,0.15968931483253251,1568.15696805249,1513.0005897385172,71.24603759806138,71.32071707989002,1.0000000348508855,1.0000002353561463,0.31862642303545086,0.3189027859656357,5.680818127018483e-08,1.591665892419769e-07,199,13,6,19,19,95,1,0.0,0.0,0.0,0.0,0.0,1,0.0,0.0,0.0,0.0,0.0,1,0.0,0.0,0.0,0.0,0.0,0,,,,,,0,0,0,1.6229491189613278e-09,1.3088561345853122e-09,1.9888524685035327e-11,0.0,1.3088561345853122e-09,2.6087659260170718e-08,1.7680986896806417e-08,3.664679237322175e-10,1.238403823933254e-11,1.7680986896806417e-08,8.932993940631544e-10,1.5727419366839968e-10,7.597999037052664e-12,1.4972467710094861e-12,1.5727419366839968e-10,7.037586094554348e-10,6.067890634398054e-11,5.473944875857874e-12,6.444289546436721e-13,6.067890634398054e-11,,,,,,,,,
2026-03-22T15:36:49Z,test_cases/pglib_opf_case3022_goc.mat,pglib_opf_case3022_goc,oracle_ac_primal_only__Pg_Qg_Va,oracle_ac_primal_only,none,ac_true,1,0,Pg+Qg+Va,3,,,optimal,ok,1,2204.4862438346327,599179.3610742525,271.7999999999999,0,0.03871893882751465,0.9729838371276855,7.511041879653931,8.484025716781616,8.484025716781616,8.52274465560913,acopf_acdc_paper_study/cases/pglib_opf_case3022_goc/logs/oracle_ac_primal_only__Pg_Qg_Va.log,0,43,7.627484395337997e-08,1.586639411781804e-08,9.639247712522891e-09,3.361074681156337e-08,7.627484395337997e-08,5.313,,,5.313,False,100.0,3022,4135,637,327,1574,1,318,2703,57997.486000000004,3503.426,228574.12099999998,7502.474999999999,78429.07500000001,-78429.07500000001,4135,0,0,2,1,601383.8473180871,59253.52959576511,4967.729321358311,0.9499999960695329,1.0691513219239903,1.0153359918202167,0.023709289903750205,-1.6426775234559143,0.06192846929830331,-0.6384623231629155,0.15968931482708829,1568.1569680500008,1513.0005897393316,71.24603759752722,71.32071707935336,1.000000034850879,1.0000002353560653,0.3186264230345767,0.31890278596477434,5.6809744464203504e-08,1.5916643292257504e-07,199,13,6,19,19,95,1,0.0,0.0,0.0,0.0,0.0,1,0.0,0.0,0.0,0.0,0.0,0,,,,,,1,0.0,0.0,0.0,0.0,0.0,0,0,0,6.788643648397241e-09,5.0137032303609885e-09,6.881909785710107e-11,0.0,5.0137032303609885e-09,2.9592290503216018e-08,1.8499247689263143e-08,3.8718372411484406e-10,2.1281421069829776e-11,1.8499247689263143e-08,8.682290004226709e-10,1.7401047269771652e-10,7.59358775579989e-12,1.7039702981946903e-12,1.7401047269771652e-10,1.2135544255039831e-09,1.0204836975447051e-10,1.0910184463526313e-11,2.752909011860538e-12,1.0204836975447051e-10,,,,,,,,,
2026-03-22T15:36:55Z,test_cases/pglib_opf_case3022_goc.mat,pglib_opf_case3022_goc,oracle_ac_primal_only__Pg_Vm_Va,oracle_ac_primal_only,none,ac_true,1,0,Pg+Vm+Va,3,,,optimal,ok,1,2204.486243834629,599179.3610742523,271.7999999999998,0,0.03871893882751465,0.9996306896209717,5.839343070983887,6.838973760604858,6.838973760604858,6.877692699432373,acopf_acdc_paper_study/cases/pglib_opf_case3022_goc/logs/oracle_ac_primal_only__Pg_Vm_Va.log,0,43,7.627460812687349e-08,1.586636313739148e-08,9.639247712522891e-09,3.3610746351977786e-08,7.627460812687349e-08,3.563,,,3.563,False,100.0,3022,4135,637,327,1574,1,318,2703,57997.486000000004,3503.426,228574.12099999998,7502.474999999999,78429.07500000001,-78429.07500000001,4135,0,0,2,1,601383.8473180869,59253.529595761196,4967.729321332107,0.9499999960695329,1.0691513219233586,1.0153359918203873,0.02370928990307189,-1.6426775234562763,0.06192846929932567,-0.6384623231624547,0.15968931482707532,1568.1569680497357,1513.0005897394178,71.24603759716032,71.32071707896426,1.0000000348508846,1.0000002353561346,0.3186264230333739,0.31890278596347876,5.681029335846688e-08,1.5916665319082313e-07,199,13,6,19,19,95,1,0.0,0.0,0.0,0.0,0.0,0,,,,,,1,0.0,0.0,0.0,0.0,0.0,1,0.0,0.0,0.0,0.0,0.0,0,0,0,7.1982116736305365e-09,5.360099919471395e-09,7.196830435155914e-11,0.0,5.360099919471395e-09,3.045678260344642e-08,1.8577287930199304e-08,4.231439206103699e-10,2.2061130700024023e-11,1.8577287930199304e-08,9.913164878372113e-10,1.915679836983486e-10,8.81859296227238e-12,1.6828760607268123e-12,1.915679836983486e-10,1.2275426878801068e-09,1.01011754516378e-10,1.1161699352209343e-11,2.499500606489846e-12,1.01011754516378e-10,,,,,,,,,
2026-03-22T15:37:04Z,test_cases/pglib_opf_case3022_goc.mat,pglib_opf_case3022_goc,oracle_ac_primal_only__Qg_Vm_Va,oracle_ac_primal_only,none,ac_true,1,0,Qg+Vm+Va,3,,,optimal,ok,1,2204.4862438346286,599179.3610742522,271.7999999999997,0,0.03871893882751465,0.5633029937744141,8.096287965774536,8.65959095954895,8.65959095954895,8.698309898376465,acopf_acdc_paper_study/cases/pglib_opf_case3022_goc/logs/oracle_ac_primal_only__Qg_Vm_Va.log,0,50,7.627498682304298e-08,1.5866389111839768e-08,9.639247712522891e-09,3.36107467428714e-08,7.627498682304298e-08,5.893,,,5.893,False,100.0,3022,4135,637,327,1574,1,318,2703,57997.486000000004,3503.426,228574.12099999998,7502.474999999999,78429.07500000001,-78429.07500000001,4135,0,0,2,1,601383.8473180868,59253.529595761334,4967.729321332213,0.9499999960695329,1.069151321923376,1.0153359918203837,0.02370928990306612,-1.6426775234562683,0.061928469299330595,-0.638462323162449,0.15968931482707496,1568.1569680497366,1513.0005897394178,71.24603759715913,71.32071707896282,1.0000000348508846,1.0000002353561213,0.3186264230333677,0.3189027859634714,5.6810691262398905e-08,1.5916666740167784e-07,199,13,6,19,19,95,0,,,,,,1,0.0,0.0,0.0,0.0,0.0,1,0.0,0.0,0.0,0.0,0.0,1,0.0,0.0,0.0,0.0,0.0,0,0,0,7.201478416303063e-09,5.363069988106872e-09,7.196820402406563e-11,0.0,5.363069988106872e-09,3.0459937022410837e-08,1.8574344951005628e-08,4.235016825554256e-10,2.238531582321457e-11,1.8574344951005628e-08,9.917381823492025e-10,1.9160317776822922e-10,8.825049338995433e-12,1.6765477894864489e-12,1.9160317776822922e-10,1.2275963364971652e-09,1.010200811890627e-10,1.1158257761862566e-11,2.4853452629258754e-12,1.010200811890627e-10,,,,,,,,,
2026-03-22T15:37:11Z,test_cases/pglib_opf_case3022_goc.mat,pglib_opf_case3022_goc,oracle_ac_primal_only__Pg_Qg_Vm_Va,oracle_ac_primal_only,none,ac_true,1,0,Pg+Qg+Vm+Va,4,,,optimal,ok,1,2204.486243834628,599179.3610742522,271.7999999999997,0,0.03871893882751465,1.0306150913238525,5.86090087890625,6.8915159702301025,6.8915159702301025,6.930234909057617,acopf_acdc_paper_study/cases/pglib_opf_case3022_goc/logs/oracle_ac_primal_only__Pg_Qg_Vm_Va.log,0,44,7.627455916589961e-08,1.58663909450088e-08,9.639247712522891e-09,3.3610746742848696e-08,7.627455916589961e-08,3.647,,,3.647,False,100.0,3022,4135,637,327,1574,1,318,2703,57997.486000000004,3503.426,228574.12099999998,7502.474999999999,78429.07500000001,-78429.07500000001,4135,0,0,2,1,601383.8473180868,59253.52959576111,4967.729321331883,0.9499999960695329,1.0691513219233981,1.0153359918203837,0.023709289903066363,-1.6426775234562658,0.06192846929931312,-0.6384623231624624,0.15968931482707371,1568.1569680497432,1513.0005897394162,71.24603759715905,71.32071707896286,1.000000034850896,1.0000002353561104,0.3186264230333712,0.31890278596347577,5.6809946968883196e-08,1.5916651818770333e-07,199,13,6,19,19,95,1,0.0,0.0,0.0,0.0,0.0,1,0.0,0.0,0.0,0.0,0.0,1,0.0,0.0,0.0,0.0,0.0,1,0.0,0.0,0.0,0.0,0.0,0,0,0,7.20066963689404e-09,5.362132071695669e-09,7.197175168741799e-11,0.0,5.362132071695669e-09,3.045962083313646e-08,1.8573136584265626e-08,4.234646140690845e-10,2.2141843913914272e-11,1.8573136584265626e-08,9.915420217762336e-10,1.9157397890268157e-10,8.820960066505426e-12,1.6836532168440499e-12,1.9157397890268157e-10,1.2275285004957394e-09,1.0103273773154342e-10,1.1163168129144113e-11,2.5074942122671473e-12,1.0103273773154342e-10,,,,,,,,,
2026-03-22T15:37:43Z,test_cases/pglib_opf_case3022_goc.mat,pglib_opf_case3022_goc,oracle_ac_primal_dual__Pg,oracle_ac_primal_dual,full,ac_true,1,0,Pg,1,,,maxIterations,warning,0,2204.4903998938003,,,,0.03871893882751465,0.992973804473877,30.608464002609253,31.60143780708313,31.60143780708313,31.640156745910645,acopf_acdc_paper_study/cases/pglib_opf_case3022_goc/logs/oracle_ac_primal_dual__Pg.log,1,300,160.4117147813473,0.49541877562072983,0.0,0.30875582609845564,160.4117147813473,28.009,,,28.009,False,100.0,3022,4135,637,327,1574,1,318,2703,57997.486000000004,3503.426,228574.12099999998,7502.474999999999,78429.07500000001,-78429.07500000001,4135,0,0,2,1,,,,,,,,,,,,,,,,,,,,,,,,,,,,1,0.0,0.0,0.0,0.0,0.0,0,,,,,,0,,,,,,0,,,,,,1,1,1,,,,,,,,,,,,,,,,,,,,,,,,,,,,,
2026-03-22T15:38:13Z,test_cases/pglib_opf_case3022_goc.mat,pglib_opf_case3022_goc,oracle_ac_primal_dual__Qg,oracle_ac_primal_dual,full,ac_true,1,0,Qg,1,,,maxIterations,warning,0,2215.7400864544306,,,,0.03871893882751465,1.0036067962646484,29.33143925666809,30.33504605293274,30.33504605293274,30.373764991760254,acopf_acdc_paper_study/cases/pglib_opf_case3022_goc/logs/oracle_ac_primal_dual__Qg.log,1,300,4318.712494463278,2.5995395547605997,0.0,0.5963994876507346,4318.712494463278,25.593,,,25.593,False,100.0,3022,4135,637,327,1574,1,318,2703,57997.486000000004,3503.426,228574.12099999998,7502.474999999999,78429.07500000001,-78429.07500000001,4135,0,0,2,1,,,,,,,,,,,,,,,,,,,,,,,,,,,,0,,,,,,1,0.0,0.0,0.0,0.0,0.0,0,,,,,,0,,,,,,1,1,1,,,,,,,,,,,,,,,,,,,,,,,,,,,,,
2026-03-22T15:38:44Z,test_cases/pglib_opf_case3022_goc.mat,pglib_opf_case3022_goc,oracle_ac_primal_dual__Vm,oracle_ac_primal_dual,full,ac_true,1,0,Vm,1,,,maxIterations,warning,0,2293.497563827193,,,,0.03871893882751465,2.118576765060425,29.140318155288696,31.25889492034912,31.25889492034912,31.297613859176636,acopf_acdc_paper_study/cases/pglib_opf_case3022_goc/logs/oracle_ac_primal_dual__Vm.log,1,300,2658.4924400855493,7.473065098357712,1.0022439544954409e-08,5.239948552723444,2658.4924400855493,25.909,,,25.909,False,100.0,3022,4135,637,327,1574,1,318,2703,57997.486000000004,3503.426,228574.12099999998,7502.474999999999,78429.07500000001,-78429.07500000001,4135,0,0,2,1,,,,,,,,,,,,,,,,,,,,,,,,,,,,0,,,,,,0,,,,,,1,0.0,0.0,0.0,0.0,0.0,0,,,,,,1,1,1,,,,,,,,,,,,,,,,,,,,,,,,,,,,,
2026-03-22T15:39:15Z,test_cases/pglib_opf_case3022_goc.mat,pglib_opf_case3022_goc,oracle_ac_primal_dual__Va,oracle_ac_primal_dual,full,ac_true,1,0,Va,1,,,maxIterations,warning,0,2209.78023419947,,,,0.03871893882751465,0.9933843612670898,30.304049253463745,31.297433614730835,31.297433614730835,31.33615255355835,acopf_acdc_paper_study/cases/pglib_opf_case3022_goc/logs/oracle_ac_primal_dual__Va.log,1,300,10.761479520083164,0.02530705863704097,1.0289073371083646e-08,13.806450178886418,13.806450178886418,27.997,,,27.997,True,100.0,3022,4135,637,327,1574,1,318,2703,57997.486000000004,3503.426,228574.12099999998,7502.474999999999,78429.07500000001,-78429.07500000001,4135,0,0,2,1,,,,,,,,,,,,,,,,,,,,,,,,,,,,0,,,,,,0,,,,,,0,,,,,,1,0.0,0.0,0.0,0.0,0.0,1,1,1,,,,,,,,,,,,,,,,,,,,,,,,,,,,,
2026-03-22T15:39:47Z,test_cases/pglib_opf_case3022_goc.mat,pglib_opf_case3022_goc,oracle_ac_primal_dual__Pg_Qg,oracle_ac_primal_dual,full,ac_true,1,0,Pg+Qg,2,,,maxIterations,warning,0,2211.9538207412234,,,,0.03871893882751465,0.5606579780578613,30.70931100845337,31.26996898651123,31.26996898651123,31.308687925338745,acopf_acdc_paper_study/cases/pglib_opf_case3022_goc/logs/oracle_ac_primal_dual__Pg_Qg.log,1,300,187.79923721318372,0.5797477773438477,1.9372248249993618e-10,0.4222545590341287,187.79923721318372,28.402,,,28.402,False,100.0,3022,4135,637,327,1574,1,318,2703,57997.486000000004,3503.426,228574.12099999998,7502.474999999999,78429.07500000001,-78429.07500000001,4135,0,0,2,1,,,,,,,,,,,,,,,,,,,,,,,,,,,,1,0.0,0.0,0.0,0.0,0.0,1,0.0,0.0,0.0,0.0,0.0,0,,,,,,0,,,,,,1,1,1,,,,,,,,,,,,,,,,,,,,,,,,,,,,,
2026-03-22T15:40:16Z,test_cases/pglib_opf_case3022_goc.mat,pglib_opf_case3022_goc,oracle_ac_primal_dual__Pg_Vm,oracle_ac_primal_dual,full,ac_true,1,0,Pg+Vm,2,,,optimal,ok,1,2204.486243833644,599179.3610739835,271.79999999987785,0,0.03871893882751465,1.0415842533111572,28.360429763793945,29.402014017105103,29.402014017105103,29.440732955932617,acopf_acdc_paper_study/cases/pglib_opf_case3022_goc/logs/oracle_ac_primal_dual__Pg_Vm.log,0,273,7.473448411216402e-07,1.2241715245577683e-07,9.639247712522891e-09,3.549481200040597e-08,7.473448411216402e-07,25.979,,,25.979,False,100.0,3022,4135,637,327,1574,1,318,2703,57997.486000000004,3503.426,228574.12099999998,7502.474999999999,78429.07500000001,-78429.07500000001,4135,0,0,2,1,601383.8473178181,59253.5295452102,4967.72941607319,0.9499999960695329,1.0691513206812986,1.0153359666462687,0.023709259901587162,-1.642677512566936,0.06192846030510792,-0.6384623216359099,0.15968931470932468,1568.1569682234046,1513.000589682558,71.24603089848046,71.32070922263519,1.0000000348508882,1.0000002353561115,0.31862640027029426,0.3189027581098996,5.6810009141372575e-08,1.5916665319082313e-07,199,13,6,19,19,95,1,0.0,0.0,0.0,0.0,0.0,0,,,,,,1,0.0,0.0,0.0,0.0,0.0,0,,,,,,1,1,1,1.438862033815642e-06,9.673268301924054e-07,2.0574676987081765e-08,4.440892098500626e-16,9.673268301924054e-07,0.00034517489529806557,0.0002203409525889377,2.8043480016401883e-06,1.3732909698305207e-08,0.0002203409525889377,1.6303428778743156e-05,1.1843587024218394e-05,3.311854063281009e-08,1.6549190906545164e-09,1.1843587024218394e-05,1.6185449763013834e-06,8.175069247107203e-07,7.749308962711798e-09,3.623394417839876e-09,8.175069247107203e-07,,,,,,,,,
2026-03-22T15:40:24Z,test_cases/pglib_opf_case3022_goc.mat,pglib_opf_case3022_goc,oracle_ac_primal_dual__Pg_Va,oracle_ac_primal_dual,full,ac_true,1,0,Pg+Va,2,,,optimal,ok,1,2204.486243833644,599179.3610739836,271.7999999998779,0,0.03871893882751465,0.5654470920562744,7.486807107925415,8.05225419998169,8.05225419998169,8.090973138809204,acopf_acdc_paper_study/cases/pglib_opf_case3022_goc/logs/oracle_ac_primal_dual__Pg_Va.log,0,65,7.473060602762272e-07,1.2241725314129578e-07,9.639247712522891e-09,3.5494814243505695e-08,7.473060602762272e-07,5.251,,,5.251,False,100.0,3022,4135,637,327,1574,1,318,2703,57997.486000000004,3503.426,228574.12099999998,7502.474999999999,78429.07500000001,-78429.07500000001,4135,0,0,2,1,601383.8473178182,59253.52954519517,4967.729415954121,0.9499999960695329,1.0691513206820251,1.0153359666451076,0.023709259902548595,-1.6426775125314201,0.061928460310400855,-0.6384623216328839,0.15968931470390052,1568.1569682209051,1513.0005896833768,71.24603089795272,71.32070922210313,1.0000000348508822,1.0000002353561572,0.3186264002695077,0.31890275810910806,5.680939629826298e-08,1.591666389799684e-07,199,13,6,19,19,95,1,0.0,0.0,0.0,0.0,0.0,0,,,,,,0,,,,,,1,0.0,0.0,0.0,0.0,0.0,1,1,1,1.4381432958639512e-06,9.66704623239778e-07,2.0558171680573542e-08,4.440892098500626e-16,9.66704623239778e-07,0.00034517688674076625,0.0002203423876097066,2.804338638492062e-06,1.378144598440656e-08,0.0002203423876097066,1.630347295935093e-05,1.1843614697193416e-05,3.311865326677284e-08,1.656439874153648e-09,1.1843614697193416e-05,1.6185638457818206e-06,8.175181968050893e-07,7.749174550927206e-09,3.6209615861260147e-09,8.175181968050893e-07,,,,,,,,,
2026-03-22T15:40:53Z,test_cases/pglib_opf_case3022_goc.mat,pglib_opf_case3022_goc,oracle_ac_primal_dual__Qg_Vm,oracle_ac_primal_dual,full,ac_true,1,0,Qg+Vm,2,,,maxIterations,warning,0,2357.909157654002,,,,0.03871893882751465,1.0138752460479736,28.20611310005188,29.219988346099854,29.219988346099854,29.258707284927368,acopf_acdc_paper_study/cases/pglib_opf_case3022_goc/logs/oracle_ac_primal_dual__Qg_Vm.log,1,300,3788.51592218624,10.646866637172447,3.7212491005300663e-09,7.630422482362029,3788.51592218624,25.91,,,25.91,False,100.0,3022,4135,637,327,1574,1,318,2703,57997.486000000004,3503.426,228574.12099999998,7502.474999999999,78429.07500000001,-78429.07500000001,4135,0,0,2,1,,,,,,,,,,,,,,,,,,,,,,,,,,,,0,,,,,,1,0.0,0.0,0.0,0.0,0.0,1,0.0,0.0,0.0,0.0,0.0,0,,,,,,1,1,1,,,,,,,,,,,,,,,,,,,,,,,,,,,,,
2026-03-22T15:41:23Z,test_cases/pglib_opf_case3022_goc.mat,pglib_opf_case3022_goc,oracle_ac_primal_dual__Qg_Va,oracle_ac_primal_dual,full,ac_true,1,0,Qg+Va,2,,,maxIterations,warning,0,2407.268304169257,,,,0.03871893882751465,0.6589498519897461,29.214320182800293,29.87327003479004,29.87327003479004,29.911988973617554,acopf_acdc_paper_study/cases/pglib_opf_case3022_goc/logs/oracle_ac_primal_dual__Qg_Va.log,1,300,83.7079009074769,3.818473584011733,0.0,0.8010350496460891,83.7079009074769,26.931,,,26.931,True,100.0,3022,4135,637,327,1574,1,318,2703,57997.486000000004,3503.426,228574.12099999998,7502.474999999999,78429.07500000001,-78429.07500000001,4135,0,0,2,1,,,,,,,,,,,,,,,,,,,,,,,,,,,,0,,,,,,1,0.0,0.0,0.0,0.0,0.0,0,,,,,,1,0.0,0.0,0.0,0.0,0.0,1,1,1,,,,,,,,,,,,,,,,,,,,,,,,,,,,,
2026-03-22T15:41:54Z,test_cases/pglib_opf_case3022_goc.mat,pglib_opf_case3022_goc,oracle_ac_primal_dual__Vm_Va,oracle_ac_primal_dual,full,ac_true,1,0,Vm+Va,2,,,maxIterations,warning,0,2460.225500854229,,,,0.03871893882751465,1.1638121604919434,29.702330112457275,30.86614227294922,30.86614227294922,30.904861211776733,acopf_acdc_paper_study/cases/pglib_opf_case3022_goc/logs/oracle_ac_primal_dual__Vm_Va.log,1,300,42.102872925842824,5.227206822903403,0.0,0.4800405055315256,42.102872925842824,27.366,,,27.366,False,100.0,3022,4135,637,327,1574,1,318,2703,57997.486000000004,3503.426,228574.12099999998,7502.474999999999,78429.07500000001,-78429.07500000001,4135,0,0,2,1,,,,,,,,,,,,,,,,,,,,,,,,,,,,0,,,,,,0,,,,,,1,0.0,0.0,0.0,0.0,0.0,1,0.0,0.0,0.0,0.0,0.0,1,1,1,,,,,,,,,,,,,,,,,,,,,,,,,,,,,
2026-03-22T15:42:25Z,test_cases/pglib_opf_case3022_goc.mat,pglib_opf_case3022_goc,oracle_ac_primal_dual__Pg_Qg_Vm,oracle_ac_primal_dual,full,ac_true,1,0,Pg+Qg+Vm,3,,,optimal,ok,1,2204.486243833642,599179.3610739833,271.79999999987774,0,0.03871893882751465,0.7101147174835205,30.042929887771606,30.753044605255127,30.753044605255127,30.79176354408264,acopf_acdc_paper_study/cases/pglib_opf_case3022_goc/logs/oracle_ac_primal_dual__Pg_Qg_Vm.log,0,266,7.47324867723386e-07,1.2241720194396816e-07,9.639247712522891e-09,3.5494813172894444e-08,7.47324867723386e-07,27.749,,,27.749,False,100.0,3022,4135,637,327,1574,1,318,2703,57997.486000000004,3503.426,228574.12099999998,7502.474999999999,78429.07500000001,-78429.07500000001,4135,0,0,2,1,601383.8473178179,59253.52954521034,4967.729416078552,0.9499999960695329,1.069151320681274,1.0153359666460444,0.0237092599015755,-1.6426775125669517,0.06192846030509538,-0.6384623216359004,0.15968931470933045,1568.1569682234012,1513.0005896825585,71.24603089848105,71.32070922263446,1.0000000348508837,1.000000235356066,0.3186264002703288,0.3189027581099231,5.6810185000699676e-08,1.5916654660941276e-07,199,13,6,19,19,95,1,0.0,0.0,0.0,0.0,0.0,1,0.0,0.0,0.0,0.0,0.0,1,0.0,0.0,0.0,0.0,0.0,0,,,,,,1,1,1,1.4388660971868883e-06,9.673249343755685e-07,2.0574642507739175e-08,4.440892098500626e-16,9.673249343755685e-07,0.00034517523375080184,0.0002203412260031179,2.804346629690074e-06,1.3732600168125941e-08,0.0002203412260031179,1.6303434597300658e-05,1.1843593547444797e-05,3.311831592396381e-08,1.6548485914924527e-09,1.1843593547444797e-05,1.6185440852219948e-06,8.175074657224002e-07,7.74928341528877e-09,3.623392974549944e-09,8.175074657224002e-07,,,,,,,,,
2026-03-22T15:42:36Z,test_cases/pglib_opf_case3022_goc.mat,pglib_opf_case3022_goc,oracle_ac_primal_dual__Pg_Qg_Va,oracle_ac_primal_dual,full,ac_true,1,0,Pg+Qg+Va,3,,,optimal,ok,1,2204.4862438336436,599179.3610739833,271.79999999987774,0,0.03871893882751465,1.06972074508667,10.365433931350708,11.435154676437378,11.435154676437378,11.473873615264893,acopf_acdc_paper_study/cases/pglib_opf_case3022_goc/logs/oracle_ac_primal_dual__Pg_Qg_Va.log,0,72,7.47305562118449e-07,1.2241725653181282e-07,9.639247712522891e-09,3.5494814298072484e-08,7.47305562118449e-07,7.992,,,7.992,False,100.0,3022,4135,637,327,1574,1,318,2703,57997.486000000004,3503.426,228574.12099999998,7502.474999999999,78429.07500000001,-78429.07500000001,4135,0,0,2,1,601383.8473178179,59253.529545195044,4967.729415952976,0.9499999960695329,1.0691513206820153,1.0153359666451118,0.02370925990255248,-1.6426775125314357,0.06192846031040755,-0.6384623216328915,0.15968931470390016,1568.1569682209072,1513.0005896833754,71.24603089794994,71.32070922210009,1.0000000348508813,1.000000235356098,0.3186264002694942,0.31890275810909324,5.680939985097666e-08,1.591665395039854e-07,199,13,6,19,19,95,1,0.0,0.0,0.0,0.0,0.0,1,0.0,0.0,0.0,0.0,0.0,0,,,,,,1,0.0,0.0,0.0,0.0,0.0,1,1,1,1.4381397219214732e-06,9.667047831118936e-07,2.0558117273618898e-08,4.440892098500626e-16,9.667047831118936e-07,0.0003451769024050943,0.0002203424000040144,2.804339943095541e-06,1.3781386254407835e-08,0.0002203424000040144,1.6303473316707306e-05,1.1843615008721997e-05,3.311867206326746e-08,1.656553449969067e-09,1.1843615008721997e-05,1.618563708868115e-06,8.175182293346239e-07,7.749162143842784e-09,3.6209473752712995e-09,8.175182293346239e-07,,,,,,,,,
2026-03-22T15:42:44Z,test_cases/pglib_opf_case3022_goc.mat,pglib_opf_case3022_goc,oracle_ac_primal_dual__Pg_Vm_Va,oracle_ac_primal_dual,full,ac_true,1,0,Pg+Vm+Va,3,,,optimal,ok,1,2204.4862438336445,599179.3610739834,271.7999999998778,0,0.03871893882751465,0.5990889072418213,6.681704998016357,7.280793905258179,7.280793905258179,7.319512844085693,acopf_acdc_paper_study/cases/pglib_opf_case3022_goc/logs/oracle_ac_primal_dual__Pg_Vm_Va.log,0,54,7.47305566986753e-07,1.2241726034560238e-07,9.639247712522891e-09,3.549481433747921e-08,7.47305566986753e-07,4.429,,,4.429,True,100.0,3022,4135,637,327,1574,1,318,2703,57997.486000000004,3503.426,228574.12099999998,7502.474999999999,78429.07500000001,-78429.07500000001,4135,0,0,2,1,601383.847317818,59253.529545191464,4967.729415929529,0.9499999960695329,1.0691513206814078,1.0153359666452573,0.023709259901864798,-1.6426775125317754,0.06192846031142724,-0.6384623216324407,0.15968931470388445,1568.1569682206596,1513.0005896834564,71.24603089758465,71.32070922171248,1.0000000348508902,1.0000002353560942,0.3186264002683037,0.31890275810780905,5.681011217006926e-08,1.591665252931307e-07,199,13,6,19,19,95,1,0.0,0.0,0.0,0.0,0.0,0,,,,,,1,0.0,0.0,0.0,0.0,0.0,1,0.0,0.0,0.0,0.0,0.0,1,1,1,1.438033467616937e-06,9.66580443462206e-07,2.0556693741189942e-08,4.440892098500626e-16,9.66580443462206e-07,0.0003451768384186292,0.00022034248581803695,2.804362660572969e-06,1.3786596420040098e-08,0.00022034248581803695,1.6303480864802986e-05,1.1843617394813322e-05,3.311825435316976e-08,1.6570419480999021e-09,1.1843617394813322e-05,1.6185549087809925e-06,8.175184263992108e-07,7.748943814634386e-09,3.621379085494425e-09,8.175184263992108e-07,,,,,,,,,
2026-03-22T15:43:13Z,test_cases/pglib_opf_case3022_goc.mat,pglib_opf_case3022_goc,oracle_ac_primal_dual__Qg_Vm_Va,oracle_ac_primal_dual,full,ac_true,1,0,Qg+Vm+Va,3,,,maxIterations,warning,0,2507.2766122572507,,,,0.03871893882751465,2.36034893989563,27.100908041000366,29.461256980895996,29.461256980895996,29.49997591972351,acopf_acdc_paper_study/cases/pglib_opf_case3022_goc/logs/oracle_ac_primal_dual__Qg_Vm_Va.log,1,300,47.47188450144033,5.956688907147943,1.2931714366004599e-08,0.5445216347558426,47.47188450144033,24.564,,,24.564,False,100.0,3022,4135,637,327,1574,1,318,2703,57997.486000000004,3503.426,228574.12099999998,7502.474999999999,78429.07500000001,-78429.07500000001,4135,0,0,2,1,,,,,,,,,,,,,,,,,,,,,,,,,,,,0,,,,,,1,0.0,0.0,0.0,0.0,0.0,1,0.0,0.0,0.0,0.0,0.0,1,0.0,0.0,0.0,0.0,0.0,1,1,1,,,,,,,,,,,,,,,,,,,,,,,,,,,,,
2026-03-22T15:43:20Z,test_cases/pglib_opf_case3022_goc.mat,pglib_opf_case3022_goc,oracle_ac_primal_dual__Pg_Qg_Vm_Va,oracle_ac_primal_dual,full,ac_true,1,0,Pg+Qg+Vm+Va,4,,,optimal,ok,1,2204.4862438336427,599179.3610739836,271.7999999998779,0,0.03871893882751465,1.811089038848877,4.600553035736084,6.411642074584961,6.411642074584961,6.450361013412476,acopf_acdc_paper_study/cases/pglib_opf_case3022_goc/logs/oracle_ac_primal_dual__Pg_Qg_Vm_Va.log,0,9,7.473059588960133e-07,1.2241747225985589e-07,9.639247712522891e-09,3.549481764350532e-08,7.473059588960133e-07,1.174,,,1.174,False,100.0,3022,4135,637,327,1574,1,318,2703,57997.486000000004,3503.426,228574.12099999998,7502.474999999999,78429.07500000001,-78429.07500000001,4135,0,0,2,1,601383.8473178182,59253.5295451902,4967.729415911582,0.9499999960695329,1.0691513206813799,1.015335966645423,0.023709259901944908,-1.6426775125317317,0.06192846031143406,-0.6384623216325169,0.159689314703852,1568.1569682206425,1513.000589683462,71.24603089754947,71.32070922167475,1.0000000348508777,1.0000002353561173,0.31862640026813094,0.31890275810763896,5.680970716070988e-08,1.5916679529937028e-07,199,13,6,19,19,95,1,0.0,0.0,0.0,0.0,0.0,1,0.0,0.0,0.0,0.0,0.0,1,0.0,0.0,0.0,0.0,0.0,1,0.0,0.0,0.0,0.0,0.0,1,1,1,1.4379911814089783e-06,9.665797429114775e-07,2.055637606504631e-08,4.440892098500626e-16,9.665797429114775e-07,0.0003451769970688259,0.00022034245761037852,2.8043871222726555e-06,1.3786756958289459e-08,0.00022034245761037852,1.6303499701084743e-05,1.1843638566322312e-05,3.311857454553124e-08,1.6587028417447414e-09,1.1843638566322312e-05,1.6185554286937915e-06,8.175195391757484e-07,7.748858099506656e-09,3.6212587373185556e-09,8.175195391757484e-07,,,,,,,,,
2026-03-22T15:43:48Z,test_cases/pglib_opf_case3022_goc.mat,pglib_opf_case3022_goc,oracle_ac_constraint_dual__Pg,oracle_ac_constraint_dual,constraint_only,ac_true,1,0,Pg,1,,,optimal,ok,1,2204.4862438336427,599179.3610739836,271.7999999998779,0,0.03871893882751465,1.2408788204193115,26.82499384880066,28.06587266921997,28.06587266921997,28.104591608047485,acopf_acdc_paper_study/cases/pglib_opf_case3022_goc/logs/oracle_ac_constraint_dual__Pg.log,0,265,7.473044508948533e-07,1.224172262101475e-07,9.639247712522891e-09,3.549481397346552e-08,7.473044508948533e-07,24.441,,,24.441,False,100.0,3022,4135,637,327,1574,1,318,2703,57997.486000000004,3503.426,228574.12099999998,7502.474999999999,78429.07500000001,-78429.07500000001,4135,0,0,2,1,601383.8473178182,59253.529545251855,4967.729416396285,0.9499999960695329,1.0691513206831074,1.0153359666436208,0.023709259905473724,-1.6426775126187128,0.061928460297122304,-0.6384623216407045,0.15968931471749662,1568.1569682239842,1513.0005896823673,71.24603090111884,71.32070922524547,1.0000000348508804,1.00000023535611,0.318626400276492,0.3189027581161092,5.6810833370946057e-08,1.5916661766368634e-07,199,13,6,19,19,95,1,0.0,0.0,0.0,0.0,0.0,0,,,,,,0,,,,,,0,,,,,,1,1,0,1.4383865095059035e-06,9.673976257840167e-07,2.056900957276529e-08,4.440892098500626e-16,9.673976257840167e-07,0.0003451761486653621,0.00022034126899161954,2.8042113230388118e-06,1.3701698553525432e-08,0.00022034126899161954,1.630340461689569e-05,1.1843591997573455e-05,3.311882223040995e-08,1.6539346558985812e-09,1.1843591997573455e-05,1.6185061839751885e-06,8.17501449867919e-07,7.748100156757262e-09,3.623273958641704e-09,8.17501449867919e-07,,,,,,,,,
2026-03-22T15:44:18Z,test_cases/pglib_opf_case3022_goc.mat,pglib_opf_case3022_goc,oracle_ac_constraint_dual__Qg,oracle_ac_constraint_dual,constraint_only,ac_true,1,0,Qg,1,,,maxIterations,warning,0,2205.507409599555,,,,0.03871893882751465,1.0225510597229004,29.555332899093628,30.57788395881653,30.57788395881653,30.616602897644043,acopf_acdc_paper_study/cases/pglib_opf_case3022_goc/logs/oracle_ac_constraint_dual__Qg.log,1,300,1.655416123606492,0.002602891045031086,1.031724305988746e-08,0.00010804555367437532,1.655416123606492,27.238,,,27.238,False,100.0,3022,4135,637,327,1574,1,318,2703,57997.486000000004,3503.426,228574.12099999998,7502.474999999999,78429.07500000001,-78429.07500000001,4135,0,0,2,1,,,,,,,,,,,,,,,,,,,,,,,,,,,,0,,,,,,1,0.0,0.0,0.0,0.0,0.0,0,,,,,,0,,,,,,1,1,0,,,,,,,,,,,,,,,,,,,,,,,,,,,,,
2026-03-22T15:44:49Z,test_cases/pglib_opf_case3022_goc.mat,pglib_opf_case3022_goc,oracle_ac_constraint_dual__Vm,oracle_ac_constraint_dual,constraint_only,ac_true,1,0,Vm,1,,,maxIterations,warning,0,2209.264509827595,,,,0.03871893882751465,0.5650548934936523,29.855450868606567,30.42050576210022,30.42050576210022,30.459224700927734,acopf_acdc_paper_study/cases/pglib_opf_case3022_goc/logs/oracle_ac_constraint_dual__Vm.log,1,300,15.418254262537634,0.043397951233329866,9.776201653766137e-09,0.03144063156998184,15.418254262537634,27.638,,,27.638,False,100.0,3022,4135,637,327,1574,1,318,2703,57997.486000000004,3503.426,228574.12099999998,7502.474999999999,78429.07500000001,-78429.07500000001,4135,0,0,2,1,,,,,,,,,,,,,,,,,,,,,,,,,,,,0,,,,,,0,,,,,,1,0.0,0.0,0.0,0.0,0.0,0,,,,,,1,1,0,,,,,,,,,,,,,,,,,,,,,,,,,,,,,
2026-03-22T15:45:22Z,test_cases/pglib_opf_case3022_goc.mat,pglib_opf_case3022_goc,oracle_ac_constraint_dual__Va,oracle_ac_constraint_dual,constraint_only,ac_true,1,0,Va,1,,,maxIterations,warning,0,2205.497306479565,,,,0.03871893882751465,1.0465710163116455,31.97331690788269,33.019887924194336,33.019887924194336,33.05860686302185,acopf_acdc_paper_study/cases/pglib_opf_case3022_goc/logs/oracle_ac_constraint_dual__Va.log,1,300,6.352397316495363,0.0011124792742726042,1.037005237236599e-08,8.571111122011961e-05,6.352397316495363,29.759,,,29.759,False,100.0,3022,4135,637,327,1574,1,318,2703,57997.486000000004,3503.426,228574.12099999998,7502.474999999999,78429.07500000001,-78429.07500000001,4135,0,0,2,1,,,,,,,,,,,,,,,,,,,,,,,,,,,,0,,,,,,0,,,,,,0,,,,,,1,0.0,0.0,0.0,0.0,0.0,1,1,0,,,,,,,,,,,,,,,,,,,,,,,,,,,,,
2026-03-22T15:45:52Z,test_cases/pglib_opf_case3022_goc.mat,pglib_opf_case3022_goc,oracle_ac_constraint_dual__Pg_Qg,oracle_ac_constraint_dual,constraint_only,ac_true,1,0,Pg+Qg,2,,,optimal,ok,1,2204.4862438336445,599179.3610739836,271.7999999998779,0,0.03871893882751465,1.1175799369812012,29.179599285125732,30.297179222106934,30.297179222106934,30.33589816093445,acopf_acdc_paper_study/cases/pglib_opf_case3022_goc/logs/oracle_ac_constraint_dual__Pg_Qg.log,0,295,7.472904305323122e-07,1.2241713884470276e-07,9.639247712522891e-09,3.549481277532708e-08,7.472904305323122e-07,26.904,,,26.904,False,100.0,3022,4135,637,327,1574,1,318,2703,57997.486000000004,3503.426,228574.12099999998,7502.474999999999,78429.07500000001,-78429.07500000001,4135,0,0,2,1,601383.8473178182,59253.5295452516,4967.729416387814,0.9499999960695329,1.0691513206831236,1.015335966643743,0.023709259905423927,-1.642677512618771,0.06192846029706029,-0.638462321640711,0.1596893147174731,1568.1569682240076,1513.000589682361,71.24603090112296,71.32070922525115,1.000000034850883,1.000000235356132,0.3186264002765201,0.31890275811614177,5.680924530793163e-08,1.5916681661565235e-07,199,13,6,19,19,95,1,0.0,0.0,0.0,0.0,0.0,1,0.0,0.0,0.0,0.0,0.0,0,,,,,,0,,,,,,1,1,0,1.4384120726702367e-06,9.67435297427599e-07,2.056917406105958e-08,4.440892098500626e-16,9.67435297427599e-07,0.00034517594147050136,0.000220341155778625,2.804210865022521e-06,1.3701661361054107e-08,0.000220341155778625,1.6303392695972548e-05,1.1843583435977578e-05,3.311882234374675e-08,1.6539208891330759e-09,1.1843583435977578e-05,1.6185068251368637e-06,8.175007505384357e-07,7.74817260883221e-09,3.6233784861394724e-09,8.175007505384357e-07,,,,,,,,,
2026-03-22T15:46:11Z,test_cases/pglib_opf_case3022_goc.mat,pglib_opf_case3022_goc,oracle_ac_constraint_dual__Pg_Vm,oracle_ac_constraint_dual,constraint_only,ac_true,1,0,Pg+Vm,2,,,optimal,ok,1,2204.4862438336427,599179.3610739834,271.7999999998778,0,0.03871893882751465,1.021543264389038,17.720789909362793,18.74233317375183,18.74233317375183,18.781052112579346,acopf_acdc_paper_study/cases/pglib_opf_case3022_goc/logs/oracle_ac_constraint_dual__Pg_Vm.log,0,159,7.476293566876654e-07,1.2241645682559144e-07,9.639247712522891e-09,3.5494795711621296e-08,7.476293566876654e-07,15.433,,,15.433,False,100.0,3022,4135,637,327,1574,1,318,2703,57997.486000000004,3503.426,228574.12099999998,7502.474999999999,78429.07500000001,-78429.07500000001,4135,0,0,2,1,601383.847317818,59253.52954520779,4967.729415984057,0.9499999960695329,1.0691513206818821,1.015335966649476,0.02370925990176951,-1.6426775125666733,0.06192846030531446,-0.6384623216359719,0.1596893147092436,1568.1569682233921,1513.0005896825617,71.24603089846383,71.32070922263458,1.000000034850874,1.0000002353561,0.31862640026977485,0.31890275810952456,5.6810305792964755e-08,1.5916668871795991e-07,199,13,6,19,19,95,1,0.0,0.0,0.0,0.0,0.0,0,,,,,,1,0.0,0.0,0.0,0.0,0.0,0,,,,,,1,1,0,1.4388120471648081e-06,9.673619558725477e-07,2.0575112363863113e-08,4.440892098500626e-16,9.673619558725477e-07,0.0003451701846228707,0.00022033713538149868,2.8043686936059822e-06,1.3736103809947053e-08,0.00022033713538149868,1.630334819285129e-05,1.1843496445340662e-05,3.3121695014632384e-08,1.656094705815292e-09,1.1843496445340662e-05,1.6185578912423913e-06,8.174994625687049e-07,7.749719184105842e-09,3.6234524825040637e-09,8.174994625687049e-07,,,,,,,,,
2026-03-22T15:46:20Z,test_cases/pglib_opf_case3022_goc.mat,pglib_opf_case3022_goc,oracle_ac_constraint_dual__Pg_Va,oracle_ac_constraint_dual,constraint_only,ac_true,1,0,Pg+Va,2,,,optimal,ok,1,2204.4862438336436,599179.3610739834,271.7999999998778,0,0.03871893882751465,1.2092170715332031,7.44169807434082,8.650915145874023,8.650915145874023,8.689634084701538,acopf_acdc_paper_study/cases/pglib_opf_case3022_goc/logs/oracle_ac_constraint_dual__Pg_Va.log,0,33,7.473059498070182e-07,1.2241725872320225e-07,9.639247712522891e-09,3.5494814270698047e-08,7.473059498070182e-07,4.931,,,4.931,False,100.0,3022,4135,637,327,1574,1,318,2703,57997.486000000004,3503.426,228574.12099999998,7502.474999999999,78429.07500000001,-78429.07500000001,4135,0,0,2,1,601383.847317818,59253.52954519518,4967.7294159546855,0.9499999960695329,1.0691513206820196,1.0153359666451003,0.023709259902549993,-1.6426775125313915,0.06192846031041622,-0.6384623216328915,0.15968931470389555,1568.1569682209138,1513.0005896833736,71.24603089795272,71.32070922210309,1.00000003485089,1.0000002353561483,0.3186264002695105,0.31890275810911006,5.680948511610495e-08,1.5916651108227597e-07,199,13,6,19,19,95,1,0.0,0.0,0.0,0.0,0.0,0,,,,,,0,,,,,,1,0.0,0.0,0.0,0.0,0.0,1,1,0,1.4381427961550187e-06,9.66703889826448e-07,2.055817932184478e-08,4.440892098500626e-16,9.66703889826448e-07,0.0003451768949018572,0.0002203423933688775,2.8043385217303777e-06,1.3781689678360465e-08,0.0002203423933688775,1.630347314773325e-05,1.18436148439649e-05,3.311865550073848e-08,1.6564616345249306e-09,1.18436148439649e-05,1.6185636766656296e-06,8.17518226781111e-07,7.749157997619471e-09,3.620928279435276e-09,8.17518226781111e-07,,,,,,,,,
2026-03-22T15:46:52Z,test_cases/pglib_opf_case3022_goc.mat,pglib_opf_case3022_goc,oracle_ac_constraint_dual__Qg_Vm,oracle_ac_constraint_dual,constraint_only,ac_true,1,0,Qg+Vm,2,,,maxIterations,warning,0,2215.520204559752,,,,0.03871893882751465,1.0295648574829102,31.259727954864502,32.28929281234741,32.28929281234741,32.32801175117493,acopf_acdc_paper_study/cases/pglib_opf_case3022_goc/logs/oracle_ac_constraint_dual__Qg_Vm.log,1,300,142.2044745731165,0.40279913441244963,6.434220156670278e-09,0.31514638854099064,142.2044745731165,28.683,,,28.683,False,100.0,3022,4135,637,327,1574,1,318,2703,57997.486000000004,3503.426,228574.12099999998,7502.474999999999,78429.07500000001,-78429.07500000001,4135,0,0,2,1,,,,,,,,,,,,,,,,,,,,,,,,,,,,0,,,,,,1,0.0,0.0,0.0,0.0,0.0,1,0.0,0.0,0.0,0.0,0.0,0,,,,,,1,1,0,,,,,,,,,,,,,,,,,,,,,,,,,,,,,
2026-03-22T15:47:25Z,test_cases/pglib_opf_case3022_goc.mat,pglib_opf_case3022_goc,oracle_ac_constraint_dual__Qg_Va,oracle_ac_constraint_dual,constraint_only,ac_true,1,0,Qg+Va,2,,,maxIterations,warning,0,2204.9964884955803,,,,0.03871893882751465,1.0858960151672363,32.18368411064148,33.269580125808716,33.269580125808716,33.30829906463623,acopf_acdc_paper_study/cases/pglib_opf_case3022_goc/logs/oracle_ac_constraint_dual__Qg_Va.log,1,300,3.034316263542415,0.00433838192779934,0.0,3.293918727082364e-05,3.034316263542415,29.87,,,29.87,True,100.0,3022,4135,637,327,1574,1,318,2703,57997.486000000004,3503.426,228574.12099999998,7502.474999999999,78429.07500000001,-78429.07500000001,4135,0,0,2,1,,,,,,,,,,,,,,,,,,,,,,,,,,,,0,,,,,,1,0.0,0.0,0.0,0.0,0.0,0,,,,,,1,0.0,0.0,0.0,0.0,0.0,1,1,0,,,,,,,,,,,,,,,,,,,,,,,,,,,,,
2026-03-22T15:47:54Z,test_cases/pglib_opf_case3022_goc.mat,pglib_opf_case3022_goc,oracle_ac_constraint_dual__Vm_Va,oracle_ac_constraint_dual,constraint_only,ac_true,1,0,Vm+Va,2,,,maxIterations,warning,0,2243.1255685857654,,,,0.03871893882751465,1.0688660144805908,27.957506895065308,29.0263729095459,29.0263729095459,29.065091848373413,acopf_acdc_paper_study/cases/pglib_opf_case3022_goc/logs/oracle_ac_constraint_dual__Vm_Va.log,1,300,10.503231330586537,1.1072282952957728,0.0,0.10055039339468294,10.503231330586537,25.728,,,25.728,False,100.0,3022,4135,637,327,1574,1,318,2703,57997.486000000004,3503.426,228574.12099999998,7502.474999999999,78429.07500000001,-78429.07500000001,4135,0,0,2,1,,,,,,,,,,,,,,,,,,,,,,,,,,,,0,,,,,,0,,,,,,1,0.0,0.0,0.0,0.0,0.0,1,0.0,0.0,0.0,0.0,0.0,1,1,0,,,,,,,,,,,,,,,,,,,,,,,,,,,,,
2026-03-22T15:48:14Z,test_cases/pglib_opf_case3022_goc.mat,pglib_opf_case3022_goc,oracle_ac_constraint_dual__Pg_Qg_Vm,oracle_ac_constraint_dual,constraint_only,ac_true,1,0,Pg+Qg+Vm,3,,,optimal,ok,1,2204.486243833646,599179.3610739834,271.7999999998778,0,0.03871893882751465,1.0277807712554932,18.986848831176758,20.01462960243225,20.01462960243225,20.053348541259766,acopf_acdc_paper_study/cases/pglib_opf_case3022_goc/logs/oracle_ac_constraint_dual__Pg_Qg_Vm.log,0,182,7.477631653791823e-07,1.2241612968710153e-07,9.639247712522891e-09,3.549478796020413e-08,7.477631653791823e-07,16.748,,,16.748,False,100.0,3022,4135,637,327,1574,1,318,2703,57997.486000000004,3503.426,228574.12099999998,7502.474999999999,78429.07500000001,-78429.07500000001,4135,0,0,2,1,601383.847317818,59253.529545206664,4967.729415940508,0.9499999960695329,1.0691513206821512,1.015335966651007,0.02370925990185744,-1.6426775125665098,0.06192846030541431,-0.6384623216359995,0.15968931470919923,1568.156968223392,1513.0005896825614,71.24603089845557,71.32070922263382,1.000000034850884,1.0000002353561568,0.3186264002695253,0.31890275810934443,5.681005710300724e-08,1.591666389799684e-07,199,13,6,19,19,95,1,0.0,0.0,0.0,0.0,0.0,1,0.0,0.0,0.0,0.0,0.0,1,0.0,0.0,0.0,0.0,0.0,0,,,,,,1,1,0,1.4387889050407584e-06,9.673783487595955e-07,2.0575341389175674e-08,4.440892098500626e-16,9.673783487595955e-07,0.00034516793422968055,0.0002203353079710535,2.8043789520575856e-06,1.3737789461565342e-08,0.0002203353079710535,1.63033099574726e-05,1.1843453411986005e-05,3.312320750922552e-08,1.6569087213369471e-09,1.1843453411986005e-05,1.618564104306205e-06,8.174959156281858e-07,7.749916342406815e-09,3.623474187364195e-09,8.174959156281858e-07,,,,,,,,,
2026-03-22T15:48:21Z,test_cases/pglib_opf_case3022_goc.mat,pglib_opf_case3022_goc,oracle_ac_constraint_dual__Pg_Qg_Va,oracle_ac_constraint_dual,constraint_only,ac_true,1,0,Pg+Qg+Va,3,,,optimal,ok,1,2204.486243833644,599179.3610739837,271.79999999987797,0,0.03871893882751465,1.0225589275360107,5.493682146072388,6.516241073608398,6.516241073608398,6.554960012435913,acopf_acdc_paper_study/cases/pglib_opf_case3022_goc/logs/oracle_ac_constraint_dual__Pg_Qg_Va.log,0,37,7.47305077726211e-07,1.2241725727731023e-07,9.639247712522891e-09,3.5494814258022384e-08,7.47305077726211e-07,3.164,,,3.164,False,100.0,3022,4135,637,327,1574,1,318,2703,57997.486000000004,3503.426,228574.12099999998,7502.474999999999,78429.07500000001,-78429.07500000001,4135,0,0,2,1,601383.8473178183,59253.529545195066,4967.729415953924,0.9499999960695329,1.0691513206820218,1.01533596664511,0.023709259902555537,-1.6426775125314186,0.06192846031041627,-0.6384623216328974,0.15968931470389794,1568.15696822091,1513.0005896833745,71.24603089795058,71.32070922210089,1.000000034850887,1.0000002353561277,0.31862640026949646,0.31890275810909674,5.680928971685262e-08,1.591667597722335e-07,199,13,6,19,19,95,1,0.0,0.0,0.0,0.0,0.0,1,0.0,0.0,0.0,0.0,0.0,0,,,,,,1,0.0,0.0,0.0,0.0,0.0,1,1,0,1.438140429083059e-06,9.667043192607139e-07,2.055816537725686e-08,4.440892098500626e-16,9.667043192607139e-07,0.00034517689457927393,0.00022034239445622994,2.804339890661357e-06,1.3781546903679498e-08,0.00022034239445622994,1.630347294914347e-05,1.1843614757367504e-05,3.311866674661439e-08,1.6565526728129498e-09,1.1843614757367504e-05,1.6185636115987884e-06,8.175182182323937e-07,7.749153885475266e-09,3.6209178988499957e-09,8.175182182323937e-07,,,,,,,,,
2026-03-22T15:48:27Z,test_cases/pglib_opf_case3022_goc.mat,pglib_opf_case3022_goc,oracle_ac_constraint_dual__Pg_Vm_Va,oracle_ac_constraint_dual,constraint_only,ac_true,1,0,Pg+Vm+Va,3,,,optimal,ok,1,2204.486243833645,599179.3610739835,271.79999999987785,0,0.03871893882751465,1.0029268264770508,5.6100358963012695,6.61296272277832,6.61296272277832,6.651681661605835,acopf_acdc_paper_study/cases/pglib_opf_case3022_goc/logs/oracle_ac_constraint_dual__Pg_Vm_Va.log,0,41,7.473054631802207e-07,1.2241726232752395e-07,9.639247712522891e-09,3.5494814337630014e-08,7.473054631802207e-07,3.381,,,3.381,True,100.0,3022,4135,637,327,1574,1,318,2703,57997.486000000004,3503.426,228574.12099999998,7502.474999999999,78429.07500000001,-78429.07500000001,4135,0,0,2,1,601383.8473178181,59253.52954519127,4967.729415929331,0.9499999960695329,1.0691513206814067,1.0153359666452582,0.02370925990186509,-1.6426775125318145,0.06192846031142367,-0.6384623216324474,0.15968931470388992,1568.1569682206616,1513.0005896834568,71.24603089758445,71.32070922171236,1.0000000348508913,1.0000002353560768,0.31862640026830064,0.31890275810780705,5.680990078360537e-08,1.5916658213654955e-07,199,13,6,19,19,95,1,0.0,0.0,0.0,0.0,0.0,0,,,,,,1,0.0,0.0,0.0,0.0,0.0,1,0.0,0.0,0.0,0.0,0.0,1,1,0,1.4380321809596656e-06,9.665808480274762e-07,2.055666696656597e-08,4.440892098500626e-16,9.665808480274762e-07,0.00034517683841164175,0.0002203424855913294,2.804362682505101e-06,1.3786513375357856e-08,0.0002203424855913294,1.6303480893332614e-05,1.1843617394147188e-05,3.3118259294396974e-08,1.6570362859624765e-09,1.1843617394147188e-05,1.6185548454276615e-06,8.175184224024079e-07,7.748938471766445e-09,3.6213649856620123e-09,8.175184224024079e-07,,,,,,,,,
2026-03-22T15:48:58Z,test_cases/pglib_opf_case3022_goc.mat,pglib_opf_case3022_goc,oracle_ac_constraint_dual__Qg_Vm_Va,oracle_ac_constraint_dual,constraint_only,ac_true,1,0,Qg+Vm+Va,3,,,maxIterations,warning,0,2250.2992694487143,,,,0.03871893882751465,1.0379579067230225,29.68242311477661,30.720381021499634,30.720381021499634,30.75909996032715,acopf_acdc_paper_study/cases/pglib_opf_case3022_goc/logs/oracle_ac_constraint_dual__Qg_Vm_Va.log,1,300,53.375309241483336,1.212384300582871,7.845211952295372e-09,0.10138908163501388,53.375309241483336,25.912,,,25.912,False,100.0,3022,4135,637,327,1574,1,318,2703,57997.486000000004,3503.426,228574.12099999998,7502.474999999999,78429.07500000001,-78429.07500000001,4135,0,0,2,1,,,,,,,,,,,,,,,,,,,,,,,,,,,,0,,,,,,1,0.0,0.0,0.0,0.0,0.0,1,0.0,0.0,0.0,0.0,0.0,1,0.0,0.0,0.0,0.0,0.0,1,1,0,,,,,,,,,,,,,,,,,,,,,,,,,,,,,
2026-03-22T15:49:04Z,test_cases/pglib_opf_case3022_goc.mat,pglib_opf_case3022_goc,oracle_ac_constraint_dual__Pg_Qg_Vm_Va,oracle_ac_constraint_dual,constraint_only,ac_true,1,0,Pg+Qg+Vm+Va,4,,,optimal,ok,1,2204.4862438336454,599179.3610739836,271.7999999998779,0,0.03871893882751465,1.048119068145752,5.11176323890686,6.159882307052612,6.159882307052612,6.198601245880127,acopf_acdc_paper_study/cases/pglib_opf_case3022_goc/logs/oracle_ac_constraint_dual__Pg_Qg_Vm_Va.log,0,12,7.473051768765598e-07,1.223586165556914e-07,9.639247712522891e-09,3.549482720561894e-08,7.473051768765598e-07,1.23,,,1.23,False,100.0,3022,4135,637,327,1574,1,318,2703,57997.486000000004,3503.426,228574.12099999998,7502.474999999999,78429.07500000001,-78429.07500000001,4135,0,0,2,1,601383.8473178182,59253.529545128,4967.72941577793,0.9499999960695329,1.0691513206812722,1.0153359666341257,0.023709259889865872,-1.6426775125018478,0.06192846030184955,-0.6384623216286511,0.15968931470046224,1568.1569682223285,1513.0005896829098,71.24603089141984,71.32070921505787,1.000000034850889,1.0000002353561017,0.31862640024223776,0.31890275807912105,5.680931458584837e-08,1.5916659634740427e-07,199,13,6,19,19,95,1,0.0,0.0,0.0,0.0,0.0,1,0.0,0.0,0.0,0.0,0.0,1,0.0,0.0,0.0,0.0,0.0,1,0.0,0.0,0.0,0.0,0.0,1,1,0,1.4385102653342226e-06,9.667807094881908e-07,2.0564096785102202e-08,4.440892098500626e-16,9.667807094881908e-07,0.00034558426180277295,0.00022080848841876666,2.8069003237058946e-06,1.3817373800684152e-08,0.00022080848841876666,1.630505724883093e-05,1.1840822973896437e-05,3.313083908971698e-08,1.6562725635438369e-09,1.1840822973896437e-05,1.6193660722007452e-06,8.176899143341743e-07,7.75705918063869e-09,3.627463385225127e-09,8.176899143341743e-07,,,,,,,,,
2026-03-22T15:49:36Z,test_cases/pglib_opf_case3022_goc.mat,pglib_opf_case3022_goc,oracle_ac_bounds_dual__Pg,oracle_ac_bounds_dual,bounds_only,ac_true,1,0,Pg,1,,,maxIterations,warning,0,2653.4329109763444,,,,0.03871893882751465,0.9968528747558594,30.203781843185425,31.200634717941284,31.200634717941284,31.2393536567688,acopf_acdc_paper_study/cases/pglib_opf_case3022_goc/logs/oracle_ac_bounds_dual__Pg.log,1,300,170.2070193308236,0.08913925266753997,0.0,24.949568364693842,170.2070193308236,27.881,,,27.881,True,100.0,3022,4135,637,327,1574,1,318,2703,57997.486000000004,3503.426,228574.12099999998,7502.474999999999,78429.07500000001,-78429.07500000001,4135,0,0,2,1,,,,,,,,,,,,,,,,,,,,,,,,,,,,1,0.0,0.0,0.0,0.0,0.0,0,,,,,,0,,,,,,0,,,,,,0,0,1,,,,,,,,,,,,,,,,,,,,,,,,,,,,,
2026-03-22T15:50:05Z,test_cases/pglib_opf_case3022_goc.mat,pglib_opf_case3022_goc,oracle_ac_bounds_dual__Qg,oracle_ac_bounds_dual,bounds_only,ac_true,1,0,Qg,1,,,maxIterations,warning,0,2341.751695167215,,,,0.03871893882751465,0.550900936126709,28.781697034835815,29.332597970962524,29.332597970962524,29.37131690979004,acopf_acdc_paper_study/cases/pglib_opf_case3022_goc/logs/oracle_ac_bounds_dual__Qg.log,1,300,81.9014050170251,16.569957281656585,9.993214589165689e-09,0.0009383733491389215,81.9014050170251,26.489,,,26.489,False,100.0,3022,4135,637,327,1574,1,318,2703,57997.486000000004,3503.426,228574.12099999998,7502.474999999999,78429.07500000001,-78429.07500000001,4135,0,0,2,1,,,,,,,,,,,,,,,,,,,,,,,,,,,,0,,,,,,1,0.0,0.0,0.0,0.0,0.0,0,,,,,,0,,,,,,0,0,1,,,,,,,,,,,,,,,,,,,,,,,,,,,,,
2026-03-22T15:50:34Z,test_cases/pglib_opf_case3022_goc.mat,pglib_opf_case3022_goc,oracle_ac_bounds_dual__Vm,oracle_ac_bounds_dual,bounds_only,ac_true,1,0,Vm,1,,,maxIterations,warning,0,2395.9016645162237,,,,0.03871893882751465,1.0485129356384277,27.957552909851074,29.006065845489502,29.006065845489502,29.044784784317017,acopf_acdc_paper_study/cases/pglib_opf_case3022_goc/logs/oracle_ac_bounds_dual__Vm.log,1,300,88.44767312897048,17.028633380119558,9.20288602962449e-09,0.0010117764182319858,88.44767312897048,25.544,,,25.544,False,100.0,3022,4135,637,327,1574,1,318,2703,57997.486000000004,3503.426,228574.12099999998,7502.474999999999,78429.07500000001,-78429.07500000001,4135,0,0,2,1,,,,,,,,,,,,,,,,,,,,,,,,,,,,0,,,,,,0,,,,,,1,0.0,0.0,0.0,0.0,0.0,0,,,,,,0,0,1,,,,,,,,,,,,,,,,,,,,,,,,,,,,,
2026-03-22T15:51:02Z,test_cases/pglib_opf_case3022_goc.mat,pglib_opf_case3022_goc,oracle_ac_bounds_dual__Va,oracle_ac_bounds_dual,bounds_only,ac_true,1,0,Va,1,,,maxIterations,warning,0,2525.434974269066,,,,0.03871893882751465,0.9705190658569336,27.378196001052856,28.34871506690979,28.34871506690979,28.387434005737305,acopf_acdc_paper_study/cases/pglib_opf_case3022_goc/logs/oracle_ac_bounds_dual__Va.log,1,300,62.77866478136239,6.8113377070137116,0.0,0.00022793655874683022,62.77866478136239,25.143,,,25.143,False,100.0,3022,4135,637,327,1574,1,318,2703,57997.486000000004,3503.426,228574.12099999998,7502.474999999999,78429.07500000001,-78429.07500000001,4135,0,0,2,1,,,,,,,,,,,,,,,,,,,,,,,,,,,,0,,,,,,0,,,,,,0,,,,,,1,0.0,0.0,0.0,0.0,0.0,0,0,1,,,,,,,,,,,,,,,,,,,,,,,,,,,,,
2026-03-22T15:51:34Z,test_cases/pglib_opf_case3022_goc.mat,pglib_opf_case3022_goc,oracle_ac_bounds_dual__Pg_Qg,oracle_ac_bounds_dual,bounds_only,ac_true,1,0,Pg+Qg,2,,,maxIterations,warning,0,2144.553262604912,,,,0.03871893882751465,1.0372521877288818,30.767420291900635,31.804672479629517,31.804672479629517,31.84339141845703,acopf_acdc_paper_study/cases/pglib_opf_case3022_goc/logs/oracle_ac_bounds_dual__Pg_Qg.log,1,300,272.7404172426094,10.154756207021522,1.0499942248998195e-08,0.009053705452834324,272.7404172426094,28.559,,,28.559,True,100.0,3022,4135,637,327,1574,1,318,2703,57997.486000000004,3503.426,228574.12099999998,7502.474999999999,78429.07500000001,-78429.07500000001,4135,0,0,2,1,,,,,,,,,,,,,,,,,,,,,,,,,,,,1,0.0,0.0,0.0,0.0,0.0,1,0.0,0.0,0.0,0.0,0.0,0,,,,,,0,,,,,,0,0,1,,,,,,,,,,,,,,,,,,,,,,,,,,,,,
2026-03-22T15:52:05Z,test_cases/pglib_opf_case3022_goc.mat,pglib_opf_case3022_goc,oracle_ac_bounds_dual__Pg_Vm,oracle_ac_bounds_dual,bounds_only,ac_true,1,0,Pg+Vm,2,,,maxIterations,warning,0,2140.670765808704,,,,0.03871893882751465,1.0376121997833252,29.416481018066406,30.45409321784973,30.45409321784973,30.492812156677246,acopf_acdc_paper_study/cases/pglib_opf_case3022_goc/logs/oracle_ac_bounds_dual__Pg_Vm.log,1,300,10.321127690945445,7.8223118977725035,9.998064598448764e-09,0.014123389560439547,10.321127690945445,27.165,,,27.165,True,100.0,3022,4135,637,327,1574,1,318,2703,57997.486000000004,3503.426,228574.12099999998,7502.474999999999,78429.07500000001,-78429.07500000001,4135,0,0,2,1,,,,,,,,,,,,,,,,,,,,,,,,,,,,1,0.0,0.0,0.0,0.0,0.0,0,,,,,,1,0.0,0.0,0.0,0.0,0.0,0,,,,,,0,0,1,,,,,,,,,,,,,,,,,,,,,,,,,,,,,
2026-03-22T15:52:27Z,test_cases/pglib_opf_case3022_goc.mat,pglib_opf_case3022_goc,oracle_ac_bounds_dual__Pg_Va,oracle_ac_bounds_dual,bounds_only,ac_true,1,0,Pg+Va,2,,,optimal,ok,1,2204.4862438336445,599179.3610739835,271.79999999987785,0,0.03871893882751465,1.0190160274505615,21.21859312057495,22.237609148025513,22.237609148025513,22.276328086853027,acopf_acdc_paper_study/cases/pglib_opf_case3022_goc/logs/oracle_ac_bounds_dual__Pg_Va.log,0,214,7.473055308074371e-07,1.224172574980538e-07,9.639247712522891e-09,3.549481429161498e-08,7.473055308074371e-07,18.877,,,18.877,False,100.0,3022,4135,637,327,1574,1,318,2703,57997.486000000004,3503.426,228574.12099999998,7502.474999999999,78429.07500000001,-78429.07500000001,4135,0,0,2,1,601383.8473178181,59253.529545195146,4967.729415955538,0.9499999960695329,1.0691513206819885,1.0153359666450932,0.02370925990254736,-1.6426775125314064,0.06192846031040811,-0.6384623216328876,0.15968931470389786,1568.1569682209133,1513.0005896833734,71.24603089795234,71.32070922210282,1.000000034850896,1.0000002353561133,0.3186264002695077,0.318902758109108,5.680864134660624e-08,1.5916680240479764e-07,199,13,6,19,19,95,1,0.0,0.0,0.0,0.0,0.0,0,,,,,,0,,,,,,1,0.0,0.0,0.0,0.0,0.0,0,0,1,1.438143262937834e-06,9.66704854832301e-07,2.0558168921227953e-08,4.440892098500626e-16,9.66704854832301e-07,0.0003451769009222564,0.00022034239835022618,2.804338541741098e-06,1.3781517926858555e-08,0.00022034239835022618,1.6303473243808412e-05,1.184361496497921e-05,3.311865105602563e-08,1.6564432048227218e-09,1.184361496497921e-05,1.6185637502118953e-06,8.17518229001557e-07,7.749165766661793e-09,3.620945321358704e-09,8.17518229001557e-07,,,,,,,,,
2026-03-22T15:52:58Z,test_cases/pglib_opf_case3022_goc.mat,pglib_opf_case3022_goc,oracle_ac_bounds_dual__Qg_Vm,oracle_ac_bounds_dual,bounds_only,ac_true,1,0,Qg+Vm,2,,,maxIterations,warning,0,2354.55732542697,,,,0.03871893882751465,0.5643939971923828,30.96171808242798,31.52611207962036,31.52611207962036,31.564831018447876,acopf_acdc_paper_study/cases/pglib_opf_case3022_goc/logs/oracle_ac_bounds_dual__Qg_Vm.log,1,300,81.78271822377548,15.52429026280467,2.7586018191971817e-09,0.0009366759644530014,81.78271822377548,28.714,,,28.714,False,100.0,3022,4135,637,327,1574,1,318,2703,57997.486000000004,3503.426,228574.12099999998,7502.474999999999,78429.07500000001,-78429.07500000001,4135,0,0,2,1,,,,,,,,,,,,,,,,,,,,,,,,,,,,0,,,,,,1,0.0,0.0,0.0,0.0,0.0,1,0.0,0.0,0.0,0.0,0.0,0,,,,,,0,0,1,,,,,,,,,,,,,,,,,,,,,,,,,,,,,
2026-03-22T15:53:28Z,test_cases/pglib_opf_case3022_goc.mat,pglib_opf_case3022_goc,oracle_ac_bounds_dual__Qg_Va,oracle_ac_bounds_dual,bounds_only,ac_true,1,0,Qg+Va,2,,,maxIterations,warning,0,2566.642857129087,,,,0.03871893882751465,1.0587708950042725,28.795448780059814,29.854219675064087,29.854219675064087,29.8929386138916,acopf_acdc_paper_study/cases/pglib_opf_case3022_goc/logs/oracle_ac_bounds_dual__Qg_Va.log,1,300,71.94411817767926,7.430234034448619,0.0,0.00026093953491364427,71.94411817767926,24.886,,,24.886,False,100.0,3022,4135,637,327,1574,1,318,2703,57997.486000000004,3503.426,228574.12099999998,7502.474999999999,78429.07500000001,-78429.07500000001,4135,0,0,2,1,,,,,,,,,,,,,,,,,,,,,,,,,,,,0,,,,,,1,0.0,0.0,0.0,0.0,0.0,0,,,,,,1,0.0,0.0,0.0,0.0,0.0,0,0,1,,,,,,,,,,,,,,,,,,,,,,,,,,,,,
2026-03-22T15:53:56Z,test_cases/pglib_opf_case3022_goc.mat,pglib_opf_case3022_goc,oracle_ac_bounds_dual__Vm_Va,oracle_ac_bounds_dual,bounds_only,ac_true,1,0,Vm+Va,2,,,maxIterations,warning,0,2630.7757972765994,,,,0.03871893882751465,0.98154616355896,26.917579889297485,27.899126052856445,27.899126052856445,27.93784499168396,acopf_acdc_paper_study/cases/pglib_opf_case3022_goc/logs/oracle_ac_bounds_dual__Vm_Va.log,1,300,79.60405894054745,7.814345547170232,9.702337711026132e-09,0.00023203446288751824,79.60405894054745,23.494,,,23.494,False,100.0,3022,4135,637,327,1574,1,318,2703,57997.486000000004,3503.426,228574.12099999998,7502.474999999999,78429.07500000001,-78429.07500000001,4135,0,0,2,1,,,,,,,,,,,,,,,,,,,,,,,,,,,,0,,,,,,0,,,,,,1,0.0,0.0,0.0,0.0,0.0,1,0.0,0.0,0.0,0.0,0.0,0,0,1,,,,,,,,,,,,,,,,,,,,,,,,,,,,,
2026-03-22T15:54:27Z,test_cases/pglib_opf_case3022_goc.mat,pglib_opf_case3022_goc,oracle_ac_bounds_dual__Pg_Qg_Vm,oracle_ac_bounds_dual,bounds_only,ac_true,1,0,Pg+Qg+Vm,3,,,maxIterations,warning,0,2146.7758924482373,,,,0.03871893882751465,0.9833500385284424,30.028990983963013,31.012341022491455,31.012341022491455,31.05105996131897,acopf_acdc_paper_study/cases/pglib_opf_case3022_goc/logs/oracle_ac_bounds_dual__Pg_Qg_Vm.log,1,300,67.63543671201272,11.005789080986206,9.874065676207522e-09,0.000753196525922371,67.63543671201272,27.828,,,27.828,False,100.0,3022,4135,637,327,1574,1,318,2703,57997.486000000004,3503.426,228574.12099999998,7502.474999999999,78429.07500000001,-78429.07500000001,4135,0,0,2,1,,,,,,,,,,,,,,,,,,,,,,,,,,,,1,0.0,0.0,0.0,0.0,0.0,1,0.0,0.0,0.0,0.0,0.0,1,0.0,0.0,0.0,0.0,0.0,0,,,,,,0,0,1,,,,,,,,,,,,,,,,,,,,,,,,,,,,,
2026-03-22T15:54:54Z,test_cases/pglib_opf_case3022_goc.mat,pglib_opf_case3022_goc,oracle_ac_bounds_dual__Pg_Qg_Va,oracle_ac_bounds_dual,bounds_only,ac_true,1,0,Pg+Qg+Va,3,,,optimal,ok,1,2204.486243833645,599179.3610739836,271.7999999998779,0,0.03871893882751465,1.056230068206787,26.28267216682434,27.338902235031128,27.338902235031128,27.377621173858643,acopf_acdc_paper_study/cases/pglib_opf_case3022_goc/logs/oracle_ac_bounds_dual__Pg_Qg_Va.log,0,268,7.473050546332125e-07,1.2241725806400733e-07,9.639247712522891e-09,3.549481429215463e-08,7.473050546332125e-07,23.287,,,23.287,False,100.0,3022,4135,637,327,1574,1,318,2703,57997.486000000004,3503.426,228574.12099999998,7502.474999999999,78429.07500000001,-78429.07500000001,4135,0,0,2,1,601383.8473178182,59253.52954519514,4967.729415956305,0.9499999960695329,1.0691513206819894,1.015335966645091,0.023709259902548768,-1.642677512531456,0.06192846031039539,-0.6384623216328995,0.15968931470390346,1568.1569682209195,1513.0005896833718,71.24603089795258,71.32070922210293,1.0000000348508837,1.0000002353560902,0.3186264002695074,0.3189027581091057,5.680963077736578e-08,1.5916679529937028e-07,199,13,6,19,19,95,1,0.0,0.0,0.0,0.0,0.0,1,0.0,0.0,0.0,0.0,0.0,0,,,,,,1,0.0,0.0,0.0,0.0,0.0,0,0,1,1.438143161082573e-06,9.667049669648264e-07,2.0558158687866055e-08,4.440892098500626e-16,9.667049669648264e-07,0.0003451769008520729,0.00022034239838197855,2.804338514075306e-06,1.3781422669723042e-08,0.00022034239838197855,1.6303473231931008e-05,1.1843614966533522e-05,3.3118646419650516e-08,1.6564429827781169e-09,1.1843614966533522e-05,1.6185637088623894e-06,8.175182160119476e-07,7.749160622381228e-09,3.620938604509405e-09,8.175182160119476e-07,,,,,,,,,
2026-03-22T15:55:10Z,test_cases/pglib_opf_case3022_goc.mat,pglib_opf_case3022_goc,oracle_ac_bounds_dual__Pg_Vm_Va,oracle_ac_bounds_dual,bounds_only,ac_true,1,0,Pg+Vm+Va,3,,,optimal,ok,1,2204.4862438336463,599179.3610739837,271.79999999987797,0,0.03871893882751465,1.0209059715270996,14.164920091629028,15.185826063156128,15.185826063156128,15.224545001983643,acopf_acdc_paper_study/cases/pglib_opf_case3022_goc/logs/oracle_ac_bounds_dual__Pg_Vm_Va.log,0,130,7.473058207842695e-07,1.2241726371270065e-07,9.639247712522891e-09,3.5494814337286926e-08,7.473058207842695e-07,11.947,,,11.947,True,100.0,3022,4135,637,327,1574,1,318,2703,57997.486000000004,3503.426,228574.12099999998,7502.474999999999,78429.07500000001,-78429.07500000001,4135,0,0,2,1,601383.8473178183,59253.52954519126,4967.729415928526,0.9499999960695329,1.069151320681413,1.0153359666452622,0.023709259901863834,-1.6426775125318014,0.0619284603114049,-0.6384623216324413,0.15968931470388845,1568.1569682206596,1513.0005896834564,71.24603089758457,71.3207092217124,1.0000000348508886,1.0000002353560797,0.31862640026829997,0.3189027581078061,5.6809509985100703e-08,1.5916649687142126e-07,199,13,6,19,19,95,1,0.0,0.0,0.0,0.0,0.0,0,,,,,,1,0.0,0.0,0.0,0.0,0.0,1,0.0,0.0,0.0,0.0,0.0,0,0,1,1.438032286381218e-06,9.665801783409478e-07,2.055665366222363e-08,4.440892098500626e-16,9.665801783409478e-07,0.00034517683871434753,0.0002203424859432701,2.8043626333752e-06,1.378641845128925e-08,0.0002203424859432701,1.6303480912618315e-05,1.1843617395479455e-05,3.3118260671448254e-08,1.6570431693452292e-09,1.1843617395479455e-05,1.6185549427516933e-06,8.175184067482633e-07,7.74895093574888e-09,3.621398292352751e-09,8.175184067482633e-07,,,,,,,,,
2026-03-22T15:55:38Z,test_cases/pglib_opf_case3022_goc.mat,pglib_opf_case3022_goc,oracle_ac_bounds_dual__Qg_Vm_Va,oracle_ac_bounds_dual,bounds_only,ac_true,1,0,Qg+Vm+Va,3,,,maxIterations,warning,0,2648.3597451805153,,,,0.03871893882751465,0.997603178024292,27.60863494873047,28.60623812675476,28.60623812675476,28.644957065582275,acopf_acdc_paper_study/cases/pglib_opf_case3022_goc/logs/oracle_ac_bounds_dual__Qg_Vm_Va.log,1,300,82.05274040514655,8.016714976854791,0.0,0.00023998133206250171,82.05274040514655,25.281,,,25.281,False,100.0,3022,4135,637,327,1574,1,318,2703,57997.486000000004,3503.426,228574.12099999998,7502.474999999999,78429.07500000001,-78429.07500000001,4135,0,0,2,1,,,,,,,,,,,,,,,,,,,,,,,,,,,,0,,,,,,1,0.0,0.0,0.0,0.0,0.0,1,0.0,0.0,0.0,0.0,0.0,1,0.0,0.0,0.0,0.0,0.0,0,0,1,,,,,,,,,,,,,,,,,,,,,,,,,,,,,
2026-03-22T15:55:53Z,test_cases/pglib_opf_case3022_goc.mat,pglib_opf_case3022_goc,oracle_ac_bounds_dual__Pg_Qg_Vm_Va,oracle_ac_bounds_dual,bounds_only,ac_true,1,0,Pg+Qg+Vm+Va,4,,,optimal,ok,1,2204.4862438336427,599179.3610739834,271.7999999998778,0,0.03871893882751465,0.9963960647583008,13.26911187171936,14.265507936477661,14.265507936477661,14.304226875305176,acopf_acdc_paper_study/cases/pglib_opf_case3022_goc/logs/oracle_ac_bounds_dual__Pg_Qg_Vm_Va.log,0,109,7.473056307134064e-07,1.2241726283926738e-07,9.639247712522891e-09,3.549481437156261e-08,7.473056307134064e-07,11.026,,,11.026,True,100.0,3022,4135,637,327,1574,1,318,2703,57997.486000000004,3503.426,228574.12099999998,7502.474999999999,78429.07500000001,-78429.07500000001,4135,0,0,2,1,601383.847317818,59253.52954519142,4967.729415928269,0.9499999960695329,1.0691513206814116,1.0153359666452588,0.023709259901864576,-1.642677512531804,0.06192846031142133,-0.6384623216324402,0.15968931470388892,1568.1569682206564,1513.000589683457,71.24603089758416,71.3207092217119,1.0000000348508915,1.0000002353560458,0.31862640026829986,0.318902758107804,5.680964854093418e-08,1.5916666029625048e-07,199,13,6,19,19,95,1,0.0,0.0,0.0,0.0,0.0,1,0.0,0.0,0.0,0.0,0.0,1,0.0,0.0,0.0,0.0,0.0,1,0.0,0.0,0.0,0.0,0.0,0,0,1,1.4380325039122268e-06,9.665797442437452e-07,2.0556680342249473e-08,4.440892098500626e-16,9.665797442437452e-07,0.00034517684536487634,0.00022034249049429633,2.8043627760068977e-06,1.3786533026305392e-08,0.00022034249049429633,1.630348120118804e-05,1.1843617613083168e-05,3.3118258444903694e-08,1.6570307348473534e-09,1.1843617613083168e-05,1.6185549131179191e-06,8.175184360581511e-07,7.748945602380013e-09,3.6213839704757333e-09,8.175184360581511e-07,,,,,,,,,
2026-03-22T15:56:21Z,test_cases/pglib_opf_case3022_goc.mat,pglib_opf_case3022_goc,oracle_ac_primal_dual_all_bounds__Pg,oracle_ac_primal_dual_all_bounds,full_all_bounds,ac_true,1,0,Pg,1,,,optimal,ok,1,2204.4862438336427,599179.3610739834,271.7999999998778,0,0.03871893882751465,1.0489299297332764,27.10605525970459,28.154985189437866,28.154985189437866,28.19370412826538,acopf_acdc_paper_study/cases/pglib_opf_case3022_goc/logs/oracle_ac_primal_dual_all_bounds__Pg.log,0,277,7.473008373393614e-07,1.224172043708463e-07,9.639247712522891e-09,3.5494814895049235e-08,7.473008373393614e-07,24.864,,,24.864,False,100.0,3022,4135,637,327,1574,1,318,2703,57997.486000000004,3503.426,228574.12099999998,7502.474999999999,78429.07500000001,-78429.07500000001,4135,0,0,2,1,601383.847317818,59253.529545261634,4967.729416697667,0.9499999960695329,1.0691513206832575,1.0153359666397535,0.02370925990810908,-1.6426775126174205,0.061928460299817155,-0.6384623216394006,0.15968931471850956,1568.1569682227541,1513.0005896827709,71.24603090118276,71.320709225302,1.0000000348508824,1.0000002353560884,0.3186264002765867,0.3189027581162034,5.6810190329770194e-08,1.5916663187454105e-07,199,13,6,19,19,95,1,0.0,0.0,0.0,0.0,0.0,0,,,,,,0,,,,,,0,,,,,,1,1,1,1.4373727742243044e-06,9.659976554221572e-07,2.056168969595264e-08,4.440892098500626e-16,9.659976554221572e-07,0.000345176688529934,0.00022034155885197748,2.804167263525027e-06,1.3698427836494886e-08,0.00022034155885197748,1.630340881972265e-05,1.1843593419103016e-05,3.311735764811232e-08,1.6538773683905106e-09,1.1843593419103016e-05,1.6184449047665736e-06,8.175056612769183e-07,7.746014020161141e-09,3.6212360887688533e-09,8.175056612769183e-07,,,,,,,,,
2026-03-22T15:56:48Z,test_cases/pglib_opf_case3022_goc.mat,pglib_opf_case3022_goc,oracle_ac_primal_dual_all_bounds__Qg,oracle_ac_primal_dual_all_bounds,full_all_bounds,ac_true,1,0,Qg,1,,,optimal,ok,1,2204.486243833645,599179.361073984,271.799999999878,0,0.03871893882751465,1.0119810104370117,25.91089105606079,26.922872066497803,26.922872066497803,26.961591005325317,acopf_acdc_paper_study/cases/pglib_opf_case3022_goc/logs/oracle_ac_primal_dual_all_bounds__Qg.log,0,260,7.473030748823749e-07,1.2241721457839291e-07,9.639247712522891e-09,3.549481384089739e-08,7.473030748823749e-07,23.588,,,23.588,False,100.0,3022,4135,637,327,1574,1,318,2703,57997.486000000004,3503.426,228574.12099999998,7502.474999999999,78429.07500000001,-78429.07500000001,4135,0,0,2,1,601383.8473178186,59253.52954525184,4967.729416395634,0.9499999960695329,1.0691513206831167,1.0153359666436381,0.02370925990546604,-1.6426775126187558,0.061928460297085014,-0.63846232164071,0.15968931471749806,1568.156968223987,1513.0005896823673,71.24603090111916,71.32070922524598,1.0000000348508935,1.0000002353561457,0.3186264002764926,0.31890275811611013,5.6809501103316506e-08,1.591665892419769e-07,199,13,6,19,19,95,0,,,,,,1,0.0,0.0,0.0,0.0,0.0,0,,,,,,0,,,,,,1,1,1,1.4383887340830165e-06,9.674017034111415e-07,2.0569022973923235e-08,4.440892098500626e-16,9.674017034111415e-07,0.00034517612641813696,0.00022034125767045332,2.8042115203960684e-06,1.3701527024068128e-08,0.00022034125767045332,1.6303403237536392e-05,1.1843591027016487e-05,3.3118820144167895e-08,1.6539257741143842e-09,1.1843591027016487e-05,1.6185063213518837e-06,8.175013513911367e-07,7.748114168138296e-09,3.6232945532788108e-09,8.175013513911367e-07,,,,,,,,,
2026-03-22T15:57:13Z,test_cases/pglib_opf_case3022_goc.mat,pglib_opf_case3022_goc,oracle_ac_primal_dual_all_bounds__Vm,oracle_ac_primal_dual_all_bounds,full_all_bounds,ac_true,1,0,Vm,1,,,optimal,ok,1,2204.4862438336468,599179.3610739838,271.799999999878,0,0.03871893882751465,0.5755922794342041,24.884126901626587,25.45971918106079,25.45971918106079,25.498438119888306,acopf_acdc_paper_study/cases/pglib_opf_case3022_goc/logs/oracle_ac_primal_dual_all_bounds__Vm.log,0,243,7.475125434362918e-07,1.2241674075385428e-07,9.639247712522891e-09,3.549480244734897e-08,7.475125434362918e-07,22.647,,,22.647,False,100.0,3022,4135,637,327,1574,1,318,2703,57997.486000000004,3503.426,228574.12099999998,7502.474999999999,78429.07500000001,-78429.07500000001,4135,0,0,2,1,601383.8473178184,59253.52954520888,4967.729416020936,0.9499999960695329,1.069151320681628,1.0153359666481483,0.02370925990169265,-1.6426775125667659,0.06192846030522617,-0.6384623216359366,0.1596893147092764,1568.1569682233971,1513.0005896825608,71.24603089847028,71.32070922263446,1.0000000348508908,1.0000002353561452,0.31862640026998457,0.3189027581096748,5.6809323467632566e-08,1.5916656792569484e-07,199,13,6,19,19,95,0,,,,,,0,,,,,,1,0.0,0.0,0.0,0.0,0.0,0,,,,,,1,1,1,1.4388339561824342e-06,9.673478489347076e-07,2.057495122847631e-08,4.440892098500626e-16,9.673478489347076e-07,0.000345172134473858,0.00022033871557280982,2.8043601131447586e-06,1.3734819392929865e-08,0.00022033871557280982,1.6303381508663165e-05,1.1843533884281499e-05,3.312039044596516e-08,1.6554499993048921e-09,1.1843533884281499e-05,1.6185526253918817e-06,8.175025498768917e-07,7.749559425974601e-09,3.62344915183499e-09,8.175025498768917e-07,,,,,,,,,
2026-03-22T15:57:19Z,test_cases/pglib_opf_case3022_goc.mat,pglib_opf_case3022_goc,oracle_ac_primal_dual_all_bounds__Va,oracle_ac_primal_dual_all_bounds,full_all_bounds,ac_true,1,0,Va,1,,,optimal,ok,1,2204.4862438336427,599179.3610739842,271.79999999987814,0,0.03871893882751465,1.0582451820373535,5.118191242218018,6.176436424255371,6.176436424255371,6.215155363082886,acopf_acdc_paper_study/cases/pglib_opf_case3022_goc/logs/oracle_ac_primal_dual_all_bounds__Va.log,0,14,7.473047071344894e-07,1.2241725791005062e-07,9.639247712522891e-09,3.5494814307336715e-08,7.473047071344894e-07,1.432,,,1.432,False,100.0,3022,4135,637,327,1574,1,318,2703,57997.486000000004,3503.426,228574.12099999998,7502.474999999999,78429.07500000001,-78429.07500000001,4135,0,0,2,1,601383.8473178188,59253.52954519409,4967.729415936054,0.9499999960695329,1.0691513206819778,1.015335966645299,0.023709259902665706,-1.6426775125313609,0.06192846031042695,-0.6384623216329715,0.15968931470386225,1568.1569682209056,1513.0005896833768,71.2460308979181,71.32070922206638,1.0000000348508955,1.0000002353560649,0.31862640026933986,0.31890275810894586,5.680979420219501e-08,1.5916668161253256e-07,199,13,6,19,19,95,0,,,,,,0,,,,,,0,,,,,,1,0.0,0.0,0.0,0.0,0.0,1,1,1,1.4380964209765557e-06,9.667029139404093e-07,2.05578270537766e-08,4.440892098500626e-16,9.667029139404093e-07,0.00034517691509195706,0.0002203424055167158,2.804364144249397e-06,1.378180802813489e-08,0.0002203424055167158,1.6303473690684343e-05,1.1843615069340174e-05,3.311898172166243e-08,1.6583019402105492e-09,1.1843615069340174e-05,1.6185631277480053e-06,8.175182635294931e-07,7.749069137843345e-09,3.6207984943636973e-09,8.175182635294931e-07,,,,,,,,,
2026-03-22T15:57:50Z,test_cases/pglib_opf_case3022_goc.mat,pglib_opf_case3022_goc,oracle_ac_primal_dual_all_bounds__Pg_Qg,oracle_ac_primal_dual_all_bounds,full_all_bounds,ac_true,1,0,Pg+Qg,2,,,maxIterations,warning,0,2203.802235442216,,,,0.03871893882751465,0.5678670406341553,29.86032795906067,30.428194999694824,30.428194999694824,30.46691393852234,acopf_acdc_paper_study/cases/pglib_opf_case3022_goc/logs/oracle_ac_primal_dual_all_bounds__Pg_Qg.log,1,300,27.66724431623407,0.0875601676986571,0.0,0.052904884422126604,27.66724431623407,27.602,,,27.602,False,100.0,3022,4135,637,327,1574,1,318,2703,57997.486000000004,3503.426,228574.12099999998,7502.474999999999,78429.07500000001,-78429.07500000001,4135,0,0,2,1,,,,,,,,,,,,,,,,,,,,,,,,,,,,1,0.0,0.0,0.0,0.0,0.0,1,0.0,0.0,0.0,0.0,0.0,0,,,,,,0,,,,,,1,1,1,,,,,,,,,,,,,,,,,,,,,,,,,,,,,
2026-03-22T15:58:17Z,test_cases/pglib_opf_case3022_goc.mat,pglib_opf_case3022_goc,oracle_ac_primal_dual_all_bounds__Pg_Vm,oracle_ac_primal_dual_all_bounds,full_all_bounds,ac_true,1,0,Pg+Vm,2,,,optimal,ok,1,2204.48624383364,599179.3610739831,271.7999999998777,0,0.03871893882751465,1.0639119148254395,25.563844203948975,26.627756118774414,26.627756118774414,26.66647505760193,acopf_acdc_paper_study/cases/pglib_opf_case3022_goc/logs/oracle_ac_primal_dual_all_bounds__Pg_Vm.log,0,245,7.47334907822888e-07,1.2241717795881402e-07,9.639247712522891e-09,3.5494812591073806e-08,7.47334907822888e-07,23.24,,,23.24,False,100.0,3022,4135,637,327,1574,1,318,2703,57997.486000000004,3503.426,228574.12099999998,7502.474999999999,78429.07500000001,-78429.07500000001,4135,0,0,2,1,601383.8473178177,59253.52954521029,4967.729416076162,0.9499999960695329,1.0691513206813057,1.015335966646153,0.023709259901582545,-1.642677512566938,0.06192846030511461,-0.6384623216359091,0.15968931470932754,1568.1569682234026,1513.0005896825578,71.24603089848155,71.32070922263554,1.0000000348508862,1.0000002353560855,0.31862640027031885,0.31890275810991825,5.680996828516527e-08,1.591668734590712e-07,199,13,6,19,19,95,1,0.0,0.0,0.0,0.0,0.0,0,,,,,,1,0.0,0.0,0.0,0.0,0.0,0,,,,,,1,1,1,1.4388638488230965e-06,9.67324935263747e-07,2.057468930273782e-08,4.440892098500626e-16,9.67324935263747e-07,0.0003451750655724103,0.00022034108942037278,2.804347280692113e-06,1.3732998849214084e-08,0.00022034108942037278,1.630343173243972e-05,1.1843590306703788e-05,3.31184280222862e-08,1.6548934445026475e-09,1.1843590306703788e-05,1.6185443973446374e-06,8.175072095939484e-07,7.749283497632455e-09,3.6233646083516646e-09,8.175072095939484e-07,,,,,,,,,
2026-03-22T15:58:21Z,test_cases/pglib_opf_case3022_goc.mat,pglib_opf_case3022_goc,oracle_ac_primal_dual_all_bounds__Pg_Va,oracle_ac_primal_dual_all_bounds,full_all_bounds,ac_true,1,0,Pg+Va,2,,,optimal,ok,1,2204.4862438336395,599179.3610739829,271.79999999987757,0,0.03871893882751465,0.5697622299194336,3.5657989978790283,4.135561227798462,4.135561227798462,4.174280166625977,acopf_acdc_paper_study/cases/pglib_opf_case3022_goc/logs/oracle_ac_primal_dual_all_bounds__Pg_Va.log,0,14,7.473054341092592e-07,1.224172644911578e-07,9.639247712522891e-09,3.54948143796683e-08,7.473054341092592e-07,1.289,,,1.289,False,100.0,3022,4135,637,327,1574,1,318,2703,57997.486000000004,3503.426,228574.12099999998,7502.474999999999,78429.07500000001,-78429.07500000001,4135,0,0,2,1,601383.8473178175,59253.52954519431,4967.729415938642,0.9499999960695329,1.0691513206819874,1.0153359666452768,0.023709259902646447,-1.6426775125314537,0.061928460310386554,-0.6384623216329675,0.1596893147038786,1568.1569682209024,1513.0005896833773,71.2460308979222,71.32070922207076,1.0000000348508784,1.0000002353560866,0.3186264002693549,0.3189027581089606,5.681105363919414e-08,1.5916665319082313e-07,199,13,6,19,19,95,1,0.0,0.0,0.0,0.0,0.0,0,,,,,,0,,,,,,1,0.0,0.0,0.0,0.0,0.0,1,1,1,1.4381029976026502e-06,9.667041287464428e-07,2.0557857249137336e-08,4.440892098500626e-16,9.667041287464428e-07,0.0003451769276515202,0.00022034241462520754,2.8043611863530126e-06,1.3781441765559066e-08,0.00022034241462520754,1.6303474278290323e-05,1.1843615533857488e-05,3.311894252064996e-08,1.658066905996236e-09,1.1843615533857488e-05,1.6185633526592575e-06,8.175182625302924e-07,7.749092279219835e-09,3.6208419595951113e-09,8.175182625302924e-07,,,,,,,,,
2026-03-22T15:58:49Z,test_cases/pglib_opf_case3022_goc.mat,pglib_opf_case3022_goc,oracle_ac_primal_dual_all_bounds__Qg_Vm,oracle_ac_primal_dual_all_bounds,full_all_bounds,ac_true,1,0,Qg+Vm,2,,,optimal,ok,1,2204.486243833644,599179.3610739837,271.79999999987797,0,0.03871893882751465,1.030838966369629,26.798447847366333,27.829286813735962,27.829286813735962,27.868005752563477,acopf_acdc_paper_study/cases/pglib_opf_case3022_goc/logs/oracle_ac_primal_dual_all_bounds__Qg_Vm.log,0,260,7.475456525763983e-07,1.2241666572706394e-07,9.639247712522891e-09,3.549480055537464e-08,7.475456525763983e-07,24.496,,,24.496,False,100.0,3022,4135,637,327,1574,1,318,2703,57997.486000000004,3503.426,228574.12099999998,7502.474999999999,78429.07500000001,-78429.07500000001,4135,0,0,2,1,601383.8473178183,59253.5295452086,4967.729416011332,0.9499999960695329,1.069151320681691,1.0153359666485184,0.02370925990171593,-1.6426775125667106,0.06192846030526148,-0.638462321635947,0.1596893147092627,1568.1569682233946,1513.0005896825608,71.24603089846855,71.32070922263448,1.0000000348508833,1.000000235356123,0.3186264002699273,0.3189027581096352,5.6809176030014896e-08,1.5916670292881463e-07,199,13,6,19,19,95,0,,,,,,1,0.0,0.0,0.0,0.0,0.0,1,0.0,0.0,0.0,0.0,0.0,0,,,,,,1,1,1,1.4388277368038613e-06,9.673511567331872e-07,2.0575011361822115e-08,4.440892098500626e-16,9.673511567331872e-07,0.0003451715870956564,0.00022033827199741118,2.8043624790098634e-06,1.373534896931261e-08,0.00022033827199741118,1.6303372124691548e-05,1.1843523361365627e-05,3.312075541778732e-08,1.65558244891173e-09,1.1843523361365627e-05,1.6185540665930083e-06,8.175016904532484e-07,7.74959926587734e-09,3.6234379940935924e-09,8.175016904532484e-07,,,,,,,,,
2026-03-22T15:58:53Z,test_cases/pglib_opf_case3022_goc.mat,pglib_opf_case3022_goc,oracle_ac_primal_dual_all_bounds__Qg_Va,oracle_ac_primal_dual_all_bounds,full_all_bounds,ac_true,1,0,Qg+Va,2,,,optimal,ok,1,2204.4862438336427,599179.3610739836,271.7999999998779,0,0.03871893882751465,0.5735738277435303,3.685033082962036,4.258606910705566,4.258606910705566,4.297325849533081,acopf_acdc_paper_study/cases/pglib_opf_case3022_goc/logs/oracle_ac_primal_dual_all_bounds__Qg_Va.log,0,16,7.473048273709067e-07,1.2241726013093035e-07,9.639247712522891e-09,3.5494814315341156e-08,7.473048273709067e-07,1.438,,,1.438,False,100.0,3022,4135,637,327,1574,1,318,2703,57997.486000000004,3503.426,228574.12099999998,7502.474999999999,78429.07500000001,-78429.07500000001,4135,0,0,2,1,601383.8473178182,59253.52954519444,4967.729415945351,0.9499999960695329,1.0691513206820042,1.0153359666451982,0.023709259902607572,-1.6426775125314128,0.06192846031040712,-0.6384623216329447,0.1596893147038827,1568.1569682209122,1513.0005896833738,71.24603089793514,71.32070922208443,1.0000000348508924,1.0000002353561064,0.31862640026942324,0.3189027581090256,5.680871950630717e-08,1.5916665319082313e-07,199,13,6,19,19,95,0,,,,,,1,0.0,0.0,0.0,0.0,0.0,0,,,,,,1,0.0,0.0,0.0,0.0,0.0,1,1,1,1.4381187818700416e-06,9.66703582960804e-07,2.0557994175614546e-08,4.440892098500626e-16,9.66703582960804e-07,0.00034517691071048754,0.00022034240383006498,2.804351368324875e-06,1.378165925824959e-08,0.00022034240383006498,1.630347361074045e-05,1.1843615115969541e-05,3.311881591327033e-08,1.6573771244310365e-09,1.1843615115969541e-05,1.618563352774822e-06,8.175182456549024e-07,7.74910566733114e-09,3.6208450682195803e-09,8.175182456549024e-07,,,,,,,,,
2026-03-22T15:58:57Z,test_cases/pglib_opf_case3022_goc.mat,pglib_opf_case3022_goc,oracle_ac_primal_dual_all_bounds__Vm_Va,oracle_ac_primal_dual_all_bounds,full_all_bounds,ac_true,1,0,Vm+Va,2,,,optimal,ok,1,2204.4862438336454,599179.3610739838,271.799999999878,0,0.03871893882751465,1.0313401222229004,3.2691211700439453,4.300461292266846,4.300461292266846,4.33918023109436,acopf_acdc_paper_study/cases/pglib_opf_case3022_goc/logs/oracle_ac_primal_dual_all_bounds__Vm_Va.log,0,10,7.473051071325008e-07,1.2241726644662485e-07,9.639247712522891e-09,3.5494814342344553e-08,7.473051071325008e-07,0.979,,,0.979,False,100.0,3022,4135,637,327,1574,1,318,2703,57997.486000000004,3503.426,228574.12099999998,7502.474999999999,78429.07500000001,-78429.07500000001,4135,0,0,2,1,601383.8473178184,59253.52954519126,4967.729415928571,0.9499999960695329,1.069151320681402,1.0153359666452582,0.023709259901865027,-1.642677512531815,0.06192846031141056,-0.6384623216324401,0.15968931470389058,1568.1569682206582,1513.0005896834564,71.2460308975847,71.3207092217126,1.0000000348508964,1.000000235356105,0.31862640026830064,0.3189027581078061,5.68099967068747e-08,1.5916668871795991e-07,199,13,6,19,19,95,0,,,,,,0,,,,,,1,0.0,0.0,0.0,0.0,0.0,1,0.0,0.0,0.0,0.0,0.0,1,1,1,1.4380327990915462e-06,9.665801943281593e-07,2.0556675353163537e-08,4.440892098500626e-16,9.665801943281593e-07,0.00034517683971499794,0.00022034248685343094,2.8043627045725524e-06,1.3786398689319412e-08,0.00022034248685343094,1.6303480938122734e-05,1.1843617430118414e-05,3.3118259765157994e-08,1.6570387284531307e-09,1.1843617430118414e-05,1.6185549395320557e-06,8.175184138536906e-07,7.748950608394735e-09,3.6213950727059796e-09,8.175184138536906e-07,,,,,,,,,
2026-03-22T15:59:25Z,test_cases/pglib_opf_case3022_goc.mat,pglib_opf_case3022_goc,oracle_ac_primal_dual_all_bounds__Pg_Qg_Vm,oracle_ac_primal_dual_all_bounds,full_all_bounds,ac_true,1,0,Pg+Qg+Vm,3,,,optimal,ok,1,2204.486243833642,599179.3610739833,271.79999999987774,0,0.03871893882751465,0.5602660179138184,27.09392786026001,27.654193878173828,27.654193878173828,27.692912817001343,acopf_acdc_paper_study/cases/pglib_opf_case3022_goc/logs/oracle_ac_primal_dual_all_bounds__Pg_Qg_Vm.log,0,266,7.47324867723386e-07,1.2241720194396816e-07,9.639247712522891e-09,3.5494813172894444e-08,7.47324867723386e-07,24.86,,,24.86,False,100.0,3022,4135,637,327,1574,1,318,2703,57997.486000000004,3503.426,228574.12099999998,7502.474999999999,78429.07500000001,-78429.07500000001,4135,0,0,2,1,601383.8473178179,59253.52954521034,4967.729416078552,0.9499999960695329,1.069151320681274,1.0153359666460444,0.0237092599015755,-1.6426775125669517,0.06192846030509538,-0.6384623216359004,0.15968931470933045,1568.1569682234012,1513.0005896825585,71.24603089848105,71.32070922263446,1.0000000348508837,1.000000235356066,0.3186264002703288,0.3189027581099231,5.6810185000699676e-08,1.5916654660941276e-07,199,13,6,19,19,95,1,0.0,0.0,0.0,0.0,0.0,1,0.0,0.0,0.0,0.0,0.0,1,0.0,0.0,0.0,0.0,0.0,0,,,,,,1,1,1,1.4388660971868883e-06,9.673249343755685e-07,2.0574642507739175e-08,4.440892098500626e-16,9.673249343755685e-07,0.00034517523375080184,0.0002203412260031179,2.804346629690074e-06,1.3732600168125941e-08,0.0002203412260031179,1.6303434597300658e-05,1.1843593547444797e-05,3.311831592396381e-08,1.6548485914924527e-09,1.1843593547444797e-05,1.6185440852219948e-06,8.175074657224002e-07,7.74928341528877e-09,3.623392974549944e-09,8.175074657224002e-07,,,,,,,,,
2026-03-22T15:59:30Z,test_cases/pglib_opf_case3022_goc.mat,pglib_opf_case3022_goc,oracle_ac_primal_dual_all_bounds__Pg_Qg_Va,oracle_ac_primal_dual_all_bounds,full_all_bounds,ac_true,1,0,Pg+Qg+Va,3,,,optimal,ok,1,2204.486243833642,599179.3610739833,271.79999999987774,0,0.03871893882751465,1.0646700859069824,3.7495131492614746,4.814183235168457,4.814183235168457,4.852902173995972,acopf_acdc_paper_study/cases/pglib_opf_case3022_goc/logs/oracle_ac_primal_dual_all_bounds__Pg_Qg_Va.log,0,16,7.473053897002061e-07,1.2241726122554086e-07,9.639247712522891e-09,3.5494814328394146e-08,7.473053897002061e-07,1.442,,,1.442,False,100.0,3022,4135,637,327,1574,1,318,2703,57997.486000000004,3503.426,228574.12099999998,7502.474999999999,78429.07500000001,-78429.07500000001,4135,0,0,2,1,601383.8473178179,59253.5295451947,4967.729415949084,0.9499999960695329,1.0691513206819807,1.0153359666451682,0.023709259902586603,-1.6426775125314368,0.061928460310394715,-0.6384623216329218,0.1596893147038917,1568.1569682209117,1513.0005896833745,71.24603089794023,71.32070922208992,1.0000000348508915,1.0000002353560944,0.318626400269446,0.3189027581090489,5.681064685347792e-08,1.5916654660941276e-07,199,13,6,19,19,95,1,0.0,0.0,0.0,0.0,0.0,1,0.0,0.0,0.0,0.0,0.0,0,,,,,,1,0.0,0.0,0.0,0.0,0.0,1,1,1,1.4381269936460871e-06,9.667042957239858e-07,2.0558045404640664e-08,4.440892098500626e-16,9.667042957239858e-07,0.000345176911802366,0.00022034240489254842,2.8043476703652117e-06,1.3781505159293772e-08,0.00022034240489254842,1.630347368028765e-05,1.1843615199680357e-05,3.311876968772764e-08,1.6571093386374969e-09,1.1843615199680357e-05,1.6185635705768009e-06,8.175182396596981e-07,7.749135595937796e-09,3.6209000242592992e-09,8.175182396596981e-07,,,,,,,,,
2026-03-22T15:59:35Z,test_cases/pglib_opf_case3022_goc.mat,pglib_opf_case3022_goc,oracle_ac_primal_dual_all_bounds__Pg_Vm_Va,oracle_ac_primal_dual_all_bounds,full_all_bounds,ac_true,1,0,Pg+Vm+Va,3,,,optimal,ok,1,2204.4862438336427,599179.3610739833,271.79999999987774,0,0.03871893882751465,1.297504186630249,4.134939908981323,5.432444095611572,5.432444095611572,5.471163034439087,acopf_acdc_paper_study/cases/pglib_opf_case3022_goc/logs/oracle_ac_primal_dual_all_bounds__Pg_Vm_Va.log,0,10,7.473055240204048e-07,1.2241726743975404e-07,9.639247712522891e-09,3.5494814342257865e-08,7.473055240204048e-07,0.998,,,0.998,False,100.0,3022,4135,637,327,1574,1,318,2703,57997.486000000004,3503.426,228574.12099999998,7502.474999999999,78429.07500000001,-78429.07500000001,4135,0,0,2,1,601383.8473178179,59253.52954519132,4967.72941592965,0.9499999960695329,1.0691513206814067,1.0153359666452564,0.023709259901863487,-1.6426775125317987,0.06192846031141915,-0.6384623216324427,0.15968931470388717,1568.1569682206564,1513.000589683457,71.24603089758394,71.32070922171175,1.0000000348508942,1.0000002353560515,0.3186264002683037,0.31890275810780855,5.681031822746263e-08,1.5916680240479764e-07,199,13,6,19,19,95,1,0.0,0.0,0.0,0.0,0.0,0,,,,,,1,0.0,0.0,0.0,0.0,0.0,1,0.0,0.0,0.0,0.0,0.0,1,1,1,1.4380320868906216e-06,9.665803464287137e-07,2.0556658295494975e-08,4.440892098500626e-16,9.665803464287137e-07,0.00034517683964607076,0.0002203424864639647,2.804362751876029e-06,1.3786497943257814e-08,0.0002203424864639647,1.6303480924344046e-05,1.1843617426787745e-05,3.3118255789846846e-08,1.6570499417056794e-09,1.1843617426787745e-05,1.6185548892047806e-06,8.175184200709396e-07,7.748942967281093e-09,3.6213798626505422e-09,8.175184200709396e-07,,,,,,,,,
2026-03-22T15:59:39Z,test_cases/pglib_opf_case3022_goc.mat,pglib_opf_case3022_goc,oracle_ac_primal_dual_all_bounds__Qg_Vm_Va,oracle_ac_primal_dual_all_bounds,full_all_bounds,ac_true,1,0,Qg+Vm+Va,3,,,optimal,ok,1,2204.4862438336454,599179.3610739836,271.7999999998779,0,0.03871893882751465,1.0615532398223877,3.216804265975952,4.27835750579834,4.27835750579834,4.3170764446258545,acopf_acdc_paper_study/cases/pglib_opf_case3022_goc/logs/oracle_ac_primal_dual_all_bounds__Qg_Vm_Va.log,0,9,7.47305221376006e-07,1.2241727632760976e-07,9.639247712522891e-09,3.549481452246952e-08,7.47305221376006e-07,0.909,,,0.909,False,100.0,3022,4135,637,327,1574,1,318,2703,57997.486000000004,3503.426,228574.12099999998,7502.474999999999,78429.07500000001,-78429.07500000001,4135,0,0,2,1,601383.8473178182,59253.52954519041,4967.729415915287,0.9499999960695329,1.0691513206814136,1.015335966645396,0.023709259901936758,-1.6426775125318176,0.06192846031141786,-0.6384623216325055,0.15968931470387054,1568.1569682206507,1513.00058968346,71.24603089756158,71.320709221688,1.0000000348508882,1.000000235356144,0.3186264002681944,0.31890275810770485,5.6808671544672507e-08,1.591668734590712e-07,199,13,6,19,19,95,0,,,,,,1,0.0,0.0,0.0,0.0,0.0,1,0.0,0.0,0.0,0.0,0.0,1,0.0,0.0,0.0,0.0,0.0,1,1,1,1.4379994414724168e-06,9.665794322710752e-07,2.0556422103185634e-08,4.440892098500626e-16,9.665794322710752e-07,0.0003451768535923689,0.00022034248596503048,2.804380445028706e-06,1.3786560226769495e-08,0.00022034248596503048,1.6303482581042953e-05,1.1843618605178463e-05,3.311848845445874e-08,1.658326143072486e-09,1.1843618605178463e-05,1.6185546494148246e-06,8.175184933456592e-07,7.748875168781542e-09,3.6213050891298337e-09,8.175184933456592e-07,,,,,,,,,
2026-03-22T15:59:43Z,test_cases/pglib_opf_case3022_goc.mat,pglib_opf_case3022_goc,oracle_ac_primal_dual_all_bounds__Pg_Qg_Vm_Va,oracle_ac_primal_dual_all_bounds,full_all_bounds,ac_true,1,0,Pg+Qg+Vm+Va,4,,,optimal,ok,1,2204.4862438336427,599179.3610739836,271.7999999998779,0,0.03871893882751465,0.5778231620788574,3.109109878540039,3.6869330406188965,3.6869330406188965,3.725651979446411,acopf_acdc_paper_study/cases/pglib_opf_case3022_goc/logs/oracle_ac_primal_dual_all_bounds__Pg_Qg_Vm_Va.log,0,9,7.473059588960133e-07,1.2241747225985589e-07,9.639247712522891e-09,3.549481764350532e-08,7.473059588960133e-07,0.905,,,0.905,False,100.0,3022,4135,637,327,1574,1,318,2703,57997.486000000004,3503.426,228574.12099999998,7502.474999999999,78429.07500000001,-78429.07500000001,4135,0,0,2,1,601383.8473178182,59253.5295451902,4967.729415911582,0.9499999960695329,1.0691513206813799,1.015335966645423,0.023709259901944908,-1.6426775125317317,0.06192846031143406,-0.6384623216325169,0.159689314703852,1568.1569682206425,1513.000589683462,71.24603089754947,71.32070922167475,1.0000000348508777,1.0000002353561173,0.31862640026813094,0.31890275810763896,5.680970716070988e-08,1.5916679529937028e-07,199,13,6,19,19,95,1,0.0,0.0,0.0,0.0,0.0,1,0.0,0.0,0.0,0.0,0.0,1,0.0,0.0,0.0,0.0,0.0,1,0.0,0.0,0.0,0.0,0.0,1,1,1,1.4379911814089783e-06,9.665797429114775e-07,2.055637606504631e-08,4.440892098500626e-16,9.665797429114775e-07,0.0003451769970688259,0.00022034245761037852,2.8043871222726555e-06,1.3786756958289459e-08,0.00022034245761037852,1.6303499701084743e-05,1.1843638566322312e-05,3.311857454553124e-08,1.6587028417447414e-09,1.1843638566322312e-05,1.6185554286937915e-06,8.175195391757484e-07,7.748858099506656e-09,3.6212587373185556e-09,8.175195391757484e-07,,,,,,,,,
2026-03-22T16:00:15Z,test_cases/pglib_opf_case3022_goc.mat,pglib_opf_case3022_goc,oracle_ac_dual_only_constraint__none,oracle_ac_dual_only_constraint,constraint_only,ac_true,1,0,,0,,,maxIterations,warning,0,2314.5460119013073,,,,0.03871893882751465,1.0223219394683838,30.54890012741089,31.571222066879272,31.571222066879272,31.609941005706787,acopf_acdc_paper_study/cases/pglib_opf_case3022_goc/logs/oracle_ac_dual_only_constraint__none.log,1,300,39.33316456101585,0.03915309455414345,0.0,0.04784677137826052,39.33316456101585,26.827,,,26.827,True,100.0,3022,4135,637,327,1574,1,318,2703,57997.486000000004,3503.426,228574.12099999998,7502.474999999999,78429.07500000001,-78429.07500000001,4135,0,0,2,1,,,,,,,,,,,,,,,,,,,,,,,,,,,,0,,,,,,0,,,,,,0,,,,,,0,,,,,,1,1,0,,,,,,,,,,,,,,,,,,,,,,,,,,,,,
2026-03-22T16:00:45Z,test_cases/pglib_opf_case3022_goc.mat,pglib_opf_case3022_goc,oracle_ac_dual_only_bounds__none,oracle_ac_dual_only_bounds,all_bounds_only,ac_true,1,0,,0,,,maxIterations,warning,0,2619.844778417509,,,,0.03871893882751465,1.02547287940979,29.498565912246704,30.524038791656494,30.524038791656494,30.56275773048401,acopf_acdc_paper_study/cases/pglib_opf_case3022_goc/logs/oracle_ac_dual_only_bounds__none.log,1,300,93.53818783675112,5.771373387658037,9.999723826759066e-09,1071.8234542478851,1071.8234542478851,27.268,,,27.268,True,100.0,3022,4135,637,327,1574,1,318,2703,57997.486000000004,3503.426,228574.12099999998,7502.474999999999,78429.07500000001,-78429.07500000001,4135,0,0,2,1,,,,,,,,,,,,,,,,,,,,,,,,,,,,0,,,,,,0,,,,,,0,,,,,,0,,,,,,0,0,1,,,,,,,,,,,,,,,,,,,,,,,,,,,,,
2026-03-22T16:01:09Z,test_cases/pglib_opf_case3022_goc.mat,pglib_opf_case3022_goc,oracle_ac_dual_only_full__none,oracle_ac_dual_only_full,full_all_bounds,ac_true,1,0,,0,,,optimal,ok,1,2204.4862438336436,599179.3610739831,271.7999999998777,0,0.03871893882751465,1.0139641761779785,22.700690031051636,23.714654207229614,23.714654207229614,23.75337314605713,acopf_acdc_paper_study/cases/pglib_opf_case3022_goc/logs/oracle_ac_dual_only_full__none.log,0,228,7.472938020623744e-07,1.2241716145725695e-07,9.639247712522891e-09,3.549481308937736e-08,7.472938020623744e-07,20.447,,,20.447,False,100.0,3022,4135,637,327,1574,1,318,2703,57997.486000000004,3503.426,228574.12099999998,7502.474999999999,78429.07500000001,-78429.07500000001,4135,0,0,2,1,601383.8473178177,59253.52954525166,4967.729416393277,0.9499999960695329,1.069151320683116,1.0153359666436856,0.023709259905453115,-1.642677512618715,0.06192846029708607,-0.6384623216407089,0.15968931471747963,1568.156968223996,1513.000589682364,71.24603090112218,71.32070922525003,1.000000034850896,1.000000235356142,0.31862640027651024,0.3189027581161318,5.681056336470647e-08,1.591667242450967e-07,199,13,6,19,19,95,0,,,,,,0,,,,,,0,,,,,,0,,,,,,1,1,1,1.4383995457767665e-06,9.67416537989152e-07,2.0569097453241207e-08,4.440892098500626e-16,9.67416537989152e-07,0.00034517599810482576,0.0002203411865537852,2.8042107127134644e-06,1.370171198722403e-08,0.0002203411865537852,1.6303395750988654e-05,1.184358564110255e-05,3.3118809084517016e-08,1.6539133396165084e-09,1.184358564110255e-05,1.6185062656954496e-06,8.175009533761823e-07,7.748136116061773e-09,3.623325806056954e-09,8.175009533761823e-07,,,,,,,,,
2026-03-22T16:01:19Z,test_cases/pglib_opf_case3022_goc.mat,pglib_opf_case3022_goc,dc_seed__Pg,dc_seed,none,dcopf,0,1,Pg,1,,,optimal,ok,1,2204.486243834633,599179.3610742526,271.79999999999995,0,0.03871893882751465,1.0458896160125732,8.387704133987427,9.43359375,9.833101034164429,9.871819972991943,acopf_acdc_paper_study/cases/pglib_opf_case3022_goc/logs/dc_seed__Pg.log,0,54,7.627413019098812e-08,1.586634598878256e-08,9.639247712522891e-09,3.361074603182486e-08,7.627413019098812e-08,6.153,,,6.153,False,100.0,3022,4135,637,327,1574,1,318,2703,57997.486000000004,3503.426,228574.12099999998,7502.474999999999,78429.07500000001,-78429.07500000001,4135,0,0,2,1,601383.8473180872,59253.52959582191,4967.729321800459,0.9499999960695329,1.0691513219250481,1.0153359918187421,0.023709289906676548,-1.6426775235432078,0.06192846928502872,-0.6384623231707223,0.15968931484068627,1568.1569680530665,1513.000589738328,71.246037600693,71.32071708249526,1.0000000348508844,1.0000002353561475,0.31862642304155986,0.31890278597177407,5.6810694815112583e-08,1.5916658213654955e-07,199,13,6,19,19,95,1,9.117215522371627,5.013355974724475,0.14302998765713532,1.6759743903804747e-07,5.013355974724475,0,,,,,,0,,,,,,0,,,,,,0,0,0,4.337511155268414e-12,3.156586103614245e-12,5.45285019991412e-14,0.0,3.156586103614245e-12,5.434929066019726e-11,3.071198850790324e-11,6.000511892193512e-13,5.950795411990839e-14,3.071198850790324e-11,3.07087962353822e-12,2.5150992399858296e-12,1.2861981499711029e-14,6.217248937900877e-15,2.5150992399858296e-12,6.708803352798154e-13,1.4988010832439613e-13,9.016038706121522e-15,7.216449660063518e-15,1.4988010832439613e-13,native_only,ipopt,nlp,optimal,ok,0.0764322280883789,0.3230750560760498,0.3995072841644287,599838.8720562947
2026-03-22T16:01:27Z,test_cases/pglib_opf_case3022_goc.mat,pglib_opf_case3022_goc,dc_seed__Va,dc_seed,none,dcopf,0,1,Va,1,,,optimal,ok,1,2204.4862438346313,599179.3610742522,271.7999999999997,0,0.03871893882751465,1.0332322120666504,6.528822183609009,7.562054395675659,7.961561679840088,8.000280618667603,acopf_acdc_paper_study/cases/pglib_opf_case3022_goc/logs/dc_seed__Va.log,0,51,7.627496875568283e-08,1.586637588760903e-08,9.639247712522891e-09,3.361074650776327e-08,7.627496875568283e-08,4.302,,,4.302,False,100.0,3022,4135,637,327,1574,1,318,2703,57997.486000000004,3503.426,228574.12099999998,7502.474999999999,78429.07500000001,-78429.07500000001,4135,0,0,2,1,601383.8473180868,59253.5295957665,4967.729321403569,0.9499999960695329,1.06915132192432,1.015335991819829,0.023709289904166146,-1.6426775234529611,0.061928469300010586,-0.6384623231621813,0.15968931482685092,1568.1569680491557,1513.0005897396084,71.246037597467,71.32071707929643,1.000000034850889,1.0000002353560906,0.31862642303459016,0.31890278596479305,5.6810158355347085e-08,1.591666389799684e-07,199,13,6,19,19,95,0,,,,,,0,,,,,,0,,,,,,1,1.6826437540360346,0.2301527842290514,0.02639097237493112,0.022326333229389372,0.2301527842290514,0,0,0,7.713837061471728e-09,5.779167366881666e-09,7.657631410769258e-11,0.0,5.779167366881666e-09,2.9225763464426713e-08,1.865433829628671e-08,3.84299898854101e-10,1.6768697541635902e-11,1.865433829628671e-08,8.910036684020421e-10,1.7236134741693832e-10,7.747631126990587e-12,1.6747714326470486e-12,1.7236134741693832e-10,1.2881675138405086e-09,1.0664935601312209e-10,1.2157692732541811e-11,3.3139047062036298e-12,1.0664935601312209e-10,native_only,ipopt,nlp,optimal,ok,0.0764322280883789,0.3230750560760498,0.3995072841644287,599838.8720562947
2026-03-22T16:01:35Z,test_cases/pglib_opf_case3022_goc.mat,pglib_opf_case3022_goc,dc_seed__Pg_Va,dc_seed,none,dcopf,0,1,Pg+Va,2,,,optimal,ok,1,2204.4862438346327,599179.3610742528,271.8,0,0.03871893882751465,0.9872069358825684,7.639100074768066,8.626307010650635,9.025814294815063,9.064533233642578,acopf_acdc_paper_study/cases/pglib_opf_case3022_goc/logs/dc_seed__Pg_Va.log,0,44,7.627483686058569e-08,1.586640217777699e-08,9.639247712522891e-09,3.3610746900449665e-08,7.627483686058569e-08,5.362,,,5.362,False,100.0,3022,4135,637,327,1574,1,318,2703,57997.486000000004,3503.426,228574.12099999998,7502.474999999999,78429.07500000001,-78429.07500000001,4135,0,0,2,1,601383.8473180874,59253.52959576659,4967.7293214040355,0.9499999960695329,1.0691513219243365,1.0153359918198284,0.02370928990416341,-1.6426775234529942,0.06192846930002129,-0.6384623231621834,0.1596893148268568,1568.1569680491557,1513.0005897396086,71.24603759746614,71.32071707929538,1.0000000348508966,1.0000002353561086,0.3186264230345869,0.318902785964789,5.681041237437512e-08,1.5916670292881463e-07,199,13,6,19,19,95,1,9.117215522371627,5.013355974724475,0.14302998765713532,1.6759743903804747e-07,5.013355974724475,0,,,,,,0,,,,,,1,1.6826437540360346,0.2301527842290514,0.02639097237493112,0.022326333229389372,0.2301527842290514,0,0,0,7.70928470051566e-09,5.775614653202865e-09,7.653664824959872e-11,0.0,5.775614653202865e-09,2.9220799400577458e-08,1.8648730559789328e-08,3.8456234055752376e-10,1.691335960174456e-11,1.8648730559789328e-08,8.912158012232188e-10,1.7228485305054164e-10,7.751848798867459e-12,1.6726620089002608e-12,1.7228485305054164e-10,1.287955562996275e-09,1.0658762761295293e-10,1.2162413837014684e-11,3.321898311980931e-12,1.0658762761295293e-10,native_only,ipopt,nlp,optimal,ok,0.0764322280883789,0.3230750560760498,0.3995072841644287,599838.8720562947
