timestamp_utc,case_file,case_name,run_name,family,dual_mode,seed_source,is_oracle,is_practical,blocks,num_blocks,seed_vm_policy,seed_qg_policy,termination,status,success,objective,objective_gap_vs_baseline_abs,objective_gap_vs_baseline_rel,objective_matches_baseline,shared_case_prep_time,build_time,solve_time,total_time,end_to_end_time,full_pipeline_time_including_shared_case_prep,log_path,hit_max_iter,iterations,dual_inf,constr_viol,var_bound_viol,compl_inf,overall_nlp_error,ipopt_reported_total_sec,ipopt_cpu_sec_no_func_eval,ipopt_cpu_sec_func_eval,ipopt_cpu_total_est,restoration_used,baseMVA,nb,nl,ng_total,ng_active,n_load_buses,n_ref_buses,n_pv_buses,n_pq_buses,total_pd_mw,total_qd_mvar,sum_pmax_mw,sum_pmin_mw,sum_qmax_mvar,sum_qmin_mvar,n_branch_with_limits,n_branch_out_of_service,gencost_any_pwl,gencost_max_poly_degree,gencost_any_quadratic,objective_value,total_pg_mw,total_qg_mvar,vm_min,vm_max,vm_mean,vm_std,va_min_rad,va_max_rad,va_mean_rad,va_std_rad,max_line_mva_from,max_line_mva_to,mean_line_mva_from,mean_line_mva_to,max_thermal_util_from,max_thermal_util_to,mean_thermal_util_from,mean_thermal_util_to,max_flow_limit_violation_sq_from,max_flow_limit_violation_sq_to,n_pg_at_lb,n_pg_at_ub,n_qg_at_lb,n_qg_at_ub,n_vm_at_lb,n_vm_at_ub,init_has_Pg,init_Pg_l2,init_Pg_linf,init_Pg_mean_abs,init_Pg_median_abs,init_Pg_max_abs,init_has_Qg,init_Qg_l2,init_Qg_linf,init_Qg_mean_abs,init_Qg_median_abs,init_Qg_max_abs,init_has_Vm,init_Vm_l2,init_Vm_linf,init_Vm_mean_abs,init_Vm_median_abs,init_Vm_max_abs,init_has_Va,init_Va_l2,init_Va_linf,init_Va_mean_abs,init_Va_median_abs,init_Va_max_abs,init_has_duals,init_has_constraint_duals,init_has_bound_mults,dist_to_baseline_Pg_l2,dist_to_baseline_Pg_linf,dist_to_baseline_Pg_mean_abs,dist_to_baseline_Pg_median_abs,dist_to_baseline_Pg_max_abs,dist_to_baseline_Qg_l2,dist_to_baseline_Qg_linf,dist_to_baseline_Qg_mean_abs,dist_to_baseline_Qg_median_abs,dist_to_baseline_Qg_max_abs,dist_to_baseline_Vm_l2,dist_to_baseline_Vm_linf,dist_to_baseline_Vm_mean_abs,dist_to_baseline_Vm_median_abs,dist_to_baseline_Vm_max_abs,dist_to_baseline_Va_l2,dist_to_baseline_Va_linf,dist_to_baseline_Va_mean_abs,dist_to_baseline_Va_median_abs,dist_to_baseline_Va_max_abs,dc_seed_mode,dc_solver,dc_solver_problem_type,dc_termination,dc_status,dc_build_time,dc_solve_time,dc_total_time,dc_objective
2026-03-22T16:49:27Z,test_cases/pglib_opf_case5658_epigrids.mat,pglib_opf_case5658_epigrids,baseline_default,baseline,none,case_default,0,1,,0,,,optimal,ok,1,9256.146410509922,,,,0.09068179130554199,0.800490140914917,14.982439756393433,15.78292989730835,15.78292989730835,15.873611688613892,acopf_acdc_paper_study/cases/pglib_opf_case5658_epigrids/logs/baseline_default.log,0,40,1.8592274715904174e-10,5.999725789911451e-14,1.034441616809545e-07,6.969753736973964e-08,6.969753736973964e-08,10.035,,,10.035,False,100.0,5658,9078,474,474,4166,1,104,5553,42383.100000000006,18131.88,66718.76,28330.64,37509.75,-22414.72,9078,6,0,2,1,1207313.7850542369,42810.944331552586,17048.270615665602,1.009242425268354,1.1000000073560174,1.0598459031804586,0.014325553261040336,-0.6478875506028616,2.3853804270968946e-34,-0.24166722337210345,0.0958919779920648,1609.1115145601987,1605.8835364815195,36.041452926032875,36.0214787111268,0.9252292903340902,0.922532783128849,0.20158495570551996,0.20132097670285815,0.0,0.0,345,158,30,124,0,30,,,,,,,,,,,,,,,,,,,,,,,,,,,,,,,,,,,,,,,,,,,,,,,,,,,,,,,,
2026-03-22T16:49:43Z,test_cases/pglib_opf_case5658_epigrids.mat,pglib_opf_case5658_epigrids,oracle_ac_primal_only__Pg,oracle_ac_primal_only,none,ac_true,1,0,Pg,1,,,optimal,ok,1,9256.146410509946,1198057.6386437302,129.43373900000023,0,0.09068179130554199,1.346837043762207,14.491106986999512,15.837944030761719,15.837944030761719,15.92862582206726,acopf_acdc_paper_study/cases/pglib_opf_case5658_epigrids/logs/oracle_ac_primal_only__Pg.log,0,38,2.11894650208811e-10,5.5991613219297346e-14,1.034441616809545e-07,6.969753737190637e-08,6.969753737190637e-08,8.927,,,8.927,False,100.0,5658,9078,474,474,4166,1,104,5553,42383.100000000006,18131.88,66718.76,28330.64,37509.75,-22414.72,9078,6,0,2,1,1207313.7850542401,42810.94433155271,17048.270615666024,1.0092424252683576,1.1000000073560174,1.0598459031804606,0.014325553261039967,-0.6478875506028502,-3.0055657105089165e-34,-0.24166722337210242,0.09589197799206237,1609.1115145601943,1605.8835364815077,36.041452926032896,36.0214787111268,0.9252292903340796,0.9225327831288545,0.20158495570551982,0.20132097670285815,0.0,0.0,345,158,30,124,0,30,1,0.0,0.0,0.0,0.0,0.0,0,,,,,,0,,,,,,0,,,,,,0,0,0,1.205036070928145e-12,1.205036070928145e-12,2.5422701918315293e-15,0.0,1.205036070928145e-12,8.837568361090118e-12,5.63660229602192e-12,8.759173282963461e-14,1.812439087700568e-14,5.63660229602192e-12,2.7413364699370496e-13,2.5091040356528538e-14,2.717044216574694e-15,2.220446049250313e-15,2.5091040356528538e-14,2.769191112472592e-13,1.3433698597964394e-14,2.3009499576237293e-15,1.27675647831893e-15,1.3433698597964394e-14,,,,,,,,,
2026-03-22T16:50:00Z,test_cases/pglib_opf_case5658_epigrids.mat,pglib_opf_case5658_epigrids,oracle_ac_primal_only__Qg,oracle_ac_primal_only,none,ac_true,1,0,Qg,1,,,optimal,ok,1,9256.146410509955,1198057.6386437314,129.43373900000034,0,0.09068179130554199,2.275214910507202,14.393872022628784,16.669086933135986,16.669086933135986,16.75976872444153,acopf_acdc_paper_study/cases/pglib_opf_case5658_epigrids/logs/oracle_ac_primal_only__Qg.log,0,40,1.6387057110160898e-10,7.523862675760919e-14,1.034441616809545e-07,6.969753737006947e-08,6.969753737006947e-08,7.928,,,7.928,False,100.0,5658,9078,474,474,4166,1,104,5553,42383.100000000006,18131.88,66718.76,28330.64,37509.75,-22414.72,9078,6,0,2,1,1207313.7850542413,42810.944331552746,17048.270615665697,1.0092424252683538,1.1000000073560174,1.0598459031804592,0.014325553261040395,-0.6478875506028619,4.665574826871951e-34,-0.2416672233721028,0.09589197799206484,1609.111514560188,1605.8835364815088,36.04145292603296,36.02147871112685,0.9252292903341564,0.9225327831288818,0.20158495570552076,0.2013209767028589,0.0,0.0,345,158,30,124,0,30,0,,,,,,1,0.0,0.0,0.0,0.0,0.0,0,,,,,,0,,,,,,0,0,0,1.5771828287977614e-12,1.5771828287824974e-12,3.327404573177906e-15,0.0,1.5771828287824974e-12,6.399035233742527e-12,4.05975253414681e-12,6.41711543256342e-14,7.327471962526033e-15,4.05975253414681e-12,3.2770022553014824e-13,2.5091040356528538e-14,2.902984007690777e-15,1.7763568394002505e-15,2.5091040356528538e-14,2.54340344259795e-13,1.3322676295501878e-14,2.159156702135505e-15,1.3322676295501878e-15,1.3322676295501878e-14,,,,,,,,,
2026-03-22T16:50:15Z,test_cases/pglib_opf_case5658_epigrids.mat,pglib_opf_case5658_epigrids,oracle_ac_primal_only__Vm,oracle_ac_primal_only,none,ac_true,1,0,Vm,1,,,optimal,ok,1,9256.146410509957,1198057.6386437318,129.4337390000004,0,0.09068179130554199,1.3797781467437744,14.195846796035767,15.575624942779541,15.575624942779541,15.666306734085083,acopf_acdc_paper_study/cases/pglib_opf_case5658_epigrids/logs/oracle_ac_primal_only__Vm.log,0,36,1.6679496121703639e-10,5.3838877800416185e-14,1.034441616809545e-07,6.969753766419507e-08,6.969753766419507e-08,7.728,,,7.728,False,100.0,5658,9078,474,474,4166,1,104,5553,42383.100000000006,18131.88,66718.76,28330.64,37509.75,-22414.72,9078,6,0,2,1,1207313.7850542418,42810.94433155276,17048.27061565977,1.0092424252685204,1.1000000073560174,1.059845903180804,0.014325553260995647,-0.6478875506027106,7.103258666416312e-28,-0.24166722337207294,0.09589197799204022,1609.111514555179,1605.8835364765923,36.041452926038936,36.0214787111328,0.9252292903338741,0.9225327831286466,0.20158495570561027,0.20132097670294832,0.0,0.0,345,158,30,124,0,30,0,,,,,,0,,,,,,1,0.0,0.0,0.0,0.0,0.0,0,,,,,,0,0,0,1.7592937924070057e-12,1.759259404821023e-12,3.743621095788512e-15,0.0,1.759259404821023e-12,3.496023821073615e-10,1.6512924361222758e-10,6.5300896575923175e-12,1.1194448146234492e-12,1.6512924361222758e-10,3.989482630134248e-11,2.041922186890588e-12,3.4575590495633894e-13,1.765254609153999e-13,2.041922186890588e-12,3.866149137468417e-12,3.3237301799715624e-13,3.936926982450673e-14,3.2307490016592055e-14,3.3237301799715624e-13,,,,,,,,,
2026-03-22T16:50:31Z,test_cases/pglib_opf_case5658_epigrids.mat,pglib_opf_case5658_epigrids,oracle_ac_primal_only__Va,oracle_ac_primal_only,none,ac_true,1,0,Va,1,,,optimal,ok,1,9256.146410509964,1198057.6386437325,129.4337390000005,0,0.09068179130554199,2.509986162185669,13.340549945831299,15.850536108016968,15.850536108016968,15.94121789932251,acopf_acdc_paper_study/cases/pglib_opf_case5658_epigrids/logs/oracle_ac_primal_only__Va.log,0,37,3.73247782158102e-10,5.6142382068216344e-14,1.034441616809545e-07,6.969753766583851e-08,6.969753766583851e-08,7.821,,,7.821,False,100.0,5658,9078,474,474,4166,1,104,5553,42383.100000000006,18131.88,66718.76,28330.64,37509.75,-22414.72,9078,6,0,2,1,1207313.7850542425,42810.94433155279,17048.270615660138,1.0092424252685832,1.1000000073560174,1.0598459031808751,0.01432555326098703,-0.6478875506026626,-9.034220833000445e-32,-0.24166722337206217,0.0958919779920334,1609.1115145541448,1605.8835364755953,36.041452926041124,36.02147871113516,0.9252292903339295,0.9225327831287023,0.20158495570562956,0.2013209767029682,0.0,0.0,345,158,30,124,0,30,0,,,,,,0,,,,,,0,,,,,,1,0.0,0.0,0.0,0.0,0.0,0,0,0,2.049522526402243e-12,2.049471703458039e-12,4.36293933533846e-15,0.0,2.049471703458039e-12,4.0040500302795783e-10,1.851434561217502e-10,7.760025038015845e-12,1.500174984236935e-12,1.851434561217502e-10,4.82613689502155e-11,2.4296120670896926e-12,4.1646094294747306e-13,2.0872192862952943e-13,2.4296120670896926e-12,4.927871457943039e-12,3.582412144709224e-13,5.086068266119289e-14,4.322930902134203e-14,3.582412144709224e-13,,,,,,,,,
2026-03-22T16:50:47Z,test_cases/pglib_opf_case5658_epigrids.mat,pglib_opf_case5658_epigrids,oracle_ac_primal_only__Pg_Qg,oracle_ac_primal_only,none,ac_true,1,0,Pg+Qg,2,,,optimal,ok,1,9256.146410509959,1198057.6386437318,129.4337390000004,0,0.09068179130554199,3.3988349437713623,12.408148050308228,15.80698299407959,15.80698299407959,15.897664785385132,acopf_acdc_paper_study/cases/pglib_opf_case5658_epigrids/logs/oracle_ac_primal_only__Pg_Qg.log,0,37,3.8203967276772114e-10,6.538479576634127e-14,1.034441616809545e-07,6.969753766310863e-08,6.969753766310863e-08,7.261,,,7.261,False,100.0,5658,9078,474,474,4166,1,104,5553,42383.100000000006,18131.88,66718.76,28330.64,37509.75,-22414.72,9078,6,0,2,1,1207313.7850542418,42810.94433155277,17048.270615666643,1.0092424252683558,1.1000000073560174,1.0598459031804583,0.014325553261039204,-0.6478875506028507,5.954043594737643e-34,-0.2416672233720996,0.09589197799206237,1609.111514560169,1605.883536481478,36.04145292603293,36.02147871112678,0.9252292903341748,0.9225327831289,0.20158495570551976,0.20132097670285767,0.0,0.0,345,158,30,124,0,30,1,0.0,0.0,0.0,0.0,0.0,1,0.0,0.0,0.0,0.0,0.0,0,,,,,,0,,,,,,0,0,0,1.7787993300544258e-12,1.7787993300544258e-12,3.752741202656939e-15,0.0,1.7787993300544258e-12,1.6314151492683222e-10,9.38056299304435e-11,9.185299577609951e-13,1.0658141036401503e-14,9.38056299304435e-11,3.6765195967215133e-13,5.129230373768223e-14,2.6713637782338073e-15,1.5543122344752192e-15,5.129230373768223e-14,4.805038765105449e-13,2.4313884239290928e-14,4.473339138405496e-15,2.42861286636753e-15,2.4313884239290928e-14,,,,,,,,,
2026-03-22T16:51:03Z,test_cases/pglib_opf_case5658_epigrids.mat,pglib_opf_case5658_epigrids,oracle_ac_primal_only__Pg_Vm,oracle_ac_primal_only,none,ac_true,1,0,Pg+Vm,2,,,optimal,ok,1,9256.146410509935,1198057.638643729,129.4337390000001,0,0.09068179130554199,3.8448140621185303,12.200721979141235,16.045536041259766,16.045536041259766,16.136217832565308,acopf_acdc_paper_study/cases/pglib_opf_case5658_epigrids/logs/oracle_ac_primal_only__Pg_Vm.log,0,34,2.2792668655624073e-10,6.546653506548035e-14,1.034441616809545e-07,6.96975373734714e-08,6.96975373734714e-08,7.255,,,7.255,False,100.0,5658,9078,474,474,4166,1,104,5553,42383.100000000006,18131.88,66718.76,28330.64,37509.75,-22414.72,9078,6,0,2,1,1207313.785054239,42810.94433155266,17048.270615659858,1.00924242526852,1.1000000073560174,1.0598459031808065,0.014325553260994864,-0.647887550602708,-2.980292060853882e-27,-0.24166722337207228,0.09589197799203968,1609.1115145551737,1605.8835364765873,36.04145292603878,36.021478711132715,0.9252292903338935,0.9225327831286657,0.20158495570561075,0.20132097670294888,0.0,0.0,345,158,30,124,0,30,1,0.0,0.0,0.0,0.0,0.0,0,,,,,,1,0.0,0.0,0.0,0.0,0.0,0,,,,,,0,0,0,7.403784361047505e-13,7.402967128200544e-13,1.5939327336503357e-15,0.0,7.402967128200544e-13,3.093861955522817e-10,1.651054848395006e-10,5.91904807296805e-12,1.1272163757958253e-12,1.651054848395006e-10,4.000462227304468e-11,2.043476499125063e-12,3.479805501524127e-13,1.7885692926711272e-13,2.043476499125063e-12,3.896835806329549e-12,3.314570840018405e-13,3.9689765122186234e-14,3.2987501619174964e-14,3.314570840018405e-13,,,,,,,,,
2026-03-22T16:51:17Z,test_cases/pglib_opf_case5658_epigrids.mat,pglib_opf_case5658_epigrids,oracle_ac_primal_only__Pg_Va,oracle_ac_primal_only,none,ac_true,1,0,Pg+Va,2,,,optimal,ok,1,9256.146410509971,1198057.6386437335,129.43373900000057,0,0.09068179130554199,2.236538887023926,11.639286041259766,13.875824928283691,13.875824928283691,13.966506719589233,acopf_acdc_paper_study/cases/pglib_opf_case5658_epigrids/logs/oracle_ac_primal_only__Pg_Va.log,0,32,2.0915725949219374e-10,6.121872001283124e-14,1.034441616809545e-07,6.969753738563001e-08,6.969753738563001e-08,6.779,,,6.779,False,100.0,5658,9078,474,474,4166,1,104,5553,42383.100000000006,18131.88,66718.76,28330.64,37509.75,-22414.72,9078,6,0,2,1,1207313.7850542434,42810.944331552826,17048.27061565869,1.009242425268585,1.1000000073560174,1.0598459031808762,0.014325553260986832,-0.6478875506026599,-2.491989447024473e-31,-0.24166722337206073,0.0958919779920328,1609.1115145541753,1605.8835364756203,36.04145292604101,36.02147871113502,0.9252292903338963,0.922532783128687,0.20158495570562956,0.20132097670296795,0.0,0.0,345,158,30,124,0,30,1,0.0,0.0,0.0,0.0,0.0,0,,,,,,0,,,,,,1,0.0,0.0,0.0,0.0,0.0,0,0,0,2.3763651945324246e-12,2.376321361907685e-12,5.052502896280806e-15,0.0,2.376321361907685e-12,3.6511345663778006e-10,1.8498980125514208e-10,7.161026789422318e-12,1.4796219804935618e-12,1.8498980125514208e-10,4.8264560624957176e-11,2.4282797994601424e-12,4.174809039375759e-13,2.1016521856154213e-13,2.4282797994601424e-12,5.047877522126481e-12,3.5674241338767843e-13,5.2008325645676866e-14,4.411748744104216e-14,3.5674241338767843e-13,,,,,,,,,
2026-03-22T16:51:33Z,test_cases/pglib_opf_case5658_epigrids.mat,pglib_opf_case5658_epigrids,oracle_ac_primal_only__Qg_Vm,oracle_ac_primal_only,none,ac_true,1,0,Qg+Vm,2,,,optimal,ok,1,9256.14641050997,1198057.6386437332,129.43373900000054,0,0.09068179130554199,2.826046943664551,12.648538827896118,15.474585771560669,15.474585771560669,15.565267562866211,acopf_acdc_paper_study/cases/pglib_opf_case5658_epigrids/logs/oracle_ac_primal_only__Qg_Vm.log,0,36,3.5808420893414056e-10,5.2368017003943515e-14,1.034441616809545e-07,6.969753766435475e-08,6.969753766435475e-08,7.654,,,7.654,False,100.0,5658,9078,474,474,4166,1,104,5553,42383.100000000006,18131.88,66718.76,28330.64,37509.75,-22414.72,9078,6,0,2,1,1207313.7850542432,42810.94433155282,17048.270615660495,1.009242425268518,1.1000000073560174,1.059845903180803,0.014325553260994857,-0.6478875506027079,-4.0217619911239506e-28,-0.24166722337207114,0.09589197799203938,1609.1115145551746,1605.8835364766005,36.041452926038914,36.02147871113282,0.9252292903339393,0.9225327831286959,0.20158495570561036,0.2013209767029484,0.0,0.0,345,158,30,124,0,30,0,,,,,,1,0.0,0.0,0.0,0.0,0.0,1,0.0,0.0,0.0,0.0,0.0,0,,,,,,0,0,0,2.3037390343888803e-12,2.3037127760972e-12,4.8922422611345054e-15,0.0,2.3037127760972e-12,3.487132569695349e-10,1.6469337005275975e-10,6.519892949340772e-12,1.1159198565202644e-12,1.6469337005275975e-10,3.977243740558193e-11,2.042810365310288e-12,3.4443180015425864e-13,1.744160371686121e-13,2.042810365310288e-12,3.9919425013487655e-12,3.326228181776969e-13,4.060109909564412e-14,3.3639757646142243e-14,3.326228181776969e-13,,,,,,,,,
2026-03-22T16:51:48Z,test_cases/pglib_opf_case5658_epigrids.mat,pglib_opf_case5658_epigrids,oracle_ac_primal_only__Qg_Va,oracle_ac_primal_only,none,ac_true,1,0,Qg+Va,2,,,optimal,ok,1,9256.14641050995,1198057.6386437307,129.4337390000003,0,0.09068179130554199,2.328441858291626,12.623301982879639,14.951743841171265,14.951743841171265,15.042425632476807,acopf_acdc_paper_study/cases/pglib_opf_case5658_epigrids/logs/oracle_ac_primal_only__Qg_Va.log,0,37,5.452059193407255e-10,6.469744820431073e-14,1.034441616809545e-07,6.969753733730407e-08,6.969753733730407e-08,7.838,,,7.838,False,100.0,5658,9078,474,474,4166,1,104,5553,42383.100000000006,18131.88,66718.76,28330.64,37509.75,-22414.72,9078,6,0,2,1,1207313.7850542406,42810.944331552724,17048.270615658832,1.0092424252685843,1.1000000073560174,1.0598459031808765,0.014325553260987105,-0.6478875506026658,1.0792001419856477e-31,-0.24166722337206434,0.09589197799203389,1609.1115145541817,1605.8835364756196,36.04145292604107,36.02147871113504,0.9252292903339108,0.9225327831286767,0.20158495570562968,0.201320976702968,0.0,0.0,345,158,30,124,0,30,0,,,,,,1,0.0,0.0,0.0,0.0,0.0,0,,,,,,1,0.0,0.0,0.0,0.0,0.0,0,0,0,1.3734217203829795e-12,1.3733458814613186e-12,2.9365062310129545e-15,0.0,1.3733458814613186e-12,3.661247475097181e-10,1.849251862751089e-10,7.183010526481151e-12,1.4982459717316488e-12,1.849251862751089e-10,4.8419667418570994e-11,2.432942736163568e-12,4.1799571148925606e-13,2.0894397323445446e-13,2.432942736163568e-12,4.785484211298951e-12,3.560485239972877e-13,4.919459757581592e-14,4.1022740759899534e-14,3.560485239972877e-13,,,,,,,,,
2026-03-22T16:52:07Z,test_cases/pglib_opf_case5658_epigrids.mat,pglib_opf_case5658_epigrids,oracle_ac_primal_only__Vm_Va,oracle_ac_primal_only,none,ac_true,1,0,Vm+Va,2,,,optimal,ok,1,9256.14641050995,1198057.6386437307,129.4337390000003,0,0.09068179130554199,3.772226095199585,14.962889909744263,18.735116004943848,18.735116004943848,18.82579779624939,acopf_acdc_paper_study/cases/pglib_opf_case5658_epigrids/logs/oracle_ac_primal_only__Vm_Va.log,0,37,1.2007768599278195e-10,5.445643935786393e-14,1.034441616809545e-07,6.969753766667821e-08,6.969753766667821e-08,9.937,,,9.937,False,100.0,5658,9078,474,474,4166,1,104,5553,42383.100000000006,18131.88,66718.76,28330.64,37509.75,-22414.72,9078,6,0,2,1,1207313.7850542406,42810.944331552724,17048.270615658053,1.0092424252685994,1.1000000073560174,1.0598459031808691,0.014325553260994078,-0.6478875506026581,3.7887537979441636e-32,-0.241667223372068,0.09589197799203306,1609.1115145546535,1605.8835364760896,36.04145292603991,36.02147871113394,0.9252292903340091,0.9225327831287741,0.2015849557056274,0.20132097670296584,0.0,0.0,345,158,30,124,0,30,0,,,,,,0,,,,,,1,0.0,0.0,0.0,0.0,0.0,1,0.0,0.0,0.0,0.0,0.0,0,0,0,1.3461117848657545e-12,1.3460343950555398e-12,2.878930978409593e-15,0.0,1.3460343950555398e-12,4.0020006903903375e-10,1.855806619488476e-10,7.823180354376865e-12,1.4618306565239436e-12,1.855806619488476e-10,4.627860477785287e-11,2.2855051184933473e-12,4.1046255982110754e-13,2.169375790117556e-13,2.2855051184933473e-12,4.5983877093492505e-12,3.778366508555564e-13,4.6704606909218906e-14,3.6234903966203547e-14,3.778366508555564e-13,,,,,,,,,
2026-03-22T16:52:22Z,test_cases/pglib_opf_case5658_epigrids.mat,pglib_opf_case5658_epigrids,oracle_ac_primal_only__Pg_Qg_Vm,oracle_ac_primal_only,none,ac_true,1,0,Pg+Qg+Vm,3,,,optimal,ok,1,9256.14641050994,1198057.6386437295,129.43373900000014,0,0.09068179130554199,2.4310598373413086,13.31608533859253,15.747145175933838,15.747145175933838,15.83782696723938,acopf_acdc_paper_study/cases/pglib_opf_case5658_epigrids/logs/oracle_ac_primal_only__Pg_Qg_Vm.log,0,34,3.776657310706883e-10,6.248225577432534e-14,1.034441616809545e-07,6.969753737276454e-08,6.969753737276454e-08,8.542,,,8.542,False,100.0,5658,9078,474,474,4166,1,104,5553,42383.100000000006,18131.88,66718.76,28330.64,37509.75,-22414.72,9078,6,0,2,1,1207313.7850542394,42810.94433155269,17048.270615659367,1.0092424252685197,1.1000000073560174,1.0598459031808065,0.014325553260995032,-0.6478875506027038,8.062079620435564e-32,-0.2416672233720705,0.09589197799203868,1609.111514555163,1605.883536476576,36.04145292603875,36.02147871113274,0.9252292903338827,0.9225327831286325,0.2015849557056104,0.2013209767029487,0.0,0.0,345,158,30,124,0,30,1,0.0,0.0,0.0,0.0,0.0,1,0.0,0.0,0.0,0.0,0.0,1,0.0,0.0,0.0,0.0,0.0,0,,,,,,0,0,0,9.448632644209207e-13,9.447997939560082e-13,2.0248541479559444e-15,0.0,9.447997939560082e-13,3.0950801168182044e-10,1.6527468282845348e-10,5.9131337052851526e-12,1.1215958717336605e-12,1.6527468282845348e-10,3.999086220171778e-11,2.0443646775447633e-12,3.479296109694518e-13,1.780797731498751e-13,2.0443646775447633e-12,4.040886844594297e-12,3.3392733023163146e-13,4.111122997632028e-14,3.47499806707674e-14,3.3392733023163146e-13,,,,,,,,,
2026-03-22T16:52:39Z,test_cases/pglib_opf_case5658_epigrids.mat,pglib_opf_case5658_epigrids,oracle_ac_primal_only__Pg_Qg_Va,oracle_ac_primal_only,none,ac_true,1,0,Pg+Qg+Va,3,,,optimal,ok,1,9256.146410509937,1198057.638643729,129.4337390000001,0,0.09068179130554199,2.302443027496338,13.766126155853271,16.06856918334961,16.06856918334961,16.15925097465515,acopf_acdc_paper_study/cases/pglib_opf_case5658_epigrids/logs/oracle_ac_primal_only__Pg_Qg_Va.log,0,32,5.455522683478594e-10,6.163632064374673e-14,1.034441616809545e-07,6.969753738840404e-08,6.969753738840404e-08,8.777,,,8.777,False,100.0,5658,9078,474,474,4166,1,104,5553,42383.100000000006,18131.88,66718.76,28330.64,37509.75,-22414.72,9078,6,0,2,1,1207313.785054239,42810.944331552666,17048.27061565939,1.0092424252685823,1.1000000073560174,1.0598459031808751,0.014325553260987084,-0.6478875506026637,2.4586127073283914e-33,-0.24166722337206487,0.09589197799203329,1609.1115145541482,1605.8835364755814,36.04145292604101,36.021478711134996,0.9252292903339153,0.9225327831286637,0.2015849557056292,0.2013209767029676,0.0,0.0,345,158,30,124,0,30,1,0.0,0.0,0.0,0.0,0.0,1,0.0,0.0,0.0,0.0,0.0,0,,,,,,1,0.0,0.0,0.0,0.0,0.0,0,0,0,7.710739591634932e-13,7.709388682997087e-13,1.6655907203193918e-15,0.0,7.709388682997087e-13,3.6687733124063425e-10,1.8615886610007237e-10,7.189414668085186e-12,1.477054589749116e-12,1.8615886610007237e-10,4.830718584577507e-11,2.4300561562995426e-12,4.1672030894145496e-13,2.0883295093199195e-13,2.4300561562995426e-12,4.7688205053458705e-12,3.572142581731441e-13,4.873844532334261e-14,4.066191827689636e-14,3.572142581731441e-13,,,,,,,,,
2026-03-22T16:52:54Z,test_cases/pglib_opf_case5658_epigrids.mat,pglib_opf_case5658_epigrids,oracle_ac_primal_only__Pg_Vm_Va,oracle_ac_primal_only,none,ac_true,1,0,Pg+Vm+Va,3,,,optimal,ok,1,9256.146410509944,1198057.63864373,129.4337390000002,0,0.09068179130554199,1.3431248664855957,13.74208688735962,15.085211753845215,15.085211753845215,15.175893545150757,acopf_acdc_paper_study/cases/pglib_opf_case5658_epigrids/logs/oracle_ac_primal_only__Pg_Vm_Va.log,0,32,2.0597952234069457e-10,6.677035074555377e-14,1.034441616809545e-07,6.96975373719204e-08,6.96975373719204e-08,8.802,,,8.802,False,100.0,5658,9078,474,474,4166,1,104,5553,42383.100000000006,18131.88,66718.76,28330.64,37509.75,-22414.72,9078,6,0,2,1,1207313.78505424,42810.944331552695,17048.2706156584,1.0092424252686012,1.1000000073560174,1.0598459031808676,0.014325553260994231,-0.6478875506026581,-1.1250722300525143e-31,-0.241667223372068,0.09589197799203324,1609.111514554654,1605.8835364760896,36.041452926040044,36.021478711134,0.9252292903339574,0.9225327831287228,0.20158495570562704,0.20132097670296517,0.0,0.0,345,158,30,124,0,30,1,0.0,0.0,0.0,0.0,0.0,0,,,,,,1,0.0,0.0,0.0,0.0,0.0,1,0.0,0.0,0.0,0.0,0.0,0,0,0,1.0981298709078953e-12,1.0980105713542798e-12,2.3594288742215568e-15,0.0,1.0980105713542798e-12,3.6372069179036097e-10,1.8515011745989796e-10,7.197332447415865e-12,1.4792889135861742e-12,1.8515011745989796e-10,4.616451368253023e-11,2.2810642263948466e-12,4.08937720103122e-13,2.162714451969805e-13,2.2810642263948466e-12,4.5906233457256266e-12,3.765043832260062e-13,4.675664248156652e-14,3.602673714908633e-14,3.765043832260062e-13,,,,,,,,,
2026-03-22T16:53:11Z,test_cases/pglib_opf_case5658_epigrids.mat,pglib_opf_case5658_epigrids,oracle_ac_primal_only__Qg_Vm_Va,oracle_ac_primal_only,none,ac_true,1,0,Qg+Vm+Va,3,,,optimal,ok,1,9256.146410509939,1198057.6386437295,129.43373900000014,0,0.09068179130554199,2.3496739864349365,14.962346076965332,17.31202006340027,17.31202006340027,17.40270185470581,acopf_acdc_paper_study/cases/pglib_opf_case5658_epigrids/logs/oracle_ac_primal_only__Qg_Vm_Va.log,0,37,1.6162687383184378e-10,5.622161991870023e-14,1.034441616809545e-07,6.969753766639541e-08,6.969753766639541e-08,10.153,,,10.153,False,100.0,5658,9078,474,474,4166,1,104,5553,42383.100000000006,18131.88,66718.76,28330.64,37509.75,-22414.72,9078,6,0,2,1,1207313.7850542394,42810.94433155268,17048.270615659167,1.0092424252686008,1.1000000073560174,1.0598459031808678,0.014325553260994332,-0.6478875506026595,-4.864488939920537e-32,-0.2416672233720674,0.0958919779920338,1609.1115145546833,1605.883536476106,36.04145292604005,36.02147871113401,0.9252292903339363,0.9225327831287174,0.20158495570562704,0.20132097670296534,0.0,0.0,345,158,30,124,0,30,0,,,,,,1,0.0,0.0,0.0,0.0,0.0,1,0.0,0.0,0.0,0.0,0.0,1,0.0,0.0,0.0,0.0,0.0,0,0,0,8.927360021035546e-13,8.926193117986259e-13,1.9223444337980852e-15,0.0,8.926193117986259e-13,3.999118180104706e-10,1.8531398637833263e-10,7.816788813306434e-12,1.4739459652801656e-12,1.8531398637833263e-10,4.6221210322558625e-11,2.277067423506196e-12,4.094061015735674e-13,2.1760371282653068e-13,2.277067423506196e-12,4.604433884240884e-12,3.8011260805603797e-13,4.692417191426554e-14,3.842759443983823e-14,3.8011260805603797e-13,,,,,,,,,
2026-03-22T16:53:27Z,test_cases/pglib_opf_case5658_epigrids.mat,pglib_opf_case5658_epigrids,oracle_ac_primal_only__Pg_Qg_Vm_Va,oracle_ac_primal_only,none,ac_true,1,0,Pg+Qg+Vm+Va,4,,,optimal,ok,1,9256.146410509957,1198057.6386437316,129.43373900000037,0,0.09068179130554199,2.290609836578369,13.403589248657227,15.694199085235596,15.694199085235596,15.784880876541138,acopf_acdc_paper_study/cases/pglib_opf_case5658_epigrids/logs/oracle_ac_primal_only__Pg_Qg_Vm_Va.log,0,30,1.5660363180693127e-10,5.024842953305269e-14,1.034441616809545e-07,6.969767719850164e-08,6.969767719850164e-08,8.135,,,8.135,False,100.0,5658,9078,474,474,4166,1,104,5553,42383.100000000006,18131.88,66718.76,28330.64,37509.75,-22414.72,9078,6,0,2,1,1207313.7850542415,42810.94433155276,17048.270615658428,1.0092424252686008,1.1000000073560174,1.0598459031808682,0.014325553260993995,-0.6478875506026541,2.235837462470101e-33,-0.24166722337206537,0.09589197799203297,1609.1115145546269,1605.8835364760505,36.04145292604008,36.021478711134044,0.9252292903339816,0.9225327831287623,0.20158495570562773,0.20132097670296592,0.0,0.0,345,158,30,124,0,30,1,0.0,0.0,0.0,0.0,0.0,1,0.0,0.0,0.0,0.0,0.0,1,0.0,0.0,0.0,0.0,0.0,1,0.0,0.0,0.0,0.0,0.0,0,0,0,1.7073776878692425e-12,1.7073009672685657e-12,3.644829691845138e-15,0.0,1.7073009672685657e-12,7.93962378147377e-08,4.4700677270803624e-08,4.77965972813856e-10,1.4625939348533734e-12,4.4700677270803624e-08,4.623994310590525e-11,2.283506717049022e-12,4.0973465537922885e-13,2.1671553440683056e-13,2.283506717049022e-12,4.7387891362166436e-12,3.788080960021034e-13,4.845630602489488e-14,3.9468428525424315e-14,3.788080960021034e-13,,,,,,,,,
2026-03-22T16:54:51Z,test_cases/pglib_opf_case5658_epigrids.mat,pglib_opf_case5658_epigrids,oracle_ac_primal_dual__Pg,oracle_ac_primal_dual,full,ac_true,1,0,Pg,1,,,maxIterations,warning,0,9308.209612215262,,,,0.09068179130554199,1.4207589626312256,82.56346917152405,83.98422813415527,83.98422813415527,84.07490992546082,acopf_acdc_paper_study/cases/pglib_opf_case5658_epigrids/logs/oracle_ac_primal_dual__Pg.log,1,300,166.77098048689703,0.0003480446378592816,3.233869438901138e-08,0.019538191271383502,166.77098048689703,77.55,,,77.55,True,100.0,5658,9078,474,474,4166,1,104,5553,42383.100000000006,18131.88,66718.76,28330.64,37509.75,-22414.72,9078,6,0,2,1,,,,,,,,,,,,,,,,,,,,,,,,,,,,1,0.0,0.0,0.0,0.0,0.0,0,,,,,,0,,,,,,0,,,,,,1,1,1,,,,,,,,,,,,,,,,,,,,,,,,,,,,,
2026-03-22T16:55:57Z,test_cases/pglib_opf_case5658_epigrids.mat,pglib_opf_case5658_epigrids,oracle_ac_primal_dual__Qg,oracle_ac_primal_dual,full,ac_true,1,0,Qg,1,,,optimal,ok,1,9256.146410509855,1198057.6386437186,129.43373899999898,0,0.09068179130554199,2.3585550785064697,63.33152675628662,65.69008183479309,65.69008183479309,65.78076362609863,acopf_acdc_paper_study/cases/pglib_opf_case5658_epigrids/logs/oracle_ac_primal_dual__Qg.log,0,251,1.0169931790164643e-08,1.5897051036661836e-11,1.034441616809545e-07,6.983531262007518e-08,6.983531262007518e-08,58.346,,,58.346,False,100.0,5658,9078,474,474,4166,1,104,5553,42383.100000000006,18131.88,66718.76,28330.64,37509.75,-22414.72,9078,6,0,2,1,1207313.7850542285,42810.94433155228,17048.270616124573,1.0092424252662728,1.1000000073560174,1.0598459031400533,0.014325553254534511,-0.6478875506124268,-1.5200471189932398e-29,-0.24166722337322785,0.09589197799536983,1609.1115150300268,1605.883536944182,36.04145292488829,36.02147871001251,0.9252292903365285,0.9225327831311719,0.20158495569685536,0.2013209766942667,0.0,0.0,345,158,30,124,0,30,0,,,,,,1,0.0,0.0,0.0,0.0,0.0,0,,,,,,0,,,,,,1,1,1,5.8709237069762215e-12,4.313216450668733e-12,2.3482388213915643e-14,0.0,4.313216450668733e-12,8.35503904678625e-07,6.577521058925839e-07,4.5219610332826996e-09,6.797035156935749e-11,6.577521058925839e-07,6.5095401569861035e-09,7.102702870298572e-10,4.071131923781153e-11,1.4174217355389374e-11,7.102702870298572e-10,8.300459445729966e-10,1.0946887840646014e-10,5.755506439765592e-12,3.6433217553977215e-12,1.0946887840646014e-10,,,,,,,,,
2026-03-22T16:56:57Z,test_cases/pglib_opf_case5658_epigrids.mat,pglib_opf_case5658_epigrids,oracle_ac_primal_dual__Vm,oracle_ac_primal_dual,full,ac_true,1,0,Vm,1,,,optimal,ok,1,9256.146410509878,1198057.6386437216,129.4337389999993,0,0.09068179130554199,1.4230668544769287,59.27314615249634,60.69621300697327,60.69621300697327,60.78689479827881,acopf_acdc_paper_study/cases/pglib_opf_case5658_epigrids/logs/oracle_ac_primal_dual__Vm.log,0,249,8.588283866868942e-09,1.42113820711387e-11,1.034441616809545e-07,6.983047718391586e-08,6.983047718391586e-08,54.422,,,54.422,False,100.0,5658,9078,474,474,4166,1,104,5553,42383.100000000006,18131.88,66718.76,28330.64,37509.75,-22414.72,9078,6,0,2,1,1207313.7850542315,42810.9443315524,17048.270616100763,1.0092424252665306,1.1000000073560174,1.0598459031419931,0.014325553254736886,-0.6478875506118904,-1.59011809189468e-28,-0.2416672233731448,0.09589197799521498,1609.1115150081882,1605.8835369227036,36.041452924933544,36.021478710056314,0.925229290336068,0.9225327831307248,0.20158495569726215,0.20132097669467053,0.0,0.0,345,158,30,124,0,30,0,,,,,,0,,,,,,1,0.0,0.0,0.0,0.0,0.0,0,,,,,,1,1,1,5.403121538797571e-12,3.723243935382925e-12,2.1747774514613622e-14,0.0,3.723243935382925e-12,7.953287314599414e-07,6.243880614764663e-07,4.446829307488818e-09,6.232364624381148e-11,6.243880614764663e-07,6.247645941275777e-09,6.853451139932076e-10,3.875895343255516e-11,1.313782416190179e-11,6.853451139932076e-10,7.989909718178325e-10,1.0568868002991394e-10,5.5246617474425944e-12,3.4811736826512174e-12,1.0568868002991394e-10,,,,,,,,,
2026-03-22T16:58:05Z,test_cases/pglib_opf_case5658_epigrids.mat,pglib_opf_case5658_epigrids,oracle_ac_primal_dual__Va,oracle_ac_primal_dual,full,ac_true,1,0,Va,1,,,optimal,ok,1,9256.146410509902,1198057.6386437244,129.4337389999996,0,0.09068179130554199,2.5977001190185547,65.26549768447876,67.86319780349731,67.86319780349731,67.95387959480286,acopf_acdc_paper_study/cases/pglib_opf_case5658_epigrids/logs/oracle_ac_primal_dual__Va.log,0,268,8.37551837852221e-09,1.3978608201514753e-11,1.034441616809545e-07,6.982983770659007e-08,6.982983770659007e-08,58.327,,,58.327,False,100.0,5658,9078,474,474,4166,1,104,5553,42383.100000000006,18131.88,66718.76,28330.64,37509.75,-22414.72,9078,6,0,2,1,1207313.7850542343,42810.9443315525,17048.270616097965,1.0092424252666063,1.1000000073560174,1.0598459031422787,0.0143255532547631,-0.647887550611792,3.881829686137998e-29,-0.24166722337312813,0.09589197799519074,1609.1115150049802,1605.883536919553,36.041452924940934,36.021478710063484,0.9252292903361595,0.9225327831308323,0.20158495569732304,0.20132097669473084,0.0,0.0,345,158,30,124,0,30,0,,,,,,0,,,,,,0,,,,,,1,0.0,0.0,0.0,0.0,0.0,1,1,1,5.878480482461594e-12,3.8269387658829146e-12,2.3368555202137337e-14,0.0,3.8269387658829146e-12,7.981280415374895e-07,6.19794631284698e-07,4.948139077694878e-09,6.17529083424273e-11,6.19794631284698e-07,6.211592705920951e-09,6.820486397884906e-10,3.8472137576544134e-11,1.2924550318871297e-11,6.820486397884906e-10,7.94827584468703e-10,1.0519746185266854e-10,5.491949685373299e-12,3.4612035459957724e-12,1.0519746185266854e-10,,,,,,,,,
2026-03-22T16:59:28Z,test_cases/pglib_opf_case5658_epigrids.mat,pglib_opf_case5658_epigrids,oracle_ac_primal_dual__Pg_Qg,oracle_ac_primal_dual,full,ac_true,1,0,Pg+Qg,2,,,maxIterations,warning,0,9256.602795277295,,,,0.09068179130554199,1.4249708652496338,81.27331495285034,82.69828581809998,82.69828581809998,82.78896760940552,acopf_acdc_paper_study/cases/pglib_opf_case5658_epigrids/logs/oracle_ac_primal_dual__Pg_Qg.log,1,300,29.659271683614058,0.00023683286500299504,2.765704110174738e-08,0.001432475533083455,29.659271683614058,76.463,,,76.463,True,100.0,5658,9078,474,474,4166,1,104,5553,42383.100000000006,18131.88,66718.76,28330.64,37509.75,-22414.72,9078,6,0,2,1,,,,,,,,,,,,,,,,,,,,,,,,,,,,1,0.0,0.0,0.0,0.0,0.0,1,0.0,0.0,0.0,0.0,0.0,0,,,,,,0,,,,,,1,1,1,,,,,,,,,,,,,,,,,,,,,,,,,,,,,
2026-03-22T16:59:45Z,test_cases/pglib_opf_case5658_epigrids.mat,pglib_opf_case5658_epigrids,oracle_ac_primal_dual__Pg_Vm,oracle_ac_primal_dual,full,ac_true,1,0,Pg+Vm,2,,,optimal,ok,1,9256.146410509906,1198057.6386437248,129.43373899999963,0,0.09068179130554199,2.357018232345581,14.512705087661743,16.869723320007324,16.869723320007324,16.960405111312866,acopf_acdc_paper_study/cases/pglib_opf_case5658_epigrids/logs/oracle_ac_primal_dual__Pg_Vm.log,0,34,8.090576433767782e-09,1.3609485066679028e-11,1.034441616809545e-07,7.030963627920205e-08,7.030963627920205e-08,8.074,,,8.074,False,100.0,5658,9078,474,474,4166,1,104,5553,42383.100000000006,18131.88,66718.76,28330.64,37509.75,-22414.72,9078,6,0,2,1,1207313.7850542348,42810.94433155251,17048.270616060145,1.009242425266706,1.1000000073560174,1.0598459031444858,0.014325553255527193,-0.6478875506114227,2.341079613516051e-30,-0.24166722337316351,0.09589197799505163,1609.1115149897664,1605.8835369045362,36.041452924906444,36.02147871002765,0.9252292903362572,0.922532783130948,0.20158495569759144,0.20132097669499346,0.0,0.0,345,158,30,124,0,30,1,0.0,0.0,0.0,0.0,0.0,0,,,,,,1,0.0,0.0,0.0,0.0,0.0,0,,,,,,1,1,1,5.792638847248559e-12,3.855360475313319e-12,2.2963632678486668e-14,0.0,3.855360475313319e-12,0.00016269371624635535,9.381857881129996e-05,1.0287711867879019e-06,7.988398831315635e-11,9.381857881129996e-05,5.856537409002326e-09,6.770535243560971e-10,3.626106382678191e-11,1.2446155217560317e-11,6.770535243560971e-10,7.558490471370036e-10,1.0348166767926159e-10,5.215411879086816e-12,3.226016676016741e-12,1.0348166767926159e-10,,,,,,,,,
2026-03-22T17:00:02Z,test_cases/pglib_opf_case5658_epigrids.mat,pglib_opf_case5658_epigrids,oracle_ac_primal_dual__Pg_Va,oracle_ac_primal_dual,full,ac_true,1,0,Pg+Va,2,,,optimal,ok,1,9256.146410509897,1198057.6386437237,129.43373899999952,0,0.09068179130554199,1.4078688621520996,15.16038179397583,16.56825065612793,16.56825065612793,16.65893244743347,acopf_acdc_paper_study/cases/pglib_opf_case5658_epigrids/logs/oracle_ac_primal_dual__Pg_Va.log,0,37,8.525295745842967e-09,1.4116140548137146e-11,1.034441616809545e-07,7.061307296854609e-08,7.061307296854609e-08,8.672,,,8.672,False,100.0,5658,9078,474,474,4166,1,104,5553,42383.100000000006,18131.88,66718.76,28330.64,37509.75,-22414.72,9078,6,0,2,1,1207313.7850542336,42810.94433155248,17048.27061605213,1.00924242526681,1.1000000073560174,1.0598459031449525,0.014325553255669051,-0.6478875506113437,1.9362734302674914e-26,-0.24166722337318153,0.09589197799503416,1609.1115149849695,1605.883536899808,36.04145292488837,36.02147871000955,0.9252292903363207,0.92253278313101,0.20158495569763038,0.2013209766950313,0.0,0.0,345,158,30,124,0,30,1,0.0,0.0,0.0,0.0,0.0,0,,,,,,0,,,,,,1,0.0,0.0,0.0,0.0,0.0,1,1,1,5.8213393983682505e-12,3.687050664780145e-12,2.3227969406923847e-14,0.0,3.687050664780145e-12,0.0002213074172635675,0.00014010688101984137,1.3386110173305485e-06,5.558531412930279e-11,0.00014010688101984137,5.801976371603861e-09,6.837186372621318e-10,3.5800040595879464e-11,1.237654423391632e-11,6.837186372621318e-10,7.524144613374014e-10,1.042052000244098e-10,5.185934347366838e-12,3.184646990561646e-12,1.042052000244098e-10,,,,,,,,,
2026-03-22T17:01:01Z,test_cases/pglib_opf_case5658_epigrids.mat,pglib_opf_case5658_epigrids,oracle_ac_primal_dual__Qg_Vm,oracle_ac_primal_dual,full,ac_true,1,0,Qg+Vm,2,,,optimal,ok,1,9256.1464105099,1198057.6386437244,129.4337389999996,0,0.09068179130554199,3.4195902347564697,55.69675588607788,59.11634612083435,59.11634612083435,59.20702791213989,acopf_acdc_paper_study/cases/pglib_opf_case5658_epigrids/logs/oracle_ac_primal_dual__Qg_Vm.log,0,239,8.291610380567927e-09,1.3889309841141895e-11,1.034441616809545e-07,6.982956969813358e-08,6.982956969813358e-08,50.656,,,50.656,False,100.0,5658,9078,474,474,4166,1,104,5553,42383.100000000006,18131.88,66718.76,28330.64,37509.75,-22414.72,9078,6,0,2,1,1207313.7850542343,42810.94433155249,17048.270616095688,1.0092424252665497,1.1000000073560174,1.059845903142299,0.01432555325478388,-0.6478875506118109,5.9383711928789584e-30,-0.24166722337313085,0.09589197799518893,1609.1115150049757,1605.8835369195447,36.041452924940764,36.021478710063285,0.9252292903361096,0.9225327831307845,0.20158495569732124,0.20132097669472893,0.0,0.0,345,158,30,124,0,30,0,,,,,,1,0.0,0.0,0.0,0.0,0.0,1,0.0,0.0,0.0,0.0,0.0,0,,,,,,1,1,1,5.8033483155024e-12,3.75699471533153e-12,2.309411755568817e-14,0.0,3.75699471533153e-12,7.844317321915501e-07,6.1783041693797e-07,4.21866850039734e-09,6.155820297948367e-11,6.1783041693797e-07,6.2014940213605735e-09,6.806675223458569e-10,3.8449996142498344e-11,1.2984613384503518e-11,6.806675223458569e-10,7.931537272952294e-10,1.0496767344214675e-10,5.481637085586227e-12,3.4559022310531873e-12,1.0496767344214675e-10,,,,,,,,,
2026-03-22T17:02:05Z,test_cases/pglib_opf_case5658_epigrids.mat,pglib_opf_case5658_epigrids,oracle_ac_primal_dual__Qg_Va,oracle_ac_primal_dual,full,ac_true,1,0,Qg+Va,2,,,optimal,ok,1,9256.146410509902,1198057.6386437246,129.43373899999963,0,0.09068179130554199,2.2904880046844482,61.63289785385132,63.92338585853577,63.92338585853577,64.01406764984131,acopf_acdc_paper_study/cases/pglib_opf_case5658_epigrids/logs/oracle_ac_primal_dual__Qg_Va.log,0,257,8.353593819362395e-09,1.395755039323987e-11,1.034441616809545e-07,6.982978058729537e-08,6.982978058729537e-08,55.071,,,55.071,False,100.0,5658,9078,474,474,4166,1,104,5553,42383.100000000006,18131.88,66718.76,28330.64,37509.75,-22414.72,9078,6,0,2,1,1207313.7850542346,42810.944331552506,17048.27061609605,1.00924242526661,1.1000000073560174,1.0598459031422964,0.014325553254765656,-0.6478875506117876,1.795518085336731e-30,-0.24166722337312893,0.09589197799518988,1609.1115150047888,1605.883536919352,36.04145292494134,36.021478710063924,0.9252292903361146,0.9225327831308056,0.20158495569732673,0.2013209766947347,0.0,0.0,345,158,30,124,0,30,0,,,,,,1,0.0,0.0,0.0,0.0,0.0,0,,,,,,1,0.0,0.0,0.0,0.0,0.0,1,1,1,5.916455480074662e-12,3.895550548804749e-12,2.348077790371939e-14,0.0,3.895550548804749e-12,7.865543230876608e-07,6.193695766265606e-07,4.229468094317635e-09,6.185441048245366e-11,6.193695766265606e-07,6.208765022147835e-09,6.8175420864236e-10,3.845431341485392e-11,1.2916556713093996e-11,6.8175420864236e-10,7.944971312016132e-10,1.051504994187269e-10,5.490215672971451e-12,3.459649233761297e-12,1.051504994187269e-10,,,,,,,,,
2026-03-22T17:03:08Z,test_cases/pglib_opf_case5658_epigrids.mat,pglib_opf_case5658_epigrids,oracle_ac_primal_dual__Vm_Va,oracle_ac_primal_dual,full,ac_true,1,0,Vm+Va,2,,,optimal,ok,1,9256.146410509898,1198057.638643724,129.43373899999955,0,0.09068179130554199,2.31341290473938,61.35897207260132,63.6723849773407,63.6723849773407,63.76306676864624,acopf_acdc_paper_study/cases/pglib_opf_case5658_epigrids/logs/oracle_ac_primal_dual__Vm_Va.log,0,256,8.476192634481925e-09,1.4091982789010693e-11,1.034441616809545e-07,6.983014910113065e-08,6.983014910113065e-08,56.37,,,56.37,False,100.0,5658,9078,474,474,4166,1,104,5553,42383.100000000006,18131.88,66718.76,28330.64,37509.75,-22414.72,9078,6,0,2,1,1207313.7850542339,42810.94433155248,17048.27061609771,1.0092424252666183,1.1000000073560174,1.059845903142167,0.014325553254753428,-0.6478875506118109,-2.4066472167178463e-29,-0.24166722337313237,0.0958919779951998,1609.1115150064975,1605.8835369210453,36.0414529249371,36.02147871005975,0.9252292903361354,0.9225327831308169,0.20158495569729878,0.20132097669470692,0.0,0.0,345,158,30,124,0,30,0,,,,,,0,,,,,,1,0.0,0.0,0.0,0.0,0.0,1,0.0,0.0,0.0,0.0,0.0,1,1,1,5.850732627362805e-12,3.729905273530676e-12,2.3316432984208677e-14,0.0,3.729905273530676e-12,7.895771001671173e-07,6.220340689200299e-07,4.249615808412033e-09,6.179956546503718e-11,6.220340689200299e-07,6.2277625541884315e-09,6.836538002374937e-10,3.85861145478402e-11,1.2978729202473005e-11,6.836538002374937e-10,7.9677456138541e-10,1.0544171091808607e-10,5.506309451596895e-12,3.4682395844143343e-12,1.0544171091808607e-10,,,,,,,,,
2026-03-22T17:03:21Z,test_cases/pglib_opf_case5658_epigrids.mat,pglib_opf_case5658_epigrids,oracle_ac_primal_dual__Pg_Qg_Vm,oracle_ac_primal_dual,full,ac_true,1,0,Pg+Qg+Vm,3,,,optimal,ok,1,9256.146410509928,1198057.6386437279,129.43373899999997,0,0.09068179130554199,2.2928357124328613,10.697786092758179,12.99062180519104,12.99062180519104,13.081303596496582,acopf_acdc_paper_study/cases/pglib_opf_case5658_epigrids/logs/oracle_ac_primal_dual__Pg_Qg_Vm.log,0,17,4.310291759499147e-09,9.401252346052935e-12,1.034441616809545e-07,6.981760781625391e-08,6.981760781625391e-08,5.858,,,5.858,False,100.0,5658,9078,474,474,4166,1,104,5553,42383.100000000006,18131.88,66718.76,28330.64,37509.75,-22414.72,9078,6,0,2,1,1207313.7850542378,42810.94433155262,17048.27061604849,1.0092424252667993,1.1000000073560174,1.0598459031463634,0.014325553255384697,-0.6478875506107687,3.388284459892479e-33,-0.24166722337296176,0.09589197799484714,1609.1115149641819,1605.8835368793614,36.041452925040105,36.02147871015814,0.9252292903355405,0.9225327831302497,0.20158495569809762,0.20132097669549637,0.0,0.0,345,158,30,124,0,30,1,0.0,0.0,0.0,0.0,0.0,1,0.0,0.0,0.0,0.0,0.0,1,0.0,0.0,0.0,0.0,0.0,0,,,,,,1,1,1,4.0454437779908645e-12,3.0879743206924104e-12,1.5481689772302317e-14,0.0,3.0879743206924104e-12,3.6653856251165555e-06,3.2118622124571727e-06,2.119206978416355e-08,1.1945253119982624e-10,3.2118622124571727e-06,5.598829281728522e-09,6.190059576027807e-10,3.433702087440596e-11,1.0924816606916465e-11,6.190059576027807e-10,7.183881262972761e-10,9.557649116587186e-11,4.9287786947772595e-12,3.1162294966691206e-12,9.557649116587186e-11,,,,,,,,,
2026-03-22T17:03:44Z,test_cases/pglib_opf_case5658_epigrids.mat,pglib_opf_case5658_epigrids,oracle_ac_primal_dual__Pg_Qg_Va,oracle_ac_primal_dual,full,ac_true,1,0,Pg+Qg+Va,3,,,optimal,ok,1,9256.146410509844,1198057.638643717,129.43373899999878,0,0.09068179130554199,2.4859139919281006,19.755425930023193,22.241339921951294,22.241339921951294,22.332021713256836,acopf_acdc_paper_study/cases/pglib_opf_case5658_epigrids/logs/oracle_ac_primal_dual__Pg_Qg_Va.log,0,52,8.271959752410916e-09,1.388384025802214e-11,1.034441616809545e-07,6.982956959939606e-08,6.982956959939606e-08,14.739,,,14.739,True,100.0,5658,9078,474,474,4166,1,104,5553,42383.100000000006,18131.88,66718.76,28330.64,37509.75,-22414.72,9078,6,0,2,1,1207313.7850542269,42810.94433155222,17048.27061609429,1.0092424252666115,1.1000000073560174,1.059845903142369,0.01432555325477629,-0.6478875506117696,-8.275034325407168e-35,-0.24166722337312518,0.09589197799518388,1609.1115150039413,1605.8835369185167,36.04145292494287,36.02147871006533,0.925229290336106,0.9225327831307724,0.20158495569734028,0.20132097669474797,0.0,0.0,345,158,30,124,0,30,1,0.0,0.0,0.0,0.0,0.0,1,0.0,0.0,0.0,0.0,0.0,0,,,,,,1,0.0,0.0,0.0,0.0,0.0,1,1,1,4.5541689406727235e-12,3.6124436775253344e-12,1.7455453793229895e-14,0.0,3.6124436775253344e-12,7.844294699244001e-07,6.178294386094407e-07,4.217969974222849e-09,6.134287522385762e-11,6.178294386094407e-07,6.197913392156162e-09,6.806666341674372e-10,3.8381060672071845e-11,1.288802398136113e-11,6.806666341674372e-10,7.931224091827892e-10,1.0499001668051733e-10,5.477418918277174e-12,3.4479780142149252e-12,1.0499001668051733e-10,,,,,,,,,
2026-03-22T17:03:58Z,test_cases/pglib_opf_case5658_epigrids.mat,pglib_opf_case5658_epigrids,oracle_ac_primal_dual__Pg_Vm_Va,oracle_ac_primal_dual,full,ac_true,1,0,Pg+Vm+Va,3,,,optimal,ok,1,9256.146410509882,1198057.6386437218,129.43373899999932,0,0.09068179130554199,2.3193750381469727,12.299401998519897,14.61877703666687,14.61877703666687,14.709458827972412,acopf_acdc_paper_study/cases/pglib_opf_case5658_epigrids/logs/oracle_ac_primal_dual__Pg_Vm_Va.log,0,24,8.428169114561e-09,1.4023922648154219e-11,1.034441616809545e-07,7.019342009044906e-08,7.019342009044906e-08,5.848,,,5.848,False,100.0,5658,9078,474,474,4166,1,104,5553,42383.100000000006,18131.88,66718.76,28330.64,37509.75,-22414.72,9078,6,0,2,1,1207313.7850542318,42810.944331552404,17048.27061607263,1.0092424252667267,1.1000000073560174,1.0598459031436724,0.01432555325521686,-0.6478875506115529,3.005555031666231e-28,-0.24166722337315352,0.09589197799510976,1609.1115149943246,1605.8835369090446,36.04145292491517,36.0214787100371,0.9252292903363182,0.9225327831309834,0.2015849556974911,0.2013209766948958,0.0,0.0,345,158,30,124,0,30,1,0.0,0.0,0.0,0.0,0.0,0,,,,,,1,0.0,0.0,0.0,0.0,0.0,1,0.0,0.0,0.0,0.0,0.0,1,1,1,5.3496332989923345e-12,3.659517133769441e-12,2.1523804877142537e-14,0.0,3.659517133769441e-12,0.0001135871381668513,7.625896971252821e-05,6.672162052310553e-07,5.881894971082602e-11,7.625896971252821e-05,5.997969518375031e-09,6.825875420446437e-10,3.708059816544958e-11,1.2691403483700014e-11,6.825875420446437e-10,7.727636062866165e-10,1.0465894817457411e-10,5.332530322690118e-12,3.31822069821186e-12,1.0465894817457411e-10,,,,,,,,,
2026-03-22T17:04:59Z,test_cases/pglib_opf_case5658_epigrids.mat,pglib_opf_case5658_epigrids,oracle_ac_primal_dual__Qg_Vm_Va,oracle_ac_primal_dual,full,ac_true,1,0,Qg+Vm+Va,3,,,optimal,ok,1,9256.146410509886,1198057.6386437223,129.43373899999938,0,0.09068179130554199,2.357839822769165,58.59661102294922,60.954450845718384,60.954450845718384,61.045132637023926,acopf_acdc_paper_study/cases/pglib_opf_case5658_epigrids/logs/oracle_ac_primal_dual__Qg_Vm_Va.log,0,244,8.28590744602405e-09,1.3879172117148286e-11,1.034441616809545e-07,6.98295718161409e-08,6.98295718161409e-08,51.958,,,51.958,False,100.0,5658,9078,474,474,4166,1,104,5553,42383.100000000006,18131.88,66718.76,28330.64,37509.75,-22414.72,9078,6,0,2,1,1207313.7850542322,42810.944331552426,17048.27061609639,1.0092424252666294,1.1000000073560174,1.0598459031423573,0.014325553254782174,-0.6478875506117638,4.4004836388783084e-30,-0.24166722337312824,0.0958919779951832,1609.1115150045275,1605.883536919093,36.041452924941964,36.02147871006447,0.9252292903361584,0.9225327831307913,0.20158495569733728,0.2013209766947451,0.0,0.0,345,158,30,124,0,30,0,,,,,,1,0.0,0.0,0.0,0.0,0.0,1,0.0,0.0,0.0,0.0,0.0,1,0.0,0.0,0.0,0.0,0.0,1,1,1,5.381832330941907e-12,3.6124436775253344e-12,2.162908868377362e-14,0.0,3.6124436775253344e-12,7.844500545840552e-07,6.178466385176051e-07,4.21819865101964e-09,6.130143614946348e-11,6.178466385176051e-07,6.198619200537e-09,6.806781804868933e-10,3.839443664221208e-11,1.2901901769168944e-11,6.806781804868933e-10,7.931633529110792e-10,1.0497899771699792e-10,5.4821566150319076e-12,3.4590802444611768e-12,1.0497899771699792e-10,,,,,,,,,
2026-03-22T17:05:10Z,test_cases/pglib_opf_case5658_epigrids.mat,pglib_opf_case5658_epigrids,oracle_ac_primal_dual__Pg_Qg_Vm_Va,oracle_ac_primal_dual,full,ac_true,1,0,Pg+Qg+Vm+Va,4,,,optimal,ok,1,9256.146410509895,1198057.6386437234,129.4337389999995,0,0.09068179130554199,2.3818578720092773,8.027890920639038,10.409748792648315,10.409748792648315,10.500430583953857,acopf_acdc_paper_study/cases/pglib_opf_case5658_epigrids/logs/oracle_ac_primal_dual__Pg_Qg_Vm_Va.log,0,4,8.31105163796907e-09,1.3894475847653354e-11,1.034441616809545e-07,6.98295861616438e-08,6.98295861616438e-08,1.582,,,1.582,False,100.0,5658,9078,474,474,4166,1,104,5553,42383.100000000006,18131.88,66718.76,28330.64,37509.75,-22414.72,9078,6,0,2,1,1207313.7850542334,42810.94433155246,17048.27061609423,1.0092424252666259,1.1000000073560174,1.0598459031423533,0.014325553254782344,-0.6478875506117655,-2.2322826314467762e-34,-0.24166722337312643,0.09589197799518377,1609.111515004616,1605.8835369191925,36.04145292494179,36.02147871006429,0.925229290336216,0.9225327831308971,0.20158495569733642,0.20132097669474416,0.0,0.0,345,158,30,124,0,30,1,0.0,0.0,0.0,0.0,0.0,1,0.0,0.0,0.0,0.0,0.0,1,0.0,0.0,0.0,0.0,0.0,1,0.0,0.0,0.0,0.0,0.0,1,1,1,5.621533727070806e-12,3.6142200343647346e-12,2.2480779354519727e-14,0.0,3.6142200343647346e-12,7.912021526241971e-07,6.232259983640631e-07,4.245604360680378e-09,6.124270535146081e-11,6.232259983640631e-07,6.199376827477714e-09,6.807521213403334e-10,3.839818188873495e-11,1.2903678126008344e-11,6.807521213403334e-10,7.932407142542367e-10,1.0499429103916214e-10,5.4815568365362644e-12,3.4569430651387734e-12,1.0499429103916214e-10,,,,,,,,,
2026-03-22T17:05:26Z,test_cases/pglib_opf_case5658_epigrids.mat,pglib_opf_case5658_epigrids,oracle_ac_constraint_dual__Pg,oracle_ac_constraint_dual,constraint_only,ac_true,1,0,Pg,1,,,optimal,ok,1,9256.146410509884,1198057.638643722,129.43373899999935,0,0.09068179130554199,2.344822883605957,13.932318925857544,16.2771418094635,16.2771418094635,16.367823600769043,acopf_acdc_paper_study/cases/pglib_opf_case5658_epigrids/logs/oracle_ac_constraint_dual__Pg.log,0,29,8.582595099025647e-09,1.4324111341501577e-11,1.034441616809545e-07,7.26045661142773e-08,7.26045661142773e-08,8.952,,,8.952,False,100.0,5658,9078,474,474,4166,1,104,5553,42383.100000000006,18131.88,66718.76,28330.64,37509.75,-22414.72,9078,6,0,2,1,1207313.785054232,42810.94433155241,17048.270616040965,1.0092424252666594,1.1000000073560174,1.05984590314462,0.014325553258081908,-0.6478875506110983,-1.3398197133405524e-30,-0.24166722337335497,0.09589197799489267,1609.1115150590983,1605.883536972406,36.04145292465633,36.02147870977683,0.9252292903371173,0.9225327831317801,0.20158495569707174,0.20132097669446333,0.0,0.0,345,158,30,124,0,30,1,0.0,0.0,0.0,0.0,0.0,0,,,,,,0,,,,,,0,,,,,,1,1,0,5.4942141670591015e-12,3.722355756963225e-12,2.20884537106093e-14,0.0,3.722355756963225e-12,0.0010892274133978202,0.0006874091542550254,8.224623423412792e-06,4.572467404706515e-10,0.0006874091542550254,5.541123162133722e-09,6.849583122914282e-10,3.612630123568731e-11,1.2660539283615435e-11,6.849583122914282e-10,6.982744331738939e-10,1.0214190604429518e-10,4.827023949748158e-12,2.643857355266732e-12,1.0214190604429518e-10,,,,,,,,,
2026-03-22T17:05:57Z,test_cases/pglib_opf_case5658_epigrids.mat,pglib_opf_case5658_epigrids,oracle_ac_constraint_dual__Qg,oracle_ac_constraint_dual,constraint_only,ac_true,1,0,Qg,1,,,optimal,ok,1,9256.146410509862,1198057.6386437193,129.43373899999904,0,0.09068179130554199,1.4330759048461914,29.645217895507812,31.078293800354004,31.078293800354004,31.168975591659546,acopf_acdc_paper_study/cases/pglib_opf_case5658_epigrids/logs/oracle_ac_constraint_dual__Qg.log,0,108,8.336149660208118e-09,1.3926774664052566e-11,1.034441616809545e-07,6.982969335082598e-08,6.982969335082598e-08,24.842,,,24.842,False,100.0,5658,9078,474,474,4166,1,104,5553,42383.100000000006,18131.88,66718.76,28330.64,37509.75,-22414.72,9078,6,0,2,1,1207313.7850542292,42810.94433155231,17048.27061610316,1.009242425266384,1.1000000073560174,1.0598459031419092,0.014325553254822961,-0.6478875506119576,4.48533625658749e-33,-0.241667223373159,0.09589197799521448,1609.1115150104404,1605.883536924885,36.04145292493385,36.021478710056314,0.92522929033634,0.9225327831309994,0.20158495569722218,0.20132097669462998,0.0,0.0,345,158,30,124,0,30,0,,,,,,1,0.0,0.0,0.0,0.0,0.0,0,,,,,,0,,,,,,1,1,0,4.848372759624386e-12,3.6297631567094868e-12,1.9335754971563445e-14,0.0,3.6297631567094868e-12,7.856142317960876e-07,6.187628531773015e-07,4.229200022214208e-09,6.402721408615974e-11,6.187628531773015e-07,6.2260046840783346e-09,6.813059005850164e-10,3.883560775897475e-11,1.3464784842653899e-11,6.813059005850164e-10,7.946403529429263e-10,1.0502579361748587e-10,5.498135424767002e-12,3.4815622607098362e-12,1.0502579361748587e-10,,,,,,,,,
2026-03-22T17:06:32Z,test_cases/pglib_opf_case5658_epigrids.mat,pglib_opf_case5658_epigrids,oracle_ac_constraint_dual__Vm,oracle_ac_constraint_dual,constraint_only,ac_true,1,0,Vm,1,,,optimal,ok,1,9256.146410509898,1198057.6386437241,129.43373899999958,0,0.09068179130554199,2.3593451976776123,31.71089196205139,34.070237159729004,34.070237159729004,34.160918951034546,acopf_acdc_paper_study/cases/pglib_opf_case5658_epigrids/logs/oracle_ac_constraint_dual__Vm.log,0,115,9.426848100098383e-09,1.5114711565678007e-11,1.034441616809545e-07,7.206396116458432e-08,7.206396116458432e-08,25.421,,,25.421,False,100.0,5658,9078,474,474,4166,1,104,5553,42383.100000000006,18131.88,66718.76,28330.64,37509.75,-22414.72,9078,6,0,2,1,1207313.785054234,42810.94433155249,17048.270616044043,1.0092424252667724,1.1000000073560174,1.0598459031443779,0.014325553257136511,-0.6478875506112235,4.0206212923013054e-29,-0.24166722337328886,0.09589197799497323,1609.111515039267,1605.883536953013,36.041452924726656,36.021478709847784,0.9252292903366628,0.9225327831313124,0.20158495569718776,0.2013209766945836,0.0,0.0,345,158,30,124,0,30,0,,,,,,0,,,,,,1,0.0,0.0,0.0,0.0,0.0,0,,,,,,1,1,0,6.5101830753876514e-12,4.260369834696576e-12,2.5843771388088904e-14,0.0,4.260369834696576e-12,0.0007937109265556863,0.0004843818362352259,5.507659927006974e-06,2.2182589792807406e-10,0.0004843818362352259,5.70274243641712e-09,6.975706678957749e-10,3.6382298101119744e-11,1.2664091997294236e-11,6.975706678957749e-10,7.28215372339904e-10,1.0484374479702296e-10,5.019919168218924e-12,2.8756025338694258e-12,1.0484374479702296e-10,,,,,,,,,
2026-03-22T17:07:03Z,test_cases/pglib_opf_case5658_epigrids.mat,pglib_opf_case5658_epigrids,oracle_ac_constraint_dual__Va,oracle_ac_constraint_dual,constraint_only,ac_true,1,0,Va,1,,,optimal,ok,1,9256.146410509866,1198057.6386437197,129.4337389999991,0,0.09068179130554199,3.1721127033233643,28.36586904525757,31.537981748580933,31.537981748580933,31.628663539886475,acopf_acdc_paper_study/cases/pglib_opf_case5658_epigrids/logs/oracle_ac_constraint_dual__Va.log,0,104,9.661840073732259e-09,1.565115918811255e-11,1.034441616809545e-07,7.164201009090872e-08,7.164201009090872e-08,22.594,,,22.594,False,100.0,5658,9078,474,474,4166,1,104,5553,42383.100000000006,18131.88,66718.76,28330.64,37509.75,-22414.72,9078,6,0,2,1,1207313.7850542297,42810.944331552324,17048.270616060905,1.009242425266764,1.1000000073560174,1.0598459031434904,0.014325553256705544,-0.6478875506113766,1.3174628167731195e-29,-0.24166722337326668,0.09589197799503749,1609.1115150419082,1605.883536955654,36.04145292475286,36.021478709874614,0.9252292903365512,0.9225327831312103,0.20158495569711,0.20132097669450869,0.0,0.0,345,158,30,124,0,30,0,,,,,,0,,,,,,0,,,,,,1,0.0,0.0,0.0,0.0,0.0,1,1,0,5.733664987127721e-12,4.115152663075605e-12,2.3021332377788548e-14,0.0,4.115152663075605e-12,0.0006820301070803196,0.000427659456643692,4.572809637738151e-06,8.775762061485892e-11,0.000427659456643692,5.853426383675134e-09,7.007068258957361e-10,3.72754597307684e-11,1.2846168573332761e-11,7.007068258957361e-10,7.461423691004587e-10,1.0580666898185598e-10,5.150321342150017e-12,2.9931196410259986e-12,1.0580666898185598e-10,,,,,,,,,
2026-03-22T17:07:24Z,test_cases/pglib_opf_case5658_epigrids.mat,pglib_opf_case5658_epigrids,oracle_ac_constraint_dual__Pg_Qg,oracle_ac_constraint_dual,constraint_only,ac_true,1,0,Pg+Qg,2,,,optimal,ok,1,9256.146410509895,1198057.6386437237,129.43373899999952,0,0.09068179130554199,2.9526708126068115,17.540832042694092,20.493502855300903,20.493502855300903,20.584184646606445,acopf_acdc_paper_study/cases/pglib_opf_case5658_epigrids/logs/oracle_ac_constraint_dual__Pg_Qg.log,0,34,8.743497582623292e-09,1.4388743668769521e-11,1.034441616809545e-07,6.983092051812929e-08,6.983092051812929e-08,10.099,,,10.099,False,100.0,5658,9078,474,474,4166,1,104,5553,42383.100000000006,18131.88,66718.76,28330.64,37509.75,-22414.72,9078,6,0,2,1,1207313.7850542336,42810.94433155247,17048.270616109647,1.009242425266358,1.1000000073560174,1.0598459031414578,0.01432555325475234,-0.6478875506120801,1.386814825993662e-30,-0.24166722337318036,0.09589197799525333,1609.1115150147673,1605.8835369291594,36.041452924925295,36.021478710048264,0.9252292903363809,0.9225327831310628,0.2015849556971443,0.2013209766945531,0.0,0.0,345,158,30,124,0,30,1,0.0,0.0,0.0,0.0,0.0,1,0.0,0.0,0.0,0.0,0.0,0,,,,,,0,,,,,,1,1,0,5.941319407124649e-12,3.7831959787126834e-12,2.3746717604786124e-14,0.0,3.7831959787126834e-12,9.274913159310642e-07,6.186369031491168e-07,7.674903220771852e-09,2.0702502212532892e-10,6.186369031491168e-07,6.290205067515658e-09,6.876315072901207e-10,3.9291872650127716e-11,1.3650303110068762e-11,6.876315072901207e-10,8.024902668461147e-10,1.0598102950787336e-10,5.558413292043081e-12,3.5053210334368146e-12,1.0598102950787336e-10,,,,,,,,,
2026-03-22T17:07:38Z,test_cases/pglib_opf_case5658_epigrids.mat,pglib_opf_case5658_epigrids,oracle_ac_constraint_dual__Pg_Vm,oracle_ac_constraint_dual,constraint_only,ac_true,1,0,Pg+Vm,2,,,optimal,ok,1,9256.146410509873,1198057.6386437207,129.4337389999992,0,0.09068179130554199,1.4865951538085938,12.621110916137695,14.107706069946289,14.107706069946289,14.198387861251831,acopf_acdc_paper_study/cases/pglib_opf_case5658_epigrids/logs/oracle_ac_constraint_dual__Pg_Vm.log,0,23,1.2081128595865234e-08,1.749531075567745e-11,1.034441616809545e-07,7.338258038242644e-08,7.338258038242644e-08,7.756,,,7.756,False,100.0,5658,9078,474,474,4166,1,104,5553,42383.100000000006,18131.88,66718.76,28330.64,37509.75,-22414.72,9078,6,0,2,1,1207313.7850542306,42810.94433155236,17048.27061604659,1.009242425266516,1.1000000073560174,1.0598459031441714,0.014325553257800234,-0.6478875506120306,3.561127874942858e-30,-0.24166722337363628,0.09589197799514691,1609.1115150213504,1605.8835369354242,36.04145292452096,36.021478709647354,0.9252292903388304,0.9225327831334331,0.2015849556970367,0.2013209766944358,0.0,0.0,345,158,30,124,0,30,1,0.0,0.0,0.0,0.0,0.0,0,,,,,,1,0.0,0.0,0.0,0.0,0.0,0,,,,,,1,1,0,7.1874909719275045e-12,4.853895063661184e-12,2.8841893261583834e-14,0.0,4.853895063661184e-12,0.001360464216221996,0.0005627861372117238,1.4657261115067863e-05,3.915678891547314e-08,0.0005627861372117238,5.683461296819245e-09,7.30580040908535e-10,3.6631932199516886e-11,1.3181566949072021e-11,7.30580040908535e-10,7.369770475012559e-10,1.08325654002428e-10,5.161154202309028e-12,2.8263502649394923e-12,1.08325654002428e-10,,,,,,,,,
2026-03-22T17:07:53Z,test_cases/pglib_opf_case5658_epigrids.mat,pglib_opf_case5658_epigrids,oracle_ac_constraint_dual__Pg_Va,oracle_ac_constraint_dual,constraint_only,ac_true,1,0,Pg+Va,2,,,optimal,ok,1,9256.146410509831,1198057.638643715,129.43373899999858,0,0.09068179130554199,2.4219419956207275,12.738965034484863,15.16090703010559,15.16090703010559,15.251588821411133,acopf_acdc_paper_study/cases/pglib_opf_case5658_epigrids/logs/oracle_ac_constraint_dual__Pg_Va.log,0,21,8.418810605394819e-09,1.4130788553168294e-11,1.034441616809545e-07,7.158616531660022e-08,7.158616531660022e-08,7.665,,,7.665,False,100.0,5658,9078,474,474,4166,1,104,5553,42383.100000000006,18131.88,66718.76,28330.64,37509.75,-22414.72,9078,6,0,2,1,1207313.785054225,42810.944331552164,17048.270616042184,1.0092424252668477,1.1000000073560174,1.0598459031450294,0.014325553256705613,-0.6478875506111194,-8.002483717518956e-31,-0.24166722337323357,0.09589197799494951,1609.1115150161113,1605.883536930319,36.04145292479759,36.021478709918256,0.9252292903365075,0.9225327831311614,0.20158495569744578,0.20132097669484253,0.0,0.0,345,158,30,124,0,30,1,0.0,0.0,0.0,0.0,0.0,0,,,,,,0,,,,,,1,0.0,0.0,0.0,0.0,0.0,1,1,0,4.506270773062548e-12,3.660627356794066e-12,1.642768503120237e-14,0.0,3.660627356794066e-12,0.0005949275221766248,0.00034794693577566704,4.167714329504477e-06,3.593710606875078e-10,0.00034794693577566704,5.656101647437165e-09,6.823897003016555e-10,3.572222958110965e-11,1.220268330826002e-11,6.823897003016555e-10,7.259327502895427e-10,1.0307993347780098e-10,5.005941617025077e-12,2.9268532042436846e-12,1.0307993347780098e-10,,,,,,,,,
2026-03-22T17:08:26Z,test_cases/pglib_opf_case5658_epigrids.mat,pglib_opf_case5658_epigrids,oracle_ac_constraint_dual__Qg_Vm,oracle_ac_constraint_dual,constraint_only,ac_true,1,0,Qg+Vm,2,,,optimal,ok,1,9256.14641050985,1198057.6386437176,129.43373899999887,0,0.09068179130554199,1.4849858283996582,31.01595711708069,32.50094294548035,32.50094294548035,32.59162473678589,acopf_acdc_paper_study/cases/pglib_opf_case5658_epigrids/logs/oracle_ac_constraint_dual__Qg_Vm.log,0,115,8.365134310174722e-09,1.397459058194439e-11,1.034441616809545e-07,6.982982554424769e-08,6.982982554424769e-08,26.168,,,26.168,False,100.0,5658,9078,474,474,4166,1,104,5553,42383.100000000006,18131.88,66718.76,28330.64,37509.75,-22414.72,9078,6,0,2,1,1207313.7850542276,42810.94433155225,17048.270616094967,1.009242425266545,1.1000000073560174,1.0598459031422152,0.014325553254772565,-0.6478875506118351,2.410835031490839e-34,-0.2416672233731381,0.09589197799519726,1609.1115150058902,1605.8835369204328,36.04145292493849,36.021478710061075,0.925229290336134,0.9225327831307906,0.2015849556973045,0.20132097669471252,0.0,0.0,345,158,30,124,0,30,0,,,,,,1,0.0,0.0,0.0,0.0,0.0,1,0.0,0.0,0.0,0.0,0.0,0,,,,,,1,1,0,4.674189198296232e-12,3.643529922214839e-12,1.823976107113583e-14,0.0,3.643529922214839e-12,7.868610007415548e-07,6.196970261385104e-07,4.232664100793543e-09,6.17024764615337e-11,6.196970261385104e-07,6.214311121340001e-09,6.819862452545067e-10,3.85349039901103e-11,1.3008483179532959e-11,6.819862452545067e-10,7.948415521885276e-10,1.0517120507813615e-10,5.493818837424853e-12,3.46363215886214e-12,1.0517120507813615e-10,,,,,,,,,
2026-03-22T17:08:58Z,test_cases/pglib_opf_case5658_epigrids.mat,pglib_opf_case5658_epigrids,oracle_ac_constraint_dual__Qg_Va,oracle_ac_constraint_dual,constraint_only,ac_true,1,0,Qg+Va,2,,,optimal,ok,1,9256.14641050987,1198057.6386437204,129.43373899999918,0,0.09068179130554199,2.393112897872925,30.01497721672058,32.408090114593506,32.408090114593506,32.49877190589905,acopf_acdc_paper_study/cases/pglib_opf_case5658_epigrids/logs/oracle_ac_constraint_dual__Qg_Va.log,0,106,8.367989756468634e-09,1.3975810092548002e-11,1.034441616809545e-07,6.98298210370155e-08,6.98298210370155e-08,23.388,,,23.388,False,100.0,5658,9078,474,474,4166,1,104,5553,42383.100000000006,18131.88,66718.76,28330.64,37509.75,-22414.72,9078,6,0,2,1,1207313.7850542304,42810.944331552346,17048.270616095142,1.0092424252666066,1.1000000073560174,1.0598459031422858,0.014325553254763802,-0.6478875506117888,2.9416623615157732e-33,-0.24166722337312588,0.09589197799519028,1609.11151500488,1605.8835369194594,36.04145292494098,36.02147871006352,0.9252292903361388,0.9225327831308044,0.20158495569732465,0.20132097669473228,0.0,0.0,345,158,30,124,0,30,0,,,,,,1,0.0,0.0,0.0,0.0,0.0,0,,,,,,1,0.0,0.0,0.0,0.0,0.0,1,1,0,5.054257087242675e-12,3.643085833004989e-12,2.0302947483567455e-14,0.0,3.643085833004989e-12,7.864956135522342e-07,6.196640350841776e-07,4.231693226795551e-09,6.157760412683899e-11,6.196640350841776e-07,6.210736951275206e-09,6.819627085263846e-10,3.846532793394923e-11,1.292155271670481e-11,6.819627085263846e-10,7.947450037171578e-10,1.051945475172289e-10,5.4894271201992674e-12,3.4546809857260996e-12,1.051945475172289e-10,,,,,,,,,
2026-03-22T17:09:32Z,test_cases/pglib_opf_case5658_epigrids.mat,pglib_opf_case5658_epigrids,oracle_ac_constraint_dual__Vm_Va,oracle_ac_constraint_dual,constraint_only,ac_true,1,0,Vm+Va,2,,,optimal,ok,1,9256.14641050984,1198057.6386437165,129.43373899999875,0,0.09068179130554199,1.4722249507904053,31.91640591621399,33.388630867004395,33.388630867004395,33.47931265830994,acopf_acdc_paper_study/cases/pglib_opf_case5658_epigrids/logs/oracle_ac_constraint_dual__Vm_Va.log,0,118,8.377189303815412e-09,1.39693690642817e-11,1.034441616809545e-07,7.063108042845011e-08,7.063108042845011e-08,25.442,,,25.442,False,100.0,5658,9078,474,474,4166,1,104,5553,42383.100000000006,18131.88,66718.76,28330.64,37509.75,-22414.72,9078,6,0,2,1,1207313.7850542264,42810.944331552215,17048.270616057504,1.009242425266799,1.1000000073560174,1.0598459031446108,0.014325553255486791,-0.6478875506113942,1.4079054227005067e-33,-0.24166722337317223,0.09589197799505417,1609.1115149860868,1605.883536900918,36.04145292490339,36.02147871002474,0.9252292903363102,0.922532783130991,0.20158495569761384,0.20132097669501606,0.0,0.0,345,158,30,124,0,30,0,,,,,,0,,,,,,1,0.0,0.0,0.0,0.0,0.0,1,0.0,0.0,0.0,0.0,0.0,1,1,0,4.556421626384576e-12,3.637978807091713e-12,1.7304723158668417e-14,0.0,3.637978807091713e-12,0.0001991322076628548,0.0001431031994050258,1.1430206423828657e-06,5.830239069304355e-11,0.0001431031994050258,5.859965988686181e-09,6.816363029571448e-10,3.614139096790822e-11,1.2472023414034084e-11,6.816363029571448e-10,7.58450745651002e-10,1.0412673501214442e-10,5.231511718666844e-12,3.2409075423345257e-12,1.0412673501214442e-10,,,,,,,,,
2026-03-22T17:09:44Z,test_cases/pglib_opf_case5658_epigrids.mat,pglib_opf_case5658_epigrids,oracle_ac_constraint_dual__Pg_Qg_Vm,oracle_ac_constraint_dual,constraint_only,ac_true,1,0,Pg+Qg+Vm,3,,,optimal,ok,1,9256.146410509875,1198057.6386437211,129.43373899999924,0,0.09068179130554199,2.388098955154419,10.501067876815796,12.889166831970215,12.889166831970215,12.979848623275757,acopf_acdc_paper_study/cases/pglib_opf_case5658_epigrids/logs/oracle_ac_constraint_dual__Pg_Qg_Vm.log,0,23,8.29564960530603e-09,1.3884723232271412e-11,1.034441616809545e-07,6.982957350532764e-08,6.982957350532764e-08,5.591,,,5.591,False,100.0,5658,9078,474,474,4166,1,104,5553,42383.100000000006,18131.88,66718.76,28330.64,37509.75,-22414.72,9078,6,0,2,1,1207313.785054231,42810.944331552375,17048.27061609781,1.0092424252665457,1.1000000073560174,1.0598459031422935,0.014325553254785217,-0.6478875506118292,8.307478463808987e-33,-0.24166722337313595,0.09589197799519311,1609.1115150050832,1605.8835369196383,36.04145292494084,36.021478710063235,0.9252292903360868,0.9225327831307686,0.2015849556973203,0.20132097669472762,0.0,0.0,345,158,30,124,0,30,1,0.0,0.0,0.0,0.0,0.0,1,0.0,0.0,0.0,0.0,0.0,1,0.0,0.0,0.0,0.0,0.0,0,,,,,,1,1,0,5.123454527766947e-12,3.6126657221302594e-12,2.062279535828328e-14,0.0,3.6126657221302594e-12,2.5212485530333243e-06,1.6270626348457995e-06,2.271915966020985e-08,3.805694648306712e-10,1.6270626348457995e-06,6.20155404468536e-09,6.806872843156953e-10,3.845541547505107e-11,1.2982281916151805e-11,6.806872843156953e-10,7.933371948027696e-10,1.0497241964557702e-10,5.4846169087533144e-12,3.4609537458152317e-12,1.0497241964557702e-10,,,,,,,,,
2026-03-22T17:09:58Z,test_cases/pglib_opf_case5658_epigrids.mat,pglib_opf_case5658_epigrids,oracle_ac_constraint_dual__Pg_Qg_Va,oracle_ac_constraint_dual,constraint_only,ac_true,1,0,Pg+Qg+Va,3,,,optimal,ok,1,9256.146410509886,1198057.6386437223,129.43373899999938,0,0.09068179130554199,1.4609789848327637,12.304847955703735,13.765826940536499,13.765826940536499,13.856508731842041,acopf_acdc_paper_study/cases/pglib_opf_case5658_epigrids/logs/oracle_ac_constraint_dual__Pg_Qg_Va.log,0,24,8.298031797460072e-09,1.3901137185801105e-11,1.034441616809545e-07,6.982958591684833e-08,6.982958591684833e-08,5.855,,,5.855,False,100.0,5658,9078,474,474,4166,1,104,5553,42383.100000000006,18131.88,66718.76,28330.64,37509.75,-22414.72,9078,6,0,2,1,1207313.7850542322,42810.94433155242,17048.270616094538,1.009242425266609,1.1000000073560174,1.0598459031423642,0.014325553254775218,-0.647887550611772,-2.33134720842128e-31,-0.24166722337312238,0.09589197799518474,1609.1115150040232,1605.8835369186102,36.04145292494287,36.021478710065324,0.925229290336116,0.9225327831307982,0.20158495569733983,0.2013209766947474,0.0,0.0,345,158,30,124,0,30,1,0.0,0.0,0.0,0.0,0.0,1,0.0,0.0,0.0,0.0,0.0,0,,,,,,1,0.0,0.0,0.0,0.0,0.0,1,1,0,5.363225530281343e-12,3.6142200343647346e-12,2.1562254253262986e-14,0.0,3.6142200343647346e-12,7.832982207317998e-07,6.16150316878894e-07,4.229943201748324e-09,9.35893168518831e-11,6.16150316878894e-07,6.1989068512733104e-09,6.807507890727038e-10,3.838597610700575e-11,1.2892353851157168e-11,6.807507890727038e-10,7.932541944628329e-10,1.0500664227031109e-10,5.478452093350129e-12,3.447769847397808e-12,1.0500664227031109e-10,,,,,,,,,
2026-03-22T17:10:12Z,test_cases/pglib_opf_case5658_epigrids.mat,pglib_opf_case5658_epigrids,oracle_ac_constraint_dual__Pg_Vm_Va,oracle_ac_constraint_dual,constraint_only,ac_true,1,0,Pg+Vm+Va,3,,,optimal,ok,1,9256.146410509917,1198057.6386437265,129.43373899999983,0,0.09068179130554199,2.3873918056488037,10.915067911148071,13.302459716796875,13.302459716796875,13.393141508102417,acopf_acdc_paper_study/cases/pglib_opf_case5658_epigrids/logs/oracle_ac_constraint_dual__Pg_Vm_Va.log,0,17,8.962754082108442e-09,1.4388819996602464e-11,1.034441616809545e-07,7.378862459397324e-08,7.378862459397324e-08,4.287,,,4.287,False,100.0,5658,9078,474,474,4166,1,104,5553,42383.100000000006,18131.88,66718.76,28330.64,37509.75,-22414.72,9078,6,0,2,1,1207313.7850542364,42810.94433155257,17048.270615979767,1.0092424252671437,1.1000000073560174,1.0598459031484995,0.014325553258438348,-0.6478875506105836,2.6349358386916915e-31,-0.24166722337339808,0.09589197799474805,1609.1115149989878,1605.8835369133515,36.041452924639636,36.0214787097597,0.9252292903374121,0.9225327831320745,0.20158495569772958,0.20132097669511673,0.0,0.0,345,158,30,124,0,30,1,0.0,0.0,0.0,0.0,0.0,0,,,,,,1,0.0,0.0,0.0,0.0,0.0,1,0.0,0.0,0.0,0.0,0.0,1,1,0,6.793619131371628e-12,4.866329561536986e-12,2.645032440016666e-14,0.0,4.866329561536986e-12,0.0011255332841453368,0.0006246165079895061,8.567541735728675e-06,4.88907192508492e-10,0.0006246165079895061,5.150880411391088e-09,6.955396258945257e-10,3.230838502353089e-11,1.1322609516639659e-11,6.955396258945257e-10,6.743026286551794e-10,1.026931872871728e-10,4.590567174881334e-12,2.490604944505037e-12,1.026931872871728e-10,,,,,,,,,
2026-03-22T17:10:46Z,test_cases/pglib_opf_case5658_epigrids.mat,pglib_opf_case5658_epigrids,oracle_ac_constraint_dual__Qg_Vm_Va,oracle_ac_constraint_dual,constraint_only,ac_true,1,0,Qg+Vm+Va,3,,,optimal,ok,1,9256.146410509884,1198057.638643722,129.43373899999935,0,0.09068179130554199,2.3671810626983643,31.788058042526245,34.15523910522461,34.15523910522461,34.24592089653015,acopf_acdc_paper_study/cases/pglib_opf_case5658_epigrids/logs/oracle_ac_constraint_dual__Qg_Vm_Va.log,0,117,8.083458278811801e-09,1.3672804208275657e-11,1.034441616809545e-07,6.982897666334462e-08,6.982897666334462e-08,25.358,,,25.358,False,100.0,5658,9078,474,474,4166,1,104,5553,42383.100000000006,18131.88,66718.76,28330.64,37509.75,-22414.72,9078,6,0,2,1,1207313.785054232,42810.94433155241,17048.270616092843,1.009242425266639,1.1000000073560174,1.0598459031425582,0.014325553254813243,-0.6478875506117096,-1.5750631861929601e-34,-0.24166722337311647,0.09589197799516583,1609.1115150024625,1605.8835369170713,36.04145292494691,36.02147871006924,0.9252292903361522,0.9225327831307945,0.2015849556973767,0.2013209766947841,0.0,0.0,345,158,30,124,0,30,0,,,,,,1,0.0,0.0,0.0,0.0,0.0,1,0.0,0.0,0.0,0.0,0.0,1,0.0,0.0,0.0,0.0,0.0,1,1,0,5.1762284188499016e-12,3.54516416223305e-12,2.0836393248283348e-14,0.0,3.54516416223305e-12,7.773479022624814e-07,6.11898427482771e-07,4.182382014095541e-09,5.7916282880654535e-11,6.11898427482771e-07,6.168324806066703e-09,6.776104122252491e-10,3.8191025810182565e-11,1.2821299577581158e-11,6.776104122252491e-10,7.89345319771281e-10,1.0451897680674449e-10,5.4509433617874196e-12,3.4324210140823652e-12,1.0451897680674449e-10,,,,,,,,,
2026-03-22T17:10:55Z,test_cases/pglib_opf_case5658_epigrids.mat,pglib_opf_case5658_epigrids,oracle_ac_constraint_dual__Pg_Qg_Vm_Va,oracle_ac_constraint_dual,constraint_only,ac_true,1,0,Pg+Qg+Vm+Va,4,,,optimal,ok,1,9256.146410509891,1198057.6386437232,129.43373899999946,0,0.09068179130554199,2.374579906463623,6.702764987945557,9.07734489440918,9.07734489440918,9.168026685714722,acopf_acdc_paper_study/cases/pglib_opf_case5658_epigrids/logs/oracle_ac_constraint_dual__Pg_Qg_Vm_Va.log,0,5,8.262944677808292e-09,1.365551248466712e-11,1.034441616809545e-07,6.982945260537794e-08,6.982945260537794e-08,1.771,,,1.771,False,100.0,5658,9078,474,474,4166,1,104,5553,42383.100000000006,18131.88,66718.76,28330.64,37509.75,-22414.72,9078,6,0,2,1,1207313.7850542332,42810.944331552455,17048.270616097096,1.0092424252666161,1.1000000073560174,1.0598459031422467,0.014325553254801695,-0.6478875506118059,-3.120653007327551e-31,-0.24166722337314045,0.09589197799519357,1609.1115150044275,1605.883536918994,36.04145292493183,36.02147871005476,0.9252292903362918,0.9225327831309542,0.20158495569731874,0.20132097669472696,0.0,0.0,345,158,30,124,0,30,1,0.0,0.0,0.0,0.0,0.0,1,0.0,0.0,0.0,0.0,0.0,1,0.0,0.0,0.0,0.0,0.0,1,0.0,0.0,0.0,0.0,0.0,1,1,0,5.516803670868519e-12,3.596678510575657e-12,2.2112776433736292e-14,0.0,3.596678510575657e-12,9.446134924000552e-06,6.6971112238078945e-06,6.234335555888181e-08,1.652720738043456e-10,6.6971112238078945e-06,6.200413276459406e-09,6.800637830650658e-10,3.8503223232568197e-11,1.3141043808673203e-11,6.800637830650658e-10,7.930658913524756e-10,1.0487172241724352e-10,5.488608284499171e-12,3.4463820686170266e-12,1.0487172241724352e-10,,,,,,,,,
2026-03-22T17:11:13Z,test_cases/pglib_opf_case5658_epigrids.mat,pglib_opf_case5658_epigrids,oracle_ac_bounds_dual__Pg,oracle_ac_bounds_dual,bounds_only,ac_true,1,0,Pg,1,,,optimal,ok,1,9256.146410509898,1198057.6386437241,129.43373899999958,0,0.09068179130554199,1.4283781051635742,16.409553050994873,17.837931156158447,17.837931156158447,17.92861294746399,acopf_acdc_paper_study/cases/pglib_opf_case5658_epigrids/logs/oracle_ac_bounds_dual__Pg.log,0,49,8.257542503549149e-09,1.3835406778572867e-11,1.034441616809545e-07,6.982943759388852e-08,6.982943759388852e-08,11.671,,,11.671,False,100.0,5658,9078,474,474,4166,1,104,5553,42383.100000000006,18131.88,66718.76,28330.64,37509.75,-22414.72,9078,6,0,2,1,1207313.785054234,42810.944331552484,17048.270616095546,1.009242425266406,1.1000000073560174,1.0598459031422676,0.014325553254935643,-0.6478875506119054,-1.9572273219488587e-32,-0.24166722337316446,0.09589197799519392,1609.1115150078238,1605.883536922317,36.04145292493034,36.021478710052534,0.9252292903363267,0.9225327831310107,0.2015849556972702,0.20132097669467688,0.0,0.0,345,158,30,124,0,30,1,0.0,0.0,0.0,0.0,0.0,0,,,,,,0,,,,,,0,,,,,,0,0,1,5.741995629204029e-12,3.678612969792994e-12,2.2889976468278712e-14,0.0,3.678612969792994e-12,2.2693002005362586e-05,1.2954245808494136e-05,1.5114164858159104e-07,6.127770513231212e-11,1.2954245808494136e-05,6.168875673820109e-09,6.800049412447606e-10,3.8476174369438514e-11,1.3322121183989566e-11,6.800049412447606e-10,7.883673917912545e-10,1.0468528821583334e-10,5.456412047422322e-12,3.4497404932665177e-12,1.0468528821583334e-10,,,,,,,,,
2026-03-22T17:12:00Z,test_cases/pglib_opf_case5658_epigrids.mat,pglib_opf_case5658_epigrids,oracle_ac_bounds_dual__Qg,oracle_ac_bounds_dual,bounds_only,ac_true,1,0,Qg,1,,,optimal,ok,1,9256.146410509924,1198057.6386437274,129.43373899999992,0,0.09068179130554199,2.3856709003448486,45.05999279022217,47.44566369056702,47.44566369056702,47.53634548187256,acopf_acdc_paper_study/cases/pglib_opf_case5658_epigrids/logs/oracle_ac_bounds_dual__Qg.log,0,194,8.328477878066808e-09,1.3914692315042387e-11,1.034441616809545e-07,6.982966465447132e-08,6.982966465447132e-08,38.412,,,38.412,True,100.0,5658,9078,474,474,4166,1,104,5553,42383.100000000006,18131.88,66718.76,28330.64,37509.75,-22414.72,9078,6,0,2,1,1207313.7850542373,42810.94433155261,17048.270616102665,1.0092424252663827,1.1000000073560174,1.059845903141916,0.014325553254823948,-0.6478875506119659,-1.6409266746326408e-32,-0.24166722337315935,0.09589197799521548,1609.1115150103774,1605.8835369248357,36.04145292493426,36.02147871005666,0.9252292903362616,0.9225327831309198,0.2015849556972247,0.2013209766946321,0.0,0.0,345,158,30,124,0,30,0,,,,,,1,0.0,0.0,0.0,0.0,0.0,0,,,,,,0,,,,,,0,0,1,6.504008359388357e-12,4.685141163918161e-12,2.5583057809151747e-14,0.0,4.685141163918161e-12,7.851256380554153e-07,6.185312615425431e-07,4.227512524926996e-09,6.399984014970883e-11,6.185312615425431e-07,6.224721422957586e-09,6.811580188781363e-10,3.882860495562597e-11,1.345601408075936e-11,6.811580188781363e-10,7.945496833543247e-10,1.049997311319828e-10,5.5001580427425665e-12,3.4844488405738616e-12,1.049997311319828e-10,,,,,,,,,
2026-03-22T17:12:34Z,test_cases/pglib_opf_case5658_epigrids.mat,pglib_opf_case5658_epigrids,oracle_ac_bounds_dual__Vm,oracle_ac_bounds_dual,bounds_only,ac_true,1,0,Vm,1,,,optimal,ok,1,9256.146410509902,1198057.6386437246,129.43373899999963,0,0.09068179130554199,3.046693801879883,30.081001043319702,33.127694845199585,33.127694845199585,33.21837663650513,acopf_acdc_paper_study/cases/pglib_opf_case5658_epigrids/logs/oracle_ac_bounds_dual__Vm.log,0,127,9.313868802672109e-09,1.4975071530032302e-11,1.034441616809545e-07,6.983263528972246e-08,6.983263528972246e-08,24.769,,,24.769,True,100.0,5658,9078,474,474,4166,1,104,5553,42383.100000000006,18131.88,66718.76,28330.64,37509.75,-22414.72,9078,6,0,2,1,1207313.7850542346,42810.944331552506,17048.270616109694,1.0092424252664831,1.1000000073560174,1.0598459031412837,0.014325553254627792,-0.6478875506120694,3.153449328081404e-33,-0.24166722337316926,0.09589197799527398,1609.111515015625,1605.8835369300332,36.041452924915795,36.021478710039304,0.9252292903362553,0.9225327831309329,0.20158495569712123,0.20132097669453108,0.0,0.0,345,158,30,124,0,30,0,,,,,,0,,,,,,1,0.0,0.0,0.0,0.0,0.0,0,,,,,,0,0,1,6.529417136437922e-12,4.342526338518837e-12,2.5871395211636534e-14,0.0,4.342526338518837e-12,8.473613110630631e-07,6.394634497475238e-07,5.156770460577084e-09,6.435468824506074e-11,6.394634497475238e-07,6.355730116582433e-09,6.964693266553468e-10,3.947606865722555e-11,1.345601408075936e-11,6.964693266553468e-10,8.124661128275995e-10,1.0739181766084016e-10,5.622587263395599e-12,3.5476482862506487e-12,1.0739181766084016e-10,,,,,,,,,
2026-03-22T17:13:16Z,test_cases/pglib_opf_case5658_epigrids.mat,pglib_opf_case5658_epigrids,oracle_ac_bounds_dual__Va,oracle_ac_bounds_dual,bounds_only,ac_true,1,0,Va,1,,,optimal,ok,1,9256.146410509882,1198057.6386437218,129.43373899999932,0,0.09068179130554199,2.4409449100494385,39.68293213844299,42.12387704849243,42.12387704849243,42.214558839797974,acopf_acdc_paper_study/cases/pglib_opf_case5658_epigrids/logs/oracle_ac_bounds_dual__Va.log,0,171,8.292386691793516e-09,1.3884084854032253e-11,1.034441616809545e-07,6.982956971835785e-08,6.982956971835785e-08,34.913,,,34.913,False,100.0,5658,9078,474,474,4166,1,104,5553,42383.100000000006,18131.88,66718.76,28330.64,37509.75,-22414.72,9078,6,0,2,1,1207313.7850542318,42810.944331552404,17048.270616095248,1.009242425266613,1.1000000073560174,1.0598459031423684,0.014325553254776004,-0.6478875506117652,-2.4088055721694133e-34,-0.24166722337312213,0.09589197799518284,1609.1115150039745,1605.88353691855,36.0414529249429,36.021478710065374,0.9252292903361143,0.9225327831307809,0.2015849556973397,0.2013209766947474,0.0,0.0,345,158,30,124,0,30,0,,,,,,0,,,,,,0,,,,,,1,0.0,0.0,0.0,0.0,0.0,0,0,1,5.273546483607594e-12,3.6122216329204093e-12,2.121943044122322e-14,0.0,3.6122216329204093e-12,7.844035607312873e-07,6.178318048277731e-07,4.217969878297033e-09,6.135034147369822e-11,6.178318048277731e-07,6.1980124647313895e-09,6.80667300301252e-10,3.838167775043307e-11,1.2889578293595605e-11,6.80667300301252e-10,7.931001362885907e-10,1.0499306979383505e-10,5.476885048312791e-12,3.4472008580976876e-12,1.0499306979383505e-10,,,,,,,,,
2026-03-22T17:13:34Z,test_cases/pglib_opf_case5658_epigrids.mat,pglib_opf_case5658_epigrids,oracle_ac_bounds_dual__Pg_Qg,oracle_ac_bounds_dual,bounds_only,ac_true,1,0,Pg+Qg,2,,,optimal,ok,1,9256.146410509678,1198057.6386436957,129.4337389999965,0,0.09068179130554199,2.3055579662323,16.12109899520874,18.42665696144104,18.42665696144104,18.517338752746582,acopf_acdc_paper_study/cases/pglib_opf_case5658_epigrids/logs/oracle_ac_bounds_dual__Pg_Qg.log,0,46,2.1553849208769604e-08,2.7391252460651216e-11,1.034441616809545e-07,6.988582125357635e-08,6.988582125357635e-08,11.043,,,11.043,False,100.0,5658,9078,474,474,4166,1,104,5553,42383.100000000006,18131.88,66718.76,28330.64,37509.75,-22414.72,9078,6,0,2,1,1207313.7850542057,42810.94433155146,17048.270616294765,1.0092424252654535,1.1000000073560172,1.0598459031247474,0.014325553251881366,-0.6478875506160167,-3.6903308995935286e-30,-0.24166722337363972,0.09589197799661035,1609.1115152064763,1605.8835371179534,36.04145292450383,36.02147870963951,0.9252292903371264,0.9225327831317393,0.20158495569363488,0.20132097669107454,0.0,0.0,345,158,30,124,0,30,1,0.0,0.0,0.0,0.0,0.0,1,0.0,0.0,0.0,0.0,0.0,0,,,,,,0,,,,,,0,0,1,1.13628569741047e-11,9.29523125137166e-12,4.0682193556203256e-14,0.0,9.29523125137166e-12,1.2536072388453316e-06,8.53824847379947e-07,8.606468940425686e-09,1.0046252718609594e-10,8.53824847379947e-07,8.974597186665973e-09,9.706140335907776e-10,5.6117916527134166e-11,1.960320794580639e-11,9.706140335907776e-10,1.1418023399481614e-09,1.4974860240712928e-10,7.916451219238085e-12,5.047892659426623e-12,1.4974860240712928e-10,,,,,,,,,
2026-03-22T17:13:53Z,test_cases/pglib_opf_case5658_epigrids.mat,pglib_opf_case5658_epigrids,oracle_ac_bounds_dual__Pg_Vm,oracle_ac_bounds_dual,bounds_only,ac_true,1,0,Pg+Vm,2,,,optimal,ok,1,9256.1464105099,1198057.6386437241,129.43373899999958,0,0.09068179130554199,1.676321029663086,16.72559404373169,18.401915073394775,18.401915073394775,18.492596864700317,acopf_acdc_paper_study/cases/pglib_opf_case5658_epigrids/logs/oracle_ac_bounds_dual__Pg_Vm.log,0,49,8.434179727805644e-09,1.4051305258222513e-11,1.034441616809545e-07,6.983002054923681e-08,6.983002054923681e-08,11.871,,,11.871,True,100.0,5658,9078,474,474,4166,1,104,5553,42383.100000000006,18131.88,66718.76,28330.64,37509.75,-22414.72,9078,6,0,2,1,1207313.785054234,42810.94433155249,17048.27061609899,1.0092424252665388,1.1000000073560174,1.0598459031421468,0.014325553254766827,-0.6478875506118456,1.0352779540549694e-34,-0.24166722337313504,0.09589197799520098,1609.1115150066717,1605.883536921202,36.04145292493688,36.021478710059505,0.9252292903360868,0.9225327831307595,0.20158495569729118,0.20132097669469914,0.0,0.0,345,158,30,124,0,30,1,0.0,0.0,0.0,0.0,0.0,0,,,,,,1,0.0,0.0,0.0,0.0,0.0,0,,,,,,0,0,1,5.879754244214997e-12,3.796074565798335e-12,2.3405013673773495e-14,0.0,3.796074565798335e-12,1.8324174905780207e-06,1.0584409837477438e-06,1.5188943198682235e-08,6.195133295250344e-11,1.0584409837477438e-06,6.2232755964700984e-09,6.829921073148171e-10,3.860369398168377e-11,1.3057332992616466e-11,6.829921073148171e-10,7.958469374280053e-10,1.053270248796423e-10,5.4991715956718336e-12,3.4627578582302476e-12,1.053270248796423e-10,,,,,,,,,
2026-03-22T17:14:22Z,test_cases/pglib_opf_case5658_epigrids.mat,pglib_opf_case5658_epigrids,oracle_ac_bounds_dual__Pg_Va,oracle_ac_bounds_dual,bounds_only,ac_true,1,0,Pg+Va,2,,,optimal,ok,1,9256.14641050989,1198057.638643723,129.43373899999943,0,0.09068179130554199,2.4054617881774902,26.525242805480957,28.930704593658447,28.930704593658447,29.02138638496399,acopf_acdc_paper_study/cases/pglib_opf_case5658_epigrids/logs/oracle_ac_bounds_dual__Pg_Va.log,0,100,8.355424288054598e-09,1.395624414646246e-11,1.034441616809545e-07,7.017914516852306e-08,7.017914516852306e-08,21.51,,,21.51,True,100.0,5658,9078,474,474,4166,1,104,5553,42383.100000000006,18131.88,66718.76,28330.64,37509.75,-22414.72,9078,6,0,2,1,1207313.785054233,42810.94433155245,17048.27061606335,1.009242425266752,1.1000000073560174,1.0598459031442713,0.014325553255363974,-0.6478875506114615,5.955927805013978e-34,-0.24166722337316,0.09589197799507561,1609.1115149881862,1605.8835369030028,36.04145292491107,36.021478710032575,0.9252292903362936,0.9225327831309661,0.20158495569757479,0.2013209766949778,0.0,0.0,345,158,30,124,0,30,1,0.0,0.0,0.0,0.0,0.0,0,,,,,,0,,,,,,1,0.0,0.0,0.0,0.0,0.0,0,0,1,5.5566831342977366e-12,3.6486369481281145e-12,2.228216449642509e-14,0.0,3.6486369481281145e-12,0.00012816893754212877,8.481628704323785e-05,7.263496897462748e-07,5.807632152965425e-11,8.481628704323785e-05,5.912218185731928e-09,6.816234243700592e-10,3.647953613509108e-11,1.257560722223161e-11,6.816234243700592e-10,7.640257669287586e-10,1.0429976327053225e-10,5.270034431631105e-12,3.2737562660756225e-12,1.0429976327053225e-10,,,,,,,,,
2026-03-22T17:14:55Z,test_cases/pglib_opf_case5658_epigrids.mat,pglib_opf_case5658_epigrids,oracle_ac_bounds_dual__Qg_Vm,oracle_ac_bounds_dual,bounds_only,ac_true,1,0,Qg+Vm,2,,,optimal,ok,1,9256.146410509897,1198057.6386437237,129.43373899999952,0,0.09068179130554199,1.472425937652588,31.97974395751953,33.45216989517212,33.45216989517212,33.54285168647766,acopf_acdc_paper_study/cases/pglib_opf_case5658_epigrids/logs/oracle_ac_bounds_dual__Qg_Vm.log,0,131,8.294510123052902e-09,1.3881170518592612e-11,1.034441616809545e-07,6.982954225604497e-08,6.982954225604497e-08,27.155,,,27.155,True,100.0,5658,9078,474,474,4166,1,104,5553,42383.100000000006,18131.88,66718.76,28330.64,37509.75,-22414.72,9078,6,0,2,1,1207313.7850542336,42810.94433155248,17048.270616095804,1.0092424252665462,1.1000000073560174,1.0598459031423062,0.014325553254785928,-0.6478875506118152,-6.560997705791227e-32,-0.24166722337313068,0.09589197799518984,1609.1115150049075,1605.8835369194646,36.041452924941154,36.02147871006358,0.9252292903360714,0.9225327831307447,0.2015849556973236,0.20132097669473117,0.0,0.0,345,158,30,124,0,30,0,,,,,,1,0.0,0.0,0.0,0.0,0.0,1,0.0,0.0,0.0,0.0,0.0,0,,,,,,0,0,1,5.653655521309739e-12,3.6080027854268337e-12,2.2594092663563045e-14,0.0,3.6080027854268337e-12,7.84159191641143e-07,6.1764626591021e-07,4.217279128243768e-09,6.154169535088627e-11,6.1764626591021e-07,6.200169662945984e-09,6.805260799325197e-10,3.844282843433692e-11,1.2975176488794204e-11,6.805260799325197e-10,7.930370265915436e-10,1.049501874295089e-10,5.480148430013917e-12,3.4535013737624354e-12,1.049501874295089e-10,,,,,,,,,
2026-03-22T17:15:43Z,test_cases/pglib_opf_case5658_epigrids.mat,pglib_opf_case5658_epigrids,oracle_ac_bounds_dual__Qg_Va,oracle_ac_bounds_dual,bounds_only,ac_true,1,0,Qg+Va,2,,,optimal,ok,1,9256.14641050971,1198057.6386436995,129.4337389999969,0,0.09068179130554199,2.395965099334717,45.18982481956482,47.585789918899536,47.585789918899536,47.67647171020508,acopf_acdc_paper_study/cases/pglib_opf_case5658_epigrids/logs/oracle_ac_bounds_dual__Qg_Va.log,0,199,1.7632176857882895e-08,2.3622522341004704e-11,1.034441616809545e-07,6.986214470625409e-08,6.986214470625409e-08,38.949,,,38.949,True,100.0,5658,9078,474,474,4166,1,104,5553,42383.100000000006,18131.88,66718.76,28330.64,37509.75,-22414.72,9078,6,0,2,1,1207313.7850542094,42810.9443315516,17048.270616221867,1.0092424252660142,1.1000000073560172,1.0598459031315097,0.014325553252972835,-0.6478875506144147,-5.130710454635716e-34,-0.2416672233735205,0.09589197799607577,1609.1115151187307,1605.8835370315808,36.041452924709205,36.021478709841865,0.9252292903368939,0.9225327831315135,0.20158495569528218,0.20132097669271434,0.0,0.0,345,158,30,124,0,30,0,,,,,,1,0.0,0.0,0.0,0.0,0.0,0,,,,,,1,0.0,0.0,0.0,0.0,0.0,0,0,1,8.843969587774971e-12,7.248202038567797e-12,3.079962757871033e-14,0.0,7.248202038567797e-12,1.6733548605597464e-06,1.2254974643133298e-06,1.032151900411344e-08,8.892675484872825e-11,1.2254974643133298e-06,7.847035065335799e-09,8.485743219210917e-10,4.932809005928573e-11,1.7362111748298048e-11,8.485743219210917e-10,9.971578107212763e-10,1.3068957027684291e-10,6.946677183660965e-12,4.282657561915926e-12,1.3068957027684291e-10,,,,,,,,,
2026-03-22T17:16:16Z,test_cases/pglib_opf_case5658_epigrids.mat,pglib_opf_case5658_epigrids,oracle_ac_bounds_dual__Vm_Va,oracle_ac_bounds_dual,bounds_only,ac_true,1,0,Vm+Va,2,,,optimal,ok,1,9256.146410509931,1198057.6386437283,129.43373900000003,0,0.09068179130554199,1.4733490943908691,31.507186889648438,32.98053598403931,32.98053598403931,33.07121777534485,acopf_acdc_paper_study/cases/pglib_opf_case5658_epigrids/logs/oracle_ac_bounds_dual__Vm_Va.log,0,128,8.300262462833082e-09,1.390516174426537e-11,1.034441616809545e-07,6.982962605526642e-08,6.982962605526642e-08,24.915,,,24.915,False,100.0,5658,9078,474,474,4166,1,104,5553,42383.100000000006,18131.88,66718.76,28330.64,37509.75,-22414.72,9078,6,0,2,1,1207313.7850542383,42810.94433155264,17048.270616095193,1.0092424252666317,1.1000000073560174,1.0598459031423406,0.014325553254780748,-0.6478875506117446,7.063273254216611e-33,-0.24166722337311605,0.09589197799518033,1609.1115150046871,1605.8835369192498,36.041452924941446,36.021478710063924,0.9252292903361592,0.9225327831308164,0.20158495569733328,0.20132097669474106,0.0,0.0,345,158,30,124,0,30,0,,,,,,0,,,,,,1,0.0,0.0,0.0,0.0,0.0,1,0.0,0.0,0.0,0.0,0.0,0,0,1,6.8303100715910145e-12,5.198730335109758e-12,2.6152991326559674e-14,0.0,5.198730335109758e-12,7.849428524024796e-07,6.182396012910374e-07,4.221157616111019e-09,6.123634932464483e-11,6.182396012910374e-07,6.201277769217795e-09,6.809577346444939e-10,3.841066167460546e-11,1.2910228441853633e-11,6.809577346444939e-10,7.932688335108529e-10,1.050396991608693e-10,5.475546399641822e-12,3.441871787579487e-12,1.050396991608693e-10,,,,,,,,,
2026-03-22T17:16:38Z,test_cases/pglib_opf_case5658_epigrids.mat,pglib_opf_case5658_epigrids,oracle_ac_bounds_dual__Pg_Qg_Vm,oracle_ac_bounds_dual,bounds_only,ac_true,1,0,Pg+Qg+Vm,3,,,optimal,ok,1,9256.146410509878,1198057.6386437216,129.4337389999993,0,0.09068179130554199,2.1571550369262695,19.82225489616394,21.97940993309021,21.97940993309021,22.070091724395752,acopf_acdc_paper_study/cases/pglib_opf_case5658_epigrids/logs/oracle_ac_bounds_dual__Pg_Qg_Vm.log,0,63,9.41494077578292e-09,1.5094139479976398e-11,1.034441616809545e-07,6.983299184080953e-08,6.983299184080953e-08,15.006,,,15.006,True,100.0,5658,9078,474,474,4166,1,104,5553,42383.100000000006,18131.88,66718.76,28330.64,37509.75,-22414.72,9078,6,0,2,1,1207313.7850542315,42810.9443315524,17048.270616107635,1.0092424252664853,1.1000000073560174,1.0598459031412562,0.014325553254630832,-0.6478875506120798,3.238418650287173e-33,-0.24166722337317104,0.09589197799527838,1609.1115150159237,1605.8835369303279,36.04145292491188,36.021478710035396,0.925229290336208,0.9225327831308385,0.20158495569710988,0.20132097669451962,0.0,0.0,345,158,30,124,0,30,1,0.0,0.0,0.0,0.0,0.0,1,0.0,0.0,0.0,0.0,0.0,1,0.0,0.0,0.0,0.0,0.0,0,,,,,,0,0,1,5.951574971048245e-12,4.027222999525293e-12,2.3924171770761998e-14,0.0,4.027222999525293e-12,6.340675319033813e-06,4.5521111526891644e-06,3.263899545444807e-08,6.459580093043371e-11,4.5521111526891644e-06,6.361406208898437e-09,6.983114086978048e-10,3.950490294264245e-11,1.3498091533392653e-11,6.983114086978048e-10,8.13441344044153e-10,1.0765291436065638e-10,5.625377970584252e-12,3.543124127425301e-12,1.0765291436065638e-10,,,,,,,,,
2026-03-22T17:17:05Z,test_cases/pglib_opf_case5658_epigrids.mat,pglib_opf_case5658_epigrids,oracle_ac_bounds_dual__Pg_Qg_Va,oracle_ac_bounds_dual,bounds_only,ac_true,1,0,Pg+Qg+Va,3,,,optimal,ok,1,9256.146410509888,1198057.6386437225,129.4337389999994,0,0.09068179130554199,2.3929617404937744,24.727200984954834,27.12016272544861,27.12016272544861,27.21084451675415,acopf_acdc_paper_study/cases/pglib_opf_case5658_epigrids/logs/oracle_ac_bounds_dual__Pg_Qg_Va.log,0,89,8.284544308312619e-09,1.3884447411238732e-11,1.034441616809545e-07,6.982956971520825e-08,6.982956971520825e-08,19.889,,,19.889,True,100.0,5658,9078,474,474,4166,1,104,5553,42383.100000000006,18131.88,66718.76,28330.64,37509.75,-22414.72,9078,6,0,2,1,1207313.7850542325,42810.94433155243,17048.270616094615,1.0092424252666132,1.1000000073560174,1.0598459031423688,0.014325553254776286,-0.6478875506117739,2.085943186162649e-32,-0.24166722337312554,0.09589197799518491,1609.1115150039502,1605.8835369185385,36.04145292494296,36.02147871006544,0.9252292903360873,0.9225327831307607,0.20158495569733959,0.20132097669474738,0.0,0.0,345,158,30,124,0,30,1,0.0,0.0,0.0,0.0,0.0,1,0.0,0.0,0.0,0.0,0.0,0,,,,,,1,0.0,0.0,0.0,0.0,0.0,0,0,1,5.405844099473343e-12,3.6139979897598096e-12,2.1823399671126383e-14,0.0,3.6139979897598096e-12,7.846255866338904e-07,6.178223619368595e-07,4.217848172220615e-09,6.126057994215728e-11,6.178223619368595e-07,6.198070818322621e-09,6.80667300301252e-10,3.838121568730504e-11,1.2889689315898067e-11,6.80667300301252e-10,7.931325578267299e-10,1.0498366065370135e-10,5.479091723116546e-12,3.4513086832888007e-12,1.0498366065370135e-10,,,,,,,,,
2026-03-22T17:17:20Z,test_cases/pglib_opf_case5658_epigrids.mat,pglib_opf_case5658_epigrids,oracle_ac_bounds_dual__Pg_Vm_Va,oracle_ac_bounds_dual,bounds_only,ac_true,1,0,Pg+Vm+Va,3,,,optimal,ok,1,9256.146410509835,1198057.6386437158,129.43373899999867,0,0.09068179130554199,2.3502860069274902,12.75011396408081,15.1003999710083,15.1003999710083,15.191081762313843,acopf_acdc_paper_study/cases/pglib_opf_case5658_epigrids/logs/oracle_ac_bounds_dual__Pg_Vm_Va.log,0,27,9.4898280924812e-09,1.5177799989052332e-11,1.034441616809545e-07,7.5621805755701e-08,7.5621805755701e-08,7.653,,,7.653,False,100.0,5658,9078,474,474,4166,1,104,5553,42383.100000000006,18131.88,66718.76,28330.64,37509.75,-22414.72,9078,6,0,2,1,1207313.7850542257,42810.944331552186,17048.2706158583,1.009242425267693,1.1000000073560174,1.0598459031563656,0.014325553259739856,-0.6478875506094407,1.0366792949247773e-33,-0.24166722337345142,0.09589197799436387,1609.1115149070567,1605.883536822967,36.041452924630306,36.02147870974586,0.9252292903375476,0.9225327831322122,0.20158495569890725,0.2013209766962782,0.0,0.0,345,158,30,124,0,30,1,0.0,0.0,0.0,0.0,0.0,0,,,,,,1,0.0,0.0,0.0,0.0,0.0,1,0.0,0.0,0.0,0.0,0.0,0,0,1,5.086629125121413e-12,4.0394354527961696e-12,1.94986725981659e-14,0.0,4.0394354527961696e-12,0.0013631299731851115,0.0009034172790369777,8.299445258034085e-06,1.4277382054395105e-10,0.0009034172790369777,4.418826017275669e-09,6.992462164845392e-10,2.4709087648976764e-11,7.744138663667854e-12,6.992462164845392e-10,6.16867328191908e-10,1.0091238955567405e-10,3.981610370921087e-12,1.939656768534803e-12,1.0091238955567405e-10,,,,,,,,,
2026-03-22T17:17:54Z,test_cases/pglib_opf_case5658_epigrids.mat,pglib_opf_case5658_epigrids,oracle_ac_bounds_dual__Qg_Vm_Va,oracle_ac_bounds_dual,bounds_only,ac_true,1,0,Qg+Vm+Va,3,,,optimal,ok,1,9256.146410509915,1198057.638643726,129.43373899999978,0,0.09068179130554199,2.551819086074829,31.362838745117188,33.91465783119202,33.91465783119202,34.00533962249756,acopf_acdc_paper_study/cases/pglib_opf_case5658_epigrids/logs/oracle_ac_bounds_dual__Qg_Vm_Va.log,0,126,8.36438773816749e-09,1.3936411052961617e-11,1.034441616809545e-07,6.982974628313859e-08,6.982974628313859e-08,26.519,,,26.519,False,100.0,5658,9078,474,474,4166,1,104,5553,42383.100000000006,18131.88,66718.76,28330.64,37509.75,-22414.72,9078,6,0,2,1,1207313.785054236,42810.94433155256,17048.270616096677,1.0092424252666266,1.1000000073560174,1.0598459031422998,0.014325553254773771,-0.6478875506117595,-4.348807028331871e-32,-0.24166722337311947,0.09589197799518474,1609.1115150050641,1605.8835369196333,36.04145292494058,36.02147871006316,0.9252292903361555,0.9225327831308147,0.20158495569732607,0.20132097669473398,0.0,0.0,345,158,30,124,0,30,0,,,,,,1,0.0,0.0,0.0,0.0,0.0,1,0.0,0.0,0.0,0.0,0.0,1,0.0,0.0,0.0,0.0,0.0,0,0,1,6.260628704069718e-12,4.406031095527396e-12,2.4539010460494468e-14,0.0,4.406031095527396e-12,7.861522018766981e-07,6.191168189229046e-07,4.227737357891302e-09,6.145495223819353e-11,6.191168189229046e-07,6.207448674432603e-09,6.815774611368397e-10,3.8451692401593197e-11,1.2924883385778685e-11,6.815774611368397e-10,7.941433487610683e-10,1.0513895309927079e-10,5.482789733606657e-12,3.4488523148468175e-12,1.0513895309927079e-10,,,,,,,,,
2026-03-22T17:18:07Z,test_cases/pglib_opf_case5658_epigrids.mat,pglib_opf_case5658_epigrids,oracle_ac_bounds_dual__Pg_Qg_Vm_Va,oracle_ac_bounds_dual,bounds_only,ac_true,1,0,Pg+Qg+Vm+Va,4,,,optimal,ok,1,9256.146410509935,1198057.6386437286,129.43373900000006,0,0.09068179130554199,2.3817710876464844,9.75612497329712,12.137896060943604,12.137896060943604,12.228577852249146,acopf_acdc_paper_study/cases/pglib_opf_case5658_epigrids/logs/oracle_ac_bounds_dual__Pg_Qg_Vm_Va.log,0,11,8.290794752973166e-09,1.388759593434763e-11,1.034441616809545e-07,6.98295695690369e-08,6.98295695690369e-08,4.65,,,4.65,False,100.0,5658,9078,474,474,4166,1,104,5553,42383.100000000006,18131.88,66718.76,28330.64,37509.75,-22414.72,9078,6,0,2,1,1207313.7850542385,42810.94433155265,17048.270616095906,1.0092424252666299,1.1000000073560174,1.0598459031423648,0.014325553254787567,-0.6478875506117554,-3.8141289935365e-33,-0.24166722337312052,0.09589197799518144,1609.1115150045193,1605.8835369190977,36.04145292494269,36.02147871006517,0.9252292903361538,0.922532783130811,0.201584955697342,0.20132097669474952,0.0,0.0,345,158,30,124,0,30,1,0.0,0.0,0.0,0.0,0.0,1,0.0,0.0,0.0,0.0,0.0,1,0.0,0.0,0.0,0.0,0.0,1,0.0,0.0,0.0,0.0,0.0,0,0,1,6.912711434578568e-12,5.313527395855999e-12,2.636665509429173e-14,0.0,5.313527395855999e-12,0.00017033057032460496,0.00012044065834704298,5.12400110172709e-07,6.122061191327077e-11,0.00012044065834704298,6.1985411572853675e-09,6.806666341674372e-10,3.838654762266173e-11,1.2902234836076332e-11,6.806666341674372e-10,7.930312141300139e-10,1.0498316105334027e-10,5.479315950229259e-12,3.449032726088319e-12,1.0498316105334027e-10,,,,,,,,,
2026-03-22T17:18:16Z,test_cases/pglib_opf_case5658_epigrids.mat,pglib_opf_case5658_epigrids,oracle_ac_primal_dual_all_bounds__Pg,oracle_ac_primal_dual_all_bounds,full_all_bounds,ac_true,1,0,Pg,1,,,optimal,ok,1,9256.146410509693,1198057.6386436974,129.43373899999668,0,0.09068179130554199,1.4945878982543945,8.21150803565979,9.706095933914185,9.706095933914185,9.796777725219727,acopf_acdc_paper_study/cases/pglib_opf_case5658_epigrids/logs/oracle_ac_primal_dual_all_bounds__Pg.log,0,12,1.7705711031329972e-08,2.3666700543767405e-11,1.034441616809545e-07,6.986271884245214e-08,6.986271884245214e-08,3.331,,,3.331,False,100.0,5658,9078,474,474,4166,1,104,5553,42383.100000000006,18131.88,66718.76,28330.64,37509.75,-22414.72,9078,6,0,2,1,1207313.7850542073,42810.94433155152,17048.270616222388,1.0092424252657917,1.1000000073560172,1.059845903131412,0.014325553253087348,-0.6478875506145043,1.4561343963021294e-33,-0.24166722337350194,0.09589197799607739,1609.111515125225,1605.8835370379293,36.04145292467934,36.02147870981101,0.9252292903370789,0.9225327831316986,0.201584955695108,0.2013209766925371,0.0,0.0,345,158,30,124,0,30,1,0.0,0.0,0.0,0.0,0.0,0,,,,,,0,,,,,,0,,,,,,1,1,1,8.869835661436122e-12,7.322364936612757e-12,3.1149500078298206e-14,0.0,7.322364936612757e-12,3.912466406101165e-06,2.4644802065765248e-06,2.9658444155977384e-08,8.619061020453955e-11,2.4644802065765248e-06,7.864413398533233e-09,8.515363969507916e-10,4.94223494853622e-11,1.7347900893582846e-11,8.515363969507916e-10,1.0000438996954433e-09,1.3122192221715068e-10,6.95525984747773e-12,4.374126061357231e-12,1.3122192221715068e-10,,,,,,,,,
2026-03-22T17:18:29Z,test_cases/pglib_opf_case5658_epigrids.mat,pglib_opf_case5658_epigrids,oracle_ac_primal_dual_all_bounds__Qg,oracle_ac_primal_dual_all_bounds,full_all_bounds,ac_true,1,0,Qg,1,,,optimal,ok,1,9256.14641050986,1198057.638643719,129.433738999999,0,0.09068179130554199,4.192345142364502,8.215533971786499,12.407879114151001,12.407879114151001,12.498560905456543,acopf_acdc_paper_study/cases/pglib_opf_case5658_epigrids/logs/oracle_ac_primal_dual_all_bounds__Qg.log,0,11,8.494615147251229e-09,1.4101731934945683e-11,1.034441616809545e-07,6.983016845792046e-08,6.983016845792046e-08,3.092,,,3.092,False,100.0,5658,9078,474,474,4166,1,104,5553,42383.100000000006,18131.88,66718.76,28330.64,37509.75,-22414.72,9078,6,0,2,1,1207313.785054229,42810.9443315523,17048.270616103313,1.0092424252663736,1.1000000073560174,1.0598459031417522,0.014325553254797892,-0.647887550612013,-1.5916399768712087e-33,-0.24166722337317173,0.0958919779952309,1609.1115150120845,1605.8835369265291,36.04145292492988,36.021478710052484,0.9252292903363207,0.9225327831309885,0.201584955697191,0.20132097669459886,0.0,0.0,345,158,30,124,0,30,0,,,,,,1,0.0,0.0,0.0,0.0,0.0,0,,,,,,0,,,,,,1,1,1,4.919610898470014e-12,3.687938843199845e-12,1.9608765314647673e-14,0.0,3.687938843199845e-12,7.900946517301387e-07,6.222087496343676e-07,4.2559920440794524e-09,6.406872254949292e-11,6.222087496343676e-07,6.25008284069089e-09,6.837548305327346e-10,3.8994539461854145e-11,1.3527845510452607e-11,6.837548305327346e-10,7.977726100138731e-10,1.0538914185787007e-10,5.5256644049646e-12,3.505973289463782e-12,1.0538914185787007e-10,,,,,,,,,
2026-03-22T17:18:42Z,test_cases/pglib_opf_case5658_epigrids.mat,pglib_opf_case5658_epigrids,oracle_ac_primal_dual_all_bounds__Vm,oracle_ac_primal_dual_all_bounds,full_all_bounds,ac_true,1,0,Vm,1,,,optimal,ok,1,9256.146410509871,1198057.6386437204,129.43373899999918,0,0.09068179130554199,1.4669220447540283,11.49399209022522,12.960914134979248,12.960914134979248,13.05159592628479,acopf_acdc_paper_study/cases/pglib_opf_case5658_epigrids/logs/oracle_ac_primal_dual_all_bounds__Vm.log,0,19,8.296143419944191e-09,1.388669908231055e-11,1.034441616809545e-07,6.982957062916297e-08,6.982957062916297e-08,4.781,,,4.781,False,100.0,5658,9078,474,474,4166,1,104,5553,42383.100000000006,18131.88,66718.76,28330.64,37509.75,-22414.72,9078,6,0,2,1,1207313.7850542304,42810.94433155235,17048.270616096328,1.009242425266547,1.1000000073560174,1.0598459031422969,0.014325553254784771,-0.6478875506118135,7.90941530920778e-34,-0.24166722337313282,0.09589197799518942,1609.111515005034,1605.8835369195897,36.041452924940764,36.021478710063256,0.9252292903361191,0.922532783130792,0.2015849556973211,0.20132097669472898,0.0,0.0,345,158,30,124,0,30,0,,,,,,0,,,,,,1,0.0,0.0,0.0,0.0,0.0,0,,,,,,1,1,1,5.0122712171879535e-12,3.6122216329204093e-12,2.014214520416896e-14,0.0,3.6122216329204093e-12,7.966872736792672e-07,6.178429804437613e-07,4.9147730543701045e-09,6.153128701003041e-11,6.178429804437613e-07,6.20163962444104e-09,6.806724073271653e-10,3.845199399452159e-11,1.2975953644911442e-11,6.806724073271653e-10,7.931593126655746e-10,1.0496636893009281e-10,5.481311107881719e-12,3.4555275307823763e-12,1.0496636893009281e-10,,,,,,,,,
2026-03-22T17:18:53Z,test_cases/pglib_opf_case5658_epigrids.mat,pglib_opf_case5658_epigrids,oracle_ac_primal_dual_all_bounds__Va,oracle_ac_primal_dual_all_bounds,full_all_bounds,ac_true,1,0,Va,1,,,optimal,ok,1,9256.146410509738,1198057.6386437034,129.43373899999733,0,0.09068179130554199,2.5217018127441406,8.967241048812866,11.488942861557007,11.488942861557007,11.579624652862549,acopf_acdc_paper_study/cases/pglib_opf_case5658_epigrids/logs/oracle_ac_primal_dual_all_bounds__Va.log,0,7,2.0507139739033508e-08,2.6411067777232233e-11,1.034441616809545e-07,7.116913119614675e-08,7.116913119614675e-08,2.226,,,2.226,False,100.0,5658,9078,474,474,4166,1,104,5553,42383.100000000006,18131.88,66718.76,28330.64,37509.75,-22414.72,9078,6,0,2,1,1207313.7850542134,42810.944331551735,17048.270616437374,1.0092424252650358,1.1000000073560172,1.0598459031133431,0.014325553249654609,-0.6478875506178469,2.1196285375379892e-29,-0.2416672233735837,0.09589197799731455,1609.1115153577648,1605.8835372668152,36.04145292436289,36.021478709502645,0.9252292903360527,0.9225327831306703,0.2015849556913893,0.20132097668884763,0.0,0.0,345,158,30,124,0,30,0,,,,,,0,,,,,,0,,,,,,1,0.0,0.0,0.0,0.0,0.0,1,1,1,1.3010921304497757e-11,9.89230919401507e-12,5.105848229576934e-14,0.0,9.89230919401507e-12,0.0003415935792267415,0.00021807214124250351,2.1334033985378185e-06,3.3393177112372996e-10,0.00021807214124250351,1.0802882245151045e-08,1.0895337965166618e-09,6.749813457073248e-11,2.088085260254502e-11,1.0895337965166618e-09,1.3515582036828729e-09,1.707042285303828e-10,9.311986918905516e-12,5.788480805790641e-12,1.707042285303828e-10,,,,,,,,,
2026-03-22T17:19:06Z,test_cases/pglib_opf_case5658_epigrids.mat,pglib_opf_case5658_epigrids,oracle_ac_primal_dual_all_bounds__Pg_Qg,oracle_ac_primal_dual_all_bounds,full_all_bounds,ac_true,1,0,Pg+Qg,2,,,optimal,ok,1,9256.146410509891,1198057.6386437232,129.43373899999946,0,0.09068179130554199,2.382236957550049,10.198094129562378,12.580331087112427,12.580331087112427,12.671012878417969,acopf_acdc_paper_study/cases/pglib_opf_case5658_epigrids/logs/oracle_ac_primal_dual_all_bounds__Pg_Qg.log,0,12,8.608688084016749e-09,1.4246897064862374e-11,1.034441616809545e-07,6.983057660988949e-08,6.983057660988949e-08,5.316,,,5.316,False,100.0,5658,9078,474,474,4166,1,104,5553,42383.100000000006,18131.88,66718.76,28330.64,37509.75,-22414.72,9078,6,0,2,1,1207313.7850542332,42810.944331552455,17048.270616107195,1.009242425266365,1.1000000073560174,1.0598459031416128,0.014325553254776288,-0.6478875506120398,-1.408158242221839e-33,-0.24166722337317223,0.09589197799524038,1609.1115150135383,1605.8835369279486,36.041452924926766,36.02147871004949,0.9252292903363047,0.9225327831309722,0.2015849556971645,0.20132097669457263,0.0,0.0,345,158,30,124,0,30,1,0.0,0.0,0.0,0.0,0.0,1,0.0,0.0,0.0,0.0,0.0,0,,,,,,0,,,,,,1,1,1,5.768896449448518e-12,3.738120923912902e-12,2.310877121517013e-14,0.0,3.738120923912902e-12,7.938858596720875e-07,6.251532576051488e-07,4.2771770700571275e-09,6.423925974496925e-11,6.251532576051488e-07,6.270882657678395e-09,6.858587031643992e-10,3.913531107129744e-11,1.3583911773196178e-11,6.858587031643992e-10,8.00332844913505e-10,1.0572173692047215e-10,5.542100348751081e-12,3.5117742047674483e-12,1.0572173692047215e-10,,,,,,,,,
2026-03-22T17:19:20Z,test_cases/pglib_opf_case5658_epigrids.mat,pglib_opf_case5658_epigrids,oracle_ac_primal_dual_all_bounds__Pg_Vm,oracle_ac_primal_dual_all_bounds,full_all_bounds,ac_true,1,0,Pg+Vm,2,,,optimal,ok,1,9256.146410509898,1198057.6386437241,129.43373899999958,0,0.09068179130554199,2.5461130142211914,11.792935848236084,14.339048862457275,14.339048862457275,14.429730653762817,acopf_acdc_paper_study/cases/pglib_opf_case5658_epigrids/logs/oracle_ac_primal_dual_all_bounds__Pg_Vm.log,0,20,8.301389967335605e-09,1.3889637703878854e-11,1.034441616809545e-07,6.982958244410634e-08,6.982958244410634e-08,6.885,,,6.885,False,100.0,5658,9078,474,474,4166,1,104,5553,42383.100000000006,18131.88,66718.76,28330.64,37509.75,-22414.72,9078,6,0,2,1,1207313.785054234,42810.944331552484,17048.270616096037,1.0092424252665462,1.1000000073560174,1.05984590314229,0.014325553254784119,-0.6478875506118219,1.5401138124529325e-34,-0.24166722337313315,0.09589197799519136,1609.1115150051082,1605.8835369196568,36.0414529249408,36.02147871006323,0.9252292903360694,0.9225327831307425,0.20158495569732035,0.20132097669472787,0.0,0.0,345,158,30,124,0,30,1,0.0,0.0,0.0,0.0,0.0,0,,,,,,1,0.0,0.0,0.0,0.0,0.0,0,,,,,,1,1,1,5.753157746435102e-12,3.6768366129535934e-12,2.2930424071292155e-14,0.0,3.6768366129535934e-12,8.296905161598369e-07,6.179252038940319e-07,5.713780480396076e-09,6.149792480814043e-11,6.179252038940319e-07,6.202342774057385e-09,6.807332475489147e-10,3.845889974656108e-11,1.2980616581614868e-11,6.807332475489147e-10,7.933532635822432e-10,1.0497980262869078e-10,5.483875903899269e-12,3.4592329001270627e-12,1.0497980262869078e-10,,,,,,,,,
2026-03-22T17:19:30Z,test_cases/pglib_opf_case5658_epigrids.mat,pglib_opf_case5658_epigrids,oracle_ac_primal_dual_all_bounds__Pg_Va,oracle_ac_primal_dual_all_bounds,full_all_bounds,ac_true,1,0,Pg+Va,2,,,optimal,ok,1,9256.146410509902,1198057.6386437246,129.43373899999963,0,0.09068179130554199,1.5934340953826904,7.765528917312622,9.358963012695312,9.358963012695312,9.449644804000854,acopf_acdc_paper_study/cases/pglib_opf_case5658_epigrids/logs/oracle_ac_primal_dual_all_bounds__Pg_Va.log,0,9,9.575747820939344e-09,1.5243233758566177e-11,1.034441616809545e-07,6.983342939380238e-08,6.983342939380238e-08,2.677,,,2.677,False,100.0,5658,9078,474,474,4166,1,104,5553,42383.100000000006,18131.88,66718.76,28330.64,37509.75,-22414.72,9078,6,0,2,1,1207313.7850542346,42810.944331552506,17048.270616113175,1.009242425266532,1.1000000073560174,1.0598459031410188,0.014325553254557994,-0.6478875506120942,-5.046583113617895e-34,-0.24166722337316562,0.09589197799529285,1609.1115150181192,1605.8835369324804,36.04145292491276,36.021478710036504,0.9252292903362557,0.9225327831309014,0.20158495569707935,0.20132097669448978,0.0,0.0,345,158,30,124,0,30,1,0.0,0.0,0.0,0.0,0.0,0,,,,,,0,,,,,,1,0.0,0.0,0.0,0.0,0.0,1,1,1,6.686977138840502e-12,4.447109347438527e-12,2.6502834559241004e-14,0.0,4.447109347438527e-12,8.887889560104197e-06,6.947411086200006e-06,5.03329761883833e-08,6.545136654878547e-11,6.947411086200006e-06,6.403703196585424e-09,7.005580560104363e-10,3.974460099627937e-11,1.349576006504094e-11,7.005580560104363e-10,8.184455481303535e-10,1.0807613137764349e-10,5.65939607723051e-12,3.5630665085051305e-12,1.0807613137764349e-10,,,,,,,,,
2026-03-22T17:19:44Z,test_cases/pglib_opf_case5658_epigrids.mat,pglib_opf_case5658_epigrids,oracle_ac_primal_dual_all_bounds__Qg_Vm,oracle_ac_primal_dual_all_bounds,full_all_bounds,ac_true,1,0,Qg+Vm,2,,,optimal,ok,1,9256.146410509931,1198057.638643728,129.433739,0,0.09068179130554199,3.57137393951416,10.118373155593872,13.689747095108032,13.689747095108032,13.780428886413574,acopf_acdc_paper_study/cases/pglib_opf_case5658_epigrids/logs/oracle_ac_primal_dual_all_bounds__Qg_Vm.log,0,18,8.264143699145696e-09,1.3825317626836586e-11,1.034441616809545e-07,6.982943124160042e-08,6.982943124160042e-08,4.542,,,4.542,False,100.0,5658,9078,474,474,4166,1,104,5553,42383.100000000006,18131.88,66718.76,28330.64,37509.75,-22414.72,9078,6,0,2,1,1207313.785054238,42810.94433155264,17048.27061609597,1.0092424252665495,1.1000000073560174,1.059845903142334,0.014325553254789616,-0.6478875506117975,3.9841228143636284e-30,-0.24166722337312582,0.09589197799518519,1609.1115150046178,1605.8835369191925,36.04145292494204,36.02147871006453,0.9252292903360751,0.922532783130726,0.20158495569732934,0.20132097669473706,0.0,0.0,345,158,30,124,0,30,0,,,,,,1,0.0,0.0,0.0,0.0,0.0,1,0.0,0.0,0.0,0.0,0.0,0,,,,,,1,1,1,6.75398893399956e-12,5.120792678781072e-12,2.5904369586400635e-14,0.0,5.120792678781072e-12,1.0038838316461728e-06,6.168779789206269e-07,7.92181471723257e-09,6.035860700137619e-11,6.168779789206269e-07,6.1955697740904705e-09,6.799536489410229e-10,3.841425418206818e-11,1.2956191675073114e-11,6.799536489410229e-10,7.923455095690546e-10,1.0486642110230093e-10,5.473224285551907e-12,3.4462155351633328e-12,1.0486642110230093e-10,,,,,,,,,
2026-03-22T17:19:55Z,test_cases/pglib_opf_case5658_epigrids.mat,pglib_opf_case5658_epigrids,oracle_ac_primal_dual_all_bounds__Qg_Va,oracle_ac_primal_dual_all_bounds,full_all_bounds,ac_true,1,0,Qg+Va,2,,,optimal,ok,1,9256.146410509744,1198057.6386437041,129.43373899999742,0,0.09068179130554199,2.3779289722442627,8.85274600982666,11.230674982070923,11.230674982070923,11.321356773376465,acopf_acdc_paper_study/cases/pglib_opf_case5658_epigrids/logs/oracle_ac_primal_dual_all_bounds__Qg_Va.log,0,6,1.78624616459206e-08,2.3883723124229483e-11,1.034441616809545e-07,6.9863814286388e-08,6.9863814286388e-08,2.048,,,2.048,False,100.0,5658,9078,474,474,4166,1,104,5553,42383.100000000006,18131.88,66718.76,28330.64,37509.75,-22414.72,9078,6,0,2,1,1207313.785054214,42810.944331551764,17048.270616217822,1.009242425266008,1.1000000073560172,1.0598459031316163,0.014325553253001415,-0.6478875506143522,2.757422750708257e-34,-0.24166722337345348,0.09589197799606247,1609.1115151234096,1605.8835370361844,36.04145292467424,36.02147870980601,0.9252292903368832,0.9225327831315099,0.20158495569513177,0.20132097669256047,0.0,0.0,345,158,30,124,0,30,0,,,,,,1,0.0,0.0,0.0,0.0,0.0,0,,,,,,1,0.0,0.0,0.0,0.0,0.0,1,1,1,9.134135549099001e-12,7.394085344003543e-12,3.3900398215657933e-14,0.0,7.394085344003543e-12,1.810259418397891e-06,1.2996896426725746e-06,1.2883804369125323e-08,8.397538220350498e-11,1.2996896426725746e-06,7.889911626576947e-09,8.571809928525909e-10,4.922068683271957e-11,1.7041590361088765e-11,8.571809928525909e-10,1.0058930334615627e-09,1.3221757022563452e-10,6.9776060044178496e-12,4.398856279230756e-12,1.3221757022563452e-10,,,,,,,,,
2026-03-22T17:20:06Z,test_cases/pglib_opf_case5658_epigrids.mat,pglib_opf_case5658_epigrids,oracle_ac_primal_dual_all_bounds__Vm_Va,oracle_ac_primal_dual_all_bounds,full_all_bounds,ac_true,1,0,Vm+Va,2,,,optimal,ok,1,9256.14641050986,1198057.638643719,129.433738999999,0,0.09068179130554199,2.3382980823516846,8.476194143295288,10.814492225646973,10.814492225646973,10.905174016952515,acopf_acdc_paper_study/cases/pglib_opf_case5658_epigrids/logs/oracle_ac_primal_dual_all_bounds__Vm_Va.log,0,5,8.319507041270962e-09,1.3919256372507682e-11,1.034441616809545e-07,6.982966545536606e-08,6.982966545536606e-08,3.195,,,3.195,False,100.0,5658,9078,474,474,4166,1,104,5553,42383.100000000006,18131.88,66718.76,28330.64,37509.75,-22414.72,9078,6,0,2,1,1207313.785054229,42810.9443315523,17048.270616092574,1.0092424252666448,1.1000000073560174,1.0598459031423353,0.014325553254864115,-0.647887550611724,3.633893411662249e-28,-0.24166722337313692,0.09589197799517421,1609.111515007887,1605.8835369223796,36.041452924932585,36.02147871005548,0.925229290336241,0.9225327831309215,0.20158495569730786,0.20132097669471585,0.0,0.0,345,158,30,124,0,30,0,,,,,,0,,,,,,1,0.0,0.0,0.0,0.0,0.0,1,0.0,0.0,0.0,0.0,0.0,1,1,1,4.812542132243399e-12,3.623989996981436e-12,1.9142051502107818e-14,0.0,3.623989996981436e-12,9.350246781308047e-05,4.32002014887356e-05,1.2660925851000904e-06,1.6352042442324688e-08,4.32002014887356e-05,6.187694817602207e-09,6.811711195098269e-10,3.8416871388625696e-11,1.3077428029362181e-11,6.811711195098269e-10,7.911012025216535e-10,1.0496115088187707e-10,5.468114773216979e-12,3.4409419757963633e-12,1.0496115088187707e-10,,,,,,,,,
2026-03-22T17:20:20Z,test_cases/pglib_opf_case5658_epigrids.mat,pglib_opf_case5658_epigrids,oracle_ac_primal_dual_all_bounds__Pg_Qg_Vm,oracle_ac_primal_dual_all_bounds,full_all_bounds,ac_true,1,0,Pg+Qg+Vm,3,,,optimal,ok,1,9256.146410509928,1198057.6386437279,129.43373899999997,0,0.09068179130554199,2.5379300117492676,11.389493942260742,13.92742395401001,13.92742395401001,14.018105745315552,acopf_acdc_paper_study/cases/pglib_opf_case5658_epigrids/logs/oracle_ac_primal_dual_all_bounds__Pg_Qg_Vm.log,0,17,4.310291759499147e-09,9.401252346052935e-12,1.034441616809545e-07,6.981760781625391e-08,6.981760781625391e-08,6.148,,,6.148,False,100.0,5658,9078,474,474,4166,1,104,5553,42383.100000000006,18131.88,66718.76,28330.64,37509.75,-22414.72,9078,6,0,2,1,1207313.7850542378,42810.94433155262,17048.27061604849,1.0092424252667993,1.1000000073560174,1.0598459031463634,0.014325553255384697,-0.6478875506107687,3.388284459892479e-33,-0.24166722337296176,0.09589197799484714,1609.1115149641819,1605.8835368793614,36.041452925040105,36.02147871015814,0.9252292903355405,0.9225327831302497,0.20158495569809762,0.20132097669549637,0.0,0.0,345,158,30,124,0,30,1,0.0,0.0,0.0,0.0,0.0,1,0.0,0.0,0.0,0.0,0.0,1,0.0,0.0,0.0,0.0,0.0,0,,,,,,1,1,1,4.0454437779908645e-12,3.0879743206924104e-12,1.5481689772302317e-14,0.0,3.0879743206924104e-12,3.6653856251165555e-06,3.2118622124571727e-06,2.119206978416355e-08,1.1945253119982624e-10,3.2118622124571727e-06,5.598829281728522e-09,6.190059576027807e-10,3.433702087440596e-11,1.0924816606916465e-11,6.190059576027807e-10,7.183881262972761e-10,9.557649116587186e-11,4.9287786947772595e-12,3.1162294966691206e-12,9.557649116587186e-11,,,,,,,,,
2026-03-22T17:20:30Z,test_cases/pglib_opf_case5658_epigrids.mat,pglib_opf_case5658_epigrids,oracle_ac_primal_dual_all_bounds__Pg_Qg_Va,oracle_ac_primal_dual_all_bounds,full_all_bounds,ac_true,1,0,Pg+Qg+Va,3,,,optimal,ok,1,9256.146410509897,1198057.638643724,129.43373899999955,0,0.09068179130554199,2.717040777206421,7.413335084915161,10.130375862121582,10.130375862121582,10.221057653427124,acopf_acdc_paper_study/cases/pglib_opf_case5658_epigrids/logs/oracle_ac_primal_dual_all_bounds__Pg_Qg_Va.log,0,8,8.293100911519629e-09,1.3881423788220104e-11,1.034441616809545e-07,6.982956994253063e-08,6.982956994253063e-08,2.461,,,2.461,False,100.0,5658,9078,474,474,4166,1,104,5553,42383.100000000006,18131.88,66718.76,28330.64,37509.75,-22414.72,9078,6,0,2,1,1207313.7850542339,42810.94433155248,17048.27061609534,1.0092424252666117,1.1000000073560174,1.0598459031423653,0.014325553254775955,-0.6478875506117729,-1.6760369500326263e-33,-0.24166722337312516,0.09589197799518419,1609.111515004036,1605.8835369186102,36.04145292494319,36.02147871006569,0.925229290336134,0.9225327831307845,0.20158495569734103,0.20132097669474894,0.0,0.0,345,158,30,124,0,30,1,0.0,0.0,0.0,0.0,0.0,1,0.0,0.0,0.0,0.0,0.0,0,,,,,,1,0.0,0.0,0.0,0.0,0.0,1,1,1,5.558767602282005e-12,3.623323863166661e-12,2.282295172622693e-14,0.0,3.623323863166661e-12,7.84354022639204e-07,6.177812216234813e-07,4.217377827736732e-09,6.116557260682498e-11,6.177812216234813e-07,6.198231159484705e-09,6.806684105242766e-10,3.838466856332479e-11,1.2890133405107917e-11,6.806684105242766e-10,7.932092698731654e-10,1.0499254243789835e-10,5.478877116851362e-12,3.4513780722278398e-12,1.0499254243789835e-10,,,,,,,,,
2026-03-22T17:20:41Z,test_cases/pglib_opf_case5658_epigrids.mat,pglib_opf_case5658_epigrids,oracle_ac_primal_dual_all_bounds__Pg_Vm_Va,oracle_ac_primal_dual_all_bounds,full_all_bounds,ac_true,1,0,Pg+Vm+Va,3,,,optimal,ok,1,9256.146410509884,1198057.638643722,129.43373899999935,0,0.09068179130554199,3.6455419063568115,7.584295988082886,11.229837894439697,11.229837894439697,11.32051968574524,acopf_acdc_paper_study/cases/pglib_opf_case5658_epigrids/logs/oracle_ac_primal_dual_all_bounds__Pg_Vm_Va.log,0,5,8.338878808848054e-09,1.3931465356331607e-11,1.034441616809545e-07,6.982969527567781e-08,6.982969527567781e-08,1.798,,,1.798,False,100.0,5658,9078,474,474,4166,1,104,5553,42383.100000000006,18131.88,66718.76,28330.64,37509.75,-22414.72,9078,6,0,2,1,1207313.785054232,42810.94433155242,17048.2706160936,1.0092424252666663,1.1000000073560174,1.0598459031423413,0.01432555325485284,-0.6478875506116875,-3.1651600611548497e-32,-0.24166722337312754,0.09589197799516869,1609.1115150076203,1605.8835369221247,36.04145292493486,36.02147871005769,0.9252292903361385,0.9225327831307961,0.20158495569731588,0.20132097669472368,0.0,0.0,345,158,30,124,0,30,1,0.0,0.0,0.0,0.0,0.0,0,,,,,,1,0.0,0.0,0.0,0.0,0.0,1,0.0,0.0,0.0,0.0,0.0,1,1,1,5.357006930843986e-12,3.6275427106602365e-12,2.1543450436543006e-14,0.0,3.6275427106602365e-12,0.00011882988001910048,5.715344617129858e-05,1.5235786534170946e-06,2.0898136769698095e-08,5.715344617129858e-05,6.191853442626585e-09,6.813225539303858e-10,3.8408366899733e-11,1.2899126211607381e-11,6.813225539303858e-10,7.916872659129426e-10,1.0501796654516227e-10,5.4673401028315516e-12,3.4394848080765428e-12,1.0501796654516227e-10,,,,,,,,,
2026-03-22T17:20:52Z,test_cases/pglib_opf_case5658_epigrids.mat,pglib_opf_case5658_epigrids,oracle_ac_primal_dual_all_bounds__Qg_Vm_Va,oracle_ac_primal_dual_all_bounds,full_all_bounds,ac_true,1,0,Qg+Vm+Va,3,,,optimal,ok,1,9256.14641050987,1198057.6386437204,129.43373899999918,0,0.09068179130554199,2.3585400581359863,8.277790784835815,10.636330842971802,10.636330842971802,10.727012634277344,acopf_acdc_paper_study/cases/pglib_opf_case5658_epigrids/logs/oracle_ac_primal_dual_all_bounds__Qg_Vm_Va.log,0,4,8.204513685667182e-09,1.3791846137367614e-11,1.034441616809545e-07,6.982931374532636e-08,6.982931374532636e-08,1.791,,,1.791,False,100.0,5658,9078,474,474,4166,1,104,5553,42383.100000000006,18131.88,66718.76,28330.64,37509.75,-22414.72,9078,6,0,2,1,1207313.7850542304,42810.94433155235,17048.270616092712,1.0092424252666359,1.1000000073560174,1.0598459031424459,0.01432555325479593,-0.6478875506117269,4.778866236587554e-34,-0.24166722337311936,0.09589197799517321,1609.111515003623,1605.8835369182016,36.04145292494403,36.02147871006643,0.9252292903361897,0.9225327831308539,0.20158495569735366,0.20132097669476112,0.0,0.0,345,158,30,124,0,30,0,,,,,,1,0.0,0.0,0.0,0.0,0.0,1,0.0,0.0,0.0,0.0,0.0,1,0.0,0.0,0.0,0.0,0.0,1,1,1,4.969628407602203e-12,3.581579477440755e-12,1.9965013101484628e-14,0.0,3.581579477440755e-12,1.352102085921351e-06,7.474787923067439e-07,1.2531010754304258e-08,2.5790641844380957e-10,7.474787923067439e-07,6.18542904841534e-09,6.793479112587875e-10,3.830451485631549e-11,1.2865042364751389e-11,6.793479112587875e-10,7.914116666685687e-10,1.0478598544416684e-10,5.464971464549495e-12,3.4413166760671743e-12,1.0478598544416684e-10,,,,,,,,,
2026-03-22T17:21:01Z,test_cases/pglib_opf_case5658_epigrids.mat,pglib_opf_case5658_epigrids,oracle_ac_primal_dual_all_bounds__Pg_Qg_Vm_Va,oracle_ac_primal_dual_all_bounds,full_all_bounds,ac_true,1,0,Pg+Qg+Vm+Va,4,,,optimal,ok,1,9256.146410509895,1198057.6386437234,129.4337389999995,0,0.09068179130554199,2.4140679836273193,6.579198837280273,8.993266820907593,8.993266820907593,9.083948612213135,acopf_acdc_paper_study/cases/pglib_opf_case5658_epigrids/logs/oracle_ac_primal_dual_all_bounds__Pg_Qg_Vm_Va.log,0,4,8.31105163796907e-09,1.3894475847653354e-11,1.034441616809545e-07,6.98295861616438e-08,6.98295861616438e-08,1.587,,,1.587,False,100.0,5658,9078,474,474,4166,1,104,5553,42383.100000000006,18131.88,66718.76,28330.64,37509.75,-22414.72,9078,6,0,2,1,1207313.7850542334,42810.94433155246,17048.27061609423,1.0092424252666259,1.1000000073560174,1.0598459031423533,0.014325553254782344,-0.6478875506117655,-2.2322826314467762e-34,-0.24166722337312643,0.09589197799518377,1609.111515004616,1605.8835369191925,36.04145292494179,36.02147871006429,0.925229290336216,0.9225327831308971,0.20158495569733642,0.20132097669474416,0.0,0.0,345,158,30,124,0,30,1,0.0,0.0,0.0,0.0,0.0,1,0.0,0.0,0.0,0.0,0.0,1,0.0,0.0,0.0,0.0,0.0,1,0.0,0.0,0.0,0.0,0.0,1,1,1,5.621533727070806e-12,3.6142200343647346e-12,2.2480779354519727e-14,0.0,3.6142200343647346e-12,7.912021526241971e-07,6.232259983640631e-07,4.245604360680378e-09,6.124270535146081e-11,6.232259983640631e-07,6.199376827477714e-09,6.807521213403334e-10,3.839818188873495e-11,1.2903678126008344e-11,6.807521213403334e-10,7.932407142542367e-10,1.0499429103916214e-10,5.4815568365362644e-12,3.4569430651387734e-12,1.0499429103916214e-10,,,,,,,,,
2026-03-22T17:21:31Z,test_cases/pglib_opf_case5658_epigrids.mat,pglib_opf_case5658_epigrids,oracle_ac_dual_only_constraint__none,oracle_ac_dual_only_constraint,constraint_only,ac_true,1,0,,0,,,optimal,ok,1,9256.146410509931,1198057.638643728,129.433739,0,0.09068179130554199,4.1553661823272705,25.834429025650024,29.989795207977295,29.989795207977295,30.080476999282837,acopf_acdc_paper_study/cases/pglib_opf_case5658_epigrids/logs/oracle_ac_dual_only_constraint__none.log,0,95,8.393286283440299e-09,1.4152805663525392e-11,1.034441616809545e-07,7.202034332203902e-08,7.202034332203902e-08,20.814,,,20.814,False,100.0,5658,9078,474,474,4166,1,104,5553,42383.100000000006,18131.88,66718.76,28330.64,37509.75,-22414.72,9078,6,0,2,1,1207313.785054238,42810.94433155264,17048.270616040354,1.0092424252666603,1.1000000073560174,1.05984590314488,0.014325553257290501,-0.6478875506111534,8.04317773049456e-31,-0.24166722337328608,0.0958919779949244,1609.1115150339288,1605.883536947743,36.04145292474525,36.02147870986555,0.9252292903367763,0.9225327831314152,0.20158495569728024,0.2013209766946744,0.0,0.0,345,158,30,124,0,30,0,,,,,,0,,,,,,0,,,,,,0,,,,,,1,1,0,6.858983513427527e-12,5.196065799850658e-12,2.63120881610635e-14,0.0,5.196065799850658e-12,0.0007811917135447142,0.00047590630947080825,5.522998855400458e-06,2.0206263745548014e-10,0.00047590630947080825,5.591579960394563e-09,6.82246037442269e-10,3.5865426178221295e-11,1.2701728557829028e-11,6.82246037442269e-10,7.123269222204156e-10,1.0247866444323961e-10,4.91859563059087e-12,2.8130830997952216e-12,1.0247866444323961e-10,,,,,,,,,
2026-03-22T17:21:44Z,test_cases/pglib_opf_case5658_epigrids.mat,pglib_opf_case5658_epigrids,oracle_ac_dual_only_bounds__none,oracle_ac_dual_only_bounds,all_bounds_only,ac_true,1,0,,0,,,optimal,ok,1,9256.146410509857,1198057.6386437183,129.43373899999895,0,0.09068179130554199,4.11978006362915,8.92445707321167,13.04423713684082,13.04423713684082,13.134918928146362,acopf_acdc_paper_study/cases/pglib_opf_case5658_epigrids/logs/oracle_ac_dual_only_bounds__none.log,0,16,9.362689869910393e-09,1.5029769095953327e-11,1.034441616809545e-07,6.983272758799322e-08,6.983272758799322e-08,3.763,,,3.763,False,100.0,5658,9078,474,474,4166,1,104,5553,42383.100000000006,18131.88,66718.76,28330.64,37509.75,-22414.72,9078,6,0,2,1,1207313.7850542283,42810.94433155228,17048.27061611562,1.009242425266316,1.1000000073560174,1.0598459031407366,0.014325553254633212,-0.6478875506122596,-3.379821456399897e-32,-0.24166722337321203,0.09589197799531235,1609.1115150220767,1605.8835369363571,36.041452924913074,36.02147871003676,0.9252292903364212,0.922532783131061,0.20158495569701626,0.20132097669442686,0.0,0.0,345,158,30,124,0,30,0,,,,,,0,,,,,,0,,,,,,0,,,,,,0,0,1,5.41023291544898e-12,4.00679489587219e-12,2.1622881753261246e-14,0.0,4.00679489587219e-12,7.359671732578747e-06,4.626039235525181e-06,3.9625197600272496e-08,6.541231445389428e-11,4.626039235525181e-06,6.3963127934969735e-09,6.969418375746272e-10,4.001963067128864e-11,1.3896772621535547e-11,6.969418375746272e-10,8.151305493367625e-10,1.0740891509541939e-10,5.6547540686566555e-12,3.5668690223644717e-12,1.0740891509541939e-10,,,,,,,,,
2026-03-22T17:21:55Z,test_cases/pglib_opf_case5658_epigrids.mat,pglib_opf_case5658_epigrids,oracle_ac_dual_only_full__none,oracle_ac_dual_only_full,full_all_bounds,ac_true,1,0,,0,,,optimal,ok,1,9256.146410509875,1198057.638643721,129.4337389999992,0,0.09068179130554199,1.470932960510254,9.780910968780518,11.251843929290771,11.251843929290771,11.342525720596313,acopf_acdc_paper_study/cases/pglib_opf_case5658_epigrids/logs/oracle_ac_dual_only_full__none.log,0,11,8.325774966103008e-09,1.3917405422558815e-11,1.034441616809545e-07,6.982966521810156e-08,6.982966521810156e-08,3.1,,,3.1,False,100.0,5658,9078,474,474,4166,1,104,5553,42383.100000000006,18131.88,66718.76,28330.64,37509.75,-22414.72,9078,6,0,2,1,1207313.7850542308,42810.944331552375,17048.270616100326,1.0092424252663827,1.1000000073560174,1.0598459031419187,0.014325553254823991,-0.6478875506119649,-9.719975126728873e-30,-0.24166722337316107,0.0958919779952158,1609.1115150103715,1605.8835369248368,36.04145292493406,36.02147871005644,0.9252292903363172,0.9225327831309766,0.20158495569722448,0.20132097669463178,0.0,0.0,345,158,30,124,0,30,0,,,,,,0,,,,,,0,,,,,,0,,,,,,1,1,1,5.137801358883847e-12,3.6262104430306863e-12,2.068850990481754e-14,0.0,3.6262104430306863e-12,7.853680482481448e-07,6.185526606472536e-07,4.22756964831339e-09,6.31588878419187e-11,6.185526606472536e-07,6.224566963261696e-09,6.811609054580003e-10,3.882600250494888e-11,1.3457235326086447e-11,6.811609054580003e-10,7.94594469273819e-10,1.0500342262353968e-10,5.500049624671494e-12,3.4846986407544023e-12,1.0500342262353968e-10,,,,,,,,,
2026-03-22T17:22:14Z,test_cases/pglib_opf_case5658_epigrids.mat,pglib_opf_case5658_epigrids,dc_seed__Pg,dc_seed,none,dcopf,0,1,Pg,1,,,optimal,ok,1,9256.146410509942,1198057.6386437297,129.43373900000017,0,0.09068179130554199,0.9909420013427734,14.971296787261963,15.962238788604736,18.373488664627075,18.464170455932617,acopf_acdc_paper_study/cases/pglib_opf_case5658_epigrids/logs/dc_seed__Pg.log,0,40,1.3159553017977652e-10,5.838096268081368e-14,1.034441616809545e-07,6.969753737495836e-08,6.969753737495836e-08,8.571,,,8.571,False,100.0,5658,9078,474,474,4166,1,104,5553,42383.100000000006,18131.88,66718.76,28330.64,37509.75,-22414.72,9078,6,0,2,1,1207313.7850542397,42810.94433155269,17048.270615665693,1.0092424252683545,1.1000000073560174,1.0598459031804606,0.014325553261039866,-0.6478875506028583,5.6405412143682795e-34,-0.24166722337210458,0.09589197799206382,1609.1115145601502,1605.8835364814715,36.041452926032825,36.02147871112677,0.9252292903341081,0.9225327831288669,0.20158495570551957,0.20132097670285778,0.0,0.0,345,158,30,124,0,30,1,3.0641225717491585,2.9800000205076738,0.009026280545917354,6.9632843935352184e-09,2.9800000205076738,0,,,,,,0,,,,,,0,,,,,,0,0,0,9.88320536545673e-13,9.883205365213144e-13,2.0850790620748735e-15,0.0,9.883205365213144e-13,6.7723792775857366e-12,4.0254466426858926e-12,7.551712785927718e-14,1.619537837171947e-14,4.0254466426858926e-12,2.5638441628751946e-13,3.086420008457935e-14,2.4003029641268452e-15,1.9984014443252818e-15,3.086420008457935e-14,2.6018645795305553e-13,1.2878587085651816e-14,2.92248937580993e-15,2.7131075164277263e-15,1.2878587085651816e-14,native_only,ipopt,nlp,optimal,ok,1.6659607887268066,0.7452890872955322,2.411249876022339,1195466.1115042677
2026-03-22T17:22:31Z,test_cases/pglib_opf_case5658_epigrids.mat,pglib_opf_case5658_epigrids,dc_seed__Va,dc_seed,none,dcopf,0,1,Va,1,,,optimal,ok,1,9256.146410509993,1198057.6386437363,129.43373900000088,0,0.09068179130554199,2.3749947547912598,14.64574909210205,17.02074384689331,19.43199372291565,19.52267551422119,acopf_acdc_paper_study/cases/pglib_opf_case5658_epigrids/logs/dc_seed__Va.log,0,38,3.3609864314138366e-10,5.966592768450908e-14,1.034441616809545e-07,6.969753737195183e-08,6.969753737195183e-08,8.09,,,8.09,False,100.0,5658,9078,474,474,4166,1,104,5553,42383.100000000006,18131.88,66718.76,28330.64,37509.75,-22414.72,9078,6,0,2,1,1207313.7850542462,42810.94433155292,17048.270615659745,1.0092424252685939,1.1000000073560174,1.0598459031808758,0.01432555326098827,-0.647887550602655,2.599431310242473e-32,-0.2416672233720623,0.09589197799203153,1609.111514554217,1605.8835364756537,36.041452926040975,36.02147871113496,0.9252292903340413,0.9225327831287812,0.20158495570563015,0.20132097670296847,0.0,0.0,345,158,30,124,0,30,0,,,,,,0,,,,,,0,,,,,,1,6.324394024423488,0.3494689895029287,0.062089925815141535,0.050727297950230316,0.3494689895029287,0,0,0,3.3691137072166174e-12,3.3690827905275e-12,7.146936289969065e-15,0.0,3.3690827905275e-12,3.644320694533584e-10,1.8110446475816389e-10,7.2086264561000666e-12,1.4993839503318895e-12,1.8110446475816389e-10,4.823242165808593e-11,2.418509836843441e-12,4.171607091811985e-13,2.1227464230832993e-13,2.418509836843441e-12,5.010026347284548e-12,3.688993555073239e-13,5.107237664206912e-14,4.1147640850169864e-14,3.688993555073239e-13,native_only,ipopt,nlp,optimal,ok,1.6659607887268066,0.7452890872955322,2.411249876022339,1195466.1115042677
2026-03-22T17:22:47Z,test_cases/pglib_opf_case5658_epigrids.mat,pglib_opf_case5658_epigrids,dc_seed__Pg_Va,dc_seed,none,dcopf,0,1,Pg+Va,2,,,optimal,ok,1,9256.146410509962,1198057.6386437325,129.4337390000005,0,0.09068179130554199,3.847055196762085,11.941505908966064,15.78856110572815,18.19981098175049,18.29049277305603,acopf_acdc_paper_study/cases/pglib_opf_case5658_epigrids/logs/dc_seed__Pg_Va.log,0,32,1.2743469588006286e-10,5.73664683423364e-14,1.034441616809545e-07,6.969753766433998e-08,6.969753766433998e-08,6.814,,,6.814,False,100.0,5658,9078,474,474,4166,1,104,5553,42383.100000000006,18131.88,66718.76,28330.64,37509.75,-22414.72,9078,6,0,2,1,1207313.7850542425,42810.94433155279,17048.27061565841,1.0092424252685943,1.1000000073560174,1.059845903180877,0.014325553260988312,-0.6478875506026537,7.640984980682506e-33,-0.2416672233720619,0.09589197799203193,1609.1115145542005,1605.8835364756376,36.041452926040925,36.02147871113494,0.9252292903339977,0.9225327831287468,0.20158495570563023,0.20132097670296886,0.0,0.0,345,158,30,124,0,30,1,3.0641225717491585,2.9800000205076738,0.009026280545917354,6.9632843935352184e-09,2.9800000205076738,0,,,,,,0,,,,,,1,6.324394024423488,0.3494689895029287,0.062089925815141535,0.050727297950230316,0.3494689895029287,0,0,0,1.9955673320931043e-12,1.9955148644612564e-12,4.249633346271169e-15,0.0,1.9955148644612564e-12,3.994989103383034e-10,1.8087997766258468e-10,7.813554099327108e-12,1.495831236653089e-12,1.8087997766258468e-10,4.819949370525214e-11,2.4142909893498654e-12,4.182330221513242e-13,2.1316282072803006e-13,2.4142909893498654e-12,5.003815523910795e-12,3.691214001122489e-13,5.124898493618379e-14,4.299338662860919e-14,3.691214001122489e-13,native_only,ipopt,nlp,optimal,ok,1.6659607887268066,0.7452890872955322,2.411249876022339,1195466.1115042677
