timestamp_utc,case_file,case_name,run_name,family,dual_mode,seed_source,is_oracle,is_practical,blocks,num_blocks,seed_vm_policy,seed_qg_policy,termination,status,success,objective,objective_gap_vs_baseline_abs,objective_gap_vs_baseline_rel,objective_matches_baseline,shared_case_prep_time,build_time,solve_time,total_time,end_to_end_time,full_pipeline_time_including_shared_case_prep,log_path,hit_max_iter,iterations,dual_inf,constr_viol,var_bound_viol,compl_inf,overall_nlp_error,ipopt_reported_total_sec,ipopt_cpu_sec_no_func_eval,ipopt_cpu_sec_func_eval,ipopt_cpu_total_est,restoration_used,baseMVA,nb,nl,ng_total,ng_active,n_load_buses,n_ref_buses,n_pv_buses,n_pq_buses,total_pd_mw,total_qd_mvar,sum_pmax_mw,sum_pmin_mw,sum_qmax_mvar,sum_qmin_mvar,n_branch_with_limits,n_branch_out_of_service,gencost_any_pwl,gencost_max_poly_degree,gencost_any_quadratic,objective_value,total_pg_mw,total_qg_mvar,vm_min,vm_max,vm_mean,vm_std,va_min_rad,va_max_rad,va_mean_rad,va_std_rad,max_line_mva_from,max_line_mva_to,mean_line_mva_from,mean_line_mva_to,max_thermal_util_from,max_thermal_util_to,mean_thermal_util_from,mean_thermal_util_to,max_flow_limit_violation_sq_from,max_flow_limit_violation_sq_to,n_pg_at_lb,n_pg_at_ub,n_qg_at_lb,n_qg_at_ub,n_vm_at_lb,n_vm_at_ub,init_has_Pg,init_Pg_l2,init_Pg_linf,init_Pg_mean_abs,init_Pg_median_abs,init_Pg_max_abs,init_has_Qg,init_Qg_l2,init_Qg_linf,init_Qg_mean_abs,init_Qg_median_abs,init_Qg_max_abs,init_has_Vm,init_Vm_l2,init_Vm_linf,init_Vm_mean_abs,init_Vm_median_abs,init_Vm_max_abs,init_has_Va,init_Va_l2,init_Va_linf,init_Va_mean_abs,init_Va_median_abs,init_Va_max_abs,init_has_duals,init_has_constraint_duals,init_has_bound_mults,dist_to_baseline_Pg_l2,dist_to_baseline_Pg_linf,dist_to_baseline_Pg_mean_abs,dist_to_baseline_Pg_median_abs,dist_to_baseline_Pg_max_abs,dist_to_baseline_Qg_l2,dist_to_baseline_Qg_linf,dist_to_baseline_Qg_mean_abs,dist_to_baseline_Qg_median_abs,dist_to_baseline_Qg_max_abs,dist_to_baseline_Vm_l2,dist_to_baseline_Vm_linf,dist_to_baseline_Vm_mean_abs,dist_to_baseline_Vm_median_abs,dist_to_baseline_Vm_max_abs,dist_to_baseline_Va_l2,dist_to_baseline_Va_linf,dist_to_baseline_Va_mean_abs,dist_to_baseline_Va_median_abs,dist_to_baseline_Va_max_abs,dc_seed_mode,dc_solver,dc_solver_problem_type,dc_termination,dc_status,dc_build_time,dc_solve_time,dc_total_time,dc_objective
2026-03-22T17:23:00Z,test_cases/pglib_opf_case57_ieee.mat,pglib_opf_case57_ieee,baseline_default,baseline,none,case_default,0,1,,0,,,optimal,ok,1,1010.7655343400104,,,,0.003117799758911133,0.0046918392181396484,0.09529495239257812,0.09998679161071777,0.09998679161071777,0.1031045913696289,acopf_acdc_paper_study/cases/pglib_opf_case57_ieee/logs/baseline_default.log,0,14,2.715691983314037e-10,1.858374565344434e-12,2.2616526873520115e-08,9.102435399235366e-08,9.102435399235366e-08,0.021,,,0.021,False,100.0,57,80,7,7,42,1,6,50,1250.8,336.4,1983.0,0.0,592.0,-451.0,80,0,0,2,1,37589.33823049443,1305.161678681597,435.6407309780318,0.950027938131843,1.0600000091616018,1.0051180476537498,0.02773993589508323,-0.17600106998947387,0.2618521079180614,-0.0521978138270225,0.08885013804631411,450.34558179294726,423.8249622255029,34.95830286383314,34.891472267583616,0.7900799680578022,0.7435525653078998,0.15681232009061397,0.15592447949808644,0.0,0.0,3,5,0,3,0,3,,,,,,,,,,,,,,,,,,,,,,,,,,,,,,,,,,,,,,,,,,,,,,,,,,,,,,,,
2026-03-22T17:23:00Z,test_cases/pglib_opf_case57_ieee.mat,pglib_opf_case57_ieee,oracle_ac_primal_only__Pg,oracle_ac_primal_only,none,ac_true,1,0,Pg,1,,,optimal,ok,1,1010.7655343400177,36578.57269615469,36.18897900000027,0,0.003117799758911133,0.0036821365356445312,0.06782317161560059,0.07150530815124512,0.07150530815124512,0.07462310791015625,acopf_acdc_paper_study/cases/pglib_opf_case57_ieee/logs/oracle_ac_primal_only__Pg.log,0,11,2.964269870385747e-10,1.996375287305341e-12,2.2616526873520115e-08,9.103486687624576e-08,9.103486687624576e-08,0.013,,,0.013,False,100.0,57,80,7,7,42,1,6,50,1250.8,336.4,1983.0,0.0,592.0,-451.0,80,0,0,2,1,37589.3382304947,1305.1616786815696,435.64073097786047,0.9500279381320752,1.060000009161594,1.005118047653946,0.02773993589503607,-0.17600106998924647,0.2618521079181232,-0.05219781382684244,0.0888501380462879,450.34558179281765,423.82496222547115,34.958302863854875,34.89147226761334,0.7900799680575749,0.7435525653078441,0.15681232009062068,0.15592447949812047,0.0,0.0,3,5,0,3,0,3,1,0.0,0.0,0.0,0.0,0.0,0,,,,,,0,,,,,,0,,,,,,0,0,0,2.527294350229903e-12,1.9131363160340698e-12,5.111466805374221e-13,0.0,1.9131363160340698e-12,3.800561185786192e-11,2.6018909249359012e-11,1.0084621629832417e-11,7.766676191067745e-12,2.6018909249359012e-11,2.462172061693211e-12,7.454037387333301e-13,2.7580666795258144e-13,2.554623179662485e-13,7.454037387333301e-13,1.4279378035038743e-12,3.801247511203698e-13,1.8005673306965767e-13,1.8947343694009078e-13,3.801247511203698e-13,,,,,,,,,
2026-03-22T17:23:01Z,test_cases/pglib_opf_case57_ieee.mat,pglib_opf_case57_ieee,oracle_ac_primal_only__Qg,oracle_ac_primal_only,none,ac_true,1,0,Qg,1,,,optimal,ok,1,1010.7655343400103,36578.57269615441,36.188978999999996,0,0.003117799758911133,0.004505157470703125,0.08527493476867676,0.08978009223937988,0.08978009223937988,0.09289789199829102,acopf_acdc_paper_study/cases/pglib_opf_case57_ieee/logs/oracle_ac_primal_only__Qg.log,0,14,2.7162592932654603e-10,1.8537671397922395e-12,2.2616526873520115e-08,9.102429554194294e-08,9.102429554194294e-08,0.021,,,0.021,False,100.0,57,80,7,7,42,1,6,50,1250.8,336.4,1983.0,0.0,592.0,-451.0,80,0,0,2,1,37589.338230494424,1305.1616786815973,435.6407309780318,0.9500279381318424,1.0600000091616018,1.0051180476537482,0.027739935895083438,-0.17600106998947462,0.2618521079180614,-0.05219781382702368,0.08885013804631438,450.3455817929492,423.82496222550355,34.95830286383297,34.89147226758335,0.7900799680578056,0.7435525653079009,0.15681232009061388,0.15592447949808608,0.0,0.0,3,5,0,3,0,3,0,,,,,,1,0.0,0.0,0.0,0.0,0.0,0,,,,,,0,,,,,,0,0,0,3.629665295210656e-14,2.6645352591003757e-14,7.327471962526033e-15,0.0,2.6645352591003757e-14,2.469025965593772e-13,1.6775469902086115e-13,7.23766284999832e-14,4.9960036108132044e-14,1.6775469902086115e-13,2.0786980560793556e-14,6.772360450213455e-15,2.150326700326619e-15,1.7763568394002505e-15,6.772360450213455e-15,9.924193842691654e-15,2.4390212072233908e-15,1.1990581757877474e-15,1.3739009929736312e-15,2.4390212072233908e-15,,,,,,,,,
2026-03-22T17:23:01Z,test_cases/pglib_opf_case57_ieee.mat,pglib_opf_case57_ieee,oracle_ac_primal_only__Vm,oracle_ac_primal_only,none,ac_true,1,0,Vm,1,,,optimal,ok,1,1010.7655343403808,36578.57269616819,36.188979000013624,0,0.003117799758911133,0.0038857460021972656,0.06967520713806152,0.07356095314025879,0.07356095314025879,0.07667875289916992,acopf_acdc_paper_study/cases/pglib_opf_case57_ieee/logs/oracle_ac_primal_only__Vm.log,0,11,1.6218140547715325e-09,8.77289907386114e-12,2.2616523764895646e-08,9.167971143639013e-08,9.167971143639013e-08,0.013,,,0.013,False,100.0,57,80,7,7,42,1,6,50,1250.8,336.4,1983.0,0.0,592.0,-451.0,80,0,0,2,1,37589.3382305082,1305.161678679951,435.6407309697769,0.9500279381387635,1.0600000091608606,1.0051180476597392,0.027739935893363817,-0.1760010699788522,0.2618521079199863,-0.05219781381778818,0.08885013804504001,450.3455817866814,423.8249622233531,34.95830286516541,34.891472269345215,0.7900799680468095,0.7435525653041283,0.15681232009073692,0.15592447949971217,0.0,0.0,3,5,0,3,0,3,0,,,,,,0,,,,,,1,0.0,0.0,0.0,0.0,0.0,0,,,,,,0,0,0,1.4595983307798892e-10,1.1112888387287967e-10,2.9400513769571395e-11,3.1086244689504383e-15,1.1112888387287967e-10,2.3976970815789678e-09,1.6219797727146101e-09,6.235486571526394e-10,5.064264563259258e-10,1.6219797727146101e-09,1.1994244171297978e-10,4.299782752070769e-11,1.2013298737855892e-11,8.103850923646405e-12,4.299782752070769e-11,7.453668802737921e-11,2.3179595395883545e-11,9.234313799238503e-12,9.975381631832647e-12,2.3179595395883545e-11,,,,,,,,,
2026-03-22T17:23:01Z,test_cases/pglib_opf_case57_ieee.mat,pglib_opf_case57_ieee,oracle_ac_primal_only__Va,oracle_ac_primal_only,none,ac_true,1,0,Va,1,,,optimal,ok,1,1010.765534340013,36578.572696154515,36.188979000000096,0,0.003117799758911133,0.004313945770263672,0.07281208038330078,0.07712602615356445,0.07712602615356445,0.08024382591247559,acopf_acdc_paper_study/cases/pglib_opf_case57_ieee/logs/oracle_ac_primal_only__Va.log,0,14,2.7236113823898313e-10,1.8541557178508583e-12,2.2616526873520115e-08,9.102444216139388e-08,9.102444216139388e-08,0.016,,,0.016,False,100.0,57,80,7,7,42,1,6,50,1250.8,336.4,1983.0,0.0,592.0,-451.0,80,0,0,2,1,37589.338230494526,1305.1616786815832,435.64073097796427,0.9500279381318558,1.0600000091616013,1.0051180476537591,0.027739935895080895,-0.1760010699894797,0.2618521079180059,-0.05219781382703325,0.08885013804630205,450.34558179288496,423.8249622254484,34.958302863829246,34.89147226757982,0.7900799680576929,0.7435525653078042,0.15681232009059837,0.1559244794980711,0.0,0.0,3,5,0,3,0,3,0,,,,,,0,,,,,,0,,,,,,1,0.0,0.0,0.0,0.0,0.0,0,0,0,1.1880540161209176e-12,9.07718344933528e-13,2.3928478246456766e-13,0.0,9.07718344933528e-13,5.00295520066333e-13,2.5365820555123264e-13,1.6621624711530915e-13,2.1821433549007452e-13,2.5365820555123264e-13,8.231223753375726e-14,1.6209256159527285e-14,1.0019275857318957e-14,1.1102230246251565e-14,1.6209256159527285e-14,1.3857434195851036e-13,5.551115123125783e-14,1.283941219820721e-14,6.702971511174383e-15,5.551115123125783e-14,,,,,,,,,
2026-03-22T17:23:01Z,test_cases/pglib_opf_case57_ieee.mat,pglib_opf_case57_ieee,oracle_ac_primal_only__Pg_Qg,oracle_ac_primal_only,none,ac_true,1,0,Pg+Qg,2,,,optimal,ok,1,1010.7655343400122,36578.57269615448,36.18897900000006,0,0.003117799758911133,0.003904104232788086,0.08057880401611328,0.08448290824890137,0.08448290824890137,0.0876007080078125,acopf_acdc_paper_study/cases/pglib_opf_case57_ieee/logs/oracle_ac_primal_only__Pg_Qg.log,0,13,2.7223577570705184e-10,1.8479939800641887e-12,2.2616526873520115e-08,9.10243759953544e-08,9.10243759953544e-08,0.024,,,0.024,False,100.0,57,80,7,7,42,1,6,50,1250.8,336.4,1983.0,0.0,592.0,-451.0,80,0,0,2,1,37589.33823049449,1305.1616786815987,435.64073097802935,0.9500279381318444,1.0600000091616018,1.0051180476537505,0.027739935895082796,-0.17600106998947587,0.261852107918061,-0.05219781382702321,0.08885013804631446,450.34558179294726,423.8249622255026,34.95830286383303,34.891472267583495,0.7900799680578022,0.7435525653078993,0.15681232009061366,0.15592447949808613,0.0,0.0,3,5,0,3,0,3,1,0.0,0.0,0.0,0.0,0.0,1,0.0,0.0,0.0,0.0,0.0,0,,,,,,0,,,,,,0,0,0,1.6209256159527285e-14,1.6209256159527285e-14,2.3156080227896123e-15,0.0,1.6209256159527285e-14,6.416921610303857e-14,5.445643935786393e-14,1.7006237687918914e-14,1.6986412276764895e-14,5.445643935786393e-14,1.2754041863146814e-14,3.3306690738754696e-15,1.318633311703914e-15,1.1102230246251565e-15,3.3306690738754696e-15,7.742388961119707e-15,2.0816681711721685e-15,7.73487899887367e-16,4.163336342344337e-16,2.0816681711721685e-15,,,,,,,,,
2026-03-22T17:23:01Z,test_cases/pglib_opf_case57_ieee.mat,pglib_opf_case57_ieee,oracle_ac_primal_only__Pg_Vm,oracle_ac_primal_only,none,ac_true,1,0,Pg+Vm,2,,,optimal,ok,1,1010.7655343400082,36578.57269615434,36.188978999999925,0,0.003117799758911133,0.003983020782470703,0.07079696655273438,0.07477998733520508,0.07477998733520508,0.07789778709411621,acopf_acdc_paper_study/cases/pglib_opf_case57_ieee/logs/oracle_ac_primal_only__Pg_Vm.log,0,11,5.271643056239942e-10,3.540140403046621e-12,2.2616526429430905e-08,9.114299189577917e-08,9.114299189577917e-08,0.012,,,0.012,False,100.0,57,80,7,7,42,1,6,50,1250.8,336.4,1983.0,0.0,592.0,-451.0,80,0,0,2,1,37589.33823049435,1305.1616786810328,435.64073097388194,0.9500279381393159,1.0600000091613557,1.0051180476600154,0.027739935893702047,-0.17600106998423568,0.2618521079198648,-0.05219781382316341,0.08885013804578078,450.3455817909244,423.82496222566857,34.95830286421049,34.89147226810056,0.7900799680542534,0.7435525653081905,0.15681232009085627,0.1559244794987999,0.0,0.0,3,5,0,3,0,3,1,0.0,0.0,0.0,0.0,0.0,0,,,,,,1,0.0,0.0,0.0,0.0,0.0,0,,,,,,0,0,0,4.0021330475401306e-11,3.11946024567078e-11,8.10673750351043e-12,4.440892098500626e-16,3.11946024567078e-11,5.462616660181058e-10,3.822225869143381e-10,1.6240847753947107e-10,1.4115614233034535e-10,3.822225869143381e-10,6.075064702811007e-11,1.5841550293771434e-11,7.1761699896262396e-12,7.86004594743872e-12,1.5841550293771434e-11,3.0096193679073566e-11,5.401817881889315e-12,3.859081940304994e-12,4.049427460017796e-12,5.401817881889315e-12,,,,,,,,,
2026-03-22T17:23:01Z,test_cases/pglib_opf_case57_ieee.mat,pglib_opf_case57_ieee,oracle_ac_primal_only__Pg_Va,oracle_ac_primal_only,none,ac_true,1,0,Pg+Va,2,,,optimal,ok,1,1010.76553434001,36578.57269615441,36.188978999999996,0,0.003117799758911133,0.004275083541870117,0.07199692726135254,0.07627201080322266,0.07627201080322266,0.07938981056213379,acopf_acdc_paper_study/cases/pglib_opf_case57_ieee/logs/oracle_ac_primal_only__Pg_Va.log,0,14,2.7161436364285796e-10,1.8529344725237706e-12,2.2616526873520115e-08,9.102441715284807e-08,9.102441715284807e-08,0.019,,,0.019,False,100.0,57,80,7,7,42,1,6,50,1250.8,336.4,1983.0,0.0,592.0,-451.0,80,0,0,2,1,37589.338230494424,1305.1616786815805,435.6407309779642,0.9500279381318517,1.0600000091616015,1.005118047653754,0.0277399358950817,-0.17600106998948323,0.26185210791800384,-0.05219781382703595,0.08885013804630229,450.3455817928854,423.8249622254477,34.95830286382893,34.89147226757942,0.7900799680576938,0.7435525653078029,0.15681232009059765,0.1559244794980701,0.0,0.0,3,5,0,3,0,3,1,0.0,0.0,0.0,0.0,0.0,0,,,,,,0,,,,,,1,0.0,0.0,0.0,0.0,0.0,0,0,0,1.1618847991940222e-12,9.00612917575927e-13,2.335274830654401e-13,0.0,9.00612917575927e-13,4.012049313831034e-13,3.3173463975799677e-13,1.1472767180720211e-13,7.593925488436071e-14,3.3173463975799677e-13,4.2289005640800755e-14,9.658940314238862e-15,5.0778095178908475e-15,5.440092820663267e-15,9.658940314238862e-15,1.5129169706589757e-13,5.756506382681437e-14,1.495759705939232e-14,9.298117831235686e-15,5.756506382681437e-14,,,,,,,,,
2026-03-22T17:23:01Z,test_cases/pglib_opf_case57_ieee.mat,pglib_opf_case57_ieee,oracle_ac_primal_only__Qg_Vm,oracle_ac_primal_only,none,ac_true,1,0,Qg+Vm,2,,,optimal,ok,1,1010.7655343400073,36578.572696154304,36.18897899999989,0,0.003117799758911133,0.003532886505126953,0.06991887092590332,0.07345175743103027,0.07345175743103027,0.0765695571899414,acopf_acdc_paper_study/cases/pglib_opf_case57_ieee/logs/oracle_ac_primal_only__Qg_Vm.log,0,12,1.8766156723259604e-10,1.092015367021304e-12,2.2616526429430905e-08,9.09897015880426e-08,9.09897015880426e-08,0.015,,,0.015,False,100.0,57,80,7,7,42,1,6,50,1250.8,336.4,1983.0,0.0,592.0,-451.0,80,0,0,2,1,37589.338230494315,1305.1616786816994,435.6407309785554,0.9500279381313256,1.0600000091616901,1.0051180476533117,0.02773993589520334,-0.17600106999026424,0.2618521079177686,-0.05219781382771469,0.08885013804637526,450.345581793211,423.8249622255419,34.95830286373187,34.89147226745835,0.790079968058265,0.7435525653079683,0.15681232009057433,0.1559244794979634,0.0,0.0,3,5,0,3,0,3,0,,,,,,1,0.0,0.0,0.0,0.0,0.0,1,0.0,0.0,0.0,0.0,0.0,0,,,,,,0,0,0,7.586450402036589e-12,6.064482249712455e-12,1.5863342385711932e-12,4.440892098500626e-16,6.064482249712455e-12,1.5610597863494248e-10,1.1633338736771748e-10,4.1551385348321497e-11,2.1685986340003183e-11,1.1633338736771748e-10,7.445788222926505e-12,2.5706103912170875e-12,7.849082008130624e-13,6.055156376305604e-13,2.5706103912170875e-12,5.435919631029643e-12,1.4122236366431729e-12,6.921992219177079e-13,7.202849428011859e-13,1.4122236366431729e-12,,,,,,,,,
2026-03-22T17:23:01Z,test_cases/pglib_opf_case57_ieee.mat,pglib_opf_case57_ieee,oracle_ac_primal_only__Qg_Va,oracle_ac_primal_only,none,ac_true,1,0,Qg+Va,2,,,optimal,ok,1,1010.7655343400128,36578.57269615451,36.18897900000009,0,0.003117799758911133,0.004488945007324219,0.07915592193603516,0.08364486694335938,0.08364486694335938,0.08676266670227051,acopf_acdc_paper_study/cases/pglib_opf_case57_ieee/logs/oracle_ac_primal_only__Qg_Va.log,0,13,2.718345113753076e-10,1.8557100300853335e-12,2.2616526873520115e-08,9.102428623381528e-08,9.102428623381528e-08,0.017,,,0.017,False,100.0,57,80,7,7,42,1,6,50,1250.8,336.4,1983.0,0.0,592.0,-451.0,80,0,0,2,1,37589.33823049452,1305.1616786815835,435.64073097796603,0.9500279381318428,1.0600000091616018,1.0051180476537485,0.0277399358950832,-0.17600106998949117,0.2618521079180018,-0.0521978138270403,0.0888501380463032,450.3455817928868,423.824962225447,34.958302863828614,34.89147226757895,0.7900799680576961,0.7435525653078018,0.1568123200905978,0.15592447949806973,0.0,0.0,3,5,0,3,0,3,0,,,,,,1,0.0,0.0,0.0,0.0,0.0,0,,,,,,1,0.0,0.0,0.0,0.0,0.0,0,0,0,1.1487933379370124e-12,8.775202786637237e-13,2.3130703701618977e-13,0.0,8.775202786637237e-13,6.154591589232458e-13,4.927169783286445e-13,1.5760805359223339e-13,6.417089082333405e-14,4.927169783286445e-13,2.6875195151657984e-14,1.2878587085651816e-14,2.13864014217267e-15,1.3322676295501878e-15,1.2878587085651816e-14,1.7432703174534992e-13,5.96189764223709e-14,1.9047781139893614e-14,1.5024006344566132e-14,5.96189764223709e-14,,,,,,,,,
2026-03-22T17:23:01Z,test_cases/pglib_opf_case57_ieee.mat,pglib_opf_case57_ieee,oracle_ac_primal_only__Vm_Va,oracle_ac_primal_only,none,ac_true,1,0,Vm+Va,2,,,optimal,ok,1,1010.7655343400106,36578.57269615443,36.18897900000001,0,0.003117799758911133,0.0037038326263427734,0.07544970512390137,0.07915353775024414,0.07915353775024414,0.08227133750915527,acopf_acdc_paper_study/cases/pglib_opf_case57_ieee/logs/oracle_ac_primal_only__Vm_Va.log,0,13,2.719709936064809e-10,1.8598178552764466e-12,2.2616526873520115e-08,9.102437498599035e-08,9.102437498599035e-08,0.015,,,0.015,False,100.0,57,80,7,7,42,1,6,50,1250.8,336.4,1983.0,0.0,592.0,-451.0,80,0,0,2,1,37589.33823049444,1305.161678681578,435.640730977953,0.9500279381318469,1.0600000091616018,1.0051180476537516,0.02773993589508242,-0.1760010699894878,0.2618521079179918,-0.052197813827040564,0.08885013804630035,450.34558179287455,423.8249622254366,34.958302863827946,34.89147226757833,0.7900799680576747,0.7435525653077835,0.15681232009059456,0.15592447949806668,0.0,0.0,3,5,0,3,0,3,0,,,,,,0,,,,,,1,0.0,0.0,0.0,0.0,0.0,1,0.0,0.0,0.0,0.0,0.0,0,0,0,1.3738879976955972e-12,1.0622613899613498e-12,2.7622348852673895e-13,0.0,1.0622613899613498e-12,5.180585603398089e-13,4.969358258222201e-13,1.1247947018233617e-13,5.1958437552457326e-14,4.969358258222201e-13,2.5332311786444777e-14,6.439293542825908e-15,2.9859156083339737e-15,3.3306690738754696e-15,6.439293542825908e-15,1.9059700840815714e-13,6.961098364399732e-14,1.9704893251328185e-14,1.3933298959045715e-14,6.961098364399732e-14,,,,,,,,,
2026-03-22T17:23:01Z,test_cases/pglib_opf_case57_ieee.mat,pglib_opf_case57_ieee,oracle_ac_primal_only__Pg_Qg_Vm,oracle_ac_primal_only,none,ac_true,1,0,Pg+Qg+Vm,3,,,optimal,ok,1,1010.7655343400496,36578.572696155876,36.188979000001446,0,0.003117799758911133,0.04575681686401367,0.07812190055847168,0.12387871742248535,0.12387871742248535,0.12699651718139648,acopf_acdc_paper_study/cases/pglib_opf_case57_ieee/logs/oracle_ac_primal_only__Pg_Qg_Vm.log,0,11,5.226253395427393e-10,3.2280011996732583e-12,2.2616525985341696e-08,9.114163493378039e-08,9.114163493378039e-08,0.017,,,0.017,False,100.0,57,80,7,7,42,1,6,50,1250.8,336.4,1983.0,0.0,592.0,-451.0,80,0,0,2,1,37589.33823049589,1305.1616786811435,435.6407309746711,0.9500279381379183,1.0600000091614943,1.0051180476588617,0.027739935893960656,-0.1760010699850809,0.2618521079196513,-0.05219781382375772,0.08885013804585569,450.3455817909324,423.8249622254383,34.958302864185804,34.89147226805632,0.7900799680542674,0.7435525653077865,0.15681232009085655,0.15592447949873317,0.0,0.0,3,5,0,3,0,3,1,0.0,0.0,0.0,0.0,0.0,1,0.0,0.0,0.0,0.0,0.0,1,0.0,0.0,0.0,0.0,0.0,0,,,,,,0,0,0,3.5328971551498656e-11,2.7059243734584015e-11,7.137465222025899e-12,8.881784197001252e-16,2.7059243734584015e-11,5.101561584313793e-10,3.5491543037835527e-10,1.5030066477120637e-10,1.3843121093870536e-10,3.5491543037835527e-10,5.027804968874823e-11,1.3651191288488462e-11,5.8886112360536765e-12,6.2094773767285005e-12,1.3651191288488462e-11,2.5480378731681716e-11,4.956295356767226e-12,3.2647641348248804e-12,3.428396455618099e-12,4.956295356767226e-12,,,,,,,,,
2026-03-22T17:23:02Z,test_cases/pglib_opf_case57_ieee.mat,pglib_opf_case57_ieee,oracle_ac_primal_only__Pg_Qg_Va,oracle_ac_primal_only,none,ac_true,1,0,Pg+Qg+Va,3,,,optimal,ok,1,1010.765534340013,36578.572696154515,36.188979000000096,0,0.003117799758911133,0.7354631423950195,0.11159968376159668,0.8470628261566162,0.8470628261566162,0.8501806259155273,acopf_acdc_paper_study/cases/pglib_opf_case57_ieee/logs/oracle_ac_primal_only__Pg_Qg_Va.log,0,14,2.719788944854439e-10,1.852767939070077e-12,2.2616526873520115e-08,9.102443583636401e-08,9.102443583636401e-08,0.045,,,0.045,False,100.0,57,80,7,7,42,1,6,50,1250.8,336.4,1983.0,0.0,592.0,-451.0,80,0,0,2,1,37589.338230494526,1305.161678681583,435.6407309779617,0.950027938131855,1.0600000091616013,1.005118047653758,0.02773993589508111,-0.17600106998948253,0.2618521079180046,-0.05219781382703468,0.0888501380463024,450.34558179288433,423.8249622254477,34.958302863829104,34.89147226757965,0.7900799680576918,0.7435525653078029,0.15681232009059812,0.1559244794980707,0.0,0.0,3,5,0,3,0,3,1,0.0,0.0,0.0,0.0,0.0,1,0.0,0.0,0.0,0.0,0.0,0,,,,,,1,0.0,0.0,0.0,0.0,0.0,0,0,0,1.1972073963550468e-12,9.14823772291129e-13,2.4109285996181434e-13,0.0,9.14823772291129e-13,4.576780754820686e-13,2.566835632933362e-13,1.510835107814452e-13,1.7830181775480014e-13,2.566835632933362e-13,7.33023017940076e-14,1.4654943925052066e-14,8.951903545924947e-15,1.0325074129013956e-14,1.4654943925052066e-14,1.4484325336795038e-13,5.678790770957676e-14,1.4072365957703189e-14,8.631984016460592e-15,5.678790770957676e-14,,,,,,,,,
2026-03-22T17:23:02Z,test_cases/pglib_opf_case57_ieee.mat,pglib_opf_case57_ieee,oracle_ac_primal_only__Pg_Vm_Va,oracle_ac_primal_only,none,ac_true,1,0,Pg+Vm+Va,3,,,optimal,ok,1,1010.7655343400118,36578.57269615447,36.18897900000005,0,0.003117799758911133,0.008342981338500977,0.31609487533569336,0.32443785667419434,0.32443785667419434,0.32755565643310547,acopf_acdc_paper_study/cases/pglib_opf_case57_ieee/logs/oracle_ac_primal_only__Pg_Vm_Va.log,0,10,2.718772370467971e-10,1.848576847152117e-12,2.2616526873520115e-08,9.1024342822597e-08,9.1024342822597e-08,0.043,,,0.043,False,100.0,57,80,7,7,42,1,6,50,1250.8,336.4,1983.0,0.0,592.0,-451.0,80,0,0,2,1,37589.33823049448,1305.1616786815791,435.6407309779496,0.9500279381318476,1.0600000091616015,1.0051180476537522,0.02773993589508244,-0.17600106998949053,0.26185210791799174,-0.052197813827041056,0.08885013804630072,450.3455817928745,423.82496222543693,34.95830286382793,34.89147226757834,0.7900799680576746,0.7435525653077841,0.1568123200905948,0.15592447949806693,0.0,0.0,3,5,0,3,0,3,1,0.0,0.0,0.0,0.0,0.0,0,,,,,,1,0.0,0.0,0.0,0.0,0.0,1,0.0,0.0,0.0,0.0,0.0,0,0,0,1.3770880057470586e-12,1.0587086762825493e-12,2.7707994628859265e-13,0.0,1.0587086762825493e-12,5.416495214100443e-13,4.984901380566953e-13,1.2547700973491212e-13,8.770761894538737e-14,4.984901380566953e-13,2.873376444142496e-14,7.327471962526033e-15,3.433900337568686e-15,3.552713678800501e-15,7.327471962526033e-15,1.9276714350647234e-13,6.966649479522857e-14,2.023262675667643e-14,1.49741330446318e-14,6.966649479522857e-14,,,,,,,,,
2026-03-22T17:23:03Z,test_cases/pglib_opf_case57_ieee.mat,pglib_opf_case57_ieee,oracle_ac_primal_only__Qg_Vm_Va,oracle_ac_primal_only,none,ac_true,1,0,Qg+Vm+Va,3,,,optimal,ok,1,1010.765534340011,36578.57269615444,36.188979000000025,0,0.003117799758911133,0.01260685920715332,0.18549299240112305,0.19809985160827637,0.19809985160827637,0.2012176513671875,acopf_acdc_paper_study/cases/pglib_opf_case57_ieee/logs/oracle_ac_primal_only__Qg_Vm_Va.log,0,13,2.718990463456674e-10,1.8462176232247884e-12,2.2616526873520115e-08,9.102438548284052e-08,9.102438548284052e-08,0.035,,,0.035,False,100.0,57,80,7,7,42,1,6,50,1250.8,336.4,1983.0,0.0,592.0,-451.0,80,0,0,2,1,37589.33823049445,1305.1616786815787,435.6407309779515,0.9500279381318464,1.0600000091616018,1.0051180476537518,0.027739935895082456,-0.17600106998948856,0.26185210791799224,-0.05219781382704062,0.08885013804630053,450.34558179287484,423.8249622254372,34.95830286382798,34.891472267578386,0.7900799680576751,0.7435525653077846,0.15681232009059473,0.1559244794980669,0.0,0.0,3,5,0,3,0,3,0,,,,,,1,0.0,0.0,0.0,0.0,0.0,1,0.0,0.0,0.0,0.0,0.0,1,0.0,0.0,0.0,0.0,0.0,0,0,0,1.3629762918799694e-12,1.0516032489249483e-12,2.740982044510279e-13,0.0,1.0516032489249483e-12,5.185993821824678e-13,4.973799150320701e-13,1.1463845745700903e-13,7.105427357601002e-14,4.973799150320701e-13,2.705233311498033e-14,6.8833827526759706e-15,3.227437810182253e-15,3.3306690738754696e-15,6.8833827526759706e-15,1.9060058160667408e-13,6.916689443414725e-14,1.9756978704116204e-14,1.4280243654241076e-14,6.916689443414725e-14,,,,,,,,,
2026-03-22T17:23:03Z,test_cases/pglib_opf_case57_ieee.mat,pglib_opf_case57_ieee,oracle_ac_primal_only__Pg_Qg_Vm_Va,oracle_ac_primal_only,none,ac_true,1,0,Pg+Qg+Vm+Va,4,,,optimal,ok,1,1010.7655343400095,36578.572696154384,36.18897899999997,0,0.003117799758911133,0.011193037033081055,0.29024267196655273,0.3014357089996338,0.3014357089996338,0.3045535087585449,acopf_acdc_paper_study/cases/pglib_opf_case57_ieee/logs/oracle_ac_primal_only__Pg_Qg_Vm_Va.log,0,11,1.8804159993939888e-10,1.0806078254432805e-12,2.2616526429430905e-08,9.098971396889241e-08,9.098971396889241e-08,0.049,,,0.049,False,100.0,57,80,7,7,42,1,6,50,1250.8,336.4,1983.0,0.0,592.0,-451.0,80,0,0,2,1,37589.338230494395,1305.1616786816824,435.64073097847944,0.9500279381313276,1.0600000091616901,1.0051180476533124,0.027739935895203165,-0.17600106999027926,0.26185210791769864,-0.05219781382773358,0.08885013804636166,450.3455817931375,423.82496222547513,34.958302863726736,34.89147226745314,0.790079968058136,0.7435525653078511,0.15681232009055507,0.15592447949794383,0.0,0.0,3,5,0,3,0,3,1,0.0,0.0,0.0,0.0,0.0,1,0.0,0.0,0.0,0.0,0.0,1,0.0,0.0,0.0,0.0,0.0,1,0.0,0.0,0.0,0.0,0.0,0,0,0,6.2085597055200664e-12,5.0039972165905056e-12,1.3076999800481255e-12,4.440892098500626e-16,5.0039972165905056e-12,1.5623295751388894e-10,1.1644185615722336e-10,4.1637302732639676e-11,2.21553886348147e-11,1.1644185615722336e-10,7.444281719743265e-12,2.5763835509451383e-12,7.841193581376709e-13,6.064038160502605e-13,2.5763835509451383e-12,5.5699444336352245e-12,1.4262510443507903e-12,7.110825362454173e-13,7.226302889407066e-13,1.4262510443507903e-12,,,,,,,,,
2026-03-22T17:23:03Z,test_cases/pglib_opf_case57_ieee.mat,pglib_opf_case57_ieee,oracle_ac_primal_dual__Pg,oracle_ac_primal_dual,full,ac_true,1,0,Pg,1,,,optimal,ok,1,1010.7655343398887,36578.572696149895,36.18897899999553,0,0.003117799758911133,0.009789228439331055,0.3792901039123535,0.38907933235168457,0.38907933235168457,0.3921971321105957,acopf_acdc_paper_study/cases/pglib_opf_case57_ieee/logs/oracle_ac_primal_dual__Pg.log,0,44,5.065607794116712e-11,2.860767178702872e-13,2.2616526873520115e-08,9.093073958457668e-08,9.093073958457668e-08,0.15,,,0.15,True,100.0,57,80,7,7,42,1,6,50,1250.8,336.4,1983.0,0.0,592.0,-451.0,80,0,0,2,1,37589.338230489906,1305.1616786815582,435.6407309768356,0.9500279381358167,1.0600000091614092,1.0051180476570345,0.027739935894413408,-0.1760010699888946,0.26185210791802127,-0.05219781382714143,0.08885013804621204,450.34558179316326,423.82496222633097,34.95830286362019,34.89147226737193,0.7900799680581811,0.7435525653093525,0.15681232009056859,0.15592447949803773,0.0,0.0,3,5,0,3,0,3,1,0.0,0.0,0.0,0.0,0.0,0,,,,,,0,,,,,,0,,,,,,1,1,1,7.404643748068106e-12,6.1175509102895376e-12,1.6924239787385886e-12,0.0,6.1175509102895376e-12,4.3099252329727126e-10,2.823410394370285e-10,1.2403158064103589e-10,1.5775047934596387e-10,2.823410394370285e-10,2.924312189201488e-11,9.373835041515122e-12,3.458934892894137e-12,3.973599227435898e-12,9.373835041515122e-12,4.858251195607816e-12,2.878269237532871e-12,3.8682650908595463e-13,2.1918578063662153e-13,2.878269237532871e-12,,,,,,,,,
2026-03-22T17:23:04Z,test_cases/pglib_opf_case57_ieee.mat,pglib_opf_case57_ieee,oracle_ac_primal_dual__Qg,oracle_ac_primal_dual,full,ac_true,1,0,Qg,1,,,optimal,ok,1,1010.765534339889,36578.5726961499,36.188978999995534,0,0.003117799758911133,0.004123210906982422,0.11215829849243164,0.11628150939941406,0.11628150939941406,0.1193993091583252,acopf_acdc_paper_study/cases/pglib_opf_case57_ieee/logs/oracle_ac_primal_dual__Qg.log,0,25,5.035906724703995e-11,2.949862576429041e-13,2.2616526873520115e-08,9.093073965187128e-08,9.093073965187128e-08,0.042,,,0.042,True,100.0,57,80,7,7,42,1,6,50,1250.8,336.4,1983.0,0.0,592.0,-451.0,80,0,0,2,1,37589.33823048991,1305.161678681558,435.6407309768353,0.9500279381358142,1.0600000091614092,1.0051180476570343,0.027739935894413897,-0.17600106998889592,0.2618521079180211,-0.052197813827141386,0.08885013804621211,450.3455817931627,423.82496222633046,34.95830286362026,34.891472267372016,0.7900799680581801,0.7435525653093517,0.15681232009056878,0.15592447949803795,0.0,0.0,3,5,0,3,0,3,0,,,,,,1,0.0,0.0,0.0,0.0,0.0,0,,,,,,0,,,,,,1,1,1,7.392171571943793e-12,6.108669126092536e-12,1.6896325608481026e-12,0.0,6.108669126092536e-12,4.3098164262492683e-10,2.823347111657881e-10,1.24024796385339e-10,1.5773429784537996e-10,2.823347111657881e-10,2.924060235584653e-11,9.374945264539747e-12,3.4586485722193653e-12,3.9711567367817224e-12,9.374945264539747e-12,4.8570378572767895e-12,2.878057601268802e-12,3.866596522737182e-13,2.1860291354869332e-13,2.878057601268802e-12,,,,,,,,,
2026-03-22T17:23:04Z,test_cases/pglib_opf_case57_ieee.mat,pglib_opf_case57_ieee,oracle_ac_primal_dual__Vm,oracle_ac_primal_dual,full,ac_true,1,0,Vm,1,,,optimal,ok,1,1010.7655343398874,36578.572696149844,36.18897899999548,0,0.003117799758911133,0.1964271068572998,0.24876999855041504,0.44519710540771484,0.44519710540771484,0.448314905166626,acopf_acdc_paper_study/cases/pglib_opf_case57_ieee/logs/oracle_ac_primal_dual__Vm.log,0,55,5.0442565204564076e-11,2.897959650027815e-13,2.2616526873520115e-08,9.093073967429168e-08,9.093073967429168e-08,0.093,,,0.093,True,100.0,57,80,7,7,42,1,6,50,1250.8,336.4,1983.0,0.0,592.0,-451.0,80,0,0,2,1,37589.338230489855,1305.1616786815564,435.6407309768299,0.9500279381358163,1.0600000091614092,1.0051180476570343,0.0277399358944135,-0.17600106998889503,0.2618521079180199,-0.052197813827142024,0.08885013804621193,450.34558179316224,423.82496222632994,34.958302863620055,34.89147226737178,0.7900799680581794,0.7435525653093508,0.15681232009056806,0.15592447949803717,0.0,0.0,3,5,0,3,0,3,0,,,,,,0,,,,,,1,0.0,0.0,0.0,0.0,0.0,0,,,,,,1,1,1,7.396833552118084e-12,6.118439088709238e-12,1.6900132087422597e-12,0.0,6.118439088709238e-12,4.310049954022124e-10,2.823700162579712e-10,1.2402783165578668e-10,1.5773662931373167e-10,2.823700162579712e-10,2.924251772972594e-11,9.373168907700347e-12,3.4588433481885978e-12,3.97326616052851e-12,9.373168907700347e-12,4.858279480481608e-12,2.878490848456927e-12,3.868097619666079e-13,2.1987967002701225e-13,2.878490848456927e-12,,,,,,,,,
2026-03-22T17:23:04Z,test_cases/pglib_opf_case57_ieee.mat,pglib_opf_case57_ieee,oracle_ac_primal_dual__Va,oracle_ac_primal_dual,full,ac_true,1,0,Va,1,,,optimal,ok,1,1010.7655343398887,36578.572696149895,36.18897899999553,0,0.003117799758911133,0.004694700241088867,0.10672688484191895,0.11142158508300781,0.11142158508300781,0.11453938484191895,acopf_acdc_paper_study/cases/pglib_opf_case57_ieee/logs/oracle_ac_primal_dual__Va.log,0,22,5.025042531277647e-11,2.895184092466252e-13,2.2616526873520115e-08,9.093073960696425e-08,9.093073960696425e-08,0.044,,,0.044,False,100.0,57,80,7,7,42,1,6,50,1250.8,336.4,1983.0,0.0,592.0,-451.0,80,0,0,2,1,37589.338230489906,1305.161678681542,435.6407309767631,0.9500279381358191,1.0600000091614092,1.005118047657035,0.02773993589441307,-0.17600106998891127,0.26185210791796265,-0.05219781382715786,0.08885013804620119,450.3455817931024,423.8249622262755,34.95830286361581,34.89147226736749,0.7900799680580743,0.7435525653092553,0.15681232009055238,0.15592447949802124,0.0,0.0,3,5,0,3,0,3,0,,,,,,0,,,,,,0,,,,,,1,0.0,0.0,0.0,0.0,0.0,1,1,1,6.397388432457314e-12,5.391909141394535e-12,1.4618782375107132e-12,0.0,5.391909141394535e-12,4.310789903499307e-10,2.8245605854237965e-10,1.2398289537886497e-10,1.57827445557146e-10,2.8245605854237965e-10,2.924701598034057e-11,9.371614595465871e-12,3.4596672505384513e-12,3.976041718090073e-12,9.371614595465871e-12,4.86336802247582e-12,2.8902830649657485e-12,3.8685482863691087e-13,2.3070434451710753e-13,2.8902830649657485e-12,,,,,,,,,
2026-03-22T17:23:04Z,test_cases/pglib_opf_case57_ieee.mat,pglib_opf_case57_ieee,oracle_ac_primal_dual__Pg_Qg,oracle_ac_primal_dual,full,ac_true,1,0,Pg+Qg,2,,,optimal,ok,1,1010.7655343398877,36578.57269614986,36.18897899999549,0,0.003117799758911133,0.0131988525390625,0.1929469108581543,0.2061457633972168,0.2061457633972168,0.20926356315612793,acopf_acdc_paper_study/cases/pglib_opf_case57_ieee/logs/oracle_ac_primal_dual__Pg_Qg.log,0,28,5.109826836255328e-11,2.787492459077612e-13,2.2616526873520115e-08,9.093073956214938e-08,9.093073956214938e-08,0.09,,,0.09,True,100.0,57,80,7,7,42,1,6,50,1250.8,336.4,1983.0,0.0,592.0,-451.0,80,0,0,2,1,37589.33823048987,1305.161678681557,435.6407309768314,0.9500279381358175,1.0600000091614092,1.0051180476570345,0.0277399358944132,-0.17600106998889406,0.2618521079180206,-0.05219781382714148,0.08885013804621197,450.34558179316264,423.8249622263302,34.95830286362006,34.8914722673718,0.79007996805818,0.7435525653093512,0.156812320090568,0.15592447949803714,0.0,0.0,3,5,0,3,0,3,1,0.0,0.0,0.0,0.0,0.0,1,0.0,0.0,0.0,0.0,0.0,0,,,,,,0,,,,,,1,1,1,7.39474838747523e-12,6.114886375030437e-12,1.6897594434794883e-12,0.0,6.114886375030437e-12,4.310130770410833e-10,2.823605793622619e-10,1.240373498356817e-10,1.5777171236130982e-10,2.823605793622619e-10,2.924422072434626e-11,9.372946863095422e-12,3.4591179823052156e-12,3.974487405855598e-12,9.372946863095422e-12,4.858768320875275e-12,2.8783191108328054e-12,3.869213986503015e-13,2.1967150320989504e-13,2.8783191108328054e-12,,,,,,,,,
2026-03-22T17:23:04Z,test_cases/pglib_opf_case57_ieee.mat,pglib_opf_case57_ieee,oracle_ac_primal_dual__Pg_Vm,oracle_ac_primal_dual,full,ac_true,1,0,Pg+Vm,2,,,optimal,ok,1,1010.7655343398895,36578.57269614993,36.18897899999556,0,0.003117799758911133,0.010416030883789062,0.13737916946411133,0.1477952003479004,0.1477952003479004,0.15091300010681152,acopf_acdc_paper_study/cases/pglib_opf_case57_ieee/logs/oracle_ac_primal_dual__Pg_Vm.log,0,13,5.064428875470691e-11,2.9742874829707944e-13,2.2616526873520115e-08,9.093073422403346e-08,9.093073422403346e-08,0.036,,,0.036,False,100.0,57,80,7,7,42,1,6,50,1250.8,336.4,1983.0,0.0,592.0,-451.0,80,0,0,2,1,37589.33823048994,1305.1616786815584,435.6407309768339,0.9500279381358157,1.0600000091614092,1.0051180476570356,0.02773993589441389,-0.17600106998889384,0.26185210791802066,-0.05219781382714051,0.08885013804621156,450.34558179316076,423.8249622263293,34.95830286362026,34.89147226737204,0.7900799680581768,0.7435525653093497,0.1568123200905686,0.1559244794980379,0.0,0.0,3,5,0,3,0,3,1,0.0,0.0,0.0,0.0,0.0,0,,,,,,1,0.0,0.0,0.0,0.0,0.0,0,,,,,,1,1,1,7.35876394065937e-12,6.0813576396867575e-12,1.6824002508591158e-12,0.0,6.0813576396867575e-12,4.3099185780975663e-10,2.8229640847143855e-10,1.2403489743232195e-10,1.5781512208157267e-10,2.8229640847143855e-10,2.925300215233165e-11,9.377165710588997e-12,3.460366496267996e-12,3.972600026713735e-12,9.377165710588997e-12,4.858492841602297e-12,2.878117882909592e-12,3.870347177494715e-13,2.1817270212665107e-13,2.878117882909592e-12,,,,,,,,,
2026-03-22T17:23:05Z,test_cases/pglib_opf_case57_ieee.mat,pglib_opf_case57_ieee,oracle_ac_primal_dual__Pg_Va,oracle_ac_primal_dual,full,ac_true,1,0,Pg+Va,2,,,optimal,ok,1,1010.7655343398899,36578.57269614994,36.18897899999557,0,0.003117799758911133,0.02585315704345703,0.20078372955322266,0.2266368865966797,0.2266368865966797,0.22975468635559082,acopf_acdc_paper_study/cases/pglib_opf_case57_ieee/logs/oracle_ac_primal_dual__Pg_Va.log,0,14,5.008346836357313e-11,2.9554136915521667e-13,2.2616526873520115e-08,9.093073956211151e-08,9.093073956211151e-08,0.046,,,0.046,False,100.0,57,80,7,7,42,1,6,50,1250.8,336.4,1983.0,0.0,592.0,-451.0,80,0,0,2,1,37589.33823048995,1305.1616786815434,435.6407309767652,0.9500279381358163,1.0600000091614092,1.0051180476570345,0.027739935894413516,-0.17600106998890724,0.2618521079179634,-0.05219781382715733,0.08885013804620105,450.3455817931025,423.82496222627594,34.95830286361586,34.891472267367554,0.7900799680580746,0.7435525653092561,0.15681232009055251,0.1559244794980214,0.0,0.0,3,5,0,3,0,3,1,0.0,0.0,0.0,0.0,0.0,0,,,,,,0,,,,,,1,0.0,0.0,0.0,0.0,0.0,1,1,1,6.393076711176027e-12,5.384137580222159e-12,1.4615293102744024e-12,0.0,5.384137580222159e-12,4.3109041960468616e-10,2.8246738281723083e-10,1.2399119627851515e-10,1.578345509845036e-10,2.8246738281723083e-10,2.924350407208913e-11,9.371836640070796e-12,3.4592699075612168e-12,3.97326616052851e-12,9.371836640070796e-12,4.864606330821588e-12,2.8901239040868276e-12,3.87107180496775e-13,2.306627111536841e-13,2.8901239040868276e-12,,,,,,,,,
2026-03-22T17:23:05Z,test_cases/pglib_opf_case57_ieee.mat,pglib_opf_case57_ieee,oracle_ac_primal_dual__Qg_Vm,oracle_ac_primal_dual,full,ac_true,1,0,Qg+Vm,2,,,optimal,ok,1,1010.7655343414038,36578.57269620624,36.188979000051276,0,0.003117799758911133,0.022114038467407227,0.16791081428527832,0.19002485275268555,0.19002485275268555,0.19314265251159668,acopf_acdc_paper_study/cases/pglib_opf_case57_ieee/logs/oracle_ac_primal_dual__Qg_Vm.log,0,32,2.06510719635844e-09,2.948525798518453e-11,2.2616531758501424e-08,9.312283972889455e-08,9.312283972889455e-08,0.067,,,0.067,True,100.0,57,80,7,7,42,1,6,50,1250.8,336.4,1983.0,0.0,592.0,-451.0,80,0,0,2,1,37589.33823054625,1305.161678688898,435.6407310553334,0.9500279379453549,1.0600000091623125,1.0051180474983201,0.0277399359269092,-0.17600107008588214,0.2618521078815357,-0.05219781388964136,0.08885013805587022,450.3455818162253,423.82496220679576,34.95830286056143,34.89147226231844,0.7900799680986409,0.7435525652750803,0.15681232008521173,0.15592447948614968,0.0,0.0,3,5,0,3,0,3,0,,,,,,1,0.0,0.0,0.0,0.0,0.0,1,0.0,0.0,0.0,0.0,0.0,0,,,,,,1,1,1,4.1193835421555825e-10,3.2369484870287124e-10,8.321616411827953e-11,4.884981308350689e-15,3.2369484870287124e-10,5.498328729224676e-09,4.5116574365344775e-09,1.3645797012192977e-09,3.0829916397578927e-10,4.5116574365344775e-09,1.3508168396787864e-09,2.811767485511041e-10,1.6455932133521457e-10,1.9361978687015835e-10,2.811767485511041e-10,4.956529304409201e-10,1.0154585505794955e-10,6.261887018234696e-11,6.477153535744407e-11,1.0154585505794955e-10,,,,,,,,,
2026-03-22T17:23:05Z,test_cases/pglib_opf_case57_ieee.mat,pglib_opf_case57_ieee,oracle_ac_primal_dual__Qg_Va,oracle_ac_primal_dual,full,ac_true,1,0,Qg+Va,2,,,optimal,ok,1,1010.765534339888,36578.572696149866,36.1889789999955,0,0.003117799758911133,0.08074426651000977,0.1253349781036377,0.20607924461364746,0.20607924461364746,0.2091970443725586,acopf_acdc_paper_study/cases/pglib_opf_case57_ieee/logs/oracle_ac_primal_dual__Qg_Va.log,0,30,5.038558672269994e-11,2.965128143017637e-13,2.2616526873520115e-08,9.093073956210253e-08,9.093073956210253e-08,0.052,,,0.052,True,100.0,57,80,7,7,42,1,6,50,1250.8,336.4,1983.0,0.0,592.0,-451.0,80,0,0,2,1,37589.33823048988,1305.1616786815414,435.6407309767646,0.9500279381358198,1.0600000091614092,1.0051180476570347,0.02773993589441292,-0.17600106998890747,0.26185210791796265,-0.052197813827157165,0.08885013804620068,450.3455817931023,423.8249622262754,34.958302863615764,34.89147226736743,0.7900799680580742,0.7435525653092551,0.15681232009055196,0.15592447949802085,0.0,0.0,3,5,0,3,0,3,0,,,,,,1,0.0,0.0,0.0,0.0,0.0,0,,,,,,1,0.0,0.0,0.0,0.0,0.0,1,1,1,6.401137001299963e-12,5.397238211912736e-12,1.4623857680362562e-12,0.0,5.397238211912736e-12,4.3109409809291553e-10,2.824911415899578e-10,1.239881788509375e-10,1.5780321493963356e-10,2.824911415899578e-10,2.924609799806706e-11,9.371170506256021e-12,3.459511429763065e-12,3.976707851904848e-12,9.371170506256021e-12,4.864842060080862e-12,2.890317325754399e-12,3.8705437224253865e-13,2.2985779946083085e-13,2.890317325754399e-12,,,,,,,,,
2026-03-22T17:23:05Z,test_cases/pglib_opf_case57_ieee.mat,pglib_opf_case57_ieee,oracle_ac_primal_dual__Vm_Va,oracle_ac_primal_dual,full,ac_true,1,0,Vm+Va,2,,,optimal,ok,1,1010.7655343398882,36578.57269614987,36.188978999995506,0,0.003117799758911133,0.004757881164550781,0.14786481857299805,0.15262269973754883,0.15262269973754883,0.15574049949645996,acopf_acdc_paper_study/cases/pglib_opf_case57_ieee/logs/oracle_ac_primal_dual__Vm_Va.log,0,33,5.082282952680888e-11,2.864375403532904e-13,2.2616526873520115e-08,9.093073700518156e-08,9.093073700518156e-08,0.068,,,0.068,True,100.0,57,80,7,7,42,1,6,50,1250.8,336.4,1983.0,0.0,592.0,-451.0,80,0,0,2,1,37589.338230489884,1305.1616786815384,435.64073097675396,0.9500279381358167,1.0600000091614095,1.0051180476570352,0.027739935894413592,-0.1760010699889106,0.26185210791795127,-0.05219781382716014,0.08885013804619851,450.34558179309016,423.82496222626446,34.95830286361506,34.89147226736675,0.7900799680580529,0.7435525653092359,0.15681232009054957,0.15592447949801838,0.0,0.0,3,5,0,3,0,3,0,,,,,,0,,,,,,1,0.0,0.0,0.0,0.0,0.0,1,0.0,0.0,0.0,0.0,0.0,1,1,1,6.210944154889178e-12,5.255573753970566e-12,1.4176596404727856e-12,0.0,5.255573753970566e-12,4.3107305439570135e-10,2.8248214878345834e-10,1.2395847443740545e-10,1.577613872871808e-10,2.8248214878345834e-10,2.924780615852898e-11,9.373612996910197e-12,3.459632190863989e-12,3.973599227435898e-12,9.373612996910197e-12,4.865700290493338e-12,2.8923859834995014e-12,3.870069383974924e-13,2.31717423027078e-13,2.8923859834995014e-12,,,,,,,,,
2026-03-22T17:23:05Z,test_cases/pglib_opf_case57_ieee.mat,pglib_opf_case57_ieee,oracle_ac_primal_dual__Pg_Qg_Vm,oracle_ac_primal_dual,full,ac_true,1,0,Pg+Qg+Vm,3,,,optimal,ok,1,1010.7655343398891,36578.57269614992,36.18897899999555,0,0.003117799758911133,0.00438380241394043,0.08975410461425781,0.09413790702819824,0.09413790702819824,0.09725570678710938,acopf_acdc_paper_study/cases/pglib_opf_case57_ieee/logs/oracle_ac_primal_dual__Pg_Qg_Vm.log,0,9,4.980972414641224e-11,2.894073869441627e-13,2.2616526873520115e-08,9.093073949485764e-08,9.093073949485764e-08,0.018,,,0.018,False,100.0,57,80,7,7,42,1,6,50,1250.8,336.4,1983.0,0.0,592.0,-451.0,80,0,0,2,1,37589.33823048993,1305.1616786815587,435.64073097683104,0.9500279381358154,1.0600000091614092,1.0051180476570338,0.027739935894413682,-0.17600106998889625,0.26185210791802105,-0.052197813827142066,0.0888501380462123,450.3455817931633,423.8249622263309,34.95830286362017,34.89147226737191,0.7900799680581813,0.7435525653093524,0.15681232009056845,0.15592447949803762,0.0,0.0,3,5,0,3,0,3,1,0.0,0.0,0.0,0.0,0.0,1,0.0,0.0,0.0,0.0,0.0,1,0.0,0.0,0.0,0.0,0.0,0,,,,,,1,1,1,7.399385129682895e-12,6.112221839771337e-12,1.6914089176875028e-12,0.0,6.112221839771337e-12,4.3100624588383226e-10,2.823515865557624e-10,1.2403377531405065e-10,1.5777010253792412e-10,2.823515865557624e-10,2.9240304601050974e-11,9.373612996910197e-12,3.458586243909211e-12,3.97237798210881e-12,9.373612996910197e-12,4.8579500441271065e-12,2.878422760560495e-12,3.867974467614048e-13,2.2019885914659199e-13,2.878422760560495e-12,,,,,,,,,
2026-03-22T17:23:05Z,test_cases/pglib_opf_case57_ieee.mat,pglib_opf_case57_ieee,oracle_ac_primal_dual__Pg_Qg_Va,oracle_ac_primal_dual,full,ac_true,1,0,Pg+Qg+Va,3,,,optimal,ok,1,1010.7655343398895,36578.57269614993,36.18897899999556,0,0.003117799758911133,0.008225679397583008,0.08011603355407715,0.08834171295166016,0.08834171295166016,0.09145951271057129,acopf_acdc_paper_study/cases/pglib_opf_case57_ieee/logs/oracle_ac_primal_dual__Pg_Qg_Va.log,0,10,5.0460090086908597e-11,2.966238366042262e-13,2.2616526873520115e-08,9.093073956211044e-08,9.093073956211044e-08,0.014,,,0.014,False,100.0,57,80,7,7,42,1,6,50,1250.8,336.4,1983.0,0.0,592.0,-451.0,80,0,0,2,1,37589.33823048994,1305.161678681543,435.64073097676675,0.9500279381358174,1.0600000091614092,1.0051180476570347,0.027739935894413297,-0.176001069988906,0.2618521079179632,-0.05219781382715688,0.08885013804620079,450.3455817931023,423.82496222627566,34.958302863615835,34.89147226736755,0.7900799680580742,0.7435525653092555,0.15681232009055232,0.1559244794980213,0.0,0.0,3,5,0,3,0,3,1,0.0,0.0,0.0,0.0,0.0,1,0.0,0.0,0.0,0.0,0.0,0,,,,,,1,0.0,0.0,0.0,0.0,0.0,1,1,1,6.38766286854088e-12,5.381251000358134e-12,1.460101880671313e-12,0.0,5.381251000358134e-12,4.3109037761859623e-10,2.8246915917407023e-10,1.2399259991762486e-10,1.5783016560355634e-10,2.8246915917407023e-10,2.924509558316246e-11,9.372058684675721e-12,3.4594276760962952e-12,3.974376383553135e-12,9.372058684675721e-12,4.8652769201334306e-12,2.8901932930258667e-12,3.8715228425820494e-13,2.299826995511012e-13,2.8901932930258667e-12,,,,,,,,,
2026-03-22T17:23:05Z,test_cases/pglib_opf_case57_ieee.mat,pglib_opf_case57_ieee,oracle_ac_primal_dual__Pg_Vm_Va,oracle_ac_primal_dual,full,ac_true,1,0,Pg+Vm+Va,3,,,optimal,ok,1,1010.7655343398831,36578.572696149684,36.18897899999532,0,0.003117799758911133,0.01579594612121582,0.07394576072692871,0.08974170684814453,0.08974170684814453,0.09285950660705566,acopf_acdc_paper_study/cases/pglib_opf_case57_ieee/logs/oracle_ac_primal_dual__Pg_Vm_Va.log,0,7,4.797882645319763e-11,2.9637403642368554e-13,2.2616526873520115e-08,9.093012015712119e-08,9.093012015712119e-08,0.009,,,0.009,False,100.0,57,80,7,7,42,1,6,50,1250.8,336.4,1983.0,0.0,592.0,-451.0,80,0,0,2,1,37589.338230489695,1305.1616786815355,435.6407309767355,0.9500279381358152,1.06000000916141,1.0051180476570365,0.027739935894416284,-0.1760010699889466,0.26185210791792274,-0.052197813827198514,0.08885013804619854,450.3455817930995,423.82496222626725,34.95830286359715,34.89147226734999,0.7900799680580692,0.7435525653092407,0.15681232009053603,0.15592447949800825,0.0,0.0,3,5,0,3,0,3,1,0.0,0.0,0.0,0.0,0.0,0,,,,,,1,0.0,0.0,0.0,0.0,0.0,1,0.0,0.0,0.0,0.0,0.0,1,1,1,6.400357733932961e-12,5.415889958726439e-12,1.4595626294879237e-12,0.0,5.415889958726439e-12,4.5116484396438745e-10,3.006711546404972e-10,1.2941008383940807e-10,1.587455722429354e-10,3.006711546404972e-10,2.935652368923994e-11,9.508172027494766e-12,3.4596867281353743e-12,3.972155937503885e-12,9.508172027494766e-12,5.007531916387274e-12,2.968186460505784e-12,3.9370654317560487e-13,2.4205637494389975e-13,2.968186460505784e-12,,,,,,,,,
2026-03-22T17:23:06Z,test_cases/pglib_opf_case57_ieee.mat,pglib_opf_case57_ieee,oracle_ac_primal_dual__Qg_Vm_Va,oracle_ac_primal_dual,full,ac_true,1,0,Qg+Vm+Va,3,,,optimal,ok,1,1010.7655343398893,36578.57269614992,36.18897899999555,0,0.003117799758911133,0.012928009033203125,0.1232907772064209,0.13621878623962402,0.13621878623962402,0.13933658599853516,acopf_acdc_paper_study/cases/pglib_opf_case57_ieee/logs/oracle_ac_primal_dual__Qg_Vm_Va.log,0,34,4.9667037399747345e-11,2.9956592761948286e-13,2.2616526873520115e-08,9.093061086319572e-08,9.093061086319572e-08,0.06,,,0.06,True,100.0,57,80,7,7,42,1,6,50,1250.8,336.4,1983.0,0.0,592.0,-451.0,80,0,0,2,1,37589.33823048993,1305.1616786815434,435.640730976792,0.9500279381357333,1.0600000091614115,1.0051180476569614,0.027739935894428074,-0.176001069988958,0.2618521079179313,-0.05219781382719113,0.08885013804620354,450.3455817931087,423.82496222626094,34.958302863613525,34.89147226736425,0.7900799680580854,0.7435525653092298,0.15681232009054696,0.15592447949801272,0.0,0.0,3,5,0,3,0,3,0,,,,,,1,0.0,0.0,0.0,0.0,0.0,1,0.0,0.0,0.0,0.0,0.0,1,0.0,0.0,0.0,0.0,0.0,1,1,1,6.463641077496322e-12,5.4429794005272925e-12,1.4783571192619353e-12,0.0,5.4429794005272925e-12,4.312695111499766e-10,2.8350577441216274e-10,1.2380204004815353e-10,1.5600029601436916e-10,2.8350577441216274e-10,2.868128518123183e-11,9.317213667259239e-12,3.3822944445205394e-12,3.8902214782865485e-12,9.317213667259239e-12,4.8762360469478485e-12,2.9088146821787397e-12,3.843093159510405e-13,2.338684801372892e-13,2.9088146821787397e-12,,,,,,,,,
2026-03-22T17:23:06Z,test_cases/pglib_opf_case57_ieee.mat,pglib_opf_case57_ieee,oracle_ac_primal_dual__Pg_Qg_Vm_Va,oracle_ac_primal_dual,full,ac_true,1,0,Pg+Qg+Vm+Va,4,,,optimal,ok,1,1010.7655343398898,36578.57269614993,36.18897899999556,0,0.003117799758911133,0.014032125473022461,0.07134389877319336,0.08537602424621582,0.08537602424621582,0.08849382400512695,acopf_acdc_paper_study/cases/pglib_opf_case57_ieee/logs/oracle_ac_primal_dual__Pg_Qg_Vm_Va.log,0,2,5.0340008531811795e-11,2.894351425197783e-13,2.2616526873520115e-08,9.093074025740526e-08,9.093074025740526e-08,0.004,,,0.004,False,100.0,57,80,7,7,42,1,6,50,1250.8,336.4,1983.0,0.0,592.0,-451.0,80,0,0,2,1,37589.33823048994,1305.16167868154,435.64073097675157,0.9500279381358188,1.0600000091614092,1.005118047657035,0.027739935894413124,-0.17600106998891257,0.2618521079179517,-0.05219781382716076,0.08885013804619904,450.3455817930908,423.82496222626503,34.95830286361506,34.891472267366744,0.790079968058054,0.7435525653092369,0.15681232009054963,0.1559244794980184,0.0,0.0,3,5,0,3,0,3,1,0.0,0.0,0.0,0.0,0.0,1,0.0,0.0,0.0,0.0,0.0,1,0.0,0.0,0.0,0.0,0.0,1,0.0,0.0,0.0,0.0,0.0,1,1,1,6.203398807748438e-12,5.2444715237243145e-12,1.4167080207373927e-12,0.0,5.2444715237243145e-12,4.3109606660834707e-10,2.824829259395756e-10,1.2397647194565105e-10,1.5783555018522577e-10,2.824829259395756e-10,2.924679859646767e-11,9.371836640070796e-12,3.4596808848562974e-12,3.9757086511826856e-12,9.371836640070796e-12,4.865851297692227e-12,2.8925447106975533e-12,3.871083084474562e-13,2.3313295738347506e-13,2.8925447106975533e-12,,,,,,,,,
2026-03-22T17:23:06Z,test_cases/pglib_opf_case57_ieee.mat,pglib_opf_case57_ieee,oracle_ac_constraint_dual__Pg,oracle_ac_constraint_dual,constraint_only,ac_true,1,0,Pg,1,,,optimal,ok,1,1010.765534339888,36578.572696149866,36.1889789999955,0,0.003117799758911133,0.01117396354675293,0.08602595329284668,0.09719991683959961,0.09719991683959961,0.10031771659851074,acopf_acdc_paper_study/cases/pglib_opf_case57_ieee/logs/oracle_ac_constraint_dual__Pg.log,0,15,5.1090478038330573e-11,2.956523914576792e-13,2.2616526873520115e-08,9.093074032473719e-08,9.093074032473719e-08,0.021,,,0.021,False,100.0,57,80,7,7,42,1,6,50,1250.8,336.4,1983.0,0.0,592.0,-451.0,80,0,0,2,1,37589.33823048988,1305.1616786815573,435.6407309768324,0.9500279381358159,1.0600000091614092,1.005118047657034,0.027739935894413703,-0.17600106998889342,0.2618521079180213,-0.05219781382714134,0.088850138046212,450.345581793163,423.8249622263306,34.95830286362017,34.89147226737193,0.7900799680581807,0.743552565309352,0.15681232009056836,0.15592447949803756,0.0,0.0,3,5,0,3,0,3,1,0.0,0.0,0.0,0.0,0.0,0,,,,,,0,,,,,,0,,,,,,1,1,0,7.407520083419919e-12,6.123102025412663e-12,1.6927094646592066e-12,0.0,6.123102025412663e-12,4.309959852520296e-10,2.8234259374926296e-10,1.2403071030548622e-10,1.5776169259851258e-10,2.8234259374926296e-10,2.92411929215259e-11,9.373612996910197e-12,3.458730378126443e-12,3.97282207131866e-12,9.373612996910197e-12,4.858174304860281e-12,2.877969130371527e-12,3.8686837735984876e-13,2.194355808171622e-13,2.877969130371527e-12,,,,,,,,,
2026-03-22T17:23:06Z,test_cases/pglib_opf_case57_ieee.mat,pglib_opf_case57_ieee,oracle_ac_constraint_dual__Qg,oracle_ac_constraint_dual,constraint_only,ac_true,1,0,Qg,1,,,optimal,ok,1,1010.7655343398882,36578.57269614987,36.188978999995506,0,0.003117799758911133,0.013387918472290039,0.10485506057739258,0.11824297904968262,0.11824297904968262,0.12136077880859375,acopf_acdc_paper_study/cases/pglib_opf_case57_ieee/logs/oracle_ac_constraint_dual__Qg.log,0,23,5.072323768748297e-11,2.885469641000782e-13,2.2616526873520115e-08,9.093074153590453e-08,9.093074153590453e-08,0.035,,,0.035,False,100.0,57,80,7,7,42,1,6,50,1250.8,336.4,1983.0,0.0,592.0,-451.0,80,0,0,2,1,37589.338230489884,1305.1616786815578,435.6407309768307,0.9500279381358165,1.0600000091614095,1.0051180476570338,0.0277399358944134,-0.17600106998889506,0.2618521079180209,-0.05219781382714203,0.08885013804621208,450.3455817931636,423.82496222633074,34.95830286362012,34.89147226737185,0.7900799680581818,0.7435525653093522,0.1568123200905683,0.15592447949803742,0.0,0.0,3,5,0,3,0,3,0,,,,,,1,0.0,0.0,0.0,0.0,0.0,0,,,,,,0,,,,,,1,1,0,7.413996849456417e-12,6.126876783696389e-12,1.6942320562358353e-12,0.0,6.126876783696389e-12,4.310001126876899e-10,2.823822287112421e-10,1.2402476862976338e-10,1.5770953987193082e-10,2.823822287112421e-10,2.923980018135323e-11,9.372946863095422e-12,3.458395363459363e-12,3.973488205133435e-12,9.372946863095422e-12,4.858606841571778e-12,2.8784761033073814e-12,3.868694672683485e-13,2.2029600366124669e-13,2.8784761033073814e-12,,,,,,,,,
2026-03-22T17:23:06Z,test_cases/pglib_opf_case57_ieee.mat,pglib_opf_case57_ieee,oracle_ac_constraint_dual__Vm,oracle_ac_constraint_dual,constraint_only,ac_true,1,0,Vm,1,,,optimal,ok,1,1010.7655343398864,36578.57269614981,36.18897899999544,0,0.003117799758911133,0.030250072479248047,0.08589887619018555,0.1161489486694336,0.1161489486694336,0.11926674842834473,acopf_acdc_paper_study/cases/pglib_opf_case57_ieee/logs/oracle_ac_constraint_dual__Vm.log,0,20,5.0767639860580004e-11,2.86465295928906e-13,2.2616526873520115e-08,9.093094214275149e-08,9.093094214275149e-08,0.026,,,0.026,False,100.0,57,80,7,7,42,1,6,50,1250.8,336.4,1983.0,0.0,592.0,-451.0,80,0,0,2,1,37589.33823048982,1305.1616786815416,435.6407309767529,0.9500279381358581,1.06000000916141,1.0051180476570694,0.02773993589440912,-0.1760010699888577,0.2618521079180206,-0.05219781382711267,0.08885013804620161,450.34558179310477,423.82496222628276,34.9583028636183,34.89147226737064,0.7900799680580786,0.743552565309268,0.1568123200905597,0.15592447949803004,0.0,0.0,3,5,0,3,0,3,0,,,,,,0,,,,,,1,0.0,0.0,0.0,0.0,0.0,0,,,,,,1,1,0,6.51888541103112e-12,5.486944232302449e-12,1.4884918694438706e-12,0.0,5.486944232302449e-12,4.2928502935675485e-10,2.798565823525223e-10,1.2335300836330276e-10,1.5827311683480616e-10,2.798565823525223e-10,2.951754872167363e-11,9.427347791302054e-12,3.4940004106350612e-12,4.015010546254416e-12,9.427347791302054e-12,4.8503652810989026e-12,2.8614302767515643e-12,3.906337240078735e-13,2.1461998844785057e-13,2.8614302767515643e-12,,,,,,,,,
2026-03-22T17:23:06Z,test_cases/pglib_opf_case57_ieee.mat,pglib_opf_case57_ieee,oracle_ac_constraint_dual__Va,oracle_ac_constraint_dual,constraint_only,ac_true,1,0,Va,1,,,optimal,ok,1,1010.7655343398882,36578.57269614987,36.188978999995506,0,0.003117799758911133,0.004767894744873047,0.08812785148620605,0.0928957462310791,0.0928957462310791,0.09601354598999023,acopf_acdc_paper_study/cases/pglib_opf_case57_ieee/logs/oracle_ac_constraint_dual__Va.log,0,28,5.032966981325255e-11,2.961242362431449e-13,2.2616526873520115e-08,9.093074084056464e-08,9.093074084056464e-08,0.033,,,0.033,True,100.0,57,80,7,7,42,1,6,50,1250.8,336.4,1983.0,0.0,592.0,-451.0,80,0,0,2,1,37589.338230489884,1305.1616786815414,435.6407309767623,0.9500279381358215,1.0600000091614092,1.005118047657035,0.02773993589441261,-0.17600106998890797,0.26185210791796254,-0.05219781382715735,0.0888501380462008,450.3455817931023,423.8249622262753,34.958302863615735,34.89147226736741,0.7900799680580742,0.743552565309255,0.15681232009055185,0.1559244794980207,0.0,0.0,3,5,0,3,0,3,0,,,,,,0,,,,,,0,,,,,,1,0.0,0.0,0.0,0.0,0.0,1,1,0,6.394040033290386e-12,5.391465052184685e-12,1.4607997351439346e-12,0.0,5.391465052184685e-12,4.31081140838654e-10,2.8246138761289785e-10,1.2398355159997417e-10,1.5782827822441448e-10,2.8246138761289785e-10,2.9249219045491745e-11,9.371170506256021e-12,3.459953571213223e-12,3.9784842087442485e-12,9.371170506256021e-12,4.864745383337647e-12,2.8902084718562815e-12,3.8710353510473365e-13,2.302047441560262e-13,2.8902084718562815e-12,,,,,,,,,
2026-03-22T17:23:06Z,test_cases/pglib_opf_case57_ieee.mat,pglib_opf_case57_ieee,oracle_ac_constraint_dual__Pg_Qg,oracle_ac_constraint_dual,constraint_only,ac_true,1,0,Pg+Qg,2,,,optimal,ok,1,1010.7655343398887,36578.572696149895,36.18897899999553,0,0.003117799758911133,0.004560708999633789,0.0821840763092041,0.08674478530883789,0.08674478530883789,0.08986258506774902,acopf_acdc_paper_study/cases/pglib_opf_case57_ieee/logs/oracle_ac_constraint_dual__Pg_Qg.log,0,19,5.0761195292774774e-11,3.0656033267462135e-13,2.2616526873520115e-08,9.093074629092462e-08,9.093074629092462e-08,0.023,,,0.023,False,100.0,57,80,7,7,42,1,6,50,1250.8,336.4,1983.0,0.0,592.0,-451.0,80,0,0,2,1,37589.338230489906,1305.1616786815578,435.6407309768305,0.9500279381358199,1.0600000091614092,1.005118047657037,0.027739935894413256,-0.17600106998889453,0.26185210791802155,-0.052197813827140345,0.08885013804621189,450.3455817931608,423.8249622263295,34.958302863620176,34.89147226737197,0.7900799680581769,0.74355256530935,0.1568123200905684,0.15592447949803773,0.0,0.0,3,5,0,3,0,3,1,0.0,0.0,0.0,0.0,0.0,1,0.0,0.0,0.0,0.0,0.0,0,,,,,,0,,,,,,1,1,0,7.37609845514539e-12,6.098010985056135e-12,1.6860322661825323e-12,0.0,6.098010985056135e-12,4.3094302396658816e-10,2.8225322079578063e-10,1.2401507202116794e-10,1.5780562967471212e-10,2.8225322079578063e-10,2.926378992054134e-11,9.377165710588997e-12,3.461681234060315e-12,3.976818874207311e-12,9.377165710588997e-12,4.857425001488639e-12,2.877522439076463e-12,3.8693923092287524e-13,2.1856128018526988e-13,2.877522439076463e-12,,,,,,,,,
2026-03-22T17:23:06Z,test_cases/pglib_opf_case57_ieee.mat,pglib_opf_case57_ieee,oracle_ac_constraint_dual__Pg_Vm,oracle_ac_constraint_dual,constraint_only,ac_true,1,0,Pg+Vm,2,,,optimal,ok,1,1010.7655343398862,36578.5726961498,36.188978999995435,0,0.003117799758911133,0.009383916854858398,0.07295894622802734,0.08234286308288574,0.08234286308288574,0.08546066284179688,acopf_acdc_paper_study/cases/pglib_opf_case57_ieee/logs/oracle_ac_constraint_dual__Pg_Vm.log,0,13,5.102542294929536e-11,2.6728619317850644e-13,2.2616526873520115e-08,9.093113323986823e-08,9.093113323986823e-08,0.017,,,0.017,False,100.0,57,80,7,7,42,1,6,50,1250.8,336.4,1983.0,0.0,592.0,-451.0,80,0,0,2,1,37589.33823048981,1305.1616786815225,435.6407309766504,0.9500279381359128,1.0600000091614075,1.0051180476571144,0.027739935894403028,-0.17600106998880802,0.2618521079180165,-0.05219781382707405,0.08885013804618785,450.34558179303207,423.8249622262212,34.95830286361561,34.891472267368826,0.790079968057951,0.74355256530916,0.15681232009054696,0.1559244794980193,0.0,0.0,3,5,0,3,0,3,1,0.0,0.0,0.0,0.0,0.0,0,,,,,,1,0.0,0.0,0.0,0.0,0.0,0,,,,,,1,1,0,5.39349953461395e-12,4.632960681760778e-12,1.2171850828833287e-12,0.0,4.632960681760778e-12,4.2754804021365506e-10,2.7661239965226514e-10,1.2268526472514196e-10,1.5969298106099927e-10,2.7661239965226514e-10,2.988011347168808e-11,9.49862410948299e-12,3.540972583375167e-12,4.069744541368436e-12,9.49862410948299e-12,4.859967527396168e-12,2.8389673424611406e-12,3.9857472695871834e-13,2.344027749678901e-13,2.8389673424611406e-12,,,,,,,,,
2026-03-22T17:23:06Z,test_cases/pglib_opf_case57_ieee.mat,pglib_opf_case57_ieee,oracle_ac_constraint_dual__Pg_Va,oracle_ac_constraint_dual,constraint_only,ac_true,1,0,Pg+Va,2,,,optimal,ok,1,1010.7655343398885,36578.57269614988,36.18897899999551,0,0.003117799758911133,0.008507013320922852,0.08207535743713379,0.09058237075805664,0.09058237075805664,0.09370017051696777,acopf_acdc_paper_study/cases/pglib_opf_case57_ieee/logs/oracle_ac_constraint_dual__Pg_Va.log,0,15,5.151595598636544e-11,2.8391178297226816e-13,2.2616526873520115e-08,9.09310272164103e-08,9.09310272164103e-08,0.016,,,0.016,False,100.0,57,80,7,7,42,1,6,50,1250.8,336.4,1983.0,0.0,592.0,-451.0,80,0,0,2,1,37589.33823048989,1305.1616786815298,435.6407309767043,0.9500279381358527,1.0600000091614088,1.0051180476570643,0.027739935894409665,-0.17600106998887474,0.2618521079179639,-0.0521978138271299,0.08885013804619196,450.34558179305384,423.82496222623536,34.958302863614584,34.8914722673669,0.7900799680579892,0.7435525653091848,0.1568123200905453,0.1559244794980156,0.0,0.0,3,5,0,3,0,3,1,0.0,0.0,0.0,0.0,0.0,0,,,,,,0,,,,,,1,0.0,0.0,0.0,0.0,0.0,1,1,0,5.679693060985041e-12,4.850342349982384e-12,1.2896192050756586e-12,0.0,4.850342349982384e-12,4.2928416185891577e-10,2.799961373867177e-10,1.2335192787839488e-10,1.5837303690702242e-10,2.799961373867177e-10,2.947472079011818e-11,9.410250356722827e-12,3.48959263045133e-12,4.009681475736215e-12,9.410250356722827e-12,4.8471492795906694e-12,2.870131216026195e-12,3.894271011442963e-13,2.4444335444684384e-13,2.870131216026195e-12,,,,,,,,,
2026-03-22T17:23:07Z,test_cases/pglib_opf_case57_ieee.mat,pglib_opf_case57_ieee,oracle_ac_constraint_dual__Qg_Vm,oracle_ac_constraint_dual,constraint_only,ac_true,1,0,Qg+Vm,2,,,optimal,ok,1,1010.7655343398887,36578.57269614989,36.18897899999552,0,0.003117799758911133,0.00899505615234375,0.11087584495544434,0.11987090110778809,0.11987090110778809,0.12298870086669922,acopf_acdc_paper_study/cases/pglib_opf_case57_ieee/logs/oracle_ac_constraint_dual__Qg_Vm.log,0,41,5.016207574047761e-11,2.860489622946716e-13,2.2616526873520115e-08,9.093073956215961e-08,9.093073956215961e-08,0.048,,,0.048,True,100.0,57,80,7,7,42,1,6,50,1250.8,336.4,1983.0,0.0,592.0,-451.0,80,0,0,2,1,37589.3382304899,1305.1616786815582,435.6407309768359,0.9500279381358171,1.0600000091614092,1.0051180476570347,0.027739935894413325,-0.1760010699888941,0.26185210791802216,-0.052197813827141074,0.0888501380462123,450.3455817931638,423.8249622263314,34.958302863620254,34.89147226737201,0.790079968058182,0.7435525653093533,0.15681232009056872,0.15592447949803792,0.0,0.0,3,5,0,3,0,3,0,,,,,,1,0.0,0.0,0.0,0.0,0.0,1,0.0,0.0,0.0,0.0,0.0,0,,,,,,1,1,0,7.414306434986093e-12,6.125100426856989e-12,1.6945175421564532e-12,0.0,6.125100426856989e-12,4.309799124365542e-10,2.8231861293193106e-10,1.240275521174894e-10,1.577570851729604e-10,2.8231861293193106e-10,2.9245114178234215e-11,9.374279130724972e-12,3.4592387434061396e-12,3.974043316645748e-12,9.374279130724972e-12,4.857802445758769e-12,2.8777154270631655e-12,3.8680815848865804e-13,2.188665915170418e-13,2.8777154270631655e-12,,,,,,,,,
2026-03-22T17:23:07Z,test_cases/pglib_opf_case57_ieee.mat,pglib_opf_case57_ieee,oracle_ac_constraint_dual__Qg_Va,oracle_ac_constraint_dual,constraint_only,ac_true,1,0,Qg+Va,2,,,optimal,ok,1,1010.7655343398891,36578.57269614991,36.18897899999554,0,0.003117799758911133,0.00765681266784668,0.08631181716918945,0.09396862983703613,0.09396862983703613,0.09708642959594727,acopf_acdc_paper_study/cases/pglib_opf_case57_ieee/logs/oracle_ac_constraint_dual__Qg_Va.log,0,27,5.077406392658802e-11,2.8860247525130944e-13,2.2616526873520115e-08,9.093073505380989e-08,9.093073505380989e-08,0.029,,,0.029,True,100.0,57,80,7,7,42,1,6,50,1250.8,336.4,1983.0,0.0,592.0,-451.0,80,0,0,2,1,37589.33823048992,1305.1616786815432,435.64073097676885,0.950027938135815,1.0600000091614095,1.0051180476570298,0.02773993589441379,-0.17600106998891119,0.2618521079179632,-0.05219781382715924,0.08885013804620172,450.34558179310534,423.8249622262768,34.9583028636158,34.89147226736742,0.7900799680580796,0.7435525653092575,0.15681232009055235,0.15592447949802105,0.0,0.0,3,5,0,3,0,3,0,,,,,,1,0.0,0.0,0.0,0.0,0.0,0,,,,,,1,0.0,0.0,0.0,0.0,0.0,1,1,0,6.437024896296134e-12,5.419442672405239e-12,1.4713944348646432e-12,0.0,5.419442672405239e-12,4.310802853649238e-10,2.8252622463753596e-10,1.2397180107878317e-10,1.576896113686388e-10,2.8252622463753596e-10,2.920809089780283e-11,9.36717370336737e-12,3.4543148069039426e-12,3.97193389289896e-12,9.36717370336737e-12,4.864545462674079e-12,2.891007312016969e-12,3.868252926872015e-13,2.3282764605170314e-13,2.891007312016969e-12,,,,,,,,,
2026-03-22T17:23:07Z,test_cases/pglib_opf_case57_ieee.mat,pglib_opf_case57_ieee,oracle_ac_constraint_dual__Vm_Va,oracle_ac_constraint_dual,constraint_only,ac_true,1,0,Vm+Va,2,,,optimal,ok,1,1010.7655343398877,36578.57269614986,36.18897899999549,0,0.003117799758911133,0.010806083679199219,0.07657480239868164,0.08738088607788086,0.08738088607788086,0.09049868583679199,acopf_acdc_paper_study/cases/pglib_opf_case57_ieee/logs/oracle_ac_constraint_dual__Vm_Va.log,0,16,5.042353542271085e-11,2.963185252724543e-13,2.2616526873520115e-08,9.093074054897942e-08,9.093074054897942e-08,0.02,,,0.02,False,100.0,57,80,7,7,42,1,6,50,1250.8,336.4,1983.0,0.0,592.0,-451.0,80,0,0,2,1,37589.33823048987,1305.1616786815378,435.64073097675,0.9500279381358222,1.0600000091614092,1.0051180476570358,0.02773993589441238,-0.17600106998891002,0.2618521079179506,-0.05219781382716061,0.08885013804619842,450.34558179309005,423.8249622262642,34.95830286361483,34.891472267366495,0.7900799680580527,0.7435525653092354,0.15681232009054863,0.15592447949801747,0.0,0.0,3,5,0,3,0,3,0,,,,,,0,,,,,,1,0.0,0.0,0.0,0.0,0.0,1,0.0,0.0,0.0,0.0,0.0,1,1,0,6.203672208447767e-12,5.2515769510819155e-12,1.4156929596863067e-12,0.0,5.2515769510819155e-12,4.311061581883859e-10,2.825089051583518e-10,1.2397646203294547e-10,1.578174813055e-10,2.825089051583518e-10,2.9252708467057576e-11,9.371170506256021e-12,3.4603411753919956e-12,3.9791503425590236e-12,9.371170506256021e-12,4.866747990618385e-12,2.8926878253843213e-12,3.871510992442515e-13,2.322864123271984e-13,2.8926878253843213e-12,,,,,,,,,
2026-03-22T17:23:07Z,test_cases/pglib_opf_case57_ieee.mat,pglib_opf_case57_ieee,oracle_ac_constraint_dual__Pg_Qg_Vm,oracle_ac_constraint_dual,constraint_only,ac_true,1,0,Pg+Qg+Vm,3,,,optimal,ok,1,1010.7655343398868,36578.57269614982,36.188978999995456,0,0.003117799758911133,0.01434183120727539,0.07929110527038574,0.09363293647766113,0.09363293647766113,0.09675073623657227,acopf_acdc_paper_study/cases/pglib_opf_case57_ieee/logs/oracle_ac_constraint_dual__Pg_Qg_Vm.log,0,14,5.0774804040683926e-11,2.8821389719269064e-13,2.2616526873520115e-08,9.093073956214862e-08,9.093073956214862e-08,0.016,,,0.016,False,100.0,57,80,7,7,42,1,6,50,1250.8,336.4,1983.0,0.0,592.0,-451.0,80,0,0,2,1,37589.33823048983,1305.161678681556,435.64073097683263,0.9500279381358158,1.0600000091614092,1.0051180476570343,0.0277399358944135,-0.17600106998889248,0.2618521079180211,-0.052197813827140734,0.08885013804621182,450.3455817931627,423.82496222633046,34.95830286362013,34.891472267371896,0.7900799680581801,0.7435525653093517,0.15681232009056822,0.15592447949803742,0.0,0.0,3,5,0,3,0,3,1,0.0,0.0,0.0,0.0,0.0,1,0.0,0.0,0.0,0.0,0.0,1,0.0,0.0,0.0,0.0,0.0,0,,,,,,1,1,0,7.403013138710026e-12,6.124878382252064e-12,1.6911868730825778e-12,0.0,6.124878382252064e-12,4.31003457048184e-10,2.8233282378664626e-10,1.2403758774061557e-10,1.5779447193331464e-10,2.8233282378664626e-10,2.924232469723705e-11,9.373612996910197e-12,3.4589387884135215e-12,3.972711049016198e-12,9.373612996910197e-12,4.858848055882708e-12,2.8780207383949374e-12,3.869159709820573e-13,2.1850576903403862e-13,2.8780207383949374e-12,,,,,,,,,
2026-03-22T17:23:07Z,test_cases/pglib_opf_case57_ieee.mat,pglib_opf_case57_ieee,oracle_ac_constraint_dual__Pg_Qg_Va,oracle_ac_constraint_dual,constraint_only,ac_true,1,0,Pg+Qg+Va,3,,,optimal,ok,1,1010.7655343398893,36578.57269614992,36.18897899999555,0,0.003117799758911133,0.00437474250793457,0.07491397857666016,0.07928872108459473,0.07928872108459473,0.08240652084350586,acopf_acdc_paper_study/cases/pglib_opf_case57_ieee/logs/oracle_ac_constraint_dual__Pg_Qg_Va.log,0,16,5.0381794870444304e-11,2.9659608102861057e-13,2.2616526873520115e-08,9.09307395621102e-08,9.09307395621102e-08,0.022,,,0.022,False,100.0,57,80,7,7,42,1,6,50,1250.8,336.4,1983.0,0.0,592.0,-451.0,80,0,0,2,1,37589.33823048993,1305.1616786815428,435.64073097676504,0.9500279381358194,1.0600000091614092,1.0051180476570347,0.027739935894413034,-0.1760010699889064,0.2618521079179628,-0.05219781382715724,0.08885013804620068,450.34558179310255,423.82496222627594,34.958302863615835,34.891472267367526,0.7900799680580747,0.7435525653092561,0.15681232009055224,0.15592447949802116,0.0,0.0,3,5,0,3,0,3,1,0.0,0.0,0.0,0.0,0.0,1,0.0,0.0,0.0,0.0,0.0,0,,,,,,1,0.0,0.0,0.0,0.0,0.0,1,1,0,6.395884492254399e-12,5.388356427715735e-12,1.4618782375107132e-12,0.0,5.388356427715735e-12,4.3108253331533403e-10,2.8248325900648297e-10,1.2398204486872644e-10,1.5778725548365458e-10,2.8248325900648297e-10,2.9246127601141124e-11,9.371836640070796e-12,3.4595192208018344e-12,3.976374784997461e-12,9.371836640070796e-12,4.865280036614331e-12,2.890328167776124e-12,3.871971198222554e-13,2.301908663682184e-13,2.890328167776124e-12,,,,,,,,,
2026-03-22T17:23:07Z,test_cases/pglib_opf_case57_ieee.mat,pglib_opf_case57_ieee,oracle_ac_constraint_dual__Pg_Vm_Va,oracle_ac_constraint_dual,constraint_only,ac_true,1,0,Pg+Vm+Va,3,,,optimal,ok,1,1010.7655343398907,36578.57269614997,36.1889789999956,0,0.003117799758911133,0.004250764846801758,0.06848382949829102,0.07273459434509277,0.07273459434509277,0.0758523941040039,acopf_acdc_paper_study/cases/pglib_opf_case57_ieee/logs/oracle_ac_constraint_dual__Pg_Vm_Va.log,0,9,5.095525400133208e-11,2.878808302853031e-13,2.2616526873520115e-08,9.093074093027129e-08,9.093074093027129e-08,0.01,,,0.01,False,100.0,57,80,7,7,42,1,6,50,1250.8,336.4,1983.0,0.0,592.0,-451.0,80,0,0,2,1,37589.33823048998,1305.161678681541,435.6407309767478,0.9500279381358211,1.0600000091614092,1.0051180476570352,0.027739935894412825,-0.17600106998891285,0.26185210791795105,-0.05219781382716142,0.08885013804619908,450.34558179309016,423.8249622262644,34.95830286361498,34.89147226736665,0.7900799680580529,0.7435525653092357,0.15681232009054927,0.15592447949801808,0.0,0.0,3,5,0,3,0,3,1,0.0,0.0,0.0,0.0,0.0,0,,,,,,1,0.0,0.0,0.0,0.0,0.0,1,0.0,0.0,0.0,0.0,0.0,1,1,0,6.186633647353317e-12,5.228040222959862e-12,1.4133456310056707e-12,0.0,5.228040222959862e-12,4.311049925964926e-10,2.8250990435907397e-10,1.2397337323388768e-10,1.578164265936266e-10,2.8250990435907397e-10,2.924823322203878e-11,9.371392550860946e-12,3.45979190715876e-12,3.978040119534398e-12,9.371392550860946e-12,4.866100092299867e-12,2.892856960923229e-12,3.871200054672101e-13,2.326194792345859e-13,2.892856960923229e-12,,,,,,,,,
2026-03-22T17:23:07Z,test_cases/pglib_opf_case57_ieee.mat,pglib_opf_case57_ieee,oracle_ac_constraint_dual__Qg_Vm_Va,oracle_ac_constraint_dual,constraint_only,ac_true,1,0,Qg+Vm+Va,3,,,optimal,ok,1,1010.7655343398899,36578.57269614993,36.18897899999556,0,0.003117799758911133,0.011049032211303711,0.07712793350219727,0.08817696571350098,0.08817696571350098,0.09129476547241211,acopf_acdc_paper_study/cases/pglib_opf_case57_ieee/logs/oracle_ac_constraint_dual__Qg_Vm_Va.log,0,16,5.100074157388267e-11,2.916555885690286e-13,2.2616526873520115e-08,9.09307404368384e-08,9.09307404368384e-08,0.024,,,0.024,False,100.0,57,80,7,7,42,1,6,50,1250.8,336.4,1983.0,0.0,592.0,-451.0,80,0,0,2,1,37589.33823048994,1305.1616786815403,435.640730976752,0.9500279381358191,1.0600000091614095,1.005118047657035,0.0277399358944129,-0.17600106998891077,0.2618521079179519,-0.052197813827160794,0.08885013804619894,450.3455817930914,423.8249622262654,34.958302863615,34.89147226736668,0.7900799680580551,0.7435525653092376,0.1568123200905493,0.1559244794980181,0.0,0.0,3,5,0,3,0,3,0,,,,,,1,0.0,0.0,0.0,0.0,0.0,1,0.0,0.0,0.0,0.0,0.0,1,0.0,0.0,0.0,0.0,0.0,1,1,0,6.211012523377027e-12,5.249356505032665e-12,1.4186271205371018e-12,0.0,5.249356505032665e-12,4.3110276380646554e-10,2.8250790595762965e-10,1.2397669200771488e-10,1.5780926565511777e-10,2.8250790595762965e-10,2.924796415220127e-11,9.370282327836321e-12,3.4597704818021443e-12,3.976041718090073e-12,9.370282327836321e-12,4.866677504190716e-12,2.8926140996365923e-12,3.8719259755793067e-13,2.3300805729320473e-13,2.8926140996365923e-12,,,,,,,,,
2026-03-22T17:23:07Z,test_cases/pglib_opf_case57_ieee.mat,pglib_opf_case57_ieee,oracle_ac_constraint_dual__Pg_Qg_Vm_Va,oracle_ac_constraint_dual,constraint_only,ac_true,1,0,Pg+Qg+Vm+Va,4,,,optimal,ok,1,1010.7655343398882,36578.57269614988,36.18897899999551,0,0.003117799758911133,0.007584095001220703,0.06624388694763184,0.07382798194885254,0.07382798194885254,0.07694578170776367,acopf_acdc_paper_study/cases/pglib_opf_case57_ieee/logs/oracle_ac_constraint_dual__Pg_Qg_Vm_Va.log,0,4,5.002406486661507e-11,3.0001001682933293e-13,2.2616526873520115e-08,9.093073951723835e-08,9.093073951723835e-08,0.006,,,0.006,False,100.0,57,80,7,7,42,1,6,50,1250.8,336.4,1983.0,0.0,592.0,-451.0,80,0,0,2,1,37589.33823048989,1305.1616786815382,435.64073097675,0.9500279381358215,1.0600000091614092,1.0051180476570354,0.02773993589441265,-0.1760010699889112,0.26185210791794994,-0.05219781382716105,0.08885013804619836,450.34558179308954,423.82496222626366,34.95830286361485,34.89147226736652,0.7900799680580518,0.7435525653092345,0.15681232009054874,0.15592447949801755,0.0,0.0,3,5,0,3,0,3,1,0.0,0.0,0.0,0.0,0.0,1,0.0,0.0,0.0,0.0,0.0,1,0.0,0.0,0.0,0.0,0.0,1,0.0,0.0,0.0,0.0,0.0,1,1,0,6.197694478561395e-12,5.2453597021440146e-12,1.4145510160038351e-12,0.0,5.2453597021440146e-12,4.3111152837076176e-10,2.825243372583941e-10,1.2397607345488686e-10,1.5780102224915993e-10,2.825243372583941e-10,2.92495443633089e-11,9.371392550860946e-12,3.459967205531069e-12,3.9784842087442485e-12,9.371392550860946e-12,4.8669320330526425e-12,2.8930642603786083e-12,3.871176069076671e-13,2.3157864514899984e-13,2.8930642603786083e-12,,,,,,,,,
2026-03-22T17:23:07Z,test_cases/pglib_opf_case57_ieee.mat,pglib_opf_case57_ieee,oracle_ac_bounds_dual__Pg,oracle_ac_bounds_dual,bounds_only,ac_true,1,0,Pg,1,,,optimal,ok,1,1010.7655343398893,36578.57269614992,36.18897899999555,0,0.003117799758911133,0.006467103958129883,0.11124587059020996,0.11771297454833984,0.11771297454833984,0.12083077430725098,acopf_acdc_paper_study/cases/pglib_opf_case57_ieee/logs/oracle_ac_bounds_dual__Pg.log,0,50,5.0738561604689e-11,2.9387603461827894e-13,2.2616526873520115e-08,9.093073918085403e-08,9.093073918085403e-08,0.053,,,0.053,True,100.0,57,80,7,7,42,1,6,50,1250.8,336.4,1983.0,0.0,592.0,-451.0,80,0,0,2,1,37589.33823048993,1305.1616786815582,435.6407309768298,0.9500279381358173,1.0600000091614092,1.0051180476570345,0.027739935894413297,-0.1760010699888944,0.26185210791801916,-0.05219781382714231,0.08885013804621175,450.3455817931611,423.82496222632903,34.95830286362002,34.89147226737176,0.7900799680581774,0.7435525653093492,0.15681232009056786,0.15592447949803706,0.0,0.0,3,5,0,3,0,3,1,0.0,0.0,0.0,0.0,0.0,0,,,,,,0,,,,,,0,,,,,,0,0,1,7.368214316223811e-12,6.090017379278834e-12,1.6844303729612875e-12,0.0,6.090017379278834e-12,4.3101925962638737e-10,2.823759004400017e-10,1.2403618211896473e-10,1.577606656422148e-10,2.823759004400017e-10,2.924426806847711e-11,9.373612996910197e-12,3.4590926614292154e-12,3.974265361250673e-12,9.373612996910197e-12,4.858993788762931e-12,2.8788386605138605e-12,3.868729614427184e-13,2.2025437029782324e-13,2.8788386605138605e-12,,,,,,,,,
2026-03-22T17:23:07Z,test_cases/pglib_opf_case57_ieee.mat,pglib_opf_case57_ieee,oracle_ac_bounds_dual__Qg,oracle_ac_bounds_dual,bounds_only,ac_true,1,0,Qg,1,,,optimal,ok,1,1010.7655343398887,36578.5726961499,36.188978999995534,0,0.003117799758911133,0.0064849853515625,0.11726617813110352,0.12375116348266602,0.12375116348266602,0.12686896324157715,acopf_acdc_paper_study/cases/pglib_opf_case57_ieee/logs/oracle_ac_bounds_dual__Qg.log,0,51,4.992791844666926e-11,2.9351521213527576e-13,2.2616526873520115e-08,9.093073971916025e-08,9.093073971916025e-08,0.057,,,0.057,True,100.0,57,80,7,7,42,1,6,50,1250.8,336.4,1983.0,0.0,592.0,-451.0,80,0,0,2,1,37589.33823048991,1305.161678681558,435.6407309768305,0.9500279381358157,1.0600000091614095,1.0051180476570343,0.027739935894413717,-0.17600106998889609,0.26185210791802055,-0.05219781382714174,0.08885013804621221,450.34558179316224,423.8249622263303,34.95830286362013,34.89147226737189,0.7900799680581794,0.7435525653093514,0.15681232009056828,0.15592447949803748,0.0,0.0,3,5,0,3,0,3,0,,,,,,1,0.0,0.0,0.0,0.0,0.0,0,,,,,,0,,,,,,0,0,1,7.383981913017029e-12,6.1028959663644855e-12,1.6877927626930093e-12,0.0,6.1028959663644855e-12,4.310198532701224e-10,2.8235591642555846e-10,1.2404215749788657e-10,1.5779802464699344e-10,2.8235591642555846e-10,2.924174347525627e-11,9.373390952305272e-12,3.458940736173214e-12,3.972600026713735e-12,9.373390952305272e-12,4.857725589716183e-12,2.878279645873727e-12,3.8677041779145566e-13,2.1967150320989504e-13,2.878279645873727e-12,,,,,,,,,
2026-03-22T17:23:07Z,test_cases/pglib_opf_case57_ieee.mat,pglib_opf_case57_ieee,oracle_ac_bounds_dual__Vm,oracle_ac_bounds_dual,bounds_only,ac_true,1,0,Vm,1,,,optimal,ok,1,1010.7655343398887,36578.572696149895,36.18897899999553,0,0.003117799758911133,0.017813920974731445,0.08930087089538574,0.10711479187011719,0.10711479187011719,0.11023259162902832,acopf_acdc_paper_study/cases/pglib_opf_case57_ieee/logs/oracle_ac_bounds_dual__Vm.log,0,28,5.0522807485499827e-11,2.9665159217984183e-13,2.2616526873520115e-08,9.093073951727876e-08,9.093073951727876e-08,0.032,,,0.032,False,100.0,57,80,7,7,42,1,6,50,1250.8,336.4,1983.0,0.0,592.0,-451.0,80,0,0,2,1,37589.338230489906,1305.1616786815582,435.640730976832,0.9500279381358167,1.0600000091614092,1.0051180476570345,0.027739935894413294,-0.1760010699888928,0.261852107918021,-0.05219781382714187,0.08885013804621203,450.3455817931635,423.8249622263309,34.958302863620105,34.89147226737183,0.7900799680581816,0.7435525653093524,0.15681232009056822,0.1559244794980373,0.0,0.0,3,5,0,3,0,3,0,,,,,,0,,,,,,1,0.0,0.0,0.0,0.0,0.0,0,,,,,,0,0,1,7.408741103143561e-12,6.120437490153563e-12,1.6933438778161351e-12,0.0,6.120437490153563e-12,4.310026141618404e-10,2.8236746274501456e-10,1.24029056866196e-10,1.577327990442967e-10,2.8236746274501456e-10,2.9244616226037374e-11,9.373835041515122e-12,3.459059549514446e-12,3.973599227435898e-12,9.373835041515122e-12,4.859548151940289e-12,2.8786122791002455e-12,3.869750495388578e-13,2.2022661472220761e-13,2.8786122791002455e-12,,,,,,,,,
2026-03-22T17:23:08Z,test_cases/pglib_opf_case57_ieee.mat,pglib_opf_case57_ieee,oracle_ac_bounds_dual__Va,oracle_ac_bounds_dual,bounds_only,ac_true,1,0,Va,1,,,optimal,ok,1,1010.7655343398885,36578.57269614989,36.18897899999552,0,0.003117799758911133,0.003974199295043945,0.08733177185058594,0.09130597114562988,0.09130597114562988,0.09442377090454102,acopf_acdc_paper_study/cases/pglib_opf_case57_ieee/logs/oracle_ac_bounds_dual__Va.log,0,30,5.033162688033608e-11,3.0012103913179544e-13,2.2616526873520115e-08,9.093073956209766e-08,9.093073956209766e-08,0.032,,,0.032,False,100.0,57,80,7,7,42,1,6,50,1250.8,336.4,1983.0,0.0,592.0,-451.0,80,0,0,2,1,37589.3382304899,1305.1616786815418,435.64073097676425,0.9500279381358191,1.0600000091614092,1.0051180476570345,0.02773993589441309,-0.1760010699889085,0.26185210791796243,-0.05219781382715778,0.08885013804620095,450.3455817931022,423.82496222627515,34.958302863615735,34.89147226736742,0.790079968058074,0.7435525653092546,0.15681232009055207,0.1559244794980209,0.0,0.0,3,5,0,3,0,3,0,,,,,,0,,,,,,0,,,,,,1,0.0,0.0,0.0,0.0,0.0,0,0,1,6.3992600019706305e-12,5.3941295874437856e-12,1.4621954440891775e-12,0.0,5.3941295874437856e-12,4.310903910556691e-10,2.824914746568652e-10,1.2398499092482395e-10,1.5779366702162179e-10,2.824914746568652e-10,2.92449867006341e-11,9.371392550860946e-12,3.45926406428214e-12,3.976041718090073e-12,9.371392550860946e-12,4.864600036001304e-12,2.890466511973333e-12,3.8703126922571937e-13,2.309819002732638e-13,2.890466511973333e-12,,,,,,,,,
2026-03-22T17:23:08Z,test_cases/pglib_opf_case57_ieee.mat,pglib_opf_case57_ieee,oracle_ac_bounds_dual__Pg_Qg,oracle_ac_bounds_dual,bounds_only,ac_true,1,0,Pg+Qg,2,,,optimal,ok,1,1010.7655343398887,36578.572696149895,36.18897899999553,0,0.003117799758911133,0.004505157470703125,0.0878610610961914,0.09236621856689453,0.09236621856689453,0.09548401832580566,acopf_acdc_paper_study/cases/pglib_opf_case57_ieee/logs/oracle_ac_bounds_dual__Pg_Qg.log,0,27,5.081104232388807e-11,2.8466118351389014e-13,2.2616526873520115e-08,9.093073953971987e-08,9.093073953971987e-08,0.03,,,0.03,False,100.0,57,80,7,7,42,1,6,50,1250.8,336.4,1983.0,0.0,592.0,-451.0,80,0,0,2,1,37589.338230489906,1305.161678681558,435.64073097683024,0.950027938135815,1.0600000091614092,1.005118047657034,0.027739935894413804,-0.17600106998889298,0.2618521079180211,-0.0521978138271413,0.08885013804621192,450.345581793163,423.8249622263306,34.95830286362017,34.891472267371924,0.7900799680581807,0.743552565309352,0.15681232009056836,0.15592447949803753,0.0,0.0,3,5,0,3,0,3,1,0.0,0.0,0.0,0.0,0.0,1,0.0,0.0,0.0,0.0,0.0,0,,,,,,0,,,,,,0,0,1,7.395412028181859e-12,6.111555705956562e-12,1.6902986946628776e-12,0.0,6.111555705956562e-12,4.3101039036408295e-10,2.823451472622196e-10,1.2403716347681685e-10,1.577924457762947e-10,2.823451472622196e-10,2.924078723419422e-11,9.373835041515122e-12,3.4587206393279815e-12,3.97193389289896e-12,9.373835041515122e-12,4.8589451466972036e-12,2.878192909699928e-12,3.870129966148948e-13,2.1938006966593093e-13,2.878192909699928e-12,,,,,,,,,
2026-03-22T17:23:08Z,test_cases/pglib_opf_case57_ieee.mat,pglib_opf_case57_ieee,oracle_ac_bounds_dual__Pg_Vm,oracle_ac_bounds_dual,bounds_only,ac_true,1,0,Pg+Vm,2,,,optimal,ok,1,1010.7655343398893,36578.57269614992,36.18897899999555,0,0.003117799758911133,0.011045217514038086,0.10620284080505371,0.1172480583190918,0.1172480583190918,0.12036585807800293,acopf_acdc_paper_study/cases/pglib_opf_case57_ieee/logs/oracle_ac_bounds_dual__Pg_Vm.log,0,45,5.0879309823068715e-11,2.859656955678247e-13,2.2616526873520115e-08,9.093073956215278e-08,9.093073956215278e-08,0.05,,,0.05,True,100.0,57,80,7,7,42,1,6,50,1250.8,336.4,1983.0,0.0,592.0,-451.0,80,0,0,2,1,37589.33823048993,1305.161678681559,435.6407309768334,0.9500279381358162,1.0600000091614092,1.0051180476570343,0.027739935894413363,-0.17600106998889453,0.26185210791802155,-0.05219781382714174,0.08885013804621233,450.3455817931636,423.8249622263311,34.95830286362015,34.89147226737189,0.7900799680581818,0.7435525653093528,0.1568123200905685,0.15592447949803764,0.0,0.0,3,5,0,3,0,3,1,0.0,0.0,0.0,0.0,0.0,0,,,,,,1,0.0,0.0,0.0,0.0,0.0,0,,,,,,0,0,1,7.404155930426136e-12,6.114886375030437e-12,1.6925508613699743e-12,0.0,6.114886375030437e-12,4.3100293045936957e-10,2.823442590837999e-10,1.2403583517426953e-10,1.5777276707318322e-10,2.823442590837999e-10,2.924367205853818e-11,9.373168907700347e-12,3.4590342286384457e-12,3.973155138226048e-12,9.373168907700347e-12,4.858506773806425e-12,2.878281814278072e-12,3.868995671933985e-13,2.2012947020755291e-13,2.878281814278072e-12,,,,,,,,,
2026-03-22T17:23:08Z,test_cases/pglib_opf_case57_ieee.mat,pglib_opf_case57_ieee,oracle_ac_bounds_dual__Pg_Va,oracle_ac_bounds_dual,bounds_only,ac_true,1,0,Pg+Va,2,,,optimal,ok,1,1010.7655343398887,36578.5726961499,36.188978999995534,0,0.003117799758911133,0.009362936019897461,0.08401322364807129,0.09337615966796875,0.09337615966796875,0.09649395942687988,acopf_acdc_paper_study/cases/pglib_opf_case57_ieee/logs/oracle_ac_bounds_dual__Pg_Va.log,0,24,5.037876582196789e-11,2.9284907832050067e-13,2.2616526873520115e-08,9.093073953967174e-08,9.093073953967174e-08,0.026,,,0.026,False,100.0,57,80,7,7,42,1,6,50,1250.8,336.4,1983.0,0.0,592.0,-451.0,80,0,0,2,1,37589.33823048991,1305.1616786815425,435.6407309767636,0.9500279381358195,1.0600000091614092,1.005118047657035,0.027739935894412787,-0.17600106998890727,0.26185210791796343,-0.05219781382715741,0.08885013804620098,450.3455817931032,423.82496222627617,34.95830286361583,34.891472267367504,0.7900799680580758,0.7435525653092564,0.15681232009055227,0.1559244794980211,0.0,0.0,3,5,0,3,0,3,1,0.0,0.0,0.0,0.0,0.0,0,,,,,,0,,,,,,1,0.0,0.0,0.0,0.0,0.0,0,0,1,6.409902910624926e-12,5.4005688809866115e-12,1.4648917000061245e-12,0.0,5.4005688809866115e-12,4.3109684438125174e-10,2.8248270389497065e-10,1.2399070460831852e-10,1.578255026668529e-10,2.8248270389497065e-10,2.924716228561552e-11,9.370948461651096e-12,3.4596867281353743e-12,3.976485807299923e-12,9.370948461651096e-12,4.864797515814434e-12,2.8901898235789147e-12,3.871466996659621e-13,2.307876112439544e-13,2.8901898235789147e-12,,,,,,,,,
2026-03-22T17:23:08Z,test_cases/pglib_opf_case57_ieee.mat,pglib_opf_case57_ieee,oracle_ac_bounds_dual__Qg_Vm,oracle_ac_bounds_dual,bounds_only,ac_true,1,0,Qg+Vm,2,,,optimal,ok,1,1010.7655343398899,36578.57269614994,36.18897899999557,0,0.003117799758911133,0.00882101058959961,0.0946812629699707,0.10350227355957031,0.10350227355957031,0.10662007331848145,acopf_acdc_paper_study/cases/pglib_opf_case57_ieee/logs/oracle_ac_bounds_dual__Qg_Vm.log,0,39,5.029884150767142e-11,2.9454216843305403e-13,2.2616526873520115e-08,9.093074050416822e-08,9.093074050416822e-08,0.04,,,0.04,True,100.0,57,80,7,7,42,1,6,50,1250.8,336.4,1983.0,0.0,592.0,-451.0,80,0,0,2,1,37589.33823048995,1305.1616786815591,435.6407309768282,0.950027938135816,1.0600000091614092,1.0051180476570343,0.027739935894413415,-0.17600106998889542,0.26185210791802016,-0.05219781382714251,0.08885013804621218,450.34558179316224,423.82496222633,34.958302863620034,34.891472267371775,0.7900799680581794,0.7435525653093509,0.15681232009056809,0.15592447949803723,0.0,0.0,3,5,0,3,0,3,0,,,,,,1,0.0,0.0,0.0,0.0,0.0,1,0.0,0.0,0.0,0.0,0.0,0,,,,,,0,0,1,7.38177695575275e-12,6.097122806636435e-12,1.6877293213773166e-12,0.0,6.097122806636435e-12,4.3101670819112707e-10,2.823726807932303e-10,1.2403452074951004e-10,1.5776568940140123e-10,2.823726807932303e-10,2.924314380174435e-11,9.372946863095422e-12,3.458944631692599e-12,3.972933093621123e-12,9.372946863095422e-12,4.8585660736939e-12,2.8787432507226818e-12,3.8690242416122844e-13,2.2111479314190774e-13,2.8787432507226818e-12,,,,,,,,,
2026-03-22T17:23:08Z,test_cases/pglib_opf_case57_ieee.mat,pglib_opf_case57_ieee,oracle_ac_bounds_dual__Qg_Va,oracle_ac_bounds_dual,bounds_only,ac_true,1,0,Qg+Va,2,,,optimal,ok,1,1010.7655343398876,36578.57269614985,36.188978999995484,0,0.003117799758911133,0.021189212799072266,0.0855722427368164,0.10676145553588867,0.10676145553588867,0.1098792552947998,acopf_acdc_paper_study/cases/pglib_opf_case57_ieee/logs/oracle_ac_bounds_dual__Qg_Va.log,0,25,4.996830684445496e-11,2.9540259127713853e-13,2.2616526873520115e-08,9.093073909108705e-08,9.093073909108705e-08,0.028,,,0.028,False,100.0,57,80,7,7,42,1,6,50,1250.8,336.4,1983.0,0.0,592.0,-451.0,80,0,0,2,1,37589.33823048986,1305.161678681541,435.64073097676317,0.95002793813582,1.0600000091614092,1.0051180476570347,0.027739935894412714,-0.17600106998890885,0.2618521079179624,-0.05219781382715782,0.08885013804620089,450.3455817931025,423.8249622262755,34.95830286361575,34.89147226736743,0.7900799680580746,0.7435525653092553,0.15681232009055215,0.155924479498021,0.0,0.0,3,5,0,3,0,3,0,,,,,,1,0.0,0.0,0.0,0.0,0.0,0,,,,,,1,0.0,0.0,0.0,0.0,0.0,0,0,1,6.40917713112391e-12,5.405009773085112e-12,1.4640035215864244e-12,0.0,5.405009773085112e-12,4.3109250041074235e-10,2.824918077237726e-10,1.239847431071845e-10,1.577975805577836e-10,2.824918077237726e-10,2.9246721432730545e-11,9.371392550860946e-12,3.4595075342436806e-12,3.976929896509773e-12,9.371392550860946e-12,4.864204766868051e-12,2.8904218428438266e-12,3.868694130582399e-13,2.302741330950653e-13,2.8904218428438266e-12,,,,,,,,,
2026-03-22T17:23:08Z,test_cases/pglib_opf_case57_ieee.mat,pglib_opf_case57_ieee,oracle_ac_bounds_dual__Vm_Va,oracle_ac_bounds_dual,bounds_only,ac_true,1,0,Vm+Va,2,,,optimal,ok,1,1010.7655343398877,36578.57269614986,36.18897899999549,0,0.003117799758911133,0.004339933395385742,0.08701300621032715,0.09135293960571289,0.09135293960571289,0.09447073936462402,acopf_acdc_paper_study/cases/pglib_opf_case57_ieee/logs/oracle_ac_bounds_dual__Vm_Va.log,0,27,5.0262977196713265e-11,3.037292639618272e-13,2.2616526873520115e-08,9.093073956208941e-08,9.093073956208941e-08,0.031,,,0.031,False,100.0,57,80,7,7,42,1,6,50,1250.8,336.4,1983.0,0.0,592.0,-451.0,80,0,0,2,1,37589.33823048987,1305.1616786815384,435.6407309767526,0.9500279381358179,1.0600000091614092,1.0051180476570345,0.02773993589441317,-0.17600106998891088,0.2618521079179523,-0.0521978138271604,0.08885013804619894,450.34558179309175,423.8249622262659,34.95830286361506,34.89147226736672,0.7900799680580557,0.7435525653092384,0.15681232009054957,0.15592447949801838,0.0,0.0,3,5,0,3,0,3,0,,,,,,0,,,,,,1,0.0,0.0,0.0,0.0,0.0,1,0.0,0.0,0.0,0.0,0.0,0,0,1,6.234130120993769e-12,5.274003456179344e-12,1.42295699033314e-12,0.0,5.274003456179344e-12,4.3109764309462874e-10,2.8251023742598136e-10,1.2397234231250768e-10,1.5778850448455728e-10,2.8251023742598136e-10,2.9244702089334854e-11,9.371392550860946e-12,3.459258221003063e-12,3.9748204727629854e-12,9.371392550860946e-12,4.8663540399181745e-12,2.8925811398905488e-12,3.8709161744032716e-13,2.3243906799308434e-13,2.8925811398905488e-12,,,,,,,,,
2026-03-22T17:23:08Z,test_cases/pglib_opf_case57_ieee.mat,pglib_opf_case57_ieee,oracle_ac_bounds_dual__Pg_Qg_Vm,oracle_ac_bounds_dual,bounds_only,ac_true,1,0,Pg+Qg+Vm,3,,,optimal,ok,1,1010.7655343398883,36578.57269614989,36.18897899999552,0,0.003117799758911133,0.0051648616790771484,0.08608603477478027,0.09125089645385742,0.09125089645385742,0.09436869621276855,acopf_acdc_paper_study/cases/pglib_opf_case57_ieee/logs/oracle_ac_bounds_dual__Pg_Qg_Vm.log,0,28,4.996948445487977e-11,2.815525590449397e-13,2.2616526873520115e-08,9.093073958457528e-08,9.093073958457528e-08,0.031,,,0.031,True,100.0,57,80,7,7,42,1,6,50,1250.8,336.4,1983.0,0.0,592.0,-451.0,80,0,0,2,1,37589.3382304899,1305.161678681558,435.64073097683007,0.9500279381358182,1.0600000091614092,1.0051180476570345,0.027739935894413127,-0.1760010699888933,0.2618521079180212,-0.05219781382714171,0.0888501380462121,450.3455817931636,423.8249622263311,34.95830286362009,34.89147226737182,0.7900799680581818,0.7435525653093528,0.15681232009056814,0.15592447949803728,0.0,0.0,3,5,0,3,0,3,1,0.0,0.0,0.0,0.0,0.0,1,0.0,0.0,0.0,0.0,0.0,1,0.0,0.0,0.0,0.0,0.0,0,,,,,,0,0,1,7.40580608079831e-12,6.119993400943713e-12,1.692519140712128e-12,0.0,6.119993400943713e-12,4.310150442909568e-10,2.8235747073779294e-10,1.2403776220423372e-10,1.5778331419191716e-10,2.8235747073779294e-10,2.924492219865377e-11,9.372946863095422e-12,3.459188101654139e-12,3.975153539670373e-12,9.372946863095422e-12,4.859285082932063e-12,2.8782939573424038e-12,3.8705734999429486e-13,2.2018498135878417e-13,2.8782939573424038e-12,,,,,,,,,
2026-03-22T17:23:08Z,test_cases/pglib_opf_case57_ieee.mat,pglib_opf_case57_ieee,oracle_ac_bounds_dual__Pg_Qg_Va,oracle_ac_bounds_dual,bounds_only,ac_true,1,0,Pg+Qg+Va,3,,,optimal,ok,1,1010.7655343398891,36578.57269614991,36.18897899999554,0,0.003117799758911133,0.0038487911224365234,0.08813881874084473,0.09198760986328125,0.09198760986328125,0.09510540962219238,acopf_acdc_paper_study/cases/pglib_opf_case57_ieee/logs/oracle_ac_bounds_dual__Pg_Qg_Va.log,0,26,5.0276333653529736e-11,2.9554136915521667e-13,2.2616526873520115e-08,9.093073983126118e-08,9.093073983126118e-08,0.032,,,0.032,False,100.0,57,80,7,7,42,1,6,50,1250.8,336.4,1983.0,0.0,592.0,-451.0,80,0,0,2,1,37589.33823048992,1305.1616786815423,435.64073097676396,0.9500279381358202,1.0600000091614092,1.0051180476570356,0.027739935894412787,-0.17600106998890877,0.2618521079179624,-0.05219781382715762,0.0888501380462009,450.3455817931016,423.82496222627503,34.95830286361583,34.891472267367526,0.790079968058073,0.7435525653092544,0.1568123200905524,0.15592447949802132,0.0,0.0,3,5,0,3,0,3,1,0.0,0.0,0.0,0.0,0.0,1,0.0,0.0,0.0,0.0,0.0,0,,,,,,1,0.0,0.0,0.0,0.0,0.0,0,0,1,6.3878578335104115e-12,5.383249401802459e-12,1.4598798360663879e-12,0.0,5.383249401802459e-12,4.3108754970103816e-10,2.824678269064407e-10,1.239879211205925e-10,1.5782855578017063e-10,2.824678269064407e-10,2.925183778461829e-11,9.372502773885572e-12,3.460273003802764e-12,3.977151941114698e-12,9.372502773885572e-12,4.8641308349274645e-12,2.8902175791545304e-12,3.8702325659124286e-13,2.3055168885122157e-13,2.8902175791545304e-12,,,,,,,,,
2026-03-22T17:23:08Z,test_cases/pglib_opf_case57_ieee.mat,pglib_opf_case57_ieee,oracle_ac_bounds_dual__Pg_Vm_Va,oracle_ac_bounds_dual,bounds_only,ac_true,1,0,Pg+Vm+Va,3,,,optimal,ok,1,1010.7655343398887,36578.572696149895,36.18897899999553,0,0.003117799758911133,0.009178876876831055,0.07367229461669922,0.08285117149353027,0.08285117149353027,0.0859689712524414,acopf_acdc_paper_study/cases/pglib_opf_case57_ieee/logs/oracle_ac_bounds_dual__Pg_Vm_Va.log,0,17,5.849194182831589e-11,3.459732500488144e-13,2.2616526873520115e-08,9.093452226153569e-08,9.093452226153569e-08,0.018,,,0.018,False,100.0,57,80,7,7,42,1,6,50,1250.8,336.4,1983.0,0.0,592.0,-451.0,80,0,0,2,1,37589.338230489906,1305.1616786815273,435.64073097667773,0.9500279381359296,1.060000009161409,1.0051180476571315,0.027739935894392616,-0.17600106998883042,0.26185210791797414,-0.05219781382710102,0.08885013804618823,450.3455817930384,423.8249622262561,34.9583028636172,34.89147226737252,0.7900799680579621,0.7435525653092212,0.1568123200905499,0.15592447949803084,0.0,0.0,3,5,0,3,0,3,1,0.0,0.0,0.0,0.0,0.0,0,,,,,,1,0.0,0.0,0.0,0.0,0.0,1,0.0,0.0,0.0,0.0,0.0,0,0,1,5.532499385144236e-12,4.7342130216065925e-12,1.2528866832894892e-12,0.0,4.7342130216065925e-12,4.262962533057672e-10,2.8020208375778566e-10,1.2327106002629762e-10,1.5801682184957144e-10,2.8020208375778566e-10,2.989996223865189e-11,9.223954933190726e-12,3.5618058210442734e-12,4.132028053049908e-12,9.223954933190726e-12,4.762560404556065e-12,2.7738913596642156e-12,3.892363215062295e-13,2.3639423751831146e-13,2.7738913596642156e-12,,,,,,,,,
2026-03-22T17:23:09Z,test_cases/pglib_opf_case57_ieee.mat,pglib_opf_case57_ieee,oracle_ac_bounds_dual__Qg_Vm_Va,oracle_ac_bounds_dual,bounds_only,ac_true,1,0,Qg+Vm+Va,3,,,optimal,ok,1,1010.7655343398877,36578.57269614986,36.18897899999549,0,0.003117799758911133,0.012398004531860352,0.08042025566101074,0.0928182601928711,0.0928182601928711,0.09593605995178223,acopf_acdc_paper_study/cases/pglib_opf_case57_ieee/logs/oracle_ac_bounds_dual__Qg_Vm_Va.log,0,21,5.0167103654360644e-11,2.952083022478291e-13,2.2616526873520115e-08,9.093088028264286e-08,9.093088028264286e-08,0.026,,,0.026,False,100.0,57,80,7,7,42,1,6,50,1250.8,336.4,1983.0,0.0,592.0,-451.0,80,0,0,2,1,37589.33823048987,1305.1616786815378,435.64073097675333,0.950027938135828,1.060000009161409,1.0051180476570425,0.027739935894411493,-0.1760010699889019,0.26185210791795704,-0.05219781382715365,0.0888501380461982,450.34558179309016,423.82496222626713,34.95830286361603,34.89147226736785,0.7900799680580529,0.7435525653092406,0.15681232009055046,0.15592447949801977,0.0,0.0,3,5,0,3,0,3,0,,,,,,1,0.0,0.0,0.0,0.0,0.0,1,0.0,0.0,0.0,0.0,0.0,1,0.0,0.0,0.0,0.0,0.0,0,0,1,6.209240806185789e-12,5.255573753970566e-12,1.4170410876447802e-12,0.0,5.255573753970566e-12,4.3020352267406455e-10,2.8166347032509975e-10,1.237724803601229e-10,1.5793230612182185e-10,2.8166347032509975e-10,2.92969886098859e-11,9.366063480342746e-12,3.4675439907342126e-12,3.984923502287074e-12,9.366063480342746e-12,4.8568420511816914e-12,2.884126097668638e-12,3.871228177354768e-13,2.2465362903290043e-13,2.884126097668638e-12,,,,,,,,,
2026-03-22T17:23:09Z,test_cases/pglib_opf_case57_ieee.mat,pglib_opf_case57_ieee,oracle_ac_bounds_dual__Pg_Qg_Vm_Va,oracle_ac_bounds_dual,bounds_only,ac_true,1,0,Pg+Qg+Vm+Va,4,,,optimal,ok,1,1010.7655343398866,36578.572696149815,36.18897899999545,0,0.003117799758911133,0.009181976318359375,0.0690770149230957,0.07825899124145508,0.07825899124145508,0.08137679100036621,acopf_acdc_paper_study/cases/pglib_opf_case57_ieee/logs/oracle_ac_bounds_dual__Pg_Qg_Vm_Va.log,0,6,5.0438274091184056e-11,2.9332092310596636e-13,2.2616526873520115e-08,9.0930745079692e-08,9.0930745079692e-08,0.011,,,0.011,False,100.0,57,80,7,7,42,1,6,50,1250.8,336.4,1983.0,0.0,592.0,-451.0,80,0,0,2,1,37589.338230489826,1305.1616786815364,435.640730976751,0.9500279381358216,1.0600000091614092,1.0051180476570367,0.027739935894412603,-0.1760010699889092,0.2618521079179504,-0.05219781382715931,0.08885013804619789,450.34558179308846,423.8249622262634,34.95830286361492,34.89147226736663,0.7900799680580499,0.743552565309234,0.15681232009054885,0.15592447949801774,0.0,0.0,3,5,0,3,0,3,1,0.0,0.0,0.0,0.0,0.0,1,0.0,0.0,0.0,0.0,0.0,1,0.0,0.0,0.0,0.0,0.0,1,0.0,0.0,0.0,0.0,0.0,0,0,1,6.196660863676758e-12,5.25046672805729e-12,1.4133932119924404e-12,0.0,5.25046672805729e-12,4.3107081366868807e-10,2.8245605854237965e-10,1.2396882131948672e-10,1.5783824247606049e-10,2.8245605854237965e-10,2.9260614505734e-11,9.373390952305272e-12,3.461470876013544e-12,3.978595231046711e-12,9.373390952305272e-12,4.8656667038280694e-12,2.892029931506057e-12,3.869842443341241e-13,2.299133106120621e-13,2.892029931506057e-12,,,,,,,,,
2026-03-22T17:23:09Z,test_cases/pglib_opf_case57_ieee.mat,pglib_opf_case57_ieee,oracle_ac_primal_dual_all_bounds__Pg,oracle_ac_primal_dual_all_bounds,full_all_bounds,ac_true,1,0,Pg,1,,,optimal,ok,1,1010.7655343398883,36578.57269614988,36.18897899999551,0,0.003117799758911133,0.021232128143310547,0.06519699096679688,0.08642911911010742,0.08642911911010742,0.08954691886901855,acopf_acdc_paper_study/cases/pglib_opf_case57_ieee/logs/oracle_ac_primal_dual_all_bounds__Pg.log,0,8,5.0526906910241685e-11,2.9695690351161375e-13,2.2616526873520115e-08,9.093073965186649e-08,9.093073965186649e-08,0.009,,,0.009,False,100.0,57,80,7,7,42,1,6,50,1250.8,336.4,1983.0,0.0,592.0,-451.0,80,0,0,2,1,37589.33823048989,1305.1616786815573,435.6407309768288,0.9500279381358171,1.0600000091614095,1.0051180476570345,0.027739935894413315,-0.17600106998889467,0.26185210791802027,-0.05219781382714183,0.088850138046212,450.34558179316224,423.8249622263302,34.958302863620084,34.89147226737183,0.7900799680581794,0.7435525653093512,0.15681232009056806,0.15592447949803723,0.0,0.0,3,5,0,3,0,3,1,0.0,0.0,0.0,0.0,0.0,0,,,,,,0,,,,,,0,,,,,,1,1,1,7.388570596727706e-12,6.108447081487611e-12,1.6885857791391701e-12,0.0,6.108447081487611e-12,4.310171052826142e-10,2.823566935816757e-10,1.2403804769015433e-10,1.5779097473078707e-10,2.823566935816757e-10,2.9244104411995655e-11,9.373390952305272e-12,3.4591530419796774e-12,3.974043316645748e-12,9.373390952305272e-12,4.858413653220965e-12,2.8784643939239185e-12,3.868913415227057e-13,2.1981028108797318e-13,2.8784643939239185e-12,,,,,,,,,
2026-03-22T17:23:09Z,test_cases/pglib_opf_case57_ieee.mat,pglib_opf_case57_ieee,oracle_ac_primal_dual_all_bounds__Qg,oracle_ac_primal_dual_all_bounds,full_all_bounds,ac_true,1,0,Qg,1,,,optimal,ok,1,1010.7655343398801,36578.57269614957,36.18897899999521,0,0.003117799758911133,0.0041179656982421875,0.06480908393859863,0.06892704963684082,0.06892704963684082,0.07204484939575195,acopf_acdc_paper_study/cases/pglib_opf_case57_ieee/logs/oracle_ac_primal_dual_all_bounds__Qg.log,0,7,5.4061764726244185e-11,3.2365776725384876e-13,2.2616526873520115e-08,9.09318223805948e-08,9.09318223805948e-08,0.009,,,0.009,False,100.0,57,80,7,7,42,1,6,50,1250.8,336.4,1983.0,0.0,592.0,-451.0,80,0,0,2,1,37589.33823048958,1305.1616786815343,435.6407309765908,0.9500279381363773,1.0600000091614767,1.0051180476575,0.02773993589433153,-0.17600106998859616,0.26185210791810765,-0.05219781382694853,0.08885013804617613,450.34558179310835,423.82496222638275,34.95830286362999,34.891472267387456,0.7900799680580848,0.7435525653094435,0.1568123200905835,0.15592447949807112,0.0,0.0,3,5,0,3,0,3,0,,,,,,1,0.0,0.0,0.0,0.0,0.0,0,,,,,,0,,,,,,1,1,1,6.508836299672066e-12,5.504041666881676e-12,1.4827662907025895e-12,0.0,5.504041666881676e-12,4.2902130668867196e-10,2.74720135529094e-10,1.248091094760032e-10,1.6412421421918566e-10,2.74720135529094e-10,3.27858356343688e-11,9.705791725878044e-12,3.939530962657444e-12,4.5953241212259854e-12,9.705791725878044e-12,5.081890721483315e-12,2.7591800372261943e-12,4.4674550422159756e-13,3.157474282033945e-13,2.7591800372261943e-12,,,,,,,,,
2026-03-22T17:23:09Z,test_cases/pglib_opf_case57_ieee.mat,pglib_opf_case57_ieee,oracle_ac_primal_dual_all_bounds__Vm,oracle_ac_primal_dual_all_bounds,full_all_bounds,ac_true,1,0,Vm,1,,,optimal,ok,1,1010.7655343398883,36578.57269614988,36.18897899999551,0,0.003117799758911133,0.005178213119506836,0.07256293296813965,0.07774114608764648,0.07774114608764648,0.08085894584655762,acopf_acdc_paper_study/cases/pglib_opf_case57_ieee/logs/oracle_ac_primal_dual_all_bounds__Vm.log,0,12,5.024455719578459e-11,3.00676150644108e-13,2.2616526873520115e-08,9.093073967430365e-08,9.093073967430365e-08,0.015,,,0.015,False,100.0,57,80,7,7,42,1,6,50,1250.8,336.4,1983.0,0.0,592.0,-451.0,80,0,0,2,1,37589.33823048989,1305.1616786815575,435.6407309768321,0.9500279381358144,1.0600000091614092,1.0051180476570343,0.027739935894413748,-0.17600106998889312,0.2618521079180208,-0.052197813827141004,0.08885013804621182,450.3455817931622,423.8249622263302,34.95830286362021,34.89147226737198,0.7900799680581793,0.7435525653093512,0.15681232009056842,0.15592447949803762,0.0,0.0,3,5,0,3,0,3,0,,,,,,0,,,,,,1,0.0,0.0,0.0,0.0,0.0,0,,,,,,1,1,1,7.388019884938723e-12,6.107780947672836e-12,1.688490617165631e-12,0.0,6.107780947672836e-12,4.31013121050868e-10,2.8234503623991714e-10,1.240413506036526e-10,1.5779791362469098e-10,2.8234503623991714e-10,2.924231129340568e-11,9.374501175329897e-12,3.4589913779252143e-12,3.9713787813866475e-12,9.374501175329897e-12,4.858550580066091e-12,2.8781452048043388e-12,3.8686691463797045e-13,2.182976022169214e-13,2.8781452048043388e-12,,,,,,,,,
2026-03-22T17:23:09Z,test_cases/pglib_opf_case57_ieee.mat,pglib_opf_case57_ieee,oracle_ac_primal_dual_all_bounds__Va,oracle_ac_primal_dual_all_bounds,full_all_bounds,ac_true,1,0,Va,1,,,optimal,ok,1,1010.7655343398893,36578.572696149924,36.188978999995555,0,0.003117799758911133,0.010205745697021484,0.06534004211425781,0.0755457878112793,0.0755457878112793,0.07866358757019043,acopf_acdc_paper_study/cases/pglib_opf_case57_ieee/logs/oracle_ac_primal_dual_all_bounds__Va.log,0,6,5.109329288932704e-11,2.8677060726067793e-13,2.2616526873520115e-08,9.093073965183133e-08,9.093073965183133e-08,0.008,,,0.008,False,100.0,57,80,7,7,42,1,6,50,1250.8,336.4,1983.0,0.0,592.0,-451.0,80,0,0,2,1,37589.338230489935,1305.1616786815428,435.64073097676845,0.950027938135817,1.0600000091614095,1.0051180476570345,0.027739935894413346,-0.17600106998890816,0.2618521079179631,-0.05219781382715736,0.08885013804620095,450.34558179310255,423.82496222627566,34.958302863615856,34.891472267367554,0.7900799680580747,0.7435525653092555,0.15681232009055246,0.15592447949802135,0.0,0.0,3,5,0,3,0,3,0,,,,,,0,,,,,,0,,,,,,1,0.0,0.0,0.0,0.0,0.0,1,1,1,6.397004249133982e-12,5.388800516925585e-12,1.4621954440891775e-12,0.0,5.388800516925585e-12,4.3107533652019726e-10,2.8246560646039143e-10,1.239847411246434e-10,1.577974140243299e-10,2.8246560646039143e-10,2.924355082960824e-11,9.371392550860946e-12,3.4591842061347545e-12,3.973932294343285e-12,9.371392550860946e-12,4.864585581881741e-12,2.890175945791107e-12,3.8710196776685627e-13,2.3070434451710753e-13,2.890175945791107e-12,,,,,,,,,
2026-03-22T17:23:09Z,test_cases/pglib_opf_case57_ieee.mat,pglib_opf_case57_ieee,oracle_ac_primal_dual_all_bounds__Pg_Qg,oracle_ac_primal_dual_all_bounds,full_all_bounds,ac_true,1,0,Pg+Qg,2,,,optimal,ok,1,1010.7655343398885,36578.57269614989,36.18897899999552,0,0.003117799758911133,0.009010076522827148,0.06511211395263672,0.07412219047546387,0.07412219047546387,0.077239990234375,acopf_acdc_paper_study/cases/pglib_opf_case57_ieee/logs/oracle_ac_primal_dual_all_bounds__Pg_Qg.log,0,8,5.066986970261475e-11,2.9012903191016903e-13,2.2616526873520115e-08,9.093073980887118e-08,9.093073980887118e-08,0.01,,,0.01,False,100.0,57,80,7,7,42,1,6,50,1250.8,336.4,1983.0,0.0,592.0,-451.0,80,0,0,2,1,37589.3382304899,1305.161678681558,435.6407309768313,0.9500279381358158,1.0600000091614095,1.005118047657034,0.027739935894413512,-0.17600106998889462,0.2618521079180216,-0.052197813827141476,0.08885013804621221,450.3455817931639,423.82496222633137,34.958302863620176,34.89147226737193,0.7900799680581823,0.7435525653093533,0.15681232009056847,0.15592447949803762,0.0,0.0,3,5,0,3,0,3,1,0.0,0.0,0.0,0.0,0.0,1,0.0,0.0,0.0,0.0,0.0,0,,,,,,0,,,,,,1,1,1,7.415407084770607e-12,6.126432694486539e-12,1.6947078661035319e-12,0.0,6.126432694486539e-12,4.310153696631885e-10,2.8236013527305204e-10,1.2403921144178908e-10,1.5777923412230166e-10,2.8236013527305204e-10,2.924143250572895e-11,9.373168907700347e-12,3.458747907963674e-12,3.972711049016198e-12,9.373168907700347e-12,4.85826708230299e-12,2.8782432166807315e-12,3.868471507736315e-13,2.1926904736346842e-13,2.8782432166807315e-12,,,,,,,,,
2026-03-22T17:23:09Z,test_cases/pglib_opf_case57_ieee.mat,pglib_opf_case57_ieee,oracle_ac_primal_dual_all_bounds__Pg_Vm,oracle_ac_primal_dual_all_bounds,full_all_bounds,ac_true,1,0,Pg+Vm,2,,,optimal,ok,1,1010.7655343398882,36578.57269614987,36.188978999995506,0,0.003117799758911133,0.01151895523071289,0.06606078147888184,0.07757973670959473,0.07757973670959473,0.08069753646850586,acopf_acdc_paper_study/cases/pglib_opf_case57_ieee/logs/oracle_ac_primal_dual_all_bounds__Pg_Vm.log,0,7,5.0519784839321945e-11,2.9254376698872875e-13,2.2616526873520115e-08,9.093073514392053e-08,9.093073514392053e-08,0.009,,,0.009,False,100.0,57,80,7,7,42,1,6,50,1250.8,336.4,1983.0,0.0,592.0,-451.0,80,0,0,2,1,37589.338230489884,1305.1616786815553,435.64073097681006,0.9500279381358485,1.0600000091614086,1.00511804765706,0.027739935894408232,-0.17600106998887735,0.26185210791802294,-0.05219781382713089,0.08885013804620966,450.34558179315695,423.82496222633074,34.958302863620276,34.891472267372386,0.79007996805817,0.7435525653093522,0.15681232009056761,0.15592447949803792,0.0,0.0,3,5,0,3,0,3,1,0.0,0.0,0.0,0.0,0.0,0,,,,,,1,0.0,0.0,0.0,0.0,0.0,0,,,,,,1,1,1,7.2632626180247e-12,6.020739462542224e-12,1.6604019746426146e-12,0.0,6.020739462542224e-12,4.311184964603517e-10,2.819156019739921e-10,1.2417466261587558e-10,1.5880421977421122e-10,2.819156019739921e-10,2.944471318176398e-11,9.394707234378075e-12,3.486791752013767e-12,4.00546262824264e-12,9.394707234378075e-12,4.861141227016167e-12,2.873181293577831e-12,3.889842197737086e-13,2.2014334799536073e-13,2.873181293577831e-12,,,,,,,,,
2026-03-22T17:23:09Z,test_cases/pglib_opf_case57_ieee.mat,pglib_opf_case57_ieee,oracle_ac_primal_dual_all_bounds__Pg_Va,oracle_ac_primal_dual_all_bounds,full_all_bounds,ac_true,1,0,Pg+Va,2,,,optimal,ok,1,1010.7655343398882,36578.57269614988,36.18897899999551,0,0.003117799758911133,0.009968280792236328,0.06972599029541016,0.07969427108764648,0.07969427108764648,0.08281207084655762,acopf_acdc_paper_study/cases/pglib_opf_case57_ieee/logs/oracle_ac_primal_dual_all_bounds__Pg_Va.log,0,6,5.035413577399895e-11,2.9312663407665696e-13,2.2616526873520115e-08,9.093073965181838e-08,9.093073965181838e-08,0.008,,,0.008,False,100.0,57,80,7,7,42,1,6,50,1250.8,336.4,1983.0,0.0,592.0,-451.0,80,0,0,2,1,37589.33823048989,1305.1616786815416,435.6407309767628,0.9500279381358185,1.0600000091614095,1.005118047657035,0.027739935894413037,-0.1760010699889066,0.26185210791796215,-0.0521978138271576,0.08885013804620052,450.3455817931022,423.8249622262753,34.958302863615685,34.89147226736736,0.790079968058074,0.743552565309255,0.15681232009055182,0.15592447949802063,0.0,0.0,3,5,0,3,0,3,1,0.0,0.0,0.0,0.0,0.0,0,,,,,,0,,,,,,1,0.0,0.0,0.0,0.0,0.0,1,1,1,6.39926490210111e-12,5.395017765863486e-12,1.4620685614577918e-12,0.0,5.395017765863486e-12,4.310940283385089e-10,2.8250279893171637e-10,1.239836983080167e-10,1.5778467421512232e-10,2.8250279893171637e-10,2.9247404451532386e-11,9.370948461651096e-12,3.4595912879104506e-12,3.9754866065777605e-12,9.370948461651096e-12,4.8658043836816085e-12,2.8905896773401274e-12,3.8722392244122465e-13,2.309402669098404e-13,2.8905896773401274e-12,,,,,,,,,
2026-03-22T17:23:09Z,test_cases/pglib_opf_case57_ieee.mat,pglib_opf_case57_ieee,oracle_ac_primal_dual_all_bounds__Qg_Vm,oracle_ac_primal_dual_all_bounds,full_all_bounds,ac_true,1,0,Qg+Vm,2,,,optimal,ok,1,1010.765534339888,36578.57269614986,36.18897899999549,0,0.003117799758911133,0.014791250228881836,0.0725851058959961,0.08737635612487793,0.08737635612487793,0.09049415588378906,acopf_acdc_paper_study/cases/pglib_opf_case57_ieee/logs/oracle_ac_primal_dual_all_bounds__Qg_Vm.log,0,12,4.9938959512242875e-11,2.8591018441659344e-13,2.2616526873520115e-08,9.093073956214877e-08,9.093073956214877e-08,0.013,,,0.013,False,100.0,57,80,7,7,42,1,6,50,1250.8,336.4,1983.0,0.0,592.0,-451.0,80,0,0,2,1,37589.33823048987,1305.1616786815569,435.64073097683024,0.9500279381358173,1.0600000091614092,1.0051180476570343,0.027739935894413217,-0.17600106998889267,0.26185210791801966,-0.052197813827141795,0.0888501380462116,450.3455817931619,423.82496222632955,34.95830286361998,34.891472267371725,0.7900799680581788,0.7435525653093501,0.15681232009056761,0.15592447949803678,0.0,0.0,3,5,0,3,0,3,0,,,,,,1,0.0,0.0,0.0,0.0,0.0,1,0.0,0.0,0.0,0.0,0.0,0,,,,,,1,1,1,7.38601093087689e-12,6.108447081487611e-12,1.687824483350856e-12,0.0,6.108447081487611e-12,4.3101669835244907e-10,2.8236935012415643e-10,1.2403667577170248e-10,1.5776666084654778e-10,2.8236935012415643e-10,2.924384704094659e-11,9.372946863095422e-12,3.459065392793523e-12,3.974265361250673e-12,9.372946863095422e-12,4.859471288077606e-12,2.8785285786925296e-12,3.870189930137523e-13,2.198380366635888e-13,2.8785285786925296e-12,,,,,,,,,
2026-03-22T17:23:09Z,test_cases/pglib_opf_case57_ieee.mat,pglib_opf_case57_ieee,oracle_ac_primal_dual_all_bounds__Qg_Va,oracle_ac_primal_dual_all_bounds,full_all_bounds,ac_true,1,0,Qg+Va,2,,,optimal,ok,1,1010.7655343398883,36578.57269614988,36.18897899999551,0,0.003117799758911133,0.00410914421081543,0.06511926651000977,0.0692284107208252,0.0692284107208252,0.07234621047973633,acopf_acdc_paper_study/cases/pglib_opf_case57_ieee/logs/oracle_ac_primal_dual_all_bounds__Qg_Va.log,0,5,4.972729428938779e-11,2.9484747976482595e-13,2.2616526873520115e-08,9.09307517412033e-08,9.09307517412033e-08,0.011,,,0.011,False,100.0,57,80,7,7,42,1,6,50,1250.8,336.4,1983.0,0.0,592.0,-451.0,80,0,0,2,1,37589.33823048989,1305.1616786815416,435.6407309767608,0.950027938135825,1.0600000091614108,1.0051180476570403,0.02773993589441227,-0.17600106998890433,0.2618521079179636,-0.05219781382715552,0.08885013804620043,450.3455817931023,423.82496222627645,34.95830286361591,34.89147226736764,0.7900799680580742,0.743552565309257,0.1568123200905526,0.1559244794980216,0.0,0.0,3,5,0,3,0,3,0,,,,,,1,0.0,0.0,0.0,0.0,0.0,0,,,,,,1,0.0,0.0,0.0,0.0,0.0,1,1,1,6.400045958819043e-12,5.395239810468411e-12,1.4622906060627169e-12,0.0,5.395239810468411e-12,4.3106207179320197e-10,2.8242230776243105e-10,1.2398708845332403e-10,1.5788725882259769e-10,2.8242230776243105e-10,2.92872247696395e-11,9.376277532169297e-12,3.4650528060877295e-12,3.9819259001205864e-12,9.376277532169297e-12,4.864398073718536e-12,2.8891429179611627e-12,3.872301908416798e-13,2.2852553183128066e-13,2.8891429179611627e-12,,,,,,,,,
2026-03-22T17:23:09Z,test_cases/pglib_opf_case57_ieee.mat,pglib_opf_case57_ieee,oracle_ac_primal_dual_all_bounds__Vm_Va,oracle_ac_primal_dual_all_bounds,full_all_bounds,ac_true,1,0,Vm+Va,2,,,optimal,ok,1,1010.7655343398883,36578.57269614989,36.18897899999552,0,0.003117799758911133,0.0073740482330322266,0.06572723388671875,0.07310128211975098,0.07310128211975098,0.07621908187866211,acopf_acdc_paper_study/cases/pglib_opf_case57_ieee/logs/oracle_ac_primal_dual_all_bounds__Vm_Va.log,0,3,5.085490672593129e-11,2.8321789358187743e-13,2.2616526873520115e-08,9.093073998824851e-08,9.093073998824851e-08,0.006,,,0.006,False,100.0,57,80,7,7,42,1,6,50,1250.8,336.4,1983.0,0.0,592.0,-451.0,80,0,0,2,1,37589.3382304899,1305.1616786815384,435.64073097675407,0.9500279381358188,1.0600000091614092,1.0051180476570345,0.02773993589441318,-0.17600106998890905,0.2618521079179509,-0.052197813827160315,0.08885013804619836,450.34558179309,423.8249622262644,34.95830286361494,34.89147226736661,0.7900799680580526,0.7435525653092357,0.15681232009054896,0.15592447949801777,0.0,0.0,3,5,0,3,0,3,0,,,,,,0,,,,,,1,0.0,0.0,0.0,0.0,0.0,1,0.0,0.0,0.0,0.0,0.0,1,1,1,6.203752791799554e-12,5.24913446042774e-12,1.4161053282383104e-12,0.0,5.24913446042774e-12,4.310993168568373e-10,2.824998013295499e-10,1.2397800048485104e-10,1.578116248790451e-10,2.824998013295499e-10,2.9243845030023836e-11,9.370948461651096e-12,3.4592251090882936e-12,3.9757086511826856e-12,9.370948461651096e-12,4.867215149224264e-12,2.8926982337251772e-12,3.8720879591880944e-13,2.3205048993446553e-13,2.8926982337251772e-12,,,,,,,,,
2026-03-22T17:23:10Z,test_cases/pglib_opf_case57_ieee.mat,pglib_opf_case57_ieee,oracle_ac_primal_dual_all_bounds__Pg_Qg_Vm,oracle_ac_primal_dual_all_bounds,full_all_bounds,ac_true,1,0,Pg+Qg+Vm,3,,,optimal,ok,1,1010.7655343398891,36578.57269614992,36.18897899999555,0,0.003117799758911133,0.010124683380126953,0.06766104698181152,0.07778573036193848,0.07778573036193848,0.08090353012084961,acopf_acdc_paper_study/cases/pglib_opf_case57_ieee/logs/oracle_ac_primal_dual_all_bounds__Pg_Qg_Vm.log,0,9,4.980972414641224e-11,2.894073869441627e-13,2.2616526873520115e-08,9.093073949485764e-08,9.093073949485764e-08,0.01,,,0.01,False,100.0,57,80,7,7,42,1,6,50,1250.8,336.4,1983.0,0.0,592.0,-451.0,80,0,0,2,1,37589.33823048993,1305.1616786815587,435.64073097683104,0.9500279381358154,1.0600000091614092,1.0051180476570338,0.027739935894413682,-0.17600106998889625,0.26185210791802105,-0.052197813827142066,0.0888501380462123,450.3455817931633,423.8249622263309,34.95830286362017,34.89147226737191,0.7900799680581813,0.7435525653093524,0.15681232009056845,0.15592447949803762,0.0,0.0,3,5,0,3,0,3,1,0.0,0.0,0.0,0.0,0.0,1,0.0,0.0,0.0,0.0,0.0,1,0.0,0.0,0.0,0.0,0.0,0,,,,,,1,1,1,7.399385129682895e-12,6.112221839771337e-12,1.6914089176875028e-12,0.0,6.112221839771337e-12,4.3100624588383226e-10,2.823515865557624e-10,1.2403377531405065e-10,1.5777010253792412e-10,2.823515865557624e-10,2.9240304601050974e-11,9.373612996910197e-12,3.458586243909211e-12,3.97237798210881e-12,9.373612996910197e-12,4.8579500441271065e-12,2.878422760560495e-12,3.867974467614048e-13,2.2019885914659199e-13,2.878422760560495e-12,,,,,,,,,
2026-03-22T17:23:10Z,test_cases/pglib_opf_case57_ieee.mat,pglib_opf_case57_ieee,oracle_ac_primal_dual_all_bounds__Pg_Qg_Va,oracle_ac_primal_dual_all_bounds,full_all_bounds,ac_true,1,0,Pg+Qg+Va,3,,,optimal,ok,1,1010.765534339889,36578.5726961499,36.188978999995534,0,0.003117799758911133,0.012336015701293945,0.06749486923217773,0.07983088493347168,0.07983088493347168,0.08294868469238281,acopf_acdc_paper_study/cases/pglib_opf_case57_ieee/logs/oracle_ac_primal_dual_all_bounds__Pg_Qg_Va.log,0,5,5.0068652358238984e-11,3.0034308373672047e-13,2.2616526873520115e-08,9.093074963284481e-08,9.093074963284481e-08,0.009,,,0.009,False,100.0,57,80,7,7,42,1,6,50,1250.8,336.4,1983.0,0.0,592.0,-451.0,80,0,0,2,1,37589.33823048991,1305.161678681542,435.64073097676294,0.9500279381358232,1.0600000091614106,1.005118047657039,0.027739935894412593,-0.1760010699889039,0.2618521079179628,-0.05219781382715598,0.08885013804620025,450.3455817931017,423.82496222627583,34.95830286361589,34.89147226736762,0.7900799680580731,0.7435525653092558,0.15681232009055243,0.15592447949802146,0.0,0.0,3,5,0,3,0,3,1,0.0,0.0,0.0,0.0,0.0,1,0.0,0.0,0.0,0.0,0.0,0,,,,,,1,0.0,0.0,0.0,0.0,0.0,1,1,1,6.389055125975041e-12,5.384803714036934e-12,1.4600542996845434e-12,0.0,5.384803714036934e-12,4.310617449823795e-10,2.824339651041896e-10,1.2398484818186362e-10,1.578572550453572e-10,2.824339651041896e-10,2.927735284071647e-11,9.375611398354522e-12,3.463683531024025e-12,3.980149543281186e-12,9.375611398354522e-12,4.865608982071438e-12,2.8895909102988337e-12,3.873535483214907e-13,2.2917778785824794e-13,2.8895909102988337e-12,,,,,,,,,
2026-03-22T17:23:10Z,test_cases/pglib_opf_case57_ieee.mat,pglib_opf_case57_ieee,oracle_ac_primal_dual_all_bounds__Pg_Vm_Va,oracle_ac_primal_dual_all_bounds,full_all_bounds,ac_true,1,0,Pg+Vm+Va,3,,,optimal,ok,1,1010.7655343398868,36578.57269614982,36.188978999995456,0,0.003117799758911133,0.010424137115478516,0.06364011764526367,0.07406425476074219,0.07406425476074219,0.07718205451965332,acopf_acdc_paper_study/cases/pglib_opf_case57_ieee/logs/oracle_ac_primal_dual_all_bounds__Pg_Vm_Va.log,0,3,4.993010419401383e-11,2.904898543931722e-13,2.2616526873520115e-08,9.093074001068138e-08,9.093074001068138e-08,0.005,,,0.005,False,100.0,57,80,7,7,42,1,6,50,1250.8,336.4,1983.0,0.0,592.0,-451.0,80,0,0,2,1,37589.33823048983,1305.1616786815368,435.64073097675606,0.9500279381358192,1.0600000091614092,1.005118047657035,0.027739935894412888,-0.17600106998891046,0.2618521079179515,-0.052197813827159885,0.08885013804619857,450.3455817930905,423.82496222626463,34.95830286361498,34.891472267366666,0.7900799680580535,0.7435525653092362,0.1568123200905492,0.15592447949801808,0.0,0.0,3,5,0,3,0,3,1,0.0,0.0,0.0,0.0,0.0,0,,,,,,1,0.0,0.0,0.0,0.0,0.0,1,0.0,0.0,0.0,0.0,0.0,1,1,1,6.220069414497765e-12,5.267564162636518e-12,1.4189919081023358e-12,0.0,5.267564162636518e-12,4.310823043239765e-10,2.824804834489214e-10,1.2397223129020522e-10,1.578006059155257e-10,2.824804834489214e-10,2.924767478681605e-11,9.371392550860946e-12,3.4597510042052213e-12,3.976152740392536e-12,9.371392550860946e-12,4.8657790951159886e-12,2.892273660154432e-12,3.870045464953312e-13,2.3119006709038104e-13,2.892273660154432e-12,,,,,,,,,
2026-03-22T17:23:10Z,test_cases/pglib_opf_case57_ieee.mat,pglib_opf_case57_ieee,oracle_ac_primal_dual_all_bounds__Qg_Vm_Va,oracle_ac_primal_dual_all_bounds,full_all_bounds,ac_true,1,0,Qg+Vm+Va,3,,,optimal,ok,1,1010.7655343398883,36578.57269614988,36.18897899999551,0,0.003117799758911133,0.02150106430053711,0.06201004981994629,0.0835111141204834,0.0835111141204834,0.08662891387939453,acopf_acdc_paper_study/cases/pglib_opf_case57_ieee/logs/oracle_ac_primal_dual_all_bounds__Qg_Vm_Va.log,0,3,5.04527741652991e-11,2.843281166065026e-13,2.2616526873520115e-08,9.093073956209117e-08,9.093073956209117e-08,0.008,,,0.008,False,100.0,57,80,7,7,42,1,6,50,1250.8,336.4,1983.0,0.0,592.0,-451.0,80,0,0,2,1,37589.33823048989,1305.1616786815384,435.64073097674896,0.9500279381358195,1.0600000091614092,1.0051180476570347,0.027739935894412943,-0.17600106998891,0.26185210791795055,-0.052197813827161224,0.08885013804619855,450.3455817930904,423.82496222626446,34.95830286361485,34.891472267366495,0.7900799680580534,0.7435525653092359,0.15681232009054874,0.1559244794980175,0.0,0.0,3,5,0,3,0,3,0,,,,,,1,0.0,0.0,0.0,0.0,0.0,1,0.0,0.0,0.0,0.0,0.0,1,0.0,0.0,0.0,0.0,0.0,1,1,1,6.210412839378325e-12,5.254463530945941e-12,1.4176279198149392e-12,0.0,5.254463530945941e-12,4.3111384653065966e-10,2.825296663289123e-10,1.2397553023862125e-10,1.5779871853638383e-10,2.825296663289123e-10,2.924593232903485e-11,9.370060283231396e-12,3.45945689249168e-12,3.976485807299923e-12,9.370060283231396e-12,4.867448715025327e-12,2.8930525509951455e-12,3.8723645068264407e-13,2.319255898441952e-13,2.8930525509951455e-12,,,,,,,,,
2026-03-22T17:23:10Z,test_cases/pglib_opf_case57_ieee.mat,pglib_opf_case57_ieee,oracle_ac_primal_dual_all_bounds__Pg_Qg_Vm_Va,oracle_ac_primal_dual_all_bounds,full_all_bounds,ac_true,1,0,Pg+Qg+Vm+Va,4,,,optimal,ok,1,1010.7655343398898,36578.57269614993,36.18897899999556,0,0.003117799758911133,0.004264354705810547,0.06230020523071289,0.06656455993652344,0.06656455993652344,0.06968235969543457,acopf_acdc_paper_study/cases/pglib_opf_case57_ieee/logs/oracle_ac_primal_dual_all_bounds__Pg_Qg_Vm_Va.log,0,2,5.0340008531811795e-11,2.894351425197783e-13,2.2616526873520115e-08,9.093074025740526e-08,9.093074025740526e-08,0.008,,,0.008,False,100.0,57,80,7,7,42,1,6,50,1250.8,336.4,1983.0,0.0,592.0,-451.0,80,0,0,2,1,37589.33823048994,1305.16167868154,435.64073097675157,0.9500279381358188,1.0600000091614092,1.005118047657035,0.027739935894413124,-0.17600106998891257,0.2618521079179517,-0.05219781382716076,0.08885013804619904,450.3455817930908,423.82496222626503,34.95830286361506,34.891472267366744,0.790079968058054,0.7435525653092369,0.15681232009054963,0.1559244794980184,0.0,0.0,3,5,0,3,0,3,1,0.0,0.0,0.0,0.0,0.0,1,0.0,0.0,0.0,0.0,0.0,1,0.0,0.0,0.0,0.0,0.0,1,0.0,0.0,0.0,0.0,0.0,1,1,1,6.203398807748438e-12,5.2444715237243145e-12,1.4167080207373927e-12,0.0,5.2444715237243145e-12,4.3109606660834707e-10,2.824829259395756e-10,1.2397647194565105e-10,1.5783555018522577e-10,2.824829259395756e-10,2.924679859646767e-11,9.371836640070796e-12,3.4596808848562974e-12,3.9757086511826856e-12,9.371836640070796e-12,4.865851297692227e-12,2.8925447106975533e-12,3.871083084474562e-13,2.3313295738347506e-13,2.8925447106975533e-12,,,,,,,,,
2026-03-22T17:23:10Z,test_cases/pglib_opf_case57_ieee.mat,pglib_opf_case57_ieee,oracle_ac_dual_only_constraint__none,oracle_ac_dual_only_constraint,constraint_only,ac_true,1,0,,0,,,optimal,ok,1,1010.7655343398883,36578.57269614988,36.18897899999551,0,0.003117799758911133,0.004412174224853516,0.08074808120727539,0.0851602554321289,0.0851602554321289,0.08827805519104004,acopf_acdc_paper_study/cases/pglib_opf_case57_ieee/logs/oracle_ac_dual_only_constraint__none.log,0,18,5.079822569620372e-11,2.859656955678247e-13,2.2616526873520115e-08,9.093073956214692e-08,9.093073956214692e-08,0.023,,,0.023,False,100.0,57,80,7,7,42,1,6,50,1250.8,336.4,1983.0,0.0,592.0,-451.0,80,0,0,2,1,37589.33823048989,1305.1616786815578,435.640730976832,0.9500279381358159,1.0600000091614092,1.005118047657034,0.027739935894413578,-0.1760010699888935,0.2618521079180211,-0.05219781382714134,0.08885013804621202,450.3455817931633,423.8249622263308,34.95830286362011,34.89147226737185,0.7900799680581813,0.7435525653093523,0.15681232009056817,0.15592447949803737,0.0,0.0,3,5,0,3,0,3,0,,,,,,0,,,,,,0,,,,,,0,,,,,,1,1,0,7.397981197147285e-12,6.114664330425512e-12,1.6907427838727277e-12,0.0,6.114664330425512e-12,4.310084846517201e-10,2.8235125348885504e-10,1.2403668766694916e-10,1.577757369197741e-10,2.8235125348885504e-10,2.924134835117642e-11,9.373168907700347e-12,3.45876154228152e-12,3.97282207131866e-12,9.373168907700347e-12,4.858998573786726e-12,2.8782982941510937e-12,3.869662570396608e-13,2.193384363025075e-13,2.8782982941510937e-12,,,,,,,,,
2026-03-22T17:23:10Z,test_cases/pglib_opf_case57_ieee.mat,pglib_opf_case57_ieee,oracle_ac_dual_only_bounds__none,oracle_ac_dual_only_bounds,all_bounds_only,ac_true,1,0,,0,,,optimal,ok,1,1010.7655343398885,36578.57269614989,36.18897899999552,0,0.003117799758911133,0.003886699676513672,0.08586287498474121,0.08974957466125488,0.08974957466125488,0.09286737442016602,acopf_acdc_paper_study/cases/pglib_opf_case57_ieee/logs/oracle_ac_dual_only_bounds__none.log,0,24,4.99873183863007e-11,2.9434787940374463e-13,2.2616526873520115e-08,9.093074873568163e-08,9.093074873568163e-08,0.028,,,0.028,True,100.0,57,80,7,7,42,1,6,50,1250.8,336.4,1983.0,0.0,592.0,-451.0,80,0,0,2,1,37589.3382304899,1305.1616786815578,435.6407309768249,0.9500279381358208,1.06000000916141,1.0051180476570365,0.02773993589441294,-0.1760010699888944,0.2618521079180209,-0.05219781382714181,0.08885013804621224,450.3455817931631,423.8249622263309,34.95830286362008,34.89147226737184,0.7900799680581808,0.7435525653093524,0.15681232009056814,0.15592447949803734,0.0,0.0,3,5,0,3,0,3,0,,,,,,0,,,,,,0,,,,,,0,,,,,,0,0,1,7.398954789103386e-12,6.114886375030437e-12,1.6909965491354991e-12,0.0,6.114886375030437e-12,4.310001289974108e-10,2.823549172248363e-10,1.2403052791170362e-10,1.5778617301620557e-10,2.823549172248363e-10,2.925771392615261e-11,9.373835041515122e-12,3.4609001824236928e-12,3.977707052627011e-12,9.373835041515122e-12,4.858312797874162e-12,2.878121352356544e-12,3.8689127970416075e-13,2.201155924197451e-13,2.878121352356544e-12,,,,,,,,,
2026-03-22T17:23:10Z,test_cases/pglib_opf_case57_ieee.mat,pglib_opf_case57_ieee,oracle_ac_dual_only_full__none,oracle_ac_dual_only_full,full_all_bounds,ac_true,1,0,,0,,,optimal,ok,1,1010.765534339878,36578.5726961495,36.188978999995136,0,0.003117799758911133,0.008787870407104492,0.07184410095214844,0.08063197135925293,0.08063197135925293,0.08374977111816406,acopf_acdc_paper_study/cases/pglib_opf_case57_ieee/logs/oracle_ac_dual_only_full__none.log,0,7,5.578397183479919e-11,3.4641733925866447e-13,2.2616526873520115e-08,9.093220154833964e-08,9.093220154833964e-08,0.01,,,0.01,False,100.0,57,80,7,7,42,1,6,50,1250.8,336.4,1983.0,0.0,592.0,-451.0,80,0,0,2,1,37589.33823048951,1305.1616786815198,435.64073097647406,0.9500279381365928,1.0600000091614572,1.0051180476576773,0.0277399358942917,-0.17600106998847156,0.261852107918142,-0.05219781382686366,0.08885013804616336,450.34558179308243,423.8249622264015,34.958302863633165,34.891472267393496,0.7900799680580394,0.7435525653094763,0.15681232009058313,0.1559244794980804,0.0,0.0,3,5,0,3,0,3,0,,,,,,0,,,,,,0,,,,,,0,,,,,,1,1,1,5.789390552678489e-12,4.970246436641901e-12,1.3096349401767578e-12,0.0,4.970246436641901e-12,4.2939805171996635e-10,2.7108792988173036e-10,1.2579594310668796e-10,1.639525737395786e-10,2.7108792988173036e-10,3.423589463611844e-11,9.813705403871609e-12,4.136305333334253e-12,4.84268181111247e-12,9.813705403871609e-12,5.318002729112068e-12,2.705635628735825e-12,4.950792903300554e-13,3.8251346534678987e-13,2.705635628735825e-12,,,,,,,,,
2026-03-22T17:23:10Z,test_cases/pglib_opf_case57_ieee.mat,pglib_opf_case57_ieee,dc_seed__Pg,dc_seed,none,dcopf,0,1,Pg,1,,,optimal,ok,1,1010.76553434007,36578.57269615663,36.18897900000219,0,0.003117799758911133,0.009968757629394531,0.0718531608581543,0.08182191848754883,0.10384297370910645,0.10696077346801758,acopf_acdc_paper_study/cases/pglib_opf_case57_ieee/logs/dc_seed__Pg.log,0,12,5.435803145058148e-10,3.3137659283255516e-12,2.2616525985341696e-08,9.115085255362965e-08,9.115085255362965e-08,0.014,,,0.014,False,100.0,57,80,7,7,42,1,6,50,1250.8,336.4,1983.0,0.0,592.0,-451.0,80,0,0,2,1,37589.33823049664,1305.1616786811633,435.6407309749989,0.950027938136942,1.0600000091615218,1.005118047658055,0.02773993589412636,-0.17600106998552487,0.26185210791940616,-0.05219781382403052,0.08885013804588308,450.34558179093864,423.82496222526174,34.95830286417109,34.89147226803709,0.7900799680542783,0.7435525653074767,0.1568123200908112,0.15592447949867405,0.0,0.0,3,5,0,3,0,3,1,2.1049328172388697,1.4545773505961428,0.4932530702338453,1.8143295754668998e-09,1.4545773505961428,0,,,,,,0,,,,,,0,,,,,,0,0,0,3.5506452421676115e-11,2.702194024095661e-11,7.200065940285835e-12,8.881784197001252e-16,2.702194024095661e-11,5.153368490491688e-10,3.5270975029533247e-10,1.4743702092534505e-10,1.3235418316881464e-10,3.5270975029533247e-10,4.4290174507383495e-11,1.2518319714160953e-11,5.157132031360777e-12,5.306310946195936e-12,1.2518319714160953e-11,2.342114872765177e-11,5.044597552184005e-12,2.9919709592579952e-12,3.1170482861497817e-12,5.044597552184005e-12,native_only,ipopt,nlp,optimal,ok,0.0016660690307617188,0.0203549861907959,0.022021055221557617,34772.947851470046
2026-03-22T17:23:10Z,test_cases/pglib_opf_case57_ieee.mat,pglib_opf_case57_ieee,dc_seed__Va,dc_seed,none,dcopf,0,1,Va,1,,,optimal,ok,1,1010.7655343400108,36578.572696154435,36.18897900000002,0,0.003117799758911133,0.011709928512573242,0.07211685180664062,0.08382678031921387,0.10584783554077148,0.10896563529968262,acopf_acdc_paper_study/cases/pglib_opf_case57_ieee/logs/dc_seed__Va.log,0,14,2.731038877307313e-10,1.8516022048942204e-12,2.2616526873520115e-08,9.102459925524922e-08,9.102459925524922e-08,0.019,,,0.019,False,100.0,57,80,7,7,42,1,6,50,1250.8,336.4,1983.0,0.0,592.0,-451.0,80,0,0,2,1,37589.338230494446,1305.161678681573,435.64073097792505,0.9500279381318703,1.0600000091616009,1.00511804765377,0.02773993589507809,-0.1760010699894777,0.2618521079179821,-0.05219781382703514,0.08885013804629625,450.34558179285466,423.82496222542414,34.95830286382764,34.891472267578386,0.7900799680576398,0.7435525653077617,0.15681232009059126,0.15592447949806454,0.0,0.0,3,5,0,3,0,3,0,,,,,,0,,,,,,0,,,,,,1,0.23536046862513202,0.11404042054232189,0.020070113739168744,0.008934807003381132,0.11404042054232189,0,0,0,1.7447020177625394e-12,1.3482548411047901e-12,3.5081461545262623e-13,0.0,1.3482548411047901e-12,1.027511801032492e-12,6.070144387138043e-13,3.179004678547212e-13,2.1738166822160565e-13,6.070144387138043e-13,1.8365468201940018e-13,3.608224830031759e-14,2.2362229027581444e-14,2.5091040356528538e-14,3.608224830031759e-14,1.89202112629951e-13,7.932543510946743e-14,1.6376044495837046e-14,6.161737786669619e-15,7.932543510946743e-14,native_only,ipopt,nlp,optimal,ok,0.0016660690307617188,0.0203549861907959,0.022021055221557617,34772.947851470046
2026-03-22T17:23:10Z,test_cases/pglib_opf_case57_ieee.mat,pglib_opf_case57_ieee,dc_seed__Pg_Va,dc_seed,none,dcopf,0,1,Pg+Va,2,,,optimal,ok,1,1010.7655343400112,36578.57269615445,36.18897900000003,0,0.003117799758911133,0.014623880386352539,0.07480883598327637,0.0894327163696289,0.11145377159118652,0.11457157135009766,acopf_acdc_paper_study/cases/pglib_opf_case57_ieee/logs/dc_seed__Pg_Va.log,0,13,2.719940980606557e-10,1.8604284779399904e-12,2.2616526873520115e-08,9.102434623178479e-08,9.102434623178479e-08,0.015,,,0.015,False,100.0,57,80,7,7,42,1,6,50,1250.8,336.4,1983.0,0.0,592.0,-451.0,80,0,0,2,1,37589.33823049446,1305.1616786815746,435.64073097793477,0.9500279381318464,1.0600000091616018,1.0051180476537502,0.02773993589508265,-0.1760010699894955,0.2618521079179754,-0.052197813827046684,0.0888501380462978,450.345581792859,423.8249622254219,34.95830286382669,34.891472267577036,0.7900799680576474,0.7435525653077578,0.1568123200905904,0.15592447949806232,0.0,0.0,3,5,0,3,0,3,1,2.1049328172388697,1.4545773505961428,0.4932530702338453,1.8143295754668998e-09,1.4545773505961428,0,,,,,,0,,,,,,1,0.23536046862513202,0.11404042054232189,0.020070113739168744,0.008934807003381132,0.11404042054232189,0,0,0,1.6594225155361065e-12,1.2807532812075806e-12,3.337171808733988e-13,0.0,1.2807532812075806e-12,7.038607482173576e-13,6.481482017761664e-13,1.4998121792128163e-13,1.9206858326015208e-14,6.481482017761664e-13,2.9622572870930354e-14,1.2212453270876722e-14,2.8690500267944834e-15,2.220446049250313e-15,1.2212453270876722e-14,2.4452349062227814e-13,8.598677325721837e-14,2.605665078348941e-14,1.8957058145474548e-14,8.598677325721837e-14,native_only,ipopt,nlp,optimal,ok,0.0016660690307617188,0.0203549861907959,0.022021055221557617,34772.947851470046
