timestamp_utc,case_file,case_name,run_name,family,dual_mode,seed_source,is_oracle,is_practical,blocks,num_blocks,seed_vm_policy,seed_qg_policy,termination,status,success,objective,objective_gap_vs_baseline_abs,objective_gap_vs_baseline_rel,objective_matches_baseline,shared_case_prep_time,build_time,solve_time,total_time,end_to_end_time,full_pipeline_time_including_shared_case_prep,log_path,hit_max_iter,iterations,dual_inf,constr_viol,var_bound_viol,compl_inf,overall_nlp_error,ipopt_reported_total_sec,ipopt_cpu_sec_no_func_eval,ipopt_cpu_sec_func_eval,ipopt_cpu_total_est,restoration_used,baseMVA,nb,nl,ng_total,ng_active,n_load_buses,n_ref_buses,n_pv_buses,n_pq_buses,total_pd_mw,total_qd_mvar,sum_pmax_mw,sum_pmin_mw,sum_qmax_mvar,sum_qmin_mvar,n_branch_with_limits,n_branch_out_of_service,gencost_any_pwl,gencost_max_poly_degree,gencost_any_quadratic,objective_value,total_pg_mw,total_qg_mvar,vm_min,vm_max,vm_mean,vm_std,va_min_rad,va_max_rad,va_mean_rad,va_std_rad,max_line_mva_from,max_line_mva_to,mean_line_mva_from,mean_line_mva_to,max_thermal_util_from,max_thermal_util_to,mean_thermal_util_from,mean_thermal_util_to,max_flow_limit_violation_sq_from,max_flow_limit_violation_sq_to,n_pg_at_lb,n_pg_at_ub,n_qg_at_lb,n_qg_at_ub,n_vm_at_lb,n_vm_at_ub,init_has_Pg,init_Pg_l2,init_Pg_linf,init_Pg_mean_abs,init_Pg_median_abs,init_Pg_max_abs,init_has_Qg,init_Qg_l2,init_Qg_linf,init_Qg_mean_abs,init_Qg_median_abs,init_Qg_max_abs,init_has_Vm,init_Vm_l2,init_Vm_linf,init_Vm_mean_abs,init_Vm_median_abs,init_Vm_max_abs,init_has_Va,init_Va_l2,init_Va_linf,init_Va_mean_abs,init_Va_median_abs,init_Va_max_abs,init_has_duals,init_has_constraint_duals,init_has_bound_mults,dist_to_baseline_Pg_l2,dist_to_baseline_Pg_linf,dist_to_baseline_Pg_mean_abs,dist_to_baseline_Pg_median_abs,dist_to_baseline_Pg_max_abs,dist_to_baseline_Qg_l2,dist_to_baseline_Qg_linf,dist_to_baseline_Qg_mean_abs,dist_to_baseline_Qg_median_abs,dist_to_baseline_Qg_max_abs,dist_to_baseline_Vm_l2,dist_to_baseline_Vm_linf,dist_to_baseline_Vm_mean_abs,dist_to_baseline_Vm_median_abs,dist_to_baseline_Vm_max_abs,dist_to_baseline_Va_l2,dist_to_baseline_Va_linf,dist_to_baseline_Va_mean_abs,dist_to_baseline_Va_median_abs,dist_to_baseline_Va_max_abs,dc_seed_mode,dc_solver,dc_solver_problem_type,dc_termination,dc_status,dc_build_time,dc_solve_time,dc_total_time,dc_objective
2026-03-22T06:15:14Z,test_cases/pglib_opf_case1354_pegase.mat,pglib_opf_case1354_pegase,baseline_default,baseline,none,case_default,0,1,,0,,,optimal,ok,1,10036.029814757369,,,,0.007953882217407227,0.14423608779907227,2.7192318439483643,2.8634679317474365,2.8634679317474365,2.8714218139648438,acopf_acdc_paper_study/cases/pglib_opf_case1354_pegase/logs/baseline_default.log,0,38,4.330781016789742e-09,2.157108240402779e-09,4.1439383124952656e-07,9.103409279941009e-08,9.103409279941009e-08,1.646,,,1.646,False,100.0,1354,1991,260,260,673,1,259,1094,73059.67,13401.44,128738.6,23037.69,256915.08000000002,-220875.43999999997,1991,0,0,2,1,1258843.9885865997,74562.5183169348,16060.194225852189,0.9905275994739526,1.1034795763619047,1.071315633523894,0.022735670858486923,-0.7323826188921119,0.10061888943228835,-0.25349034383406316,0.1414381869544554,2063.9941827370917,2022.0320087361788,190.53741276452283,190.28803267577817,1.0000000048580409,1.0000000046584876,0.25730541267580503,0.25684900819042616,1.9071143526616652e-06,2.620240024953091e-06,143,102,29,55,0,37,,,,,,,,,,,,,,,,,,,,,,,,,,,,,,,,,,,,,,,,,,,,,,,,,,,,,,,,
2026-03-22T06:15:18Z,test_cases/pglib_opf_case1354_pegase.mat,pglib_opf_case1354_pegase,oracle_ac_primal_only__Pg,oracle_ac_primal_only,none,ac_true,1,0,Pg,1,,,optimal,ok,1,10036.02981475734,1248807.9587718386,124.43246799999964,0,0.007953882217407227,0.40410900115966797,3.1389050483703613,3.5430140495300293,3.5430140495300293,3.5509679317474365,acopf_acdc_paper_study/cases/pglib_opf_case1354_pegase/logs/oracle_ac_primal_only__Pg.log,0,42,4.330851250539114e-09,2.1571049524512706e-09,4.1439383124952656e-07,9.103411104430461e-08,9.103411104430461e-08,2.076,,,2.076,False,100.0,1354,1991,260,260,673,1,259,1094,73059.67,13401.44,128738.6,23037.69,256915.08000000002,-220875.43999999997,1991,0,0,2,1,1258843.988586596,74562.5183169347,16060.194225850646,0.990527599473956,1.1034795763618994,1.071315633523897,0.022735670858486687,-0.7323826188921037,0.10061888943229398,-0.253490343834063,0.14143818695445437,2063.9941827370926,2022.032008736178,190.53741276450378,190.28803267575907,1.0000000048580402,1.0000000046584838,0.25730541267573737,0.25684900819035844,1.9071142958182463e-06,2.6202378649031743e-06,143,102,29,55,0,37,1,0.0,0.0,0.0,0.0,0.0,0,,,,,,0,,,,,,0,,,,,,0,0,0,3.559469805393135e-12,2.8634872251132037e-12,2.5556074472931797e-14,0.0,2.8634872251132037e-12,6.276426988278598e-10,4.3491577006449234e-10,4.596449172333641e-12,6.677991493120317e-14,4.3491577006449234e-10,4.0002092897480055e-12,3.666844605731967e-12,1.3622534907101155e-14,5.329070518200751e-15,3.666844605731967e-12,9.427833837463813e-13,7.591913209203938e-13,1.0857152270638378e-14,7.077671781985373e-15,7.591913209203938e-13,,,,,,,,,
2026-03-22T06:15:23Z,test_cases/pglib_opf_case1354_pegase.mat,pglib_opf_case1354_pegase,oracle_ac_primal_only__Qg,oracle_ac_primal_only,none,ac_true,1,0,Qg,1,,,optimal,ok,1,10036.029814757481,1248807.9587718563,124.4324680000014,0,0.007953882217407227,1.134148120880127,3.723599910736084,4.857748031616211,4.857748031616211,4.865701913833618,acopf_acdc_paper_study/cases/pglib_opf_case1354_pegase/logs/oracle_ac_primal_only__Qg.log,0,39,4.331238569188489e-09,2.157108378638556e-09,4.1439383124952656e-07,9.10340949523732e-08,9.10340949523732e-08,1.891,,,1.891,False,100.0,1354,1991,260,260,673,1,259,1094,73059.67,13401.44,128738.6,23037.69,256915.08000000002,-220875.43999999997,1991,0,0,2,1,1258843.9885866137,74562.5183169353,16060.194225851666,0.9905275994739491,1.1034795763619063,1.071315633523892,0.022735670858489564,-0.7323826188920955,0.10061888943229197,-0.2534903438340559,0.14143818695445773,2063.994182737095,2022.0320087361793,190.537412764522,190.28803267577732,1.0000000048580406,1.0000000046584812,0.25730541267580015,0.25684900819042134,1.907114210553118e-06,2.620236330130865e-06,143,102,29,55,0,37,0,,,,,,1,0.0,0.0,0.0,0.0,0.0,0,,,,,,0,,,,,,0,0,0,4.856505433878851e-12,3.717914864864724e-12,3.686414018819226e-14,0.0,3.717914864864724e-12,7.542401054970488e-11,5.1466386707943457e-11,8.228490760966832e-13,5.56403881302181e-14,5.1466386707943457e-11,6.147673212904618e-13,4.318767565791859e-13,8.192445573070404e-15,5.10702591327572e-15,4.318767565791859e-13,5.030330099949598e-13,1.0950962359146388e-13,9.23859945596308e-15,5.2735593669694936e-15,1.0950962359146388e-13,,,,,,,,,
2026-03-22T06:15:26Z,test_cases/pglib_opf_case1354_pegase.mat,pglib_opf_case1354_pegase,oracle_ac_primal_only__Vm,oracle_ac_primal_only,none,ac_true,1,0,Vm,1,,,optimal,ok,1,10036.029814757372,1248807.958771843,124.43246800000009,0,0.007953882217407227,0.4182569980621338,2.81997013092041,3.238227128982544,3.238227128982544,3.246181011199951,acopf_acdc_paper_study/cases/pglib_opf_case1354_pegase/logs/oracle_ac_primal_only__Vm.log,0,40,4.331187344538967e-09,2.1571066487939897e-09,4.1439383124952656e-07,9.103409692049042e-08,9.103409692049042e-08,1.738,,,1.738,False,100.0,1354,1991,260,260,673,1,259,1094,73059.67,13401.44,128738.6,23037.69,256915.08000000002,-220875.43999999997,1991,0,0,2,1,1258843.9885866004,74562.51831693482,16060.194225850531,0.9905275994737771,1.1034795763615832,1.071315633523899,0.022735670858530264,-0.7323826188922284,0.1006188894322529,-0.25349034383411556,0.14143818695447138,2063.994182737134,2022.0320087361783,190.53741276445058,190.28803267570606,1.0000000048580409,1.0000000046584885,0.2573054126758328,0.2568490081904516,1.9071139263360237e-06,2.620240479700442e-06,143,102,29,55,0,37,0,,,,,,0,,,,,,1,0.0,0.0,0.0,0.0,0.0,0,,,,,,0,0,0,6.9938792496982375e-12,5.128342195348523e-12,5.98292406850837e-14,0.0,5.128342195348523e-12,3.3047273866570515e-09,1.6014363168892487e-09,5.078889826275276e-11,1.1028469804053032e-12,1.6014363168892487e-09,1.6547717857726458e-11,5.5284665734234295e-12,2.3653522928277547e-13,1.2390088954816747e-13,5.5284665734234295e-12,3.029941451804886e-12,7.541328672644454e-13,6.780725870714338e-14,6.084022174945858e-14,7.541328672644454e-13,,,,,,,,,
2026-03-22T06:15:29Z,test_cases/pglib_opf_case1354_pegase.mat,pglib_opf_case1354_pegase,oracle_ac_primal_only__Va,oracle_ac_primal_only,none,ac_true,1,0,Va,1,,,optimal,ok,1,10036.029814757458,1248807.9587718537,124.43246800000115,0,0.007953882217407227,0.3889169692993164,2.4847476482391357,2.873664617538452,2.873664617538452,2.8816184997558594,acopf_acdc_paper_study/cases/pglib_opf_case1354_pegase/logs/oracle_ac_primal_only__Va.log,0,33,4.331308135069323e-09,2.1571051142142347e-09,4.1439383124952656e-07,9.103410123145633e-08,9.103410123145633e-08,1.432,,,1.432,False,100.0,1354,1991,260,260,673,1,259,1094,73059.67,13401.44,128738.6,23037.69,256915.08000000002,-220875.43999999997,1991,0,0,2,1,1258843.988586611,74562.51831693514,16060.194225849145,0.990527599473806,1.1034795763610339,1.0713156335239025,0.02273567085852943,-0.7323826188921564,0.10061888943226904,-0.2534903438341386,0.14143818695448523,2063.994182737129,2022.0320087361788,190.53741276445484,190.2880326757106,1.0000000048580409,1.0000000046584872,0.2573054126758214,0.2568490081904408,1.9071148358307255e-06,2.620239627049159e-06,143,102,29,55,0,37,0,,,,,,0,,,,,,0,,,,,,1,0.0,0.0,0.0,0.0,0.0,0,0,0,2.1070707063979347e-11,1.8368639942423215e-11,1.4969088849729022e-13,0.0,1.8368639942423215e-11,3.3822831979315313e-09,1.6046524109469829e-09,5.5313130995445355e-11,1.4225044753235494e-12,1.6046524109469829e-09,1.797609582126e-11,5.921485524140735e-12,2.5328491970783483e-13,1.2445600106048005e-13,5.921485524140735e-12,5.0302703078341875e-12,9.617584506571575e-13,1.1245961414859072e-13,1.0085682289329156e-13,9.617584506571575e-13,,,,,,,,,
2026-03-22T06:15:32Z,test_cases/pglib_opf_case1354_pegase.mat,pglib_opf_case1354_pegase,oracle_ac_primal_only__Pg_Qg,oracle_ac_primal_only,none,ac_true,1,0,Pg+Qg,2,,,optimal,ok,1,10036.02981475745,1248807.9587718525,124.43246800000104,0,0.007953882217407227,0.3852090835571289,2.948427200317383,3.3336362838745117,3.3336362838745117,3.341590166091919,acopf_acdc_paper_study/cases/pglib_opf_case1354_pegase/logs/oracle_ac_primal_only__Pg_Qg.log,0,42,4.331307007499063e-09,2.1570936322963877e-09,4.1439383124952656e-07,9.103409432073824e-08,9.103409432073824e-08,1.861,,,1.861,False,100.0,1354,1991,260,260,673,1,259,1094,73059.67,13401.44,128738.6,23037.69,256915.08000000002,-220875.43999999997,1991,0,0,2,1,1258843.98858661,74562.51831693517,16060.194225850752,0.9905275994739567,1.103479576361911,1.0713156335238994,0.02273567085848463,-0.7323826188921165,0.10061888943229041,-0.2534903438340664,0.14143818695445926,2063.9941827370894,2022.0320087361774,190.5374127645218,190.28803267577712,1.0000000048580409,1.0000000046584778,0.25730541267580054,0.2568490081904217,1.9071142958182463e-06,2.6202345111414616e-06,143,102,29,55,0,37,1,0.0,0.0,0.0,0.0,0.0,1,0.0,0.0,0.0,0.0,0.0,0,,,,,,0,,,,,,0,0,0,4.6438548407261666e-12,3.1719071813540722e-12,3.8034153761202514e-14,0.0,3.1719071813540722e-12,5.395803885598628e-11,3.616489573088355e-11,7.080566868202205e-13,4.089909089025935e-14,3.616489573088355e-11,6.900645041455169e-13,3.05089287166993e-13,1.0413711580241414e-14,5.773159728050814e-15,3.05089287166993e-13,5.114997807279403e-13,1.3043732760564808e-13,8.334511770677005e-15,4.9960036108132044e-15,1.3043732760564808e-13,,,,,,,,,
2026-03-22T06:15:37Z,test_cases/pglib_opf_case1354_pegase.mat,pglib_opf_case1354_pegase,oracle_ac_primal_only__Pg_Vm,oracle_ac_primal_only,none,ac_true,1,0,Pg+Vm,2,,,optimal,ok,1,10036.029814757427,1248807.9587718493,124.43246800000071,0,0.007953882217407227,0.23016595840454102,4.4926917552948,4.722857713699341,4.722857713699341,4.730811595916748,acopf_acdc_paper_study/cases/pglib_opf_case1354_pegase/logs/oracle_ac_primal_only__Pg_Vm.log,0,41,4.355230230276841e-09,2.1527997517241035e-09,4.1439383124952656e-07,9.09971604759963e-08,9.09971604759963e-08,2.291,,,2.291,False,100.0,1354,1991,260,260,673,1,259,1094,73059.67,13401.44,128738.6,23037.69,256915.08000000002,-220875.43999999997,1991,0,0,2,1,1258843.9885866067,74562.51831693503,16060.19422576766,0.9905275994737779,1.103479576361976,1.0713156335256533,0.022735670859806767,-0.7323826188937252,0.1006188894320878,-0.25349034383505087,0.1414381869559418,2063.994182737112,2022.0320087361788,190.5374127811985,190.28803269247172,1.0000000048580402,1.0000000046584792,0.2573054127511366,0.25684900826580465,1.9071141537096992e-06,2.6202352501059067e-06,143,102,29,55,0,37,1,0.0,0.0,0.0,0.0,0.0,0,,,,,,1,0.0,0.0,0.0,0.0,0.0,0,,,,,,0,0,0,2.9871421873563934e-11,2.0648593945793436e-11,2.159395443799358e-13,0.0,2.0648593945793436e-11,7.613301999819181e-07,5.085246915781383e-07,5.7083090635052635e-09,5.4061061183219294e-12,5.085246915781383e-07,5.142319748823921e-09,4.2894969798368265e-09,9.54542238784891e-12,3.7048142331741474e-13,4.2894969798368265e-09,1.0186095948044415e-09,8.882634558449176e-10,2.616116463223731e-12,1.6021628468365634e-12,8.882634558449176e-10,,,,,,,,,
2026-03-22T06:15:40Z,test_cases/pglib_opf_case1354_pegase.mat,pglib_opf_case1354_pegase,oracle_ac_primal_only__Pg_Va,oracle_ac_primal_only,none,ac_true,1,0,Pg+Va,2,,,optimal,ok,1,10036.029814757376,1248807.9587718435,124.43246800000013,0,0.007953882217407227,0.4204139709472656,2.67917799949646,3.0995919704437256,3.0995919704437256,3.107545852661133,acopf_acdc_paper_study/cases/pglib_opf_case1354_pegase/logs/oracle_ac_primal_only__Pg_Va.log,0,36,4.330099469956883e-09,2.157091183625781e-09,4.1439383124952656e-07,9.103409649327816e-08,9.103409649327816e-08,1.565,,,1.565,False,100.0,1354,1991,260,260,673,1,259,1094,73059.67,13401.44,128738.6,23037.69,256915.08000000002,-220875.43999999997,1991,0,0,2,1,1258843.9885866009,74562.5183169348,16060.194225850268,0.9905275994737909,1.1034795763610494,1.071315633523891,0.022735670858536953,-0.732382618892165,0.10061888943226725,-0.2534903438341496,0.1414381869544864,2063.9941827371354,2022.0320087361793,190.53741276445876,190.28803267571456,1.0000000048580395,1.000000004658484,0.2573054126758375,0.25684900819045703,1.907114210553118e-06,2.620237978590012e-06,143,102,29,55,0,37,1,0.0,0.0,0.0,0.0,0.0,0,,,,,,0,,,,,,1,0.0,0.0,0.0,0.0,0.0,0,0,0,2.003890259101617e-11,1.700739549193031e-11,1.468171567216496e-13,0.0,1.700739549193031e-11,3.3708395300473632e-09,1.6053109952451905e-09,5.428517289205391e-11,1.426574136598191e-12,1.6053109952451905e-09,1.7835493580476547e-11,5.855538276478001e-12,2.523069558958183e-13,1.34781075189494e-13,5.855538276478001e-12,5.265539462741905e-12,9.374306886300587e-13,1.1896455669347873e-13,1.056932319443149e-13,9.374306886300587e-13,,,,,,,,,
2026-03-22T06:15:43Z,test_cases/pglib_opf_case1354_pegase.mat,pglib_opf_case1354_pegase,oracle_ac_primal_only__Qg_Vm,oracle_ac_primal_only,none,ac_true,1,0,Qg+Vm,2,,,optimal,ok,1,10036.029814757378,1248807.958771843,124.43246800000009,0,0.007953882217407227,0.20207810401916504,2.7846052646636963,2.9866833686828613,2.9866833686828613,2.9946372509002686,acopf_acdc_paper_study/cases/pglib_opf_case1354_pegase/logs/oracle_ac_primal_only__Qg_Vm.log,0,40,4.332590128677816e-09,2.1571091144865703e-09,4.1439383124952656e-07,9.103409572501406e-08,9.103409572501406e-08,1.732,,,1.732,False,100.0,1354,1991,260,260,673,1,259,1094,73059.67,13401.44,128738.6,23037.69,256915.08000000002,-220875.43999999997,1991,0,0,2,1,1258843.9885866004,74562.51831693485,16060.194225850535,0.9905275994737754,1.1034795763615919,1.0713156335238956,0.022735670858531613,-0.7323826188922419,0.10061888943225385,-0.2534903438341194,0.14143818695447227,2063.994182737134,2022.0320087361788,190.537412764452,190.28803267570743,1.0000000048580413,1.0000000046584856,0.25730541267583684,0.25684900819045564,1.907114210553118e-06,2.620238831241295e-06,143,102,29,55,0,37,0,,,,,,1,0.0,0.0,0.0,0.0,0.0,1,0.0,0.0,0.0,0.0,0.0,0,,,,,,0,0,0,9.4296598113807e-12,7.647216193618078e-12,7.283173534164607e-14,0.0,7.647216193618078e-12,3.30254934608155e-09,1.6001466818238441e-09,5.051068130436715e-11,1.042568809062061e-12,1.6001466818238441e-09,1.6489120679618308e-11,5.544897874187882e-12,2.378652830259398e-13,1.2290168882600483e-13,5.544897874187882e-12,3.176292391565601e-12,7.553818681671487e-13,7.174231091711183e-14,6.478151348687788e-14,7.553818681671487e-13,,,,,,,,,
2026-03-22T06:15:46Z,test_cases/pglib_opf_case1354_pegase.mat,pglib_opf_case1354_pegase,oracle_ac_primal_only__Qg_Va,oracle_ac_primal_only,none,ac_true,1,0,Qg+Va,2,,,optimal,ok,1,10036.029814757352,1248807.95877184,124.43246799999977,0,0.007953882217407227,0.4082190990447998,2.543977975845337,2.9521970748901367,2.9521970748901367,2.960150957107544,acopf_acdc_paper_study/cases/pglib_opf_case1354_pegase/logs/oracle_ac_primal_only__Qg_Va.log,0,33,4.355282632803603e-09,2.1527590809153688e-09,4.1439383124952656e-07,9.099688528860272e-08,9.099688528860272e-08,1.494,,,1.494,False,100.0,1354,1991,260,260,673,1,259,1094,73059.67,13401.44,128738.6,23037.69,256915.08000000002,-220875.43999999997,1991,0,0,2,1,1258843.9885865974,74562.51831693466,16060.194225764952,0.9905275994738001,1.1034795763614333,1.0713156335256602,0.022735670859823885,-0.7323826188936485,0.10061888943210016,-0.2534903438350894,0.14143818695596086,2063.994182737116,2022.0320087361788,190.53741278127634,190.2880326925499,1.000000004858039,1.0000000046584838,0.2573054127515279,0.25684900826619683,1.907114210553118e-06,2.6202378649031743e-06,143,102,29,55,0,37,0,,,,,,1,0.0,0.0,0.0,0.0,0.0,0,,,,,,1,0.0,0.0,0.0,0.0,0.0,0,0,0,4.361336673381943e-11,3.0926150529353436e-11,3.163306533192476e-13,0.0,3.0926150529353436e-11,7.655300424268528e-07,5.112132653861678e-07,5.74362355794022e-09,4.261181902123767e-12,5.112132653861678e-07,5.172568594747165e-09,4.312177281917684e-09,9.61637564260909e-12,3.461675390781238e-13,4.312177281917684e-09,1.0245845333605736e-09,8.929536624013856e-10,2.663662508220983e-12,1.6489309917488981e-12,8.929536624013856e-10,,,,,,,,,
2026-03-22T06:15:51Z,test_cases/pglib_opf_case1354_pegase.mat,pglib_opf_case1354_pegase,oracle_ac_primal_only__Vm_Va,oracle_ac_primal_only,none,ac_true,1,0,Vm+Va,2,,,optimal,ok,1,10036.029814757429,1248807.9587718497,124.43246800000075,0,0.007953882217407227,0.38958001136779785,4.067564010620117,4.457144021987915,4.457144021987915,4.465097904205322,acopf_acdc_paper_study/cases/pglib_opf_case1354_pegase/logs/oracle_ac_primal_only__Vm_Va.log,0,36,5.095086002517939e-09,2.1527635499967238e-09,4.1439383124952656e-07,9.099685933996642e-08,9.099685933996642e-08,3.002,,,3.002,False,100.0,1354,1991,260,260,673,1,259,1094,73059.67,13401.44,128738.6,23037.69,256915.08000000002,-220875.43999999997,1991,0,0,2,1,1258843.9885866072,74562.51831693496,16060.194225765466,0.9905275994738235,1.1034795763615293,1.071315633525663,0.022735670859816964,-0.7323826188936556,0.10061888943210098,-0.25349034383507635,0.14143818695596205,2063.994182737119,2022.0320087361783,190.53741278126697,190.28803269254058,1.0000000048580415,1.0000000046584943,0.2573054127515516,0.25684900826622087,1.9071147221438878e-06,2.6202438334621547e-06,143,102,29,55,0,37,0,,,,,,0,,,,,,1,0.0,0.0,0.0,0.0,0.0,1,0.0,0.0,0.0,0.0,0.0,0,0,0,4.630672372308497e-11,3.236988455057599e-11,3.4855400411426273e-13,0.0,3.236988455057599e-11,7.659277710767657e-07,5.114681891349449e-07,5.7448686109096e-09,4.8432646782003985e-12,5.114681891349449e-07,5.175435665787315e-09,4.314327117782568e-09,9.627686634141951e-12,3.391731340229853e-13,4.314327117782568e-09,1.0251126605570255e-09,8.934028031259977e-10,2.6506634079800847e-12,1.6376067168977215e-12,8.934028031259977e-10,,,,,,,,,
2026-03-22T06:15:54Z,test_cases/pglib_opf_case1354_pegase.mat,pglib_opf_case1354_pegase,oracle_ac_primal_only__Pg_Qg_Vm,oracle_ac_primal_only,none,ac_true,1,0,Pg+Qg+Vm,3,,,optimal,ok,1,10036.029814757376,1248807.958771843,124.43246800000009,0,0.007953882217407227,0.5533621311187744,3.0128870010375977,3.566249132156372,3.566249132156372,3.5742030143737793,acopf_acdc_paper_study/cases/pglib_opf_case1354_pegase/logs/oracle_ac_primal_only__Pg_Qg_Vm.log,0,42,4.3308097993216554e-09,2.1571072376241895e-09,4.1439383124952656e-07,9.103409697755228e-08,9.103409697755228e-08,1.83,,,1.83,False,100.0,1354,1991,260,260,673,1,259,1094,73059.67,13401.44,128738.6,23037.69,256915.08000000002,-220875.43999999997,1991,0,0,2,1,1258843.9885866004,74562.51831693485,16060.194225850375,0.9905275994737799,1.1034795763615923,1.0713156335238974,0.02273567085852983,-0.7323826188922316,0.10061888943225458,-0.25349034383411423,0.14143818695446986,2063.9941827371354,2022.0320087361795,190.53741276445078,190.2880326757062,1.000000004858041,1.0000000046584814,0.25730541267583273,0.2568490081904514,1.9071141537096992e-06,2.6202365575045405e-06,143,102,29,55,0,37,1,0.0,0.0,0.0,0.0,0.0,1,0.0,0.0,0.0,0.0,0.0,1,0.0,0.0,0.0,0.0,0.0,0,,,,,,0,0,0,7.542433200477288e-12,6.208367153703875e-12,6.05287113930515e-14,0.0,6.208367153703875e-12,3.3056113403843882e-09,1.6013430581551802e-09,5.078305247384095e-11,1.025374229968179e-12,1.6013430581551802e-09,1.637016604430865e-11,5.5357940453859555e-12,2.3201258737958127e-13,1.1801670751765414e-13,5.5357940453859555e-12,2.920603191616358e-12,7.475131624801179e-13,6.475782471037128e-14,5.849140616298598e-14,7.475131624801179e-13,,,,,,,,,
2026-03-22T06:15:57Z,test_cases/pglib_opf_case1354_pegase.mat,pglib_opf_case1354_pegase,oracle_ac_primal_only__Pg_Qg_Va,oracle_ac_primal_only,none,ac_true,1,0,Pg+Qg+Va,3,,,optimal,ok,1,10036.029814757478,1248807.9587718558,124.43246800000135,0,0.007953882217407227,0.20708084106445312,2.5874719619750977,2.794552803039551,2.794552803039551,2.802506685256958,acopf_acdc_paper_study/cases/pglib_opf_case1354_pegase/logs/oracle_ac_primal_only__Pg_Qg_Va.log,0,35,4.354573772749615e-09,2.152762889826021e-09,4.1439383124952656e-07,9.09968930575979e-08,9.09968930575979e-08,1.527,,,1.527,False,100.0,1354,1991,260,260,673,1,259,1094,73059.67,13401.44,128738.6,23037.69,256915.08000000002,-220875.43999999997,1991,0,0,2,1,1258843.9885866132,74562.5183169352,16060.194225765596,0.9905275994738015,1.1034795763614413,1.0713156335256626,0.022735670859821606,-0.7323826188936648,0.10061888943209989,-0.25349034383508723,0.14143818695596383,2063.9941827371135,2022.0320087361795,190.53741278127484,190.28803269254848,1.000000004858041,1.0000000046584854,0.25730541275151814,0.25684900826618706,1.9071143526616652e-06,2.6202387175544573e-06,143,102,29,55,0,37,1,0.0,0.0,0.0,0.0,0.0,1,0.0,0.0,0.0,0.0,0.0,0,,,,,,1,0.0,0.0,0.0,0.0,0.0,0,0,0,4.4917558780108715e-11,3.1807001477091035e-11,3.4190805237289647e-13,0.0,3.1807001477091035e-11,7.654117957645797e-07,5.111376663036182e-07,5.7427291553088785e-09,4.2873898875583905e-12,5.111376663036182e-07,5.171713005025306e-09,4.31153734936629e-09,9.615695241526494e-12,3.5416114485542494e-13,4.31153734936629e-09,1.0244115626733145e-09,8.928214556558345e-10,2.660353216427003e-12,1.6424639426304566e-12,8.928214556558345e-10,,,,,,,,,
2026-03-22T06:16:00Z,test_cases/pglib_opf_case1354_pegase.mat,pglib_opf_case1354_pegase,oracle_ac_primal_only__Pg_Vm_Va,oracle_ac_primal_only,none,ac_true,1,0,Pg+Vm+Va,3,,,optimal,ok,1,10036.029814757347,1248807.9587718395,124.43246799999973,0,0.007953882217407227,0.39183497428894043,2.4394030570983887,2.831238031387329,2.831238031387329,2.8391919136047363,acopf_acdc_paper_study/cases/pglib_opf_case1354_pegase/logs/oracle_ac_primal_only__Pg_Vm_Va.log,0,31,4.33142926560548e-09,2.1570910666403667e-09,4.1439383124952656e-07,9.103409772155075e-08,9.103409772155075e-08,1.349,,,1.349,False,100.0,1354,1991,260,260,673,1,259,1094,73059.67,13401.44,128738.6,23037.69,256915.08000000002,-220875.43999999997,1991,0,0,2,1,1258843.988586597,74562.51831693466,16060.194225849054,0.9905275994738236,1.1034795763611331,1.0713156335238962,0.022735670858528657,-0.7323826188921694,0.10061888943227124,-0.2534903438341468,0.1414381869544851,2063.9941827371385,2022.0320087361793,190.53741276444228,190.28803267569805,1.000000004858042,1.0000000046584836,0.25730541267581925,0.256849008190439,1.9071140400228614e-06,2.6202377512163366e-06,143,102,29,55,0,37,1,0.0,0.0,0.0,0.0,0.0,0,,,,,,1,0.0,0.0,0.0,0.0,0.0,1,0.0,0.0,0.0,0.0,0.0,0,0,0,2.057859515609199e-11,1.709299368712891e-11,1.5224526636532993e-13,0.0,1.709299368712891e-11,3.3085719501638873e-09,1.6061201257855373e-09,5.232734773764413e-11,1.2118899633817293e-12,1.6061201257855373e-09,1.7612063889058553e-11,5.2797766159073944e-12,2.5463809626436287e-13,1.155742168634788e-13,5.2797766159073944e-12,5.2010969874246345e-12,8.608391777187308e-13,1.1771287667435836e-13,1.0219602941674566e-13,8.608391777187308e-13,,,,,,,,,
2026-03-22T06:16:03Z,test_cases/pglib_opf_case1354_pegase.mat,pglib_opf_case1354_pegase,oracle_ac_primal_only__Qg_Vm_Va,oracle_ac_primal_only,none,ac_true,1,0,Qg+Vm+Va,3,,,optimal,ok,1,10036.029814757376,1248807.958771843,124.43246800000009,0,0.007953882217407227,0.20847702026367188,2.624683141708374,2.833160161972046,2.833160161972046,2.841114044189453,acopf_acdc_paper_study/cases/pglib_opf_case1354_pegase/logs/oracle_ac_primal_only__Qg_Vm_Va.log,0,36,4.3549948456483856e-09,2.1527618589665953e-09,4.1439383124952656e-07,9.099685721136578e-08,9.099685721136578e-08,1.572,,,1.572,False,100.0,1354,1991,260,260,673,1,259,1094,73059.67,13401.44,128738.6,23037.69,256915.08000000002,-220875.43999999997,1991,0,0,2,1,1258843.9885866004,74562.51831693471,16060.19422576425,0.9905275994738382,1.1034795763615168,1.0713156335256795,0.02273567085981056,-0.7323826188936733,0.10061888943210184,-0.2534903438350827,0.1414381869559595,2063.994182737116,2022.0320087361802,190.53741278126597,190.28803269253962,1.0000000048580406,1.0000000046584872,0.25730541275155244,0.25684900826622187,1.907114210553118e-06,2.6202397407359967e-06,143,102,29,55,0,37,0,,,,,,1,0.0,0.0,0.0,0.0,0.0,1,0.0,0.0,0.0,0.0,0.0,1,0.0,0.0,0.0,0.0,0.0,0,0,0,4.62966163784329e-11,3.2894464929711376e-11,3.389454589305566e-13,0.0,3.2894464929711376e-11,7.659600206146125e-07,5.11488862819931e-07,5.745160823795663e-09,4.81827923913547e-12,5.11488862819931e-07,5.175667109122915e-09,4.314502088931249e-09,9.623715577932011e-12,3.488320743372242e-13,4.314502088931249e-09,1.0251726303826325e-09,8.934351383715899e-10,2.6573444718010836e-12,1.6451146001017491e-12,8.934351383715899e-10,,,,,,,,,
2026-03-22T06:16:07Z,test_cases/pglib_opf_case1354_pegase.mat,pglib_opf_case1354_pegase,oracle_ac_primal_only__Pg_Qg_Vm_Va,oracle_ac_primal_only,none,ac_true,1,0,Pg+Qg+Vm+Va,4,,,optimal,ok,1,10036.029814757452,1248807.9587718525,124.43246800000104,0,0.007953882217407227,0.7382590770721436,3.6661441326141357,4.404403209686279,4.404403209686279,4.4123570919036865,acopf_acdc_paper_study/cases/pglib_opf_case1354_pegase/logs/oracle_ac_primal_only__Pg_Qg_Vm_Va.log,0,31,4.355679159365189e-09,2.1527667203122963e-09,4.1439383124952656e-07,9.099690542933336e-08,9.099690542933336e-08,1.596,,,1.596,False,100.0,1354,1991,260,260,673,1,259,1094,73059.67,13401.44,128738.6,23037.69,256915.08000000002,-220875.43999999997,1991,0,0,2,1,1258843.98858661,74562.5183169351,16060.194225764932,0.9905275994738221,1.1034795763615186,1.071315633525664,0.022735670859815926,-0.7323826188936599,0.10061888943210257,-0.2534903438350784,0.14143818695596044,2063.9941827371194,2022.0320087361795,190.53741278125543,190.28803269252904,1.000000004858041,1.000000004658475,0.25730541275148644,0.25684900826615564,1.9071145231919218e-06,2.6202328626823146e-06,143,102,29,55,0,37,1,0.0,0.0,0.0,0.0,0.0,1,0.0,0.0,0.0,0.0,0.0,1,0.0,0.0,0.0,0.0,0.0,1,0.0,0.0,0.0,0.0,0.0,0,0,0,4.606519906474816e-11,3.350975052995864e-11,3.398165438225025e-13,0.0,3.350975052995864e-11,7.652250359655987e-07,5.110184481127433e-07,5.73938700948252e-09,4.767174285533193e-12,5.110184481127433e-07,5.1703798189588874e-09,4.3105319313951895e-09,9.615654489617835e-12,3.3939517862791035e-13,4.3105319313951895e-09,1.0241326315354918e-09,8.926100761308398e-10,2.651535952028295e-12,1.639216540283428e-12,8.926100761308398e-10,,,,,,,,,
2026-03-22T06:16:16Z,test_cases/pglib_opf_case1354_pegase.mat,pglib_opf_case1354_pegase,oracle_ac_primal_dual__Pg,oracle_ac_primal_dual,full,ac_true,1,0,Pg,1,,,optimal,ok,1,10036.029814714131,1248807.958766419,124.43246799945963,0,0.007953882217407227,0.21111488342285156,9.109155178070068,9.32027006149292,9.32027006149292,9.328223943710327,acopf_acdc_paper_study/cases/pglib_opf_case1354_pegase/logs/oracle_ac_primal_dual__Pg.log,0,179,1.5830808199543653e-07,6.714100974085542e-09,4.1439383124952656e-07,1.1966085367330826e-07,1.5830808199543653e-07,8.042,,,8.042,True,100.0,1354,1991,260,260,673,1,259,1094,73059.67,13401.44,128738.6,23037.69,256915.08000000002,-220875.43999999997,1991,0,0,2,1,1258843.9885811764,74562.5183164429,16060.194238708234,0.9905275995382312,1.1034795777153417,1.071315629910769,0.02273566654996236,-0.7323826186548825,0.10061888956989663,-0.2534903425107663,0.14143818722534363,2063.9941827244043,2022.0320087360765,190.5374265601725,190.28804645899666,1.0000000048580502,1.0000000046561934,0.2573054406601209,0.25684903614994337,1.907030537040555e-06,2.618949622501532e-06,143,102,29,55,0,36,1,0.0,0.0,0.0,0.0,0.0,0,,,,,,0,,,,,,0,,,,,,1,1,1,3.27093527260745e-07,2.822102355137801e-07,2.214416958457089e-09,7.993605777301127e-15,2.822102355137801e-07,0.00030501467610780726,0.00016993892551180208,2.9294529162274186e-06,3.5531866338089912e-09,0.00016993892551180208,2.501919243737109e-06,1.9364213910133543e-06,4.351935943322689e-09,2.425517564574875e-10,1.9364213910133543e-06,4.6971554217100063e-07,3.4963964165579675e-07,1.999755016322692e-09,1.5117525009600286e-09,3.4963964165579675e-07,,,,,,,,,
2026-03-22T06:16:32Z,test_cases/pglib_opf_case1354_pegase.mat,pglib_opf_case1354_pegase,oracle_ac_primal_dual__Qg,oracle_ac_primal_dual,full,ac_true,1,0,Qg,1,,,optimal,ok,1,10036.029814714244,1248807.9587664336,124.43246799946108,0,0.007953882217407227,0.39110493659973145,15.650054931640625,16.041159868240356,16.041159868240356,16.049113750457764,acopf_acdc_paper_study/cases/pglib_opf_case1354_pegase/logs/oracle_ac_primal_dual__Qg.log,0,268,1.4916564151282188e-07,6.714082848718883e-09,4.1439383124952656e-07,1.19660875051353e-07,1.4916564151282188e-07,14.525,,,14.525,True,100.0,1354,1991,260,260,673,1,259,1094,73059.67,13401.44,128738.6,23037.69,256915.08000000002,-220875.43999999997,1991,0,0,2,1,1258843.988581191,74562.51831646112,16060.194238262562,0.990527599539301,1.1034795776148199,1.071315629915013,0.02273566655265086,-0.7323826186347471,0.10061888959522836,-0.2534903425346016,0.1414381872432218,2063.9941827249404,2022.0320087360776,190.5374265614239,190.2880464602967,1.0000000048580509,1.0000000046562767,0.2573054406650875,0.2568490361549119,1.9070143082444702e-06,2.618996461478673e-06,143,102,29,55,0,36,0,,,,,,1,0.0,0.0,0.0,0.0,0.0,0,,,,,,0,,,,,,1,1,1,3.05807059150046e-07,2.639231871937042e-07,2.0706528904320467e-09,7.66053886991358e-15,2.639231871937042e-07,0.00030501460065426097,0.00016993891258190274,2.9287020433502895e-06,3.2936685739892724e-09,0.00016993891258190274,2.5019065519098013e-06,1.9364234087326793e-06,4.339174391372928e-09,2.2765644924760409e-10,1.9364234087326793e-06,4.6924204501734527e-07,3.4962040026953467e-07,1.933200749909258e-09,1.4583686341884672e-09,3.4962040026953467e-07,,,,,,,,,
2026-03-22T06:16:48Z,test_cases/pglib_opf_case1354_pegase.mat,pglib_opf_case1354_pegase,oracle_ac_primal_dual__Vm,oracle_ac_primal_dual,full,ac_true,1,0,Vm,1,,,maxIterations,warning,0,10001.083252974033,,,,0.007953882217407227,0.24412322044372559,15.156986951828003,15.401110172271729,15.401110172271729,15.409064054489136,acopf_acdc_paper_study/cases/pglib_opf_case1354_pegase/logs/oracle_ac_primal_dual__Vm.log,1,300,1646.6221767055517,0.3246410935147616,1.8709453541987386e-07,6.353224672744293,1646.6221767055517,13.074,,,13.074,False,100.0,1354,1991,260,260,673,1,259,1094,73059.67,13401.44,128738.6,23037.69,256915.08000000002,-220875.43999999997,1991,0,0,2,1,,,,,,,,,,,,,,,,,,,,,,,,,,,,0,,,,,,0,,,,,,1,0.0,0.0,0.0,0.0,0.0,0,,,,,,1,1,1,,,,,,,,,,,,,,,,,,,,,,,,,,,,,
2026-03-22T06:16:59Z,test_cases/pglib_opf_case1354_pegase.mat,pglib_opf_case1354_pegase,oracle_ac_primal_dual__Va,oracle_ac_primal_dual,full,ac_true,1,0,Va,1,,,optimal,ok,1,10036.02981471417,1248807.9587664239,124.43246799946012,0,0.007953882217407227,0.43503403663635254,10.582972049713135,11.018006086349487,11.018006086349487,11.025959968566895,acopf_acdc_paper_study/cases/pglib_opf_case1354_pegase/logs/oracle_ac_primal_dual__Va.log,0,224,1.5016594372426195e-07,6.714052177506785e-09,4.1439383124952656e-07,1.1966096493281923e-07,1.5016594372426195e-07,9.515,,,9.515,False,100.0,1354,1991,260,260,673,1,259,1094,73059.67,13401.44,128738.6,23037.69,256915.08000000002,-220875.43999999997,1991,0,0,2,1,1258843.9885811813,74562.51831645721,16060.194238141674,0.9905275995399037,1.103479577606085,1.0713156299170614,0.022735666550802877,-0.7323826186127155,0.10061888960442576,-0.25349034251649505,0.14143818724210233,2063.9941827251896,2022.0320087360765,190.537426562384,190.28804646125153,1.0000000048580502,1.0000000046562918,0.25730544066596545,0.2568490361557198,1.9070069470217277e-06,2.6190049311480834e-06,143,102,29,55,0,36,0,,,,,,0,,,,,,0,,,,,,1,0.0,0.0,0.0,0.0,0.0,1,1,1,3.0486953956084134e-07,2.6311653467114837e-07,2.0645490452525015e-09,7.66053886991358e-15,2.6311653467114837e-07,0.0003050107374048483,0.0001699389283101977,2.9287471135995965e-06,3.297027748039305e-09,0.0001699389283101977,2.501946318657823e-06,1.936431873739153e-06,4.343409985769072e-09,2.2413504385809802e-10,1.936431873739153e-06,4.693016563566817e-07,3.4964012451954574e-07,1.9424272596407535e-09,1.4755695554313775e-09,3.4964012451954574e-07,,,,,,,,,
2026-03-22T06:17:11Z,test_cases/pglib_opf_case1354_pegase.mat,pglib_opf_case1354_pegase,oracle_ac_primal_dual__Pg_Qg,oracle_ac_primal_dual,full,ac_true,1,0,Pg+Qg,2,,,optimal,ok,1,10036.029814713875,1248807.958766387,124.43246799945645,0,0.007953882217407227,0.3912618160247803,12.180169105529785,12.571430921554565,12.571430921554565,12.579384803771973,acopf_acdc_paper_study/cases/pglib_opf_case1354_pegase/logs/oracle_ac_primal_dual__Pg_Qg.log,0,215,1.7139544189163563e-07,6.714105516567384e-09,4.1439383124952656e-07,1.1966082428156884e-07,1.7139544189163563e-07,11.114,,,11.114,True,100.0,1354,1991,260,260,673,1,259,1094,73059.67,13401.44,128738.6,23037.69,256915.08000000002,-220875.43999999997,1991,0,0,2,1,1258843.9885811445,74562.5183164163,16060.194239347391,0.990527599536726,1.103479577859993,1.0713156299047246,0.022735666546116595,-0.7323826186838022,0.10061888953344808,-0.25349034247641583,0.141438187199598,2063.994182723623,2022.0320087360753,190.5374265583852,190.28804645713998,1.0000000048580502,1.000000004656088,0.257305440652984,0.2568490361428047,1.9070549512889556e-06,2.618890277972241e-06,143,102,29,55,0,36,1,0.0,0.0,0.0,0.0,0.0,1,0.0,0.0,0.0,0.0,0.0,0,,,,,,0,,,,,,1,1,1,3.577328296531908e-07,3.0852787424873185e-07,2.4212986651270538e-09,8.548717289613705e-15,3.0852787424873185e-07,0.0003050148329051761,0.00016993894307582307,2.9305369870273487e-06,3.732978592907443e-09,0.00016993894307582307,2.5019382662092013e-06,1.9364186241155323e-06,4.370467246845403e-09,2.462360315647061e-10,1.9364186241155323e-06,4.704407575267593e-07,3.4966738665653807e-07,2.0956877439590077e-09,1.5959852883717929e-09,3.4966738665653807e-07,,,,,,,,,
2026-03-22T06:17:25Z,test_cases/pglib_opf_case1354_pegase.mat,pglib_opf_case1354_pegase,oracle_ac_primal_dual__Pg_Vm,oracle_ac_primal_dual,full,ac_true,1,0,Pg+Vm,2,,,optimal,ok,1,10036.029814713791,1248807.958766377,124.43246799945545,0,0.007953882217407227,0.41443395614624023,13.4588942527771,13.87332820892334,13.87332820892334,13.881282091140747,acopf_acdc_paper_study/cases/pglib_opf_case1354_pegase/logs/oracle_ac_primal_dual__Pg_Vm.log,0,248,1.8004699681325156e-07,6.714119898509202e-09,4.1439383124952656e-07,1.1966080605133344e-07,1.8004699681325156e-07,12.325,,,12.325,False,100.0,1354,1991,260,260,673,1,259,1094,73059.67,13401.44,128738.6,23037.69,256915.08000000002,-220875.43999999997,1991,0,0,2,1,1258843.9885811345,74562.5183163987,16060.194239779028,0.9905275995355225,1.1034795779572217,1.0713156299006803,0.02273566654360851,-0.7323826187033963,0.10061888950882411,-0.2534903424532606,0.1414381871822423,2063.994182723139,2022.0320087360747,190.53742655716925,190.28804645587806,1.0000000048580502,1.0000000046560127,0.2573054406482316,0.25684903613804966,1.907071094819912e-06,2.6188479864686087e-06,143,102,29,55,0,36,1,0.0,0.0,0.0,0.0,0.0,0,,,,,,1,0.0,0.0,0.0,0.0,0.0,0,,,,,,1,1,1,3.7840193743903273e-07,3.2627802892815083e-07,2.5608547262435475e-09,8.881784197001252e-15,3.2627802892815083e-07,0.0003050150397967725,0.00016993895370001166,2.9312931316022794e-06,3.911930779310069e-09,0.00016993895370001166,2.501951649975364e-06,1.9364169199231895e-06,4.382997710792337e-09,2.604504389935869e-10,1.9364169199231895e-06,4.7095878828717437e-07,3.4968612289132395e-07,2.16046439403956e-09,1.6529081436900128e-09,3.4968612289132395e-07,,,,,,,,,
2026-03-22T06:17:31Z,test_cases/pglib_opf_case1354_pegase.mat,pglib_opf_case1354_pegase,oracle_ac_primal_dual__Pg_Va,oracle_ac_primal_dual,full,ac_true,1,0,Pg+Va,2,,,optimal,ok,1,10036.029814714251,1248807.9587664343,124.43246799946115,0,0.007953882217407227,0.21585297584533691,5.103851079940796,5.319704055786133,5.319704055786133,5.32765793800354,acopf_acdc_paper_study/cases/pglib_opf_case1354_pegase/logs/oracle_ac_primal_dual__Pg_Va.log,0,93,1.4916451885700784e-07,6.714096954189147e-09,4.1439383124952656e-07,1.1966087935276234e-07,1.4916451885700784e-07,4.026,,,4.026,False,100.0,1354,1991,260,260,673,1,259,1094,73059.67,13401.44,128738.6,23037.69,256915.08000000002,-220875.43999999997,1991,0,0,2,1,1258843.9885811917,74562.51831646114,16060.194238261067,0.990527599539124,1.1034795776139994,1.071315629915044,0.022735666552755936,-0.7323826186348266,0.10061888959518811,-0.25349034253469704,0.14143818724325016,2063.994182724988,2022.032008736077,190.53742656135637,190.28804646022994,1.0000000048580506,1.0000000046562711,0.25730544066514277,0.25684903615496646,1.907014762991821e-06,2.6189933919340547e-06,143,102,29,55,0,36,1,0.0,0.0,0.0,0.0,0.0,0,,,,,,0,,,,,,1,0.0,0.0,0.0,0.0,0.0,1,1,1,3.057973332045583e-07,2.639147602678804e-07,2.0705934071970514e-09,7.66053886991358e-15,2.639147602678804e-07,0.00030501485309681546,0.00016993895599908362,2.928712412257735e-06,3.315117173829929e-09,0.00016993895599908362,2.5019064495760943e-06,1.9364236805152757e-06,4.3390496625718674e-09,2.276125954381314e-10,1.9364236805152757e-06,4.6924160022729565e-07,3.4962036468688673e-07,1.9331134540923983e-09,1.4582110657856973e-09,3.4962036468688673e-07,,,,,,,,,
2026-03-22T06:17:47Z,test_cases/pglib_opf_case1354_pegase.mat,pglib_opf_case1354_pegase,oracle_ac_primal_dual__Qg_Vm,oracle_ac_primal_dual,full,ac_true,1,0,Qg+Vm,2,,,maxIterations,warning,0,9957.6848904877,,,,0.007953882217407227,0.3913228511810303,15.628197193145752,16.019520044326782,16.019520044326782,16.02747392654419,acopf_acdc_paper_study/cases/pglib_opf_case1354_pegase/logs/oracle_ac_primal_dual__Qg_Vm.log,1,300,4726.974704688064,0.9330133903048281,3.561721868550194e-07,20.119848088334262,4726.974704688064,14.507,,,14.507,False,100.0,1354,1991,260,260,673,1,259,1094,73059.67,13401.44,128738.6,23037.69,256915.08000000002,-220875.43999999997,1991,0,0,2,1,,,,,,,,,,,,,,,,,,,,,,,,,,,,0,,,,,,1,0.0,0.0,0.0,0.0,0.0,1,0.0,0.0,0.0,0.0,0.0,0,,,,,,1,1,1,,,,,,,,,,,,,,,,,,,,,,,,,,,,,
2026-03-22T06:18:03Z,test_cases/pglib_opf_case1354_pegase.mat,pglib_opf_case1354_pegase,oracle_ac_primal_dual__Qg_Va,oracle_ac_primal_dual,full,ac_true,1,0,Qg+Va,2,,,optimal,ok,1,10036.029814714215,1248807.95876643,124.43246799946071,0,0.007953882217407227,0.2167339324951172,15.731276035308838,15.948009967803955,15.948009967803955,15.955963850021362,acopf_acdc_paper_study/cases/pglib_opf_case1354_pegase/logs/oracle_ac_primal_dual__Qg_Va.log,0,299,1.4946250652002143e-07,6.714059398184834e-09,4.1439383124952656e-07,1.1966099287804454e-07,1.4946250652002143e-07,14.566,,,14.566,False,100.0,1354,1991,260,260,673,1,259,1094,73059.67,13401.44,128738.6,23037.69,256915.08000000002,-220875.43999999997,1991,0,0,2,1,1258843.9885811873,74562.51831645673,16060.194238118751,0.9905275995400501,1.1034795776047517,1.0713156299175155,0.02273566655051283,-0.732382618608538,0.10061888960618637,-0.2534903425130233,0.141438187241882,2063.9941827252287,2022.032008736077,190.53742656255028,190.2880464614173,1.0000000048580524,1.000000004656284,0.25730544066608635,0.25684903615582994,1.9070158714384888e-06,2.6190004973614123e-06,143,102,29,55,0,36,0,,,,,,1,0.0,0.0,0.0,0.0,0.0,0,,,,,,1,0.0,0.0,0.0,0.0,0.0,1,1,1,3.0470583099377886e-07,2.629746541638056e-07,2.063489799459389e-09,7.627711551143392e-15,2.629746541638056e-07,0.0003050099431631395,0.0001699389197800476,2.928751540477574e-06,3.2837496194426663e-09,0.0001699389197800476,2.501953896403148e-06,1.9364346655059705e-06,4.344174953621797e-09,2.2555257661593942e-10,1.9364346655059705e-06,4.693136379204074e-07,3.496440530992295e-07,1.944231932036022e-09,1.476116368026581e-09,3.496440530992295e-07,,,,,,,,,
2026-03-22T06:18:17Z,test_cases/pglib_opf_case1354_pegase.mat,pglib_opf_case1354_pegase,oracle_ac_primal_dual__Vm_Va,oracle_ac_primal_dual,full,ac_true,1,0,Vm+Va,2,,,optimal,ok,1,10036.029814714213,1248807.9587664297,124.4324679994607,0,0.007953882217407227,0.6631560325622559,14.086150169372559,14.749306201934814,14.749306201934814,14.757260084152222,acopf_acdc_paper_study/cases/pglib_opf_case1354_pegase/logs/oracle_ac_primal_dual__Vm_Va.log,0,283,1.4959630156052897e-07,6.714082530397125e-09,4.1439383124952656e-07,1.1966092861054434e-07,1.4959630156052897e-07,12.207,,,12.207,False,100.0,1354,1991,260,260,673,1,259,1094,73059.67,13401.44,128738.6,23037.69,256915.08000000002,-220875.43999999997,1991,0,0,2,1,1258843.988581187,74562.5183164589,16060.1942381924,0.9905275995396038,1.1034795776093733,1.0713156299162057,0.02273566655161246,-0.7323826186220533,0.1006188896005641,-0.25349034252423874,0.1414381872426199,2063.9941827251087,2022.0320087360772,190.5374265619341,190.28804646080417,1.0000000048580504,1.0000000046562842,0.25730544066560296,0.25684903615538696,1.9070115797603648e-06,2.619000667891669e-06,143,102,29,55,0,36,0,,,,,,0,,,,,,1,0.0,0.0,0.0,0.0,0.0,1,0.0,0.0,0.0,0.0,0.0,1,1,1,3.052260257509649e-07,2.6342290904146637e-07,2.0668616161066774e-09,7.66053886991358e-15,2.6342290904146637e-07,0.00030501237920826127,0.0001699389199548674,2.928730668790515e-06,3.299414678969992e-09,0.0001699389199548674,2.501929402540045e-06,1.9364284764566975e-06,4.341538409512223e-09,2.2672397292922142e-10,1.9364284764566975e-06,4.692752804107927e-07,3.496317240447855e-07,1.9383710799313552e-09,1.467345328576286e-09,3.496317240447855e-07,,,,,,,,,
2026-03-22T06:18:31Z,test_cases/pglib_opf_case1354_pegase.mat,pglib_opf_case1354_pegase,oracle_ac_primal_dual__Pg_Qg_Vm,oracle_ac_primal_dual,full,ac_true,1,0,Pg+Qg+Vm,3,,,optimal,ok,1,10036.029814714046,1248807.9587664083,124.43246799945855,0,0.007953882217407227,0.4041709899902344,13.302544116973877,13.706715106964111,13.706715106964111,13.714668989181519,acopf_acdc_paper_study/cases/pglib_opf_case1354_pegase/logs/oracle_ac_primal_dual__Pg_Qg_Vm.log,0,242,1.6214161670903125e-07,6.714110232304733e-09,4.1439383124952656e-07,1.1966085001422077e-07,1.6214161670903125e-07,11.234,,,11.234,True,100.0,1354,1991,260,260,673,1,259,1094,73059.67,13401.44,128738.6,23037.69,256915.08000000002,-220875.43999999997,1991,0,0,2,1,1258843.9885811657,74562.5183164351,16060.194238896142,0.9905275995376128,1.103479577757132,1.0713156299089313,0.02273566654882283,-0.7323826186634109,0.10061888955924737,-0.2534903425008096,0.14143818721785897,2063.9941827242164,2022.0320087360765,190.5374265595692,190.2880464583727,1.0000000048580502,1.0000000046561601,0.25730544065807853,0.25684903614789656,1.9070376993113314e-06,2.618930807329889e-06,143,102,29,55,0,36,1,0.0,0.0,0.0,0.0,0.0,1,0.0,0.0,0.0,0.0,0.0,1,0.0,0.0,0.0,0.0,0.0,0,,,,,,1,1,1,3.3600821779408406e-07,2.898688643560021e-07,2.274626836583647e-09,8.12110054186752e-15,2.898688643560021e-07,0.00030501481832671156,0.00016993893077203205,2.9297836621696036e-06,3.6231548317111617e-09,0.00016993893077203205,2.5019259123422967e-06,1.936420871206934e-06,4.3574261680426405e-09,2.468457660498302e-10,1.936420871206934e-06,4.699210711775544e-07,3.496477214703919e-07,2.027632813550524e-09,1.5389683555300238e-09,3.496477214703919e-07,,,,,,,,,
2026-03-22T06:18:39Z,test_cases/pglib_opf_case1354_pegase.mat,pglib_opf_case1354_pegase,oracle_ac_primal_dual__Pg_Qg_Va,oracle_ac_primal_dual,full,ac_true,1,0,Pg+Qg+Va,3,,,optimal,ok,1,10036.029814714257,1248807.958766435,124.43246799946122,0,0.007953882217407227,0.40523695945739746,7.548472881317139,7.953709840774536,7.953709840774536,7.961663722991943,acopf_acdc_paper_study/cases/pglib_opf_case1354_pegase/logs/oracle_ac_primal_dual__Pg_Qg_Va.log,0,109,1.4934511037520547e-07,6.714083514093756e-09,4.1439383124952656e-07,1.1966087968304447e-07,1.4934511037520547e-07,6.471,,,6.471,True,100.0,1354,1991,260,260,673,1,259,1094,73059.67,13401.44,128738.6,23037.69,256915.08000000002,-220875.43999999997,1991,0,0,2,1,1258843.9885811924,74562.51831646133,16060.194238266075,0.9905275995391193,1.1034795776139588,1.0713156299149278,0.022735666552744643,-0.7323826186354537,0.10061888959495402,-0.2534903425353212,0.14143818724332616,2063.994182724976,2022.032008736076,190.5374265613485,190.2880464602218,1.000000004858051,1.0000000046562718,0.25730544066513283,0.256849036154957,1.9070119776642969e-06,2.618993732994568e-06,143,102,29,55,0,36,1,0.0,0.0,0.0,0.0,0.0,1,0.0,0.0,0.0,0.0,0.0,0,,,,,,1,0.0,0.0,0.0,0.0,0.0,1,1,1,3.057719108174542e-07,2.638928841003363e-07,2.0704127424254986e-09,7.66053886991358e-15,2.638928841003363e-07,0.00030501471944235285,0.00016993894397031436,2.928703447904049e-06,3.3155127671102846e-09,0.00016993894397031436,2.5019058755484068e-06,1.936423471349258e-06,4.338976086353715e-09,2.2766699636633803e-10,1.936423471349258e-06,4.6923847585898375e-07,3.4961970882263493e-07,1.9326576637397424e-09,1.457475543031883e-09,3.4961970882263493e-07,,,,,,,,,
2026-03-22T06:18:44Z,test_cases/pglib_opf_case1354_pegase.mat,pglib_opf_case1354_pegase,oracle_ac_primal_dual__Pg_Vm_Va,oracle_ac_primal_dual,full,ac_true,1,0,Pg+Vm+Va,3,,,optimal,ok,1,10036.029814714237,1248807.9587664327,124.432467999461,0,0.007953882217407227,0.42654991149902344,4.259032726287842,4.685582637786865,4.685582637786865,4.6935365200042725,acopf_acdc_paper_study/cases/pglib_opf_case1354_pegase/logs/oracle_ac_primal_dual__Pg_Vm_Va.log,0,73,1.494552588669087e-07,6.714082747020719e-09,4.1439383124952656e-07,1.1966087433387037e-07,1.494552588669087e-07,3.176,,,3.176,False,100.0,1354,1991,260,260,673,1,259,1094,73059.67,13401.44,128738.6,23037.69,256915.08000000002,-220875.43999999997,1991,0,0,2,1,1258843.9885811901,74562.51831646009,16060.194238297641,0.9905275995391046,1.1034795776194946,1.071315629914793,0.022735666552764853,-0.7323826186358057,0.10061888959380083,-0.2534903425333986,0.1414381872422508,2063.9941827249604,2022.0320087360776,190.53742656116046,190.28804646004167,1.0000000048580504,1.000000004656268,0.2573054406646788,0.25684903615452503,1.907012716628742e-06,2.618991572944651e-06,143,102,29,55,0,36,1,0.0,0.0,0.0,0.0,0.0,0,,,,,,1,0.0,0.0,0.0,0.0,0.0,1,0.0,0.0,0.0,0.0,0.0,1,1,1,3.069610808175693e-07,2.649137610388763e-07,2.0784454264277317e-09,7.66053886991358e-15,2.649137610388763e-07,0.0003050145298584466,0.0001699389130354657,2.9287784159502795e-06,3.320358349379049e-09,0.0001699389130354657,2.501907027332036e-06,1.936423343229521e-06,4.340127979229891e-09,2.2860557891135613e-10,1.936423343229521e-06,4.6926742184493483e-07,3.496213946407867e-07,1.93688505320229e-09,1.4596766573227171e-09,3.496213946407867e-07,,,,,,,,,
2026-03-22T06:19:00Z,test_cases/pglib_opf_case1354_pegase.mat,pglib_opf_case1354_pegase,oracle_ac_primal_dual__Qg_Vm_Va,oracle_ac_primal_dual,full,ac_true,1,0,Qg+Vm+Va,3,,,maxIterations,warning,0,10107.616654461051,,,,0.007953882217407227,0.4161348342895508,15.759718894958496,16.175853729248047,16.175853729248047,16.183807611465454,acopf_acdc_paper_study/cases/pglib_opf_case1354_pegase/logs/oracle_ac_primal_dual__Qg_Vm_Va.log,1,300,81.43581935776893,0.4336581491673261,1.4078971588560307e-07,0.2591243396044685,81.43581935776893,14.694,,,14.694,False,100.0,1354,1991,260,260,673,1,259,1094,73059.67,13401.44,128738.6,23037.69,256915.08000000002,-220875.43999999997,1991,0,0,2,1,,,,,,,,,,,,,,,,,,,,,,,,,,,,0,,,,,,1,0.0,0.0,0.0,0.0,0.0,1,0.0,0.0,0.0,0.0,0.0,1,0.0,0.0,0.0,0.0,0.0,1,1,1,,,,,,,,,,,,,,,,,,,,,,,,,,,,,
2026-03-22T06:19:02Z,test_cases/pglib_opf_case1354_pegase.mat,pglib_opf_case1354_pegase,oracle_ac_primal_dual__Pg_Qg_Vm_Va,oracle_ac_primal_dual,full,ac_true,1,0,Pg+Qg+Vm+Va,4,,,optimal,ok,1,10036.029814692603,1248807.958763719,124.4324679991906,0,0.007953882217407227,0.43569111824035645,1.3372488021850586,1.772939920425415,1.772939920425415,1.7808938026428223,acopf_acdc_paper_study/cases/pglib_opf_case1354_pegase/logs/oracle_ac_primal_dual__Pg_Qg_Vm_Va.log,0,4,1.9484417910880803e-07,1.1187152571499881e-08,4.1439383124952656e-07,1.4813987921558578e-07,1.9484417910880803e-07,0.238,,,0.238,False,100.0,1354,1991,260,260,673,1,259,1094,73059.67,13401.44,128738.6,23037.69,256915.08000000002,-220875.43999999997,1991,0,0,2,1,1258843.9885784765,74562.51831629223,16060.194233282518,0.990527599553623,1.1034795778286606,1.0713156277339944,0.022735663795565145,-0.7323826186001262,0.10061888961217544,-0.2534903420062781,0.14143818765626814,2063.994182722491,2022.0320087360317,190.53743896335638,190.28805885965326,1.0000000048580546,1.0000000046555635,0.2573054647454981,0.25684906023160653,1.906953087882357e-06,2.6185952606283536e-06,143,102,29,55,0,36,1,0.0,0.0,0.0,0.0,0.0,1,0.0,0.0,0.0,0.0,0.0,1,0.0,0.0,0.0,0.0,0.0,1,0.0,0.0,0.0,0.0,0.0,1,1,1,3.5446701843406416e-07,3.061299768125636e-07,2.399666432789347e-09,9.603429163007604e-15,3.061299768125636e-07,0.0005483412943420037,0.00030524840302512753,4.7900987601960126e-06,3.881645962988678e-09,0.00030524840302512753,4.575808247011667e-06,3.6449968388030385e-06,6.682567427286613e-09,2.625195616445808e-10,3.6449968388030385e-06,8.571866368101696e-07,6.57348072113928e-07,2.5536405343517277e-09,1.6876204600446698e-09,6.57348072113928e-07,,,,,,,,,
2026-03-22T06:19:12Z,test_cases/pglib_opf_case1354_pegase.mat,pglib_opf_case1354_pegase,oracle_ac_constraint_dual__Pg,oracle_ac_constraint_dual,constraint_only,ac_true,1,0,Pg,1,,,optimal,ok,1,10036.02981471399,1248807.9587664017,124.43246799945791,0,0.007953882217407227,0.28391194343566895,9.918669700622559,10.202581644058228,10.202581644058228,10.210535526275635,acopf_acdc_paper_study/cases/pglib_opf_case1354_pegase/logs/oracle_ac_constraint_dual__Pg.log,0,157,1.4938014051137238e-07,6.7147103758290194e-09,4.1439383124952656e-07,1.1966383896559278e-07,1.4938014051137238e-07,8.62,,,8.62,True,100.0,1354,1991,260,260,673,1,259,1094,73059.67,13401.44,128738.6,23037.69,256915.08000000002,-220875.43999999997,1991,0,0,2,1,1258843.9885811592,74562.51831646138,16060.19423847802,0.9905275995392854,1.1034795776169088,1.0713156299069635,0.022735666545116485,-0.7323826186374968,0.10061888960149538,-0.2534903425361462,0.1414381872434203,2063.9941827249354,2022.032008736077,190.53742654549436,190.28804644434584,1.0000000048580502,1.000000004656279,0.2573054406258249,0.25684903611556315,1.9070139956056664e-06,2.6189976551904692e-06,143,102,29,55,0,36,1,0.0,0.0,0.0,0.0,0.0,0,,,,,,0,,,,,,0,,,,,,1,1,0,3.0615014862033467e-07,2.6423441912282186e-07,2.0731180056266916e-09,7.66053886991358e-15,2.6423441912282186e-07,0.00030517501921785304,0.00017002078193003407,2.933397646559979e-06,3.2981591624459128e-09,0.00017002078193003407,2.502604796921756e-06,1.9366099222040134e-06,4.3500454307936285e-09,2.2802526533638456e-10,1.9366099222040134e-06,4.693733535749476e-07,3.496544637993093e-07,1.9353371466469266e-09,1.4586462315779869e-09,3.496544637993093e-07,,,,,,,,,
2026-03-22T06:19:24Z,test_cases/pglib_opf_case1354_pegase.mat,pglib_opf_case1354_pegase,oracle_ac_constraint_dual__Qg,oracle_ac_constraint_dual,constraint_only,ac_true,1,0,Qg,1,,,optimal,ok,1,10036.02981471424,1248807.958766433,124.43246799946102,0,0.007953882217407227,0.41730690002441406,11.728464126586914,12.145771026611328,12.145771026611328,12.153724908828735,acopf_acdc_paper_study/cases/pglib_opf_case1354_pegase/logs/oracle_ac_constraint_dual__Qg.log,0,196,1.496781987004515e-07,6.715122173378205e-09,4.1439383124952656e-07,1.1966695571980064e-07,1.496781987004515e-07,10.639,,,10.639,True,100.0,1354,1991,260,260,673,1,259,1094,73059.67,13401.44,128738.6,23037.69,256915.08000000002,-220875.43999999997,1991,0,0,2,1,1258843.9885811904,74562.51831646015,16060.194238298895,0.9905275995393201,1.103479577620169,1.0713156299133781,0.02273566655082083,-0.7323826186355965,0.10061888959431496,-0.253490342532978,0.1414381872425203,2063.994182724921,2022.0320087360765,190.5374265661273,190.2880464649963,1.000000004858051,1.0000000046562698,0.257305440677201,0.25684903616702087,1.907014762991821e-06,2.6189925392827718e-06,143,102,29,55,0,36,0,,,,,,1,0.0,0.0,0.0,0.0,0.0,0,,,,,,0,,,,,,1,1,0,3.0694424714206984e-07,2.649010291122522e-07,2.0783488309707026e-09,7.66053886991358e-15,2.649010291122522e-07,0.00030514108502181976,0.0001700312365093932,2.9299013601374594e-06,3.3039720404026696e-09,0.0001700312365093932,2.502722407024015e-06,1.9368079078319056e-06,4.341771104468584e-09,2.2833923640774856e-10,1.9368079078319056e-06,4.6942627517099496e-07,3.496910631894945e-07,1.9371881011046813e-09,1.4602400677521388e-09,3.496910631894945e-07,,,,,,,,,
2026-03-22T06:19:32Z,test_cases/pglib_opf_case1354_pegase.mat,pglib_opf_case1354_pegase,oracle_ac_constraint_dual__Vm,oracle_ac_constraint_dual,constraint_only,ac_true,1,0,Vm,1,,,optimal,ok,1,10036.029814714033,1248807.9587664069,124.43246799945842,0,0.007953882217407227,0.44026684761047363,7.67296290397644,8.113229751586914,8.113229751586914,8.121183633804321,acopf_acdc_paper_study/cases/pglib_opf_case1354_pegase/logs/oracle_ac_constraint_dual__Vm.log,0,153,1.5078165836783873e-07,6.7140625691509276e-09,4.1439383124952656e-07,1.1966080217504822e-07,1.5078165836783873e-07,6.579,,,6.579,False,100.0,1354,1991,260,260,673,1,259,1094,73059.67,13401.44,128738.6,23037.69,256915.08000000002,-220875.43999999997,1991,0,0,2,1,1258843.9885811643,74562.51831645524,16060.194238581866,0.9905275995394803,1.1034795776548028,1.07131562991621,0.02273566655614455,-0.7323826186520106,0.10061888959152832,-0.2534903425321819,0.1414381872367196,2063.994182724547,2022.0320087360776,190.5374265571192,190.28804645639505,1.0000000048580502,1.0000000046562052,0.25730544065974176,0.25684903615004034,1.9069983068220608e-06,2.6189563300249574e-06,143,102,29,55,0,36,0,,,,,,0,,,,,,1,0.0,0.0,0.0,0.0,0.0,0,,,,,,1,1,0,3.1485610527581437e-07,2.7172910932460326e-07,2.131917127812372e-09,7.771561172376096e-15,2.7172910932460326e-07,0.00030500878325467954,0.00016993853191259222,2.9297992617706997e-06,3.4203636589680286e-09,0.00016993853191259222,2.5018743411758497e-06,1.936418306147658e-06,4.348199624912273e-09,2.343072402766211e-10,1.936418306147658e-06,4.694405884946955e-07,3.496270080116659e-07,1.9618986026765013e-09,1.4752715993271437e-09,3.496270080116659e-07,,,,,,,,,
2026-03-22T06:19:39Z,test_cases/pglib_opf_case1354_pegase.mat,pglib_opf_case1354_pegase,oracle_ac_constraint_dual__Va,oracle_ac_constraint_dual,constraint_only,ac_true,1,0,Va,1,,,optimal,ok,1,10036.02981471404,1248807.9587664073,124.43246799945847,0,0.007953882217407227,0.3924591541290283,6.722783088684082,7.11524224281311,7.11524224281311,7.123196125030518,acopf_acdc_paper_study/cases/pglib_opf_case1354_pegase/logs/oracle_ac_constraint_dual__Va.log,0,98,1.564368965894135e-07,6.714652567470225e-09,4.1439383124952656e-07,1.196649887903399e-07,1.564368965894135e-07,4.706,,,4.706,False,100.0,1354,1991,260,260,673,1,259,1094,73059.67,13401.44,128738.6,23037.69,256915.08000000002,-220875.43999999997,1991,0,0,2,1,1258843.9885811647,74562.51831643656,16060.194238189995,0.9905275995409456,1.1034795776556112,1.0713156299173798,0.02273566654301569,-0.7323826185748636,0.10061888960882524,-0.2534903424580845,0.1414381872276061,2063.994182725317,2022.0320087360747,190.53742656746,190.2880464662753,1.000000004858051,1.0000000046562594,0.2573054406740606,0.2568490361636422,1.9070361076956033e-06,2.618986684410629e-06,143,102,29,55,0,36,0,,,,,,0,,,,,,0,,,,,,1,0.0,0.0,0.0,0.0,0.0,1,1,0,3.170269279613376e-07,2.7355760057190537e-07,2.1471975050581662e-09,7.882583474838611e-15,2.7355760057190537e-07,0.0003050843992491323,0.00016999899954658285,2.930079869840655e-06,3.4532224857386495e-09,0.00016999899954658285,2.5025799018490525e-06,1.936693467818884e-06,4.364790771307631e-09,2.2951796019299309e-10,1.936693467818884e-06,4.698644832461884e-07,3.4974259663367313e-07,2.0090650175486363e-09,1.5547351184252989e-09,3.4974259663367313e-07,,,,,,,,,
2026-03-22T06:19:48Z,test_cases/pglib_opf_case1354_pegase.mat,pglib_opf_case1354_pegase,oracle_ac_constraint_dual__Pg_Qg,oracle_ac_constraint_dual,constraint_only,ac_true,1,0,Pg+Qg,2,,,optimal,ok,1,10036.029814713787,1248807.9587663764,124.43246799945538,0,0.007953882217407227,0.43604302406311035,8.003171920776367,8.439214944839478,8.439214944839478,8.447168827056885,acopf_acdc_paper_study/cases/pglib_opf_case1354_pegase/logs/oracle_ac_constraint_dual__Pg_Qg.log,0,155,1.756051095442291e-07,6.714124404561851e-09,4.1439383124952656e-07,1.1966081513793624e-07,1.756051095442291e-07,6.925,,,6.925,True,100.0,1354,1991,260,260,673,1,259,1094,73059.67,13401.44,128738.6,23037.69,256915.08000000002,-220875.43999999997,1991,0,0,2,1,1258843.9885811338,74562.51831640763,16060.194239553553,0.9905275995362384,1.103479577906675,1.071315629902781,0.022735666544878828,-0.7323826186931264,0.10061888952168957,-0.2534903424653124,0.14143818719128665,2063.9941827233697,2022.032008736075,190.5374265578069,190.28804645653952,1.000000004858049,1.0000000046560413,0.25730544065068034,0.2568490361405008,1.9070627388373396e-06,2.6188639594693086e-06,143,102,29,55,0,36,1,0.0,0.0,0.0,0.0,0.0,1,0.0,0.0,0.0,0.0,0.0,0,,,,,,0,,,,,,1,1,0,3.6762610600155915e-07,3.1702451830373235e-07,2.488087807206257e-09,8.773023500425251e-15,3.1702451830373235e-07,0.000305014886336545,0.00016993894850854938,2.9308869432852154e-06,3.807355444807037e-09,0.00016993894850854938,2.5019446079949277e-06,1.9364177645808667e-06,4.376460119874019e-09,2.5346147403126906e-10,1.9364177645808667e-06,4.7068592650973176e-07,3.4967638412597424e-07,2.1267038829009774e-09,1.6232497290769032e-09,3.4967638412597424e-07,,,,,,,,,
2026-03-22T06:19:57Z,test_cases/pglib_opf_case1354_pegase.mat,pglib_opf_case1354_pegase,oracle_ac_constraint_dual__Pg_Vm,oracle_ac_constraint_dual,constraint_only,ac_true,1,0,Pg+Vm,2,,,optimal,ok,1,10036.02981471208,1248807.9587661615,124.43246799943397,0,0.007953882217407227,1.009659767150879,8.355262994766235,9.364922761917114,9.364922761917114,9.372876644134521,acopf_acdc_paper_study/cases/pglib_opf_case1354_pegase/logs/oracle_ac_constraint_dual__Pg_Vm.log,0,148,1.5321962913289737e-07,6.714100562739238e-09,4.1439383124952656e-07,1.196608654175998e-07,1.5321962913289737e-07,6.551,,,6.551,False,100.0,1354,1991,260,260,673,1,259,1094,73059.67,13401.44,128738.6,23037.69,256915.08000000002,-220875.43999999997,1991,0,0,2,1,1258843.9885809189,74562.51831644421,16060.194238365031,0.9905275995386505,1.103479577655247,1.0713156299309163,0.02273566657331642,-0.7323826186433293,0.10061888958519165,-0.2534903425286842,0.14143818723406457,2063.9941827247408,2022.0320087360765,190.53742655325132,190.2880464520234,1.0000000048580497,1.0000000046562387,0.25730544066514477,0.25684903615490606,1.9070214420935372e-06,2.6189751451966004e-06,143,102,29,55,0,36,1,0.0,0.0,0.0,0.0,0.0,0,,,,,,1,0.0,0.0,0.0,0.0,0.0,0,,,,,,1,1,0,3.142959327172709e-07,2.7124587098636965e-07,2.127818516094588e-09,7.78038267786218e-15,2.7124587098636965e-07,0.00030502060831245605,0.00016993891851431182,2.9308504134615167e-06,3.405140835965881e-09,0.00016993891851431182,2.5019758965972465e-06,1.936422496129353e-06,4.3619529860735206e-09,2.3469470811221527e-10,1.936422496129353e-06,4.694636674050498e-07,3.49627754830939e-07,1.9623115447592257e-09,1.4763819056184957e-09,3.49627754830939e-07,,,,,,,,,
2026-03-22T06:20:01Z,test_cases/pglib_opf_case1354_pegase.mat,pglib_opf_case1354_pegase,oracle_ac_constraint_dual__Pg_Va,oracle_ac_constraint_dual,constraint_only,ac_true,1,0,Pg+Va,2,,,optimal,ok,1,10036.029814717162,1248807.9587668,124.43246799949758,0,0.007953882217407227,0.2327890396118164,3.013284921646118,3.2460739612579346,3.2460739612579346,3.254027843475342,acopf_acdc_paper_study/cases/pglib_opf_case1354_pegase/logs/oracle_ac_constraint_dual__Pg_Va.log,0,44,1.3436122928073065e-07,7.229045267129544e-09,4.1439383124952656e-07,1.239241523861189e-07,1.3436122928073065e-07,1.94,,,1.94,False,100.0,1354,1991,260,260,673,1,259,1094,73059.67,13401.44,128738.6,23037.69,256915.08000000002,-220875.43999999997,1991,0,0,2,1,1258843.9885815573,74562.51831651448,16060.194246485451,0.9905275995366567,1.1034795774825528,1.0713156295025015,0.0227356661306828,-0.7323826185403634,0.10061888964782185,-0.25349034248014146,0.14143818723462756,2063.994182727023,2022.0320087360878,190.53742686807556,190.28804676573063,1.0000000048580502,1.0000000046564494,0.257305439373527,0.2568490348593271,1.907011721868912e-06,2.6190936068815063e-06,143,102,29,55,0,36,1,0.0,0.0,0.0,0.0,0.0,0,,,,,,0,,,,,,1,0.0,0.0,0.0,0.0,0.0,1,1,0,2.847922319944057e-07,2.458683188155675e-07,1.929229991144148e-09,7.105427357601002e-15,2.458683188155675e-07,0.0003098129865650518,0.00015994637208957964,2.9992564416603495e-06,2.838910995173194e-09,0.00015994637208957964,2.6699056022680565e-06,2.205221573348126e-06,4.767618670196943e-09,2.525712972101246e-10,2.205221573348126e-06,4.954977867186531e-07,3.978221207734389e-07,1.947865157985613e-09,1.47578066433951e-09,3.978221207734389e-07,,,,,,,,,
2026-03-22T06:20:12Z,test_cases/pglib_opf_case1354_pegase.mat,pglib_opf_case1354_pegase,oracle_ac_constraint_dual__Qg_Vm,oracle_ac_constraint_dual,constraint_only,ac_true,1,0,Qg+Vm,2,,,optimal,ok,1,10036.029814714213,1248807.9587664292,124.43246799946064,0,0.007953882217407227,0.4157750606536865,11.154492139816284,11.57026720046997,11.57026720046997,11.578221082687378,acopf_acdc_paper_study/cases/pglib_opf_case1354_pegase/logs/oracle_ac_constraint_dual__Qg_Vm.log,0,192,1.4875777578031618e-07,6.7140910589482544e-09,4.1439383124952656e-07,1.1966087508454395e-07,1.4875777578031618e-07,10.097,,,10.097,False,100.0,1354,1991,260,260,673,1,259,1094,73059.67,13401.44,128738.6,23037.69,256915.08000000002,-220875.43999999997,1991,0,0,2,1,1258843.9885811866,74562.51831646153,16060.19423827387,0.9905275995399899,1.1034795776132869,1.0713156299146909,0.022735666551849734,-0.7323826186346838,0.1006188895952325,-0.2534903425347662,0.14143818724332227,2063.994182724803,2022.032008736076,190.5374265612391,190.28804646011164,1.0000000048580509,1.0000000046562858,0.25730544066503896,0.25684903615484195,1.9070133419063495e-06,2.6190015773863706e-06,143,102,29,55,0,36,0,,,,,,1,0.0,0.0,0.0,0.0,0.0,1,0.0,0.0,0.0,0.0,0.0,0,,,,,,1,1,0,3.0573968201151207e-07,2.638655730580197e-07,2.0700894363277588e-09,7.66053886991358e-15,2.638655730580197e-07,0.00030501434247581105,0.00016993891102862224,2.928674079727861e-06,3.302595821819132e-09,0.00016993891102862224,2.501908048301516e-06,1.9364234373764333e-06,4.340849205033408e-09,2.2769630625418813e-10,1.9364234373764333e-06,4.692403908689695e-07,3.4962038208963264e-07,1.9329257422231876e-09,1.4582890867087528e-09,3.4962038208963264e-07,,,,,,,,,
2026-03-22T06:20:21Z,test_cases/pglib_opf_case1354_pegase.mat,pglib_opf_case1354_pegase,oracle_ac_constraint_dual__Qg_Va,oracle_ac_constraint_dual,constraint_only,ac_true,1,0,Qg+Va,2,,,optimal,ok,1,10036.029814714188,1248807.9587664264,124.43246799946037,0,0.007953882217407227,0.4099249839782715,8.924047231674194,9.333972215652466,9.333972215652466,9.341926097869873,acopf_acdc_paper_study/cases/pglib_opf_case1354_pegase/logs/oracle_ac_constraint_dual__Qg_Va.log,0,151,1.4950971498689364e-07,6.714069882094581e-09,4.1439383124952656e-07,1.1966099779949486e-07,1.4950971498689364e-07,7.847,,,7.847,False,100.0,1354,1991,260,260,673,1,259,1094,73059.67,13401.44,128738.6,23037.69,256915.08000000002,-220875.43999999997,1991,0,0,2,1,1258843.9885811838,74562.51831645642,16060.194238111597,0.9905275995400675,1.1034795776043151,1.0713156299176847,0.022735666550488663,-0.7323826186073751,0.10061888960668372,-0.25349034251207786,0.14143818724183177,2063.9941827252437,2022.032008736077,190.5374265626013,190.28804646146847,1.0000000048580504,1.0000000046562871,0.25730544066613825,0.2568490361558794,1.907015558799685e-06,2.619002316350816e-06,143,102,29,55,0,36,0,,,,,,1,0.0,0.0,0.0,0.0,0.0,0,,,,,,1,0.0,0.0,0.0,0.0,0.0,1,1,0,3.0465164221293084e-07,2.6292839960806447e-07,2.0631347205653896e-09,7.627320345171672e-15,2.6292839960806447e-07,0.0003050098080697769,0.00016993892059052993,2.9287532267137745e-06,3.281370085372881e-09,0.00016993892059052993,2.5019552642175416e-06,1.936435126026481e-06,4.344332760181345e-09,2.2554447198785965e-10,1.936435126026481e-06,4.6931677003577264e-07,3.496451078111029e-07,1.9447003188688407e-09,1.4771003864488819e-09,3.496451078111029e-07,,,,,,,,,
2026-03-22T06:20:28Z,test_cases/pglib_opf_case1354_pegase.mat,pglib_opf_case1354_pegase,oracle_ac_constraint_dual__Vm_Va,oracle_ac_constraint_dual,constraint_only,ac_true,1,0,Vm+Va,2,,,optimal,ok,1,10036.029814714064,1248807.9587664104,124.43246799945877,0,0.007953882217407227,0.4369320869445801,6.472511053085327,6.909443140029907,6.909443140029907,6.9173970222473145,acopf_acdc_paper_study/cases/pglib_opf_case1354_pegase/logs/oracle_ac_constraint_dual__Vm_Va.log,0,126,1.574556573120776e-07,6.7140701932606045e-09,4.1439383124952656e-07,1.196609222232444e-07,1.574556573120776e-07,5.414,,,5.414,False,100.0,1354,1991,260,260,673,1,259,1094,73059.67,13401.44,128738.6,23037.69,256915.08000000002,-220875.43999999997,1991,0,0,2,1,1258843.9885811678,74562.51831645129,16060.194238238633,0.990527599539808,1.1034795776309116,1.0713156299160589,0.022735666549386926,-0.732382618613857,0.10061888959945206,-0.2534903425067298,0.14143818723713453,2063.9941827250877,2022.032008736076,190.53742656239038,190.288046461241,1.000000004858049,1.0000000046562585,0.25730544066496286,0.256849036154693,1.9069614438649296e-06,2.618986229663278e-06,143,102,29,55,0,36,0,,,,,,0,,,,,,1,0.0,0.0,0.0,0.0,0.0,1,0.0,0.0,0.0,0.0,0.0,1,1,0,3.1034166893289226e-07,2.6782036366412854e-07,2.1015594699430174e-09,7.771561172376096e-15,2.6782036366412854e-07,0.0003050096933057654,0.00016993898980989194,2.928953634483548e-06,3.3220665177080555e-09,0.00016993898980989194,2.501956951749728e-06,1.9364271786059817e-06,4.347991029585147e-09,2.2725621384722672e-10,1.9364271786059817e-06,4.694356296706828e-07,3.496482880172014e-07,1.9618194308216723e-09,1.4913157653229092e-09,3.496482880172014e-07,,,,,,,,,
2026-03-22T06:20:38Z,test_cases/pglib_opf_case1354_pegase.mat,pglib_opf_case1354_pegase,oracle_ac_constraint_dual__Pg_Qg_Vm,oracle_ac_constraint_dual,constraint_only,ac_true,1,0,Pg+Qg+Vm,3,,,optimal,ok,1,10036.029814713844,1248807.9587663831,124.43246799945605,0,0.007953882217407227,0.3913309574127197,9.57925009727478,9.9705810546875,9.9705810546875,9.978534936904907,acopf_acdc_paper_study/cases/pglib_opf_case1354_pegase/logs/oracle_ac_constraint_dual__Pg_Qg_Vm.log,0,161,1.787467461157111e-07,6.714103451053825e-09,4.1439383124952656e-07,1.1966080858737886e-07,1.787467461157111e-07,8.513,,,8.513,False,100.0,1354,1991,260,260,673,1,259,1094,73059.67,13401.44,128738.6,23037.69,256915.08000000002,-220875.43999999997,1991,0,0,2,1,1258843.9885811405,74562.51831640162,16060.194239711615,0.990527599535667,1.1034795779418822,1.0713156299012965,0.02273566654400286,-0.732382618700327,0.10061888951269342,-0.253490342456903,0.14143818718497647,2063.994182723225,2022.0320087360753,190.53742655732407,190.28804645603995,1.0000000048580497,1.000000004656018,0.2573054406489806,0.2568490361387985,1.9070688210831577e-06,2.6188509991698083e-06,143,102,29,55,0,36,1,0.0,0.0,0.0,0.0,0.0,1,0.0,0.0,0.0,0.0,0.0,1,0.0,0.0,0.0,0.0,0.0,0,,,,,,1,1,0,3.7515335722854793e-07,3.234880290303721e-07,2.5389275369553e-09,8.834466970152516e-15,3.234880290303721e-07,0.00030501496247245535,0.00016993895228359476,2.9311677240566756e-06,3.879962684472105e-09,0.00016993895228359476,2.5019495160507264e-06,1.9364171532920693e-06,4.3810139864308e-09,2.585006653177402e-10,1.9364171532920693e-06,4.708757818792985e-07,3.496831871840911e-07,2.1502721702342627e-09,1.64394964308201e-09,3.496831871840911e-07,,,,,,,,,
2026-03-22T06:20:43Z,test_cases/pglib_opf_case1354_pegase.mat,pglib_opf_case1354_pegase,oracle_ac_constraint_dual__Pg_Qg_Va,oracle_ac_constraint_dual,constraint_only,ac_true,1,0,Pg+Qg+Va,3,,,optimal,ok,1,10036.029814713955,1248807.958766397,124.43246799945744,0,0.007953882217407227,0.4427928924560547,4.347151756286621,4.789944648742676,4.789944648742676,4.797898530960083,acopf_acdc_paper_study/cases/pglib_opf_case1354_pegase/logs/oracle_ac_constraint_dual__Pg_Qg_Va.log,0,74,1.4920554560445826e-07,6.7683493258814675e-09,4.1439383124952656e-07,1.2004410456113513e-07,1.4920554560445826e-07,3.27,,,3.27,False,100.0,1354,1991,260,260,673,1,259,1094,73059.67,13401.44,128738.6,23037.69,256915.08000000002,-220875.43999999997,1991,0,0,2,1,1258843.9885811545,74562.51831645935,16060.194238184258,0.9905275995397823,1.1034795776139297,1.0713156298978417,0.0227356665296946,-0.7323826186357725,0.10061888959533964,-0.2534903425318013,0.14143818724465168,2063.994182724759,2022.0320087360772,190.53742664272343,190.28804654160345,1.0000000048580497,1.0000000046562663,0.257305440720205,0.2568490362100428,1.9070145071964362e-06,2.6189906066065305e-06,143,102,29,55,0,36,1,0.0,0.0,0.0,0.0,0.0,1,0.0,0.0,0.0,0.0,0.0,0,,,,,,1,0.0,0.0,0.0,0.0,0.0,1,1,0,3.0585414320253844e-07,2.6396217855939597e-07,2.0708774134143903e-09,7.66053886991358e-15,2.6396217855939597e-07,0.00030647006396868146,0.00017002809900099774,2.9427611641798346e-06,3.301703362101893e-09,0.00017002809900099774,2.5212545490276794e-06,1.960728305716586e-06,4.356746744759866e-09,2.2801016630324966e-10,1.960728305716586e-06,4.7261361920348166e-07,3.539889853187983e-07,1.9364022260392027e-09,1.4565432748803175e-09,3.539889853187983e-07,,,,,,,,,
2026-03-22T06:20:46Z,test_cases/pglib_opf_case1354_pegase.mat,pglib_opf_case1354_pegase,oracle_ac_constraint_dual__Pg_Vm_Va,oracle_ac_constraint_dual,constraint_only,ac_true,1,0,Pg+Vm+Va,3,,,optimal,ok,1,10036.02981471499,1248807.958766527,124.43246799947039,0,0.007953882217407227,0.39548325538635254,2.8694159984588623,3.264899253845215,3.264899253845215,3.272853136062622,acopf_acdc_paper_study/cases/pglib_opf_case1354_pegase/logs/oracle_ac_constraint_dual__Pg_Vm_Va.log,0,41,2.403518673676562e-07,6.64032287597989e-09,4.1439383124952656e-07,1.1943293018671101e-07,2.403518673676562e-07,1.806,,,1.806,False,100.0,1354,1991,260,260,673,1,259,1094,73059.67,13401.44,128738.6,23037.69,256915.08000000002,-220875.43999999997,1991,0,0,2,1,1258843.9885812844,74562.51831675897,16060.194278941708,0.9905275995321671,1.1034795778274675,1.0713156301119373,0.022735667275924357,-0.7323826203334148,0.10061889121641829,-0.253490343871914,0.1414381873181634,2063.9941827168805,2022.0320087360722,190.53742490891332,190.28804488710276,1.0000000048580497,1.0000000046535737,0.25730543819513524,0.2568490337711189,1.9059465614645887e-06,2.617476127397822e-06,143,102,29,55,0,36,1,0.0,0.0,0.0,0.0,0.0,0,,,,,,1,0.0,0.0,0.0,0.0,0.0,1,0.0,0.0,0.0,0.0,0.0,1,1,0,4.2607280356844334e-07,3.6526068203368567e-07,2.877062590490873e-09,7.716050021144838e-15,3.6526068203368567e-07,0.00030185604474252894,0.0001647310546916065,3.2371240301238955e-06,5.387478504981225e-09,0.0001647310546916065,2.4811548735947105e-06,1.9222807805530095e-06,5.881490144737827e-09,3.2921243509065334e-10,1.9222807805530095e-06,4.7459372547323347e-07,3.471374410979333e-07,2.8264256378845933e-09,1.3879117577442202e-09,3.471374410979333e-07,,,,,,,,,
2026-03-22T06:21:04Z,test_cases/pglib_opf_case1354_pegase.mat,pglib_opf_case1354_pegase,oracle_ac_constraint_dual__Qg_Vm_Va,oracle_ac_constraint_dual,constraint_only,ac_true,1,0,Qg+Vm+Va,3,,,maxIterations,warning,0,10150.781252604662,,,,0.007953882217407227,0.42386913299560547,16.790455102920532,17.214324235916138,17.214324235916138,17.222278118133545,acopf_acdc_paper_study/cases/pglib_opf_case1354_pegase/logs/oracle_ac_constraint_dual__Qg_Vm_Va.log,1,300,158.3662918656596,0.001674623182656309,3.4149786642956315e-07,0.0038267462986837247,158.3662918656596,15.712,,,15.712,False,100.0,1354,1991,260,260,673,1,259,1094,73059.67,13401.44,128738.6,23037.69,256915.08000000002,-220875.43999999997,1991,0,0,2,1,,,,,,,,,,,,,,,,,,,,,,,,,,,,0,,,,,,1,0.0,0.0,0.0,0.0,0.0,1,0.0,0.0,0.0,0.0,0.0,1,0.0,0.0,0.0,0.0,0.0,1,1,0,,,,,,,,,,,,,,,,,,,,,,,,,,,,,
2026-03-22T06:21:06Z,test_cases/pglib_opf_case1354_pegase.mat,pglib_opf_case1354_pegase,oracle_ac_constraint_dual__Pg_Qg_Vm_Va,oracle_ac_constraint_dual,constraint_only,ac_true,1,0,Pg+Qg+Vm+Va,4,,,optimal,ok,1,10036.029814714244,1248807.9587664336,124.43246799946108,0,0.007953882217407227,0.42422008514404297,1.499053955078125,1.923274040222168,1.923274040222168,1.9312279224395752,acopf_acdc_paper_study/cases/pglib_opf_case1354_pegase/logs/oracle_ac_constraint_dual__Pg_Qg_Vm_Va.log,0,8,1.4916443359655644e-07,6.7141002576447464e-09,4.1439383124952656e-07,1.196609149252945e-07,1.4916443359655644e-07,0.414,,,0.414,False,100.0,1354,1991,260,260,673,1,259,1094,73059.67,13401.44,128738.6,23037.69,256915.08000000002,-220875.43999999997,1991,0,0,2,1,1258843.988581191,74562.5183164611,16060.19423828719,0.9905275995391554,1.1034795776139394,1.0713156299141422,0.022735666551889706,-0.7323826186343583,0.10061888959525767,-0.25349034253430686,0.1414381872431883,2063.9941827249977,2022.0320087360776,190.53742656134727,190.28804646021567,1.0000000048580513,1.0000000046562771,0.2573054406650712,0.2568490361548804,1.9070143935095984e-06,2.6189966888523486e-06,143,102,29,55,0,36,1,0.0,0.0,0.0,0.0,0.0,1,0.0,0.0,0.0,0.0,0.0,1,0.0,0.0,0.0,0.0,0.0,1,0.0,0.0,0.0,0.0,0.0,1,1,0,3.0579737802778487e-07,2.6391489316157646e-07,2.0705945926766836e-09,7.66053886991358e-15,2.6391489316157646e-07,0.00030501574256210464,0.00016993898461549408,2.9287715641819363e-06,3.310996407601685e-09,0.00016993898461549408,2.5019187749449354e-06,1.936425938042774e-06,4.3401492782928475e-09,2.2760127116328022e-10,1.936425938042774e-06,4.6924308548689747e-07,3.496209312336962e-07,1.93340460283615e-09,1.459191489860956e-09,3.496209312336962e-07,,,,,,,,,
2026-03-22T06:21:19Z,test_cases/pglib_opf_case1354_pegase.mat,pglib_opf_case1354_pegase,oracle_ac_bounds_dual__Pg,oracle_ac_bounds_dual,bounds_only,ac_true,1,0,Pg,1,,,optimal,ok,1,10036.029814714226,1248807.958766431,124.43246799946083,0,0.007953882217407227,0.4213411808013916,12.584893941879272,13.006235122680664,13.006235122680664,13.014189004898071,acopf_acdc_paper_study/cases/pglib_opf_case1354_pegase/logs/oracle_ac_bounds_dual__Pg.log,0,258,1.4934597727604594e-07,6.714090290574175e-09,4.1439383124952656e-07,1.1966088314145882e-07,1.4934597727604594e-07,11.494,,,11.494,True,100.0,1354,1991,260,260,673,1,259,1094,73059.67,13401.44,128738.6,23037.69,256915.08000000002,-220875.43999999997,1991,0,0,2,1,1258843.9885811885,74562.51831646088,16060.194238270105,0.9905275995392653,1.1034795776160158,1.0713156299149404,0.02273566655263752,-0.7323826186350239,0.10061888959490542,-0.2534903425343692,0.14143818724301718,2063.9941827249413,2022.0320087360772,190.53742656140787,190.28804646028001,1.0000000048580506,1.0000000046562711,0.2573054406650266,0.2568490361548511,1.9070150756306248e-06,2.618993278247217e-06,143,102,29,55,0,36,1,0.0,0.0,0.0,0.0,0.0,0,,,,,,0,,,,,,0,,,,,,0,0,1,3.060567358121123e-07,2.64137771543993e-07,2.072343485158535e-09,7.640776569479286e-15,2.64137771543993e-07,0.000305014614759892,0.00016993891509333868,2.928710976164976e-06,3.296287465204273e-09,0.00016993891509333868,2.5019070355029236e-06,1.93642388035542e-06,4.3393088456948864e-09,2.2782231656748309e-10,1.93642388035542e-06,4.6924736318835515e-07,3.496206753550446e-07,1.9339567337287936e-09,1.4585919694276583e-09,3.496206753550446e-07,,,,,,,,,
2026-03-22T06:21:36Z,test_cases/pglib_opf_case1354_pegase.mat,pglib_opf_case1354_pegase,oracle_ac_bounds_dual__Qg,oracle_ac_bounds_dual,bounds_only,ac_true,1,0,Qg,1,,,maxIterations,warning,0,9891.705343807696,,,,0.007953882217407227,1.20774507522583,16.103212118148804,17.310957193374634,17.310957193374634,17.31891107559204,acopf_acdc_paper_study/cases/pglib_opf_case1354_pegase/logs/oracle_ac_bounds_dual__Qg.log,1,300,177.11335301335131,10.466163665233239,0.0,1.1033189679084978,177.11335301335131,14.649,,,14.649,True,100.0,1354,1991,260,260,673,1,259,1094,73059.67,13401.44,128738.6,23037.69,256915.08000000002,-220875.43999999997,1991,0,0,2,1,,,,,,,,,,,,,,,,,,,,,,,,,,,,0,,,,,,1,0.0,0.0,0.0,0.0,0.0,0,,,,,,0,,,,,,0,0,1,,,,,,,,,,,,,,,,,,,,,,,,,,,,,
2026-03-22T06:21:52Z,test_cases/pglib_opf_case1354_pegase.mat,pglib_opf_case1354_pegase,oracle_ac_bounds_dual__Vm,oracle_ac_bounds_dual,bounds_only,ac_true,1,0,Vm,1,,,maxIterations,warning,0,9772.566928793087,,,,0.007953882217407227,0.458892822265625,15.57961916923523,16.038511991500854,16.038511991500854,16.04646587371826,acopf_acdc_paper_study/cases/pglib_opf_case1354_pegase/logs/oracle_ac_bounds_dual__Vm.log,1,300,156.56535584821287,2.5300009000365833,0.0,0.2928793590784441,156.56535584821287,14.502,,,14.502,True,100.0,1354,1991,260,260,673,1,259,1094,73059.67,13401.44,128738.6,23037.69,256915.08000000002,-220875.43999999997,1991,0,0,2,1,,,,,,,,,,,,,,,,,,,,,,,,,,,,0,,,,,,0,,,,,,1,0.0,0.0,0.0,0.0,0.0,0,,,,,,0,0,1,,,,,,,,,,,,,,,,,,,,,,,,,,,,,
2026-03-22T06:22:06Z,test_cases/pglib_opf_case1354_pegase.mat,pglib_opf_case1354_pegase,oracle_ac_bounds_dual__Va,oracle_ac_bounds_dual,bounds_only,ac_true,1,0,Va,1,,,optimal,ok,1,10036.029814714177,1248807.9587664248,124.4324679994602,0,0.007953882217407227,0.4244227409362793,13.09414029121399,13.518563032150269,13.518563032150269,13.526516914367676,acopf_acdc_paper_study/cases/pglib_opf_case1354_pegase/logs/oracle_ac_bounds_dual__Va.log,0,253,1.4979427297932256e-07,6.714071960510146e-09,4.1439383124952656e-07,1.1966093501516814e-07,1.4979427297932256e-07,12.011,,,12.011,False,100.0,1354,1991,260,260,673,1,259,1094,73059.67,13401.44,128738.6,23037.69,256915.08000000002,-220875.43999999997,1991,0,0,2,1,1258843.9885811822,74562.51831645846,16060.194238181779,0.9905275995396503,1.1034795776085107,1.0713156299163729,0.022735666551442043,-0.7323826186200971,0.10061888960138295,-0.2534903425226683,0.1414381872425296,2063.9941827251237,2022.0320087360765,190.53742656204523,190.28804646091467,1.0000000048580509,1.0000000046562756,0.2573054406656982,0.25684903615547544,1.9070097891926707e-06,2.6189958930444845e-06,143,102,29,55,0,36,0,,,,,,0,,,,,,0,,,,,,1,0.0,0.0,0.0,0.0,0.0,0,0,1,3.051331661687997e-07,2.633436053667282e-07,2.0662522835392058e-09,7.66053886991358e-15,2.633436053667282e-07,0.00030501203768631307,0.00016993892286529212,2.9287321863040112e-06,3.3024862983177528e-09,0.00016993892286529212,2.5019329143295664e-06,1.9364290586576516e-06,4.34191795097859e-09,2.2655688436401533e-10,1.9364290586576516e-06,4.6928023593742114e-07,3.496334217423236e-07,1.939141384242628e-09,1.4693049277259007e-09,3.496334217423236e-07,,,,,,,,,
2026-03-22T06:22:17Z,test_cases/pglib_opf_case1354_pegase.mat,pglib_opf_case1354_pegase,oracle_ac_bounds_dual__Pg_Qg,oracle_ac_bounds_dual,bounds_only,ac_true,1,0,Pg+Qg,2,,,optimal,ok,1,10036.029814714178,1248807.958766425,124.43246799946023,0,0.007953882217407227,0.6476502418518066,10.646576881408691,11.294227123260498,11.294227123260498,11.302181005477905,acopf_acdc_paper_study/cases/pglib_opf_case1354_pegase/logs/oracle_ac_bounds_dual__Pg_Qg.log,0,219,1.4915454283514108e-07,6.7141010277535496e-09,4.1439383124952656e-07,1.1966087503889186e-07,1.4915454283514108e-07,9.453,,,9.453,True,100.0,1354,1991,260,260,673,1,259,1094,73059.67,13401.44,128738.6,23037.69,256915.08000000002,-220875.43999999997,1991,0,0,2,1,1258843.9885811824,74562.51831646089,16060.194238262755,0.9905275995392848,1.1034795776148296,1.071315629914996,0.02273566655266046,-0.7323826186347389,0.10061888959523056,-0.25349034253460684,0.14143818724322454,2063.994182724948,2022.0320087360765,190.53742656142356,190.2880464602963,1.000000004858051,1.0000000046562718,0.2573054406650877,0.2568490361549121,1.907014365087889e-06,2.618993732994568e-06,143,102,29,55,0,36,1,0.0,0.0,0.0,0.0,0.0,1,0.0,0.0,0.0,0.0,0.0,0,,,,,,0,,,,,,0,0,1,3.05807678243994e-07,2.6392483498671737e-07,2.070654111346713e-09,7.66053886991358e-15,2.6392483498671737e-07,0.0003050146009197017,0.00016993891256064544,2.9287020991292357e-06,3.2936828542329266e-09,0.00016993891256064544,2.501906551031561e-06,1.9364234076224562e-06,4.339168217909743e-09,2.2767709939586211e-10,1.9364234076224562e-06,4.692420352612122e-07,3.4962040379449277e-07,1.9331965045133047e-09,1.4583653451527567e-09,3.4962040379449277e-07,,,,,,,,,
2026-03-22T06:22:34Z,test_cases/pglib_opf_case1354_pegase.mat,pglib_opf_case1354_pegase,oracle_ac_bounds_dual__Pg_Vm,oracle_ac_bounds_dual,bounds_only,ac_true,1,0,Pg+Vm,2,,,maxIterations,warning,0,9614.625158493569,,,,0.007953882217407227,0.3969290256500244,16.235886096954346,16.63281512260437,16.63281512260437,16.640769004821777,acopf_acdc_paper_study/cases/pglib_opf_case1354_pegase/logs/oracle_ac_bounds_dual__Pg_Vm.log,1,300,7059.977917522376,0.7633943961789651,0.0,0.48797036039943165,7059.977917522376,14.926,,,14.926,True,100.0,1354,1991,260,260,673,1,259,1094,73059.67,13401.44,128738.6,23037.69,256915.08000000002,-220875.43999999997,1991,0,0,2,1,,,,,,,,,,,,,,,,,,,,,,,,,,,,1,0.0,0.0,0.0,0.0,0.0,0,,,,,,1,0.0,0.0,0.0,0.0,0.0,0,,,,,,0,0,1,,,,,,,,,,,,,,,,,,,,,,,,,,,,,
2026-03-22T06:22:44Z,test_cases/pglib_opf_case1354_pegase.mat,pglib_opf_case1354_pegase,oracle_ac_bounds_dual__Pg_Va,oracle_ac_bounds_dual,bounds_only,ac_true,1,0,Pg+Va,2,,,optimal,ok,1,10036.029814714195,1248807.958766427,124.43246799946041,0,0.007953882217407227,0.45583224296569824,9.994709014892578,10.450541257858276,10.450541257858276,10.458495140075684,acopf_acdc_paper_study/cases/pglib_opf_case1354_pegase/logs/oracle_ac_bounds_dual__Pg_Va.log,0,212,1.4917361380531412e-07,6.714076442276666e-09,4.1439383124952656e-07,1.1966087500642406e-07,1.4917361380531412e-07,8.907,,,8.907,True,100.0,1354,1991,260,260,673,1,259,1094,73059.67,13401.44,128738.6,23037.69,256915.08000000002,-220875.43999999997,1991,0,0,2,1,1258843.9885811843,74562.51831646085,16060.194238263588,0.9905275995391397,1.1034795776141253,1.071315629914998,0.0227356665526975,-0.7323826186348156,0.10061888959515307,-0.25349034253463326,0.14143818724321472,2063.994182724986,2022.0320087360776,190.53742656136052,190.2880464602337,1.0000000048580497,1.0000000046562767,0.25730544066512423,0.256849036154947,1.9070143935095984e-06,2.618996461478673e-06,143,102,29,55,0,36,1,0.0,0.0,0.0,0.0,0.0,0,,,,,,0,,,,,,1,0.0,0.0,0.0,0.0,0.0,0,0,1,3.0582761640457884e-07,2.6394152841113794e-07,2.0707934310432086e-09,7.66053886991358e-15,2.6394152841113794e-07,0.0003050145999034421,0.0001699389125857044,2.928708841044198e-06,3.315671237569262e-09,0.0001699389125857044,2.501906522105598e-06,1.9364234047358764e-06,4.3391344994361365e-09,2.2764290452670366e-10,1.9364234047358764e-06,4.692422180032771e-07,3.496203546116128e-07,1.93323014328548e-09,1.4583327739847718e-09,3.496203546116128e-07,,,,,,,,,
2026-03-22T06:23:02Z,test_cases/pglib_opf_case1354_pegase.mat,pglib_opf_case1354_pegase,oracle_ac_bounds_dual__Qg_Vm,oracle_ac_bounds_dual,bounds_only,ac_true,1,0,Qg+Vm,2,,,maxIterations,warning,0,9546.079113145845,,,,0.007953882217407227,0.400223970413208,17.127101182937622,17.52732515335083,17.52732515335083,17.535279035568237,acopf_acdc_paper_study/cases/pglib_opf_case1354_pegase/logs/oracle_ac_bounds_dual__Qg_Vm.log,1,300,147.78001907148905,0.6370537378119536,0.0,0.36039973494775984,147.78001907148905,16.053,,,16.053,True,100.0,1354,1991,260,260,673,1,259,1094,73059.67,13401.44,128738.6,23037.69,256915.08000000002,-220875.43999999997,1991,0,0,2,1,,,,,,,,,,,,,,,,,,,,,,,,,,,,0,,,,,,1,0.0,0.0,0.0,0.0,0.0,1,0.0,0.0,0.0,0.0,0.0,0,,,,,,0,0,1,,,,,,,,,,,,,,,,,,,,,,,,,,,,,
2026-03-22T06:23:14Z,test_cases/pglib_opf_case1354_pegase.mat,pglib_opf_case1354_pegase,oracle_ac_bounds_dual__Qg_Va,oracle_ac_bounds_dual,bounds_only,ac_true,1,0,Qg+Va,2,,,optimal,ok,1,10036.029814713907,1248807.9587663908,124.43246799945682,0,0.007953882217407227,0.4344148635864258,11.633922815322876,12.068337678909302,12.068337678909302,12.076291561126709,acopf_acdc_paper_study/cases/pglib_opf_case1354_pegase/logs/oracle_ac_bounds_dual__Qg_Va.log,0,250,1.5346654252925336e-07,6.714068556657425e-09,4.1439383124952656e-07,1.1966101347644001e-07,1.5346654252925336e-07,10.526,,,10.526,False,100.0,1354,1991,260,260,673,1,259,1094,73059.67,13401.44,128738.6,23037.69,256915.08000000002,-220875.43999999997,1991,0,0,2,1,1258843.9885811482,74562.51831645265,16060.194237986781,0.9905275995412179,1.1034795775963795,1.0713156299194178,0.022735666548704295,-0.7323826185927242,0.10061888961307924,-0.2534903425006334,0.14143818724126347,2063.9941827251714,2022.032008736077,190.53742656337764,190.28804646223978,1.0000000048580517,1.0000000046562951,0.25730544066686767,0.25684903615655624,1.9069713346198114e-06,2.6190068638243247e-06,143,102,29,55,0,36,0,,,,,,1,0.0,0.0,0.0,0.0,0.0,0,,,,,,1,0.0,0.0,0.0,0.0,0.0,0,0,1,3.036660501511465e-07,2.6207959924473556e-07,2.0565328348128926e-09,7.66053886991358e-15,2.6207959924473556e-07,0.0003050071774370876,0.00016993897449099952,2.9287671650061973e-06,3.2680180714339535e-09,0.00016993897449099952,2.501981628846661e-06,1.936435999994046e-06,4.347866705761303e-09,2.2334201155160827e-10,1.936435999994046e-06,4.6934765394850343e-07,3.4965700390632293e-07,1.949654609666632e-09,1.4889787181004976e-09,3.4965700390632293e-07,,,,,,,,,
2026-03-22T06:23:27Z,test_cases/pglib_opf_case1354_pegase.mat,pglib_opf_case1354_pegase,oracle_ac_bounds_dual__Vm_Va,oracle_ac_bounds_dual,bounds_only,ac_true,1,0,Vm+Va,2,,,optimal,ok,1,10036.029814714206,1248807.958766429,124.43246799946063,0,0.007953882217407227,0.2141261100769043,13.654263734817505,13.86838984489441,13.86838984489441,13.876343727111816,acopf_acdc_paper_study/cases/pglib_opf_case1354_pegase/logs/oracle_ac_bounds_dual__Vm_Va.log,1,300,1.4925343628619175e-07,6.714075754567228e-09,4.1439383124952656e-07,1.1966092665717657e-07,1.4925343628619175e-07,12.586,,,12.586,False,100.0,1354,1991,260,260,673,1,259,1094,73059.67,13401.44,128738.6,23037.69,256915.08000000002,-220875.43999999997,1991,0,0,2,1,1258843.9885811864,74562.51831645907,16060.194238199418,0.9905275995395395,1.1034795776100363,1.07131562991608,0.02273566655175783,-0.7323826186234095,0.10061888959997133,-0.2534903425253062,0.14143818724266644,2063.994182725102,2022.0320087360776,190.53742656186097,190.2880464607315,1.0000000048580506,1.0000000046562774,0.25730544066553285,0.2568490361553216,1.907015359847719e-06,2.6189968025391863e-06,143,102,29,55,0,36,0,,,,,,0,,,,,,1,0.0,0.0,0.0,0.0,0.0,1,0.0,0.0,0.0,0.0,0.0,0,0,1,3.053115110931343e-07,2.6349677528791915e-07,2.0674273998021104e-09,7.66053886991358e-15,2.6349677528791915e-07,0.000305012581409408,0.00016993891525673229,2.928727890748653e-06,3.3008539443435403e-09,0.00016993891525673229,2.5019269765186677e-06,1.936428348559005e-06,4.341262972527334e-09,2.268359944324061e-10,1.936428348559005e-06,4.692723348005006e-07,3.4963060130399626e-07,1.9379011142805305e-09,1.4660270497568462e-09,3.4963060130399626e-07,,,,,,,,,
2026-03-22T06:23:42Z,test_cases/pglib_opf_case1354_pegase.mat,pglib_opf_case1354_pegase,oracle_ac_bounds_dual__Pg_Qg_Vm,oracle_ac_bounds_dual,bounds_only,ac_true,1,0,Pg+Qg+Vm,3,,,maxIterations,warning,0,9603.389904515121,,,,0.007953882217407227,0.41076087951660156,14.580278158187866,14.991039037704468,14.991039037704468,14.998992919921875,acopf_acdc_paper_study/cases/pglib_opf_case1354_pegase/logs/oracle_ac_bounds_dual__Pg_Qg_Vm.log,1,300,113.50505421660155,0.40004628956270155,0.0,1.3966612636821474,113.50505421660155,13.516,,,13.516,True,100.0,1354,1991,260,260,673,1,259,1094,73059.67,13401.44,128738.6,23037.69,256915.08000000002,-220875.43999999997,1991,0,0,2,1,,,,,,,,,,,,,,,,,,,,,,,,,,,,1,0.0,0.0,0.0,0.0,0.0,1,0.0,0.0,0.0,0.0,0.0,1,0.0,0.0,0.0,0.0,0.0,0,,,,,,0,0,1,,,,,,,,,,,,,,,,,,,,,,,,,,,,,
2026-03-22T06:23:52Z,test_cases/pglib_opf_case1354_pegase.mat,pglib_opf_case1354_pegase,oracle_ac_bounds_dual__Pg_Qg_Va,oracle_ac_bounds_dual,bounds_only,ac_true,1,0,Pg+Qg+Va,3,,,optimal,ok,1,10036.02981471418,1248807.9587664255,124.43246799946027,0,0.007953882217407227,0.4111177921295166,9.367073774337769,9.778191566467285,9.778191566467285,9.786145448684692,acopf_acdc_paper_study/cases/pglib_opf_case1354_pegase/logs/oracle_ac_bounds_dual__Pg_Qg_Va.log,0,198,1.49951956594477e-07,6.714081394044828e-09,4.1439383124952656e-07,1.1966087315394476e-07,1.49951956594477e-07,8.308,,,8.308,True,100.0,1354,1991,260,260,673,1,259,1094,73059.67,13401.44,128738.6,23037.69,256915.08000000002,-220875.43999999997,1991,0,0,2,1,1258843.988581183,74562.51831645932,16060.194238302403,0.9905275995390339,1.103479577622561,1.0713156299146274,0.02273566655247897,-0.7323826186365118,0.1006188895930369,-0.25349034253264824,0.14143818724172366,2063.994182724944,2022.0320087360776,190.53742656125615,190.28804646012514,1.0000000048580504,1.0000000046562711,0.2573054406647093,0.25684903615453175,1.9070158714384888e-06,2.618993278247217e-06,143,102,29,55,0,36,1,0.0,0.0,0.0,0.0,0.0,1,0.0,0.0,0.0,0.0,0.0,0,,,,,,1,0.0,0.0,0.0,0.0,0.0,0,0,1,3.07607525540309e-07,2.654708829430419e-07,2.0828180723193705e-09,7.66053886991358e-15,2.654708829430419e-07,0.0003050146055605644,0.00016993891372812735,2.9287716541207777e-06,3.3315839254033364e-09,0.00016993891372812735,2.5019075666984077e-06,1.936423229542683e-06,4.34019574653815e-09,2.2909485419830844e-10,1.936423229542683e-06,4.6928083547233335e-07,3.49621956552415e-07,1.938788543834023e-09,1.4609594922720959e-09,3.49621956552415e-07,,,,,,,,,
2026-03-22T06:23:57Z,test_cases/pglib_opf_case1354_pegase.mat,pglib_opf_case1354_pegase,oracle_ac_bounds_dual__Pg_Vm_Va,oracle_ac_bounds_dual,bounds_only,ac_true,1,0,Pg+Vm+Va,3,,,optimal,ok,1,10036.029814714231,1248807.9587664318,124.4324679994609,0,0.007953882217407227,0.4030787944793701,4.789716005325317,5.1927947998046875,5.1927947998046875,5.200748682022095,acopf_acdc_paper_study/cases/pglib_opf_case1354_pegase/logs/oracle_ac_bounds_dual__Pg_Vm_Va.log,0,86,1.4918651727859538e-07,6.714075590202179e-09,4.1439383124952656e-07,1.1966087499392802e-07,1.4918651727859538e-07,3.697,,,3.697,False,100.0,1354,1991,260,260,673,1,259,1094,73059.67,13401.44,128738.6,23037.69,256915.08000000002,-220875.43999999997,1991,0,0,2,1,1258843.9885811892,74562.51831646092,16060.194238268272,0.9905275995391367,1.1034795776146744,1.0713156299149595,0.022735666552712253,-0.7323826186349,0.10061888959503022,-0.2534903425345299,0.14143818724313886,2063.994182724991,2022.0320087360772,190.5374265613261,190.28804646019998,1.0000000048580495,1.0000000046562703,0.2573054406650651,0.256849036154891,1.9070140240273759e-06,2.618992766656447e-06,143,102,29,55,0,36,1,0.0,0.0,0.0,0.0,0.0,0,,,,,,1,0.0,0.0,0.0,0.0,0.0,1,0.0,0.0,0.0,0.0,0.0,0,0,1,3.059189784377036e-07,2.640194299852183e-07,2.0714139066496367e-09,7.66053886991358e-15,2.640194299852183e-07,0.0003050146026179658,0.00016993891256947367,2.9287170592037146e-06,3.3114669756306725e-09,0.00016993891256947367,2.501906632986895e-06,1.9364234040697426e-06,4.339232528275409e-09,2.2774337971043224e-10,1.9364234040697426e-06,4.692442786388682e-07,3.4962043421460365e-07,1.933528714535358e-09,1.4584414925744582e-09,3.4962043421460365e-07,,,,,,,,,
2026-03-22T06:24:10Z,test_cases/pglib_opf_case1354_pegase.mat,pglib_opf_case1354_pegase,oracle_ac_bounds_dual__Qg_Vm_Va,oracle_ac_bounds_dual,bounds_only,ac_true,1,0,Qg+Vm+Va,3,,,optimal,ok,1,10036.029814713931,1248807.9587663936,124.4324679994571,0,0.007953882217407227,0.22653794288635254,12.284109115600586,12.510647058486938,12.510647058486938,12.518600940704346,acopf_acdc_paper_study/cases/pglib_opf_case1354_pegase/logs/oracle_ac_bounds_dual__Qg_Vm_Va.log,0,267,1.5971225743167745e-07,6.713972009755008e-09,4.1439383124952656e-07,1.1966127178501752e-07,1.5971225743167745e-07,11.219,,,11.219,False,100.0,1354,1991,260,260,673,1,259,1094,73059.67,13401.44,128738.6,23037.69,256915.08000000002,-220875.43999999997,1991,0,0,2,1,1258843.988581151,74562.51831642768,16060.194238207478,0.9905275995412993,1.1034795776791806,1.071315629919016,0.02273566654187566,-0.7323826185623039,0.10061888960910347,-0.25349034243575747,0.14143818722112844,2063.9941827253333,2022.032008736075,190.537426564478,190.28804646327853,1.0000000048580515,1.0000000046562427,0.25730544066354,0.2568490361530741,1.9070443784130475e-06,2.618977305246517e-06,143,102,29,55,0,36,0,,,,,,1,0.0,0.0,0.0,0.0,0.0,1,0.0,0.0,0.0,0.0,0.0,1,0.0,0.0,0.0,0.0,0.0,0,0,1,3.22599622890567e-07,2.783441729325986e-07,2.1850249721735564e-09,7.960578483481952e-15,2.783441729325986e-07,0.00030499359512696516,0.00016993894618316774,2.929463001246999e-06,3.5192210257051215e-09,0.00016993894618316774,2.502092599586983e-06,1.9364610457373033e-06,4.371572535035279e-09,2.1736423772011904e-10,1.9364610457373033e-06,4.699606984447866e-07,3.497219868975332e-07,2.036670816219459e-09,1.586961589916669e-09,3.497219868975332e-07,,,,,,,,,
2026-03-22T06:24:16Z,test_cases/pglib_opf_case1354_pegase.mat,pglib_opf_case1354_pegase,oracle_ac_bounds_dual__Pg_Qg_Vm_Va,oracle_ac_bounds_dual,bounds_only,ac_true,1,0,Pg+Qg+Vm+Va,4,,,optimal,ok,1,10036.029814713444,1248807.9587663335,124.4324679994511,0,0.007953882217407227,0.42531299591064453,5.324122190475464,5.749435186386108,5.749435186386108,5.757389068603516,acopf_acdc_paper_study/cases/pglib_opf_case1354_pegase/logs/oracle_ac_bounds_dual__Pg_Qg_Vm_Va.log,0,90,1.5430719011463551e-07,6.713605498246365e-09,4.1439383124952656e-07,1.1966335846527785e-07,1.5430719011463551e-07,4.267,,,4.267,True,100.0,1354,1991,260,260,673,1,259,1094,73059.67,13401.44,128738.6,23037.69,256915.08000000002,-220875.43999999997,1991,0,0,2,1,1258843.988581091,74562.51831638324,16060.194235794177,0.9905275995549875,1.1034795774494444,1.0713156299567246,0.0227356665122118,-0.7323826181716421,0.10061888978937583,-0.25349034215379257,0.1414381872195003,2063.994182729368,2022.0320087360672,190.5374265830655,190.28804648182327,1.0000000048580595,1.0000000046565334,0.2573054406815648,0.2568490361699639,1.90706072089597e-06,2.6191407869191607e-06,143,102,29,55,0,36,1,0.0,0.0,0.0,0.0,0.0,1,0.0,0.0,0.0,0.0,0.0,1,0.0,0.0,0.0,0.0,0.0,1,0.0,0.0,0.0,0.0,0.0,0,0,1,2.8615942756351556e-07,2.4701810519278666e-07,1.942819530842225e-09,7.549516567451064e-15,2.4701810519278666e-07,0.0003049168530850454,0.00016993902439023964,2.929280170121279e-06,2.858484837719999e-09,0.00016993902439023964,2.5028817668430124e-06,1.936644522748665e-06,4.464132284166899e-09,2.4480584226438395e-10,1.936644522748665e-06,4.7071422657825964e-07,3.5004209492095484e-07,2.13882259568264e-09,1.6552504367162157e-09,3.5004209492095484e-07,,,,,,,,,
2026-03-22T06:24:29Z,test_cases/pglib_opf_case1354_pegase.mat,pglib_opf_case1354_pegase,oracle_ac_primal_dual_all_bounds__Pg,oracle_ac_primal_dual_all_bounds,full_all_bounds,ac_true,1,0,Pg,1,,,optimal,ok,1,10036.02981471422,1248807.9587664306,124.43246799946078,0,0.007953882217407227,0.3984692096710205,13.10775089263916,13.50622010231018,13.50622010231018,13.514173984527588,acopf_acdc_paper_study/cases/pglib_opf_case1354_pegase/logs/oracle_ac_primal_dual_all_bounds__Pg.log,0,263,1.4857641738958036e-07,6.745249719018742e-09,4.1439383124952656e-07,1.1986132640710885e-07,1.4857641738958036e-07,12.039,,,12.039,True,100.0,1354,1991,260,260,673,1,259,1094,73059.67,13401.44,128738.6,23037.69,256915.08000000002,-220875.43999999997,1991,0,0,2,1,1258843.988581188,74562.51831646211,16060.194241207193,0.9905275995401356,1.1034795775954043,1.0713156297661093,0.022735666398964863,-0.7323826185775947,0.1006188896043998,-0.2534903424813778,0.14143818724951204,2063.9941827256016,2022.032008736077,190.53742683833747,190.28804673649466,1.000000004858051,1.0000000046562776,0.2573054413993448,0.25684903688728256,1.9070114092301083e-06,2.618996973069443e-06,143,102,29,55,0,36,1,0.0,0.0,0.0,0.0,0.0,0,,,,,,0,,,,,,0,,,,,,1,1,1,3.0555980376854276e-07,2.637138383221327e-07,2.0691707777385924e-09,7.66053886991358e-15,2.637138383221327e-07,0.000310689906512862,0.00017453273037005483,2.9715887131119075e-06,3.281480642769452e-09,0.00017453273037005483,2.538644156996073e-06,1.9490940321720274e-06,4.514242666857417e-09,2.3994872755395136e-10,1.9490940321720274e-06,4.763813162746655e-07,3.5192578093368176e-07,1.9744831672906574e-09,1.50961915190706e-09,3.5192578093368176e-07,,,,,,,,,
2026-03-22T06:24:37Z,test_cases/pglib_opf_case1354_pegase.mat,pglib_opf_case1354_pegase,oracle_ac_primal_dual_all_bounds__Qg,oracle_ac_primal_dual_all_bounds,full_all_bounds,ac_true,1,0,Qg,1,,,optimal,ok,1,10036.02981471418,1248807.9587664257,124.4324679994603,0,0.007953882217407227,0.4277610778808594,7.0258989334106445,7.453660011291504,7.453660011291504,7.461613893508911,acopf_acdc_paper_study/cases/pglib_opf_case1354_pegase/logs/oracle_ac_primal_dual_all_bounds__Qg.log,0,135,1.4975817822028632e-07,6.7139827128904345e-09,4.1439383124952656e-07,1.19661278664879e-07,1.4975817822028632e-07,5.962,,,5.962,False,100.0,1354,1991,260,260,673,1,259,1094,73059.67,13401.44,128738.6,23037.69,256915.08000000002,-220875.43999999997,1991,0,0,2,1,1258843.9885811831,74562.51831644615,16060.194237776326,0.9905275995423682,1.1034795775846449,1.0713156299235504,0.022735666545223545,-0.7323826185454055,0.1006188896323883,-0.253490342460436,0.1414381872383406,2063.994182725777,2022.0320087360765,190.53742656543338,190.28804646428506,1.0000000048580524,1.0000000046563182,0.25730544066823974,0.25684903615779614,1.9070259327236272e-06,2.619019824123825e-06,143,102,29,55,0,36,0,,,,,,1,0.0,0.0,0.0,0.0,0.0,0,,,,,,0,,,,,,1,1,1,3.023645986138257e-07,2.609574742962195e-07,2.048333549783077e-09,7.55089402562342e-15,2.609574742962195e-07,0.00030499858736278266,0.00016993892995878046,2.9288588748734753e-06,3.2147231543433463e-09,0.00016993892995878046,2.5020704364507376e-06,1.9364619612272094e-06,4.3582043914991036e-09,2.1214718870510296e-10,1.9364619612272094e-06,4.695001845025971e-07,3.497016188847013e-07,1.972264026889471e-09,1.5322220714431012e-09,3.497016188847013e-07,,,,,,,,,
2026-03-22T06:24:46Z,test_cases/pglib_opf_case1354_pegase.mat,pglib_opf_case1354_pegase,oracle_ac_primal_dual_all_bounds__Vm,oracle_ac_primal_dual_all_bounds,full_all_bounds,ac_true,1,0,Vm,1,,,optimal,ok,1,10036.029814713527,1248807.958766343,124.43246799945206,0,0.007953882217407227,0.4031050205230713,8.541205167770386,8.944310188293457,8.944310188293457,8.952264070510864,acopf_acdc_paper_study/cases/pglib_opf_case1354_pegase/logs/oracle_ac_primal_dual_all_bounds__Vm.log,0,177,1.5085752913925846e-07,6.71409563829297e-09,4.1439383124952656e-07,1.19660870750967e-07,1.5085752913925846e-07,7.472,,,7.472,False,100.0,1354,1991,260,260,673,1,259,1094,73059.67,13401.44,128738.6,23037.69,256915.08000000002,-220875.43999999997,1991,0,0,2,1,1258843.9885811005,74562.51831645511,16060.194238314414,0.9905275995389191,1.10347957763094,1.0713156299196065,0.02273566655880542,-0.7323826186382771,0.10061888959114702,-0.2534903425319071,0.14143818723974458,2063.9941827248904,2022.0320087360772,190.5374265587094,190.28804645754934,1.0000000048580513,1.0000000046562696,0.2573054406649082,0.25684903615471116,1.9070172356805415e-06,2.618992425595934e-06,143,102,29,55,0,36,0,,,,,,0,,,,,,1,0.0,0.0,0.0,0.0,0.0,0,,,,,,1,1,1,3.0923296687579653e-07,2.668772397518282e-07,2.093749431051093e-09,7.7280840818903e-15,2.668772397518282e-07,0.00030501610428692894,0.00016993891533637387,2.929347949931383e-06,3.3352235973005406e-09,0.00016993891533637387,2.5019186293351945e-06,1.936422997506071e-06,4.346536180788322e-09,2.305261537216552e-10,1.936422997506071e-06,4.693254228535677e-07,3.4962335643262676e-07,1.944646484126943e-09,1.4643688761584173e-09,3.4962335643262676e-07,,,,,,,,,
2026-03-22T06:24:48Z,test_cases/pglib_opf_case1354_pegase.mat,pglib_opf_case1354_pegase,oracle_ac_primal_dual_all_bounds__Va,oracle_ac_primal_dual_all_bounds,full_all_bounds,ac_true,1,0,Va,1,,,optimal,ok,1,10036.02981471473,1248807.9587664946,124.43246799946716,0,0.007953882217407227,0.40163588523864746,1.588818073272705,1.9904539585113525,1.9904539585113525,1.9984078407287598,acopf_acdc_paper_study/cases/pglib_opf_case1354_pegase/logs/oracle_ac_primal_dual_all_bounds__Va.log,0,10,1.4989905161580363e-07,7.186301217727148e-09,4.1439383124952656e-07,1.230392944666122e-07,1.4989905161580363e-07,0.493,,,0.493,False,100.0,1354,1991,260,260,673,1,259,1094,73059.67,13401.44,128738.6,23037.69,256915.08000000002,-220875.43999999997,1991,0,0,2,1,1258843.988581252,74562.51831646376,16060.19424814114,0.9905275995406233,1.1034795775819133,1.0713156293578592,0.02273566596027727,-0.7323826184644772,0.10061888961771197,-0.25349034234914114,0.14143818724724858,2063.9941827269677,2022.0320087360772,190.5374275968685,190.28804749361834,1.0000000048580522,1.000000004656267,0.25730544213041806,0.256849037614445,1.9070151893174625e-06,2.618990890823625e-06,143,102,29,55,0,36,0,,,,,,0,,,,,,0,,,,,,1,0.0,0.0,0.0,0.0,0.0,1,1,1,3.110703395486344e-07,2.68449337426091e-07,2.1066648535539887e-09,7.66053886991358e-15,2.68449337426091e-07,0.0003251806867574997,0.00017719602619566013,3.118978450030521e-06,3.1717319881607864e-09,0.00017719602619566013,2.7140235348094245e-06,2.149173467413945e-06,4.9862465403128944e-09,2.650092367773027e-10,2.149173467413945e-06,5.07095111954815e-07,3.879589389743643e-07,2.10447532368832e-09,1.631809853908095e-09,3.879589389743643e-07,,,,,,,,,
2026-03-22T06:24:56Z,test_cases/pglib_opf_case1354_pegase.mat,pglib_opf_case1354_pegase,oracle_ac_primal_dual_all_bounds__Pg_Qg,oracle_ac_primal_dual_all_bounds,full_all_bounds,ac_true,1,0,Pg+Qg,2,,,optimal,ok,1,10036.029814714146,1248807.958766421,124.43246799945983,0,0.007953882217407227,0.39934682846069336,7.351955890655518,7.751302719116211,7.751302719116211,7.759256601333618,acopf_acdc_paper_study/cases/pglib_opf_case1354_pegase/logs/oracle_ac_primal_dual_all_bounds__Pg_Qg.log,0,143,1.4886295045334392e-07,6.7146332500232775e-09,4.1439383124952656e-07,1.1966499434464933e-07,1.4886295045334392e-07,6.287,,,6.287,False,100.0,1354,1991,260,260,673,1,259,1094,73059.67,13401.44,128738.6,23037.69,256915.08000000002,-220875.43999999997,1991,0,0,2,1,1258843.9885811785,74562.51831645866,16060.194238120474,0.9905275995400337,1.1034795776015593,1.0713156299171835,0.022735666551137606,-0.7323826186136845,0.10061888960514712,-0.2534903425197627,0.1414381872433475,2063.994182725173,2022.032008736077,190.5374265630981,190.28804646197077,1.0000000048580517,1.0000000046562971,0.25730544066644195,0.25684903615621046,1.9070163546075491e-06,2.619007887005864e-06,143,102,29,55,0,36,1,0.0,0.0,0.0,0.0,0.0,1,0.0,0.0,0.0,0.0,0.0,0,,,,,,0,,,,,,1,1,1,3.036354514717467e-07,2.6205742698071077e-07,2.056191695861069e-09,7.619668372776088e-15,2.6205742698071077e-07,0.00030502542903446285,0.0001699380518781397,2.9288442042367403e-06,3.264553384563218e-09,0.0001699380518781397,2.5021331191619626e-06,1.9366882464399993e-06,4.342087666033007e-09,2.2405999278163335e-10,1.9366882464399993e-06,4.693006023417877e-07,3.49683101252829e-07,1.9373744547228854e-09,1.4712435159047743e-09,3.49683101252829e-07,,,,,,,,,
2026-03-22T06:25:05Z,test_cases/pglib_opf_case1354_pegase.mat,pglib_opf_case1354_pegase,oracle_ac_primal_dual_all_bounds__Pg_Vm,oracle_ac_primal_dual_all_bounds,full_all_bounds,ac_true,1,0,Pg+Vm,2,,,optimal,ok,1,10036.029814714266,1248807.9587664362,124.43246799946134,0,0.007953882217407227,0.3978087902069092,9.133817911148071,9.53162670135498,9.53162670135498,9.539580583572388,acopf_acdc_paper_study/cases/pglib_opf_case1354_pegase/logs/oracle_ac_primal_dual_all_bounds__Pg_Vm.log,0,190,1.499616199781086e-07,6.7140914722461226e-09,4.1439383124952656e-07,1.1966087311494099e-07,1.499616199781086e-07,8.068,,,8.068,False,100.0,1354,1991,260,260,673,1,259,1094,73059.67,13401.44,128738.6,23037.69,256915.08000000002,-220875.43999999997,1991,0,0,2,1,1258843.9885811936,74562.51831645973,16060.194238303124,0.9905275995390059,1.1034795776232498,1.0713156299146207,0.022735666552472944,-0.7323826186366071,0.1006188895929794,-0.25349034253257935,0.14143818724168417,2063.994182724943,2022.0320087360772,190.53742656124697,190.28804646011562,1.0000000048580502,1.0000000046562654,0.2573054406646983,0.25684903615452004,1.90701581459507e-06,2.618990038172342e-06,143,102,29,55,0,36,1,0.0,0.0,0.0,0.0,0.0,0,,,,,,1,0.0,0.0,0.0,0.0,0.0,0,,,,,,1,1,1,3.076550378235171e-07,2.655113213734239e-07,2.083154127772083e-09,7.65449669914389e-15,2.655113213734239e-07,0.00030501460758894876,0.00016993891373120367,2.928776536594793e-06,3.3218397893497453e-09,0.00016993891373120367,2.5019076253962413e-06,1.936423225767925e-06,4.340249533891845e-09,2.292066536568882e-10,1.936423225767925e-06,4.6928192466796173e-07,3.496220233878411e-07,1.938945388066853e-09,1.4610657406155525e-09,3.496220233878411e-07,,,,,,,,,
2026-03-22T06:25:07Z,test_cases/pglib_opf_case1354_pegase.mat,pglib_opf_case1354_pegase,oracle_ac_primal_dual_all_bounds__Pg_Va,oracle_ac_primal_dual_all_bounds,full_all_bounds,ac_true,1,0,Pg+Va,2,,,optimal,ok,1,10036.02981471427,1248807.9587664364,124.43246799946137,0,0.007953882217407227,0.4167661666870117,1.5553910732269287,1.9721572399139404,1.9721572399139404,1.9801111221313477,acopf_acdc_paper_study/cases/pglib_opf_case1354_pegase/logs/oracle_ac_primal_dual_all_bounds__Pg_Va.log,0,10,1.5035858810485166e-07,7.240353226906429e-09,4.1439383124952656e-07,1.2338314906755757e-07,1.5035858810485166e-07,0.497,,,0.497,False,100.0,1354,1991,260,260,673,1,259,1094,73059.67,13401.44,128738.6,23037.69,256915.08000000002,-220875.43999999997,1991,0,0,2,1,1258843.9885811938,74562.51831646144,16060.19424725656,0.9905275995406618,1.1034795775821553,1.0713156293638992,0.02273566595834539,-0.7323826184737354,0.100618889622687,-0.2534903423535515,0.14143818725332055,2063.9941827268144,2022.0320087360758,190.53742771930268,190.28804761620196,1.0000000048580517,1.0000000046562585,0.25730544231425134,0.2568490377986909,1.9070140808707947e-06,2.618986229663278e-06,143,102,29,55,0,36,1,0.0,0.0,0.0,0.0,0.0,0,,,,,,0,,,,,,1,0.0,0.0,0.0,0.0,0.0,1,1,1,3.1026179190639515e-07,2.6776861028476873e-07,2.1012949575920914e-09,7.722624262195073e-15,2.6776861028476873e-07,0.0003273931886242068,0.00017827248128067194,3.1333713940254603e-06,3.1444065129448973e-09,0.00017827248128067194,2.7359920858464834e-06,2.1706592889803034e-06,4.9749081430804625e-09,2.67392663566568e-10,2.1706592889803034e-06,5.111737502683957e-07,3.918257496238198e-07,2.099298252956549e-09,1.6240753741847413e-09,3.918257496238198e-07,,,,,,,,,
2026-03-22T06:25:17Z,test_cases/pglib_opf_case1354_pegase.mat,pglib_opf_case1354_pegase,oracle_ac_primal_dual_all_bounds__Qg_Vm,oracle_ac_primal_dual_all_bounds,full_all_bounds,ac_true,1,0,Qg+Vm,2,,,optimal,ok,1,10036.029814713573,1248807.9587663494,124.43246799945268,0,0.007953882217407227,0.43019700050354004,9.259785175323486,9.689982175827026,9.689982175827026,9.697936058044434,acopf_acdc_paper_study/cases/pglib_opf_case1354_pegase/logs/oracle_ac_primal_dual_all_bounds__Qg_Vm.log,0,194,2.0552730310754187e-07,6.714130072445548e-09,4.1439383124952656e-07,1.1966075163706444e-07,2.0552730310754187e-07,8.194,,,8.194,False,100.0,1354,1991,260,260,673,1,259,1094,73059.67,13401.44,128738.6,23037.69,256915.08000000002,-220875.43999999997,1991,0,0,2,1,1258843.9885811068,74562.51831634897,16060.194240998106,0.9905275995326364,1.1034795782330205,1.071315629889067,0.022735666536124563,-0.7323826187580951,0.10061888943954073,-0.2534903423873203,0.14143818713314524,2063.9941827216444,2022.0320087360722,190.5374265528807,190.28804645145664,1.0000000048580495,1.0000000046557944,0.2573054406344907,0.25684903612430343,1.907121202293638e-06,2.6187251478404505e-06,143,102,29,55,0,36,0,,,,,,1,0.0,0.0,0.0,0.0,0.0,1,0.0,0.0,0.0,0.0,0.0,0,,,,,,1,1,1,4.368433808478116e-07,3.764536172790045e-07,2.955321660377618e-09,9.769962616701378e-15,3.764536172790045e-07,0.00030501383015366,0.00016993898687964562,2.933046491030291e-06,4.306668650606166e-09,0.00016993898687964562,2.5019919385451065e-06,1.936411764047463e-06,4.4182080529018815e-09,3.005246052012467e-10,1.936411764047463e-06,4.7255013662460204e-07,3.4973946141936274e-07,2.344660074325917e-09,1.8321992811820564e-09,3.4973946141936274e-07,,,,,,,,,
2026-03-22T06:25:19Z,test_cases/pglib_opf_case1354_pegase.mat,pglib_opf_case1354_pegase,oracle_ac_primal_dual_all_bounds__Qg_Va,oracle_ac_primal_dual_all_bounds,full_all_bounds,ac_true,1,0,Qg+Va,2,,,optimal,ok,1,10036.02981471122,1248807.9587660537,124.43246799942322,0,0.007953882217407227,0.4144320487976074,1.6442348957061768,2.058666944503784,2.058666944503784,2.0666208267211914,acopf_acdc_paper_study/cases/pglib_opf_case1354_pegase/logs/oracle_ac_primal_dual_all_bounds__Qg_Va.log,0,12,1.4939294490771315e-07,6.7141920299376365e-09,4.1439383124952656e-07,1.1966048839236008e-07,1.4939294490771315e-07,0.576,,,0.576,False,100.0,1354,1991,260,260,673,1,259,1094,73059.67,13401.44,128738.6,23037.69,256915.08000000002,-220875.43999999997,1991,0,0,2,1,1258843.988580811,74562.51831669742,16060.194244893288,0.9905276000532226,1.103479577095557,1.0713156297130306,0.022735666032455942,-0.7323826185349109,0.10061888958606725,-0.25349034252093644,0.14143818725831658,2063.9941826196177,2022.0320087359191,190.53742659855783,190.28804649711424,1.0000000048580744,1.000000004656255,0.2573054406673558,0.2568490361461794,1.907009476553867e-06,2.6189841833001992e-06,143,102,29,55,0,36,0,,,,,,1,0.0,0.0,0.0,0.0,0.0,0,,,,,,1,0.0,0.0,0.0,0.0,0.0,1,1,1,3.2512515819347044e-07,2.670817640382239e-07,2.0468171408445355e-09,8.242138791279418e-15,2.670817640382239e-07,0.0003050268279580728,0.00016993892856857068,2.9557684249563874e-06,5.989732820843585e-09,0.00016993892856857068,2.506634040960287e-06,1.9363893355439643e-06,5.427630322864389e-09,8.493528103059589e-10,1.9363893355439643e-06,4.697259151628501e-07,3.497046087153066e-07,1.9987210697840276e-09,1.5918591167451979e-09,3.497046087153066e-07,,,,,,,,,
2026-03-22T06:25:21Z,test_cases/pglib_opf_case1354_pegase.mat,pglib_opf_case1354_pegase,oracle_ac_primal_dual_all_bounds__Vm_Va,oracle_ac_primal_dual_all_bounds,full_all_bounds,ac_true,1,0,Vm+Va,2,,,optimal,ok,1,10036.029814704058,1248807.9587651554,124.43246799933372,0,0.007953882217407227,0.40289783477783203,1.425807237625122,1.828705072402954,1.828705072402954,1.8366589546203613,acopf_acdc_paper_study/cases/pglib_opf_case1354_pegase/logs/oracle_ac_primal_dual_all_bounds__Vm_Va.log,0,6,1.4798500765168686e-07,6.714298213445803e-09,4.1439383124952656e-07,1.1966228654239258e-07,1.4798500765168686e-07,0.323,,,0.323,False,100.0,1354,1991,260,260,673,1,259,1094,73059.67,13401.44,128738.6,23037.69,256915.08000000002,-220875.43999999997,1991,0,0,2,1,1258843.9885799128,74562.51831643881,16060.19433632283,0.9905275995463618,1.1034795771845125,1.0713156265732995,0.022735663402349723,-0.7323826169113781,0.10061888982185038,-0.2534903410921365,0.14143818699061367,2063.994182745153,2022.0320087360783,190.53742681656533,190.28804669629997,1.0000000048580502,1.00000000465625,0.25730544041885123,0.2568490358545867,1.907002939560698e-06,2.618981454816094e-06,143,102,29,55,0,36,0,,,,,,0,,,,,,1,0.0,0.0,0.0,0.0,0.0,1,0.0,0.0,0.0,0.0,0.0,1,1,1,3.3605742376363395e-07,2.892472734661311e-07,2.272692953962073e-09,7.549516567451064e-15,2.892472734661311e-07,0.00030467527420734744,0.00016995102473614933,3.1061766748875773e-06,3.5948827456500076e-09,0.00016995102473614933,2.7420953563748147e-06,1.9365123338221935e-06,8.686043375452166e-09,1.8320933659055072e-10,1.9365123338221935e-06,4.929722496075611e-07,3.5026384370695496e-07,3.3932105903386106e-09,2.9932082645789393e-09,3.5026384370695496e-07,,,,,,,,,
2026-03-22T06:25:33Z,test_cases/pglib_opf_case1354_pegase.mat,pglib_opf_case1354_pegase,oracle_ac_primal_dual_all_bounds__Pg_Qg_Vm,oracle_ac_primal_dual_all_bounds,full_all_bounds,ac_true,1,0,Pg+Qg+Vm,3,,,optimal,ok,1,10036.029814714046,1248807.9587664083,124.43246799945855,0,0.007953882217407227,0.39777302742004395,11.759751796722412,12.157524824142456,12.157524824142456,12.165478706359863,acopf_acdc_paper_study/cases/pglib_opf_case1354_pegase/logs/oracle_ac_primal_dual_all_bounds__Pg_Qg_Vm.log,0,242,1.6214161670903125e-07,6.714110232304733e-09,4.1439383124952656e-07,1.1966085001422077e-07,1.6214161670903125e-07,10.693,,,10.693,True,100.0,1354,1991,260,260,673,1,259,1094,73059.67,13401.44,128738.6,23037.69,256915.08000000002,-220875.43999999997,1991,0,0,2,1,1258843.9885811657,74562.5183164351,16060.194238896142,0.9905275995376128,1.103479577757132,1.0713156299089313,0.02273566654882283,-0.7323826186634109,0.10061888955924737,-0.2534903425008096,0.14143818721785897,2063.9941827242164,2022.0320087360765,190.5374265595692,190.2880464583727,1.0000000048580502,1.0000000046561601,0.25730544065807853,0.25684903614789656,1.9070376993113314e-06,2.618930807329889e-06,143,102,29,55,0,36,1,0.0,0.0,0.0,0.0,0.0,1,0.0,0.0,0.0,0.0,0.0,1,0.0,0.0,0.0,0.0,0.0,0,,,,,,1,1,1,3.3600821779408406e-07,2.898688643560021e-07,2.274626836583647e-09,8.12110054186752e-15,2.898688643560021e-07,0.00030501481832671156,0.00016993893077203205,2.9297836621696036e-06,3.6231548317111617e-09,0.00016993893077203205,2.5019259123422967e-06,1.936420871206934e-06,4.3574261680426405e-09,2.468457660498302e-10,1.936420871206934e-06,4.699210711775544e-07,3.496477214703919e-07,2.027632813550524e-09,1.5389683555300238e-09,3.496477214703919e-07,,,,,,,,,
2026-03-22T06:25:35Z,test_cases/pglib_opf_case1354_pegase.mat,pglib_opf_case1354_pegase,oracle_ac_primal_dual_all_bounds__Pg_Qg_Va,oracle_ac_primal_dual_all_bounds,full_all_bounds,ac_true,1,0,Pg+Qg+Va,3,,,optimal,ok,1,10036.029814714731,1248807.9587664946,124.43246799946716,0,0.007953882217407227,0.4017910957336426,1.6248970031738281,2.0266880989074707,2.0266880989074707,2.034641981124878,acopf_acdc_paper_study/cases/pglib_opf_case1354_pegase/logs/oracle_ac_primal_dual_all_bounds__Pg_Qg_Va.log,0,11,1.4820206055516273e-07,6.752996826444799e-09,4.1439383124952656e-07,1.1999718995622297e-07,1.4820206055516273e-07,0.54,,,0.54,False,100.0,1354,1991,260,260,673,1,259,1094,73059.67,13401.44,128738.6,23037.69,256915.08000000002,-220875.43999999997,1991,0,0,2,1,1258843.988581252,74562.51831646633,16060.194240600955,0.9905275995387797,1.1034795776007742,1.0713156298329167,0.02273566647508317,-0.7323826186002984,0.10061888959807848,-0.25349034250748775,0.14143818723502266,2063.994182725495,2022.032008736079,190.53742655063803,190.2880464491023,1.0000000048580502,1.0000000046562885,0.25730544043618325,0.2568490359248074,1.9070168377766095e-06,2.619002998471842e-06,143,102,29,55,0,36,1,0.0,0.0,0.0,0.0,0.0,1,0.0,0.0,0.0,0.0,0.0,0,,,,,,1,0.0,0.0,0.0,0.0,0.0,1,1,1,3.055146806388231e-07,2.6366476268968597e-07,2.0687059950687917e-09,7.619665083078792e-15,2.6366476268968597e-07,0.0003042450097174293,0.00016823586704104387,2.926312220844205e-06,3.302700522789248e-09,0.00016823586704104387,2.5102198074865727e-06,1.957833771104589e-06,4.431723997953052e-09,2.354516581704047e-10,1.957833771104589e-06,4.7021520706204354e-07,3.5346264290470053e-07,1.952822468360683e-09,1.486547232532054e-09,3.5346264290470053e-07,,,,,,,,,
2026-03-22T06:25:37Z,test_cases/pglib_opf_case1354_pegase.mat,pglib_opf_case1354_pegase,oracle_ac_primal_dual_all_bounds__Pg_Vm_Va,oracle_ac_primal_dual_all_bounds,full_all_bounds,ac_true,1,0,Pg+Vm+Va,3,,,optimal,ok,1,10036.029814658317,1248807.9587594187,124.4324679987621,0,0.007953882217407227,0.4254472255706787,1.3446781635284424,1.770125389099121,1.770125389099121,1.7780792713165283,acopf_acdc_paper_study/cases/pglib_opf_case1354_pegase/logs/oracle_ac_primal_dual_all_bounds__Pg_Vm_Va.log,0,5,1.520678245262054e-07,6.833603288488102e-09,4.1439383124952656e-07,1.807434258883537e-07,1.807434258883537e-07,0.281,,,0.281,False,100.0,1354,1991,260,260,673,1,259,1094,73059.67,13401.44,128738.6,23037.69,256915.08000000002,-220875.43999999997,1991,0,0,2,1,1258843.988574176,74562.51831641053,16060.194958298549,0.9905275995686107,1.1034795743819672,1.071315605161546,0.022735643149478138,-0.7323826059982897,0.10061889122665191,-0.2534903319462183,0.14143818544543438,2063.994182877716,2022.0320087361013,190.53742781453096,190.2880475710068,1.0000000048580495,1.000000004656669,0.25730543964347025,0.2568490347344166,1.9071735550824087e-06,2.619217127630691e-06,143,102,29,55,0,36,1,0.0,0.0,0.0,0.0,0.0,0,,,,,,1,0.0,0.0,0.0,0.0,0.0,1,0.0,0.0,0.0,0.0,0.0,1,1,1,5.34783681005433e-07,4.292109546666367e-07,3.457880608444059e-09,7.299716386910404e-15,4.292109546666367e-07,0.0004209707309951777,0.0001840534725970639,5.439526984290562e-06,7.436664825610784e-09,0.0001840534725970639,8.146081607701607e-06,2.8421170454873135e-06,3.8842277461634204e-08,1.160725904281179e-09,2.8421170454873135e-06,1.1236861850723227e-06,4.178311531766177e-07,1.4681519463034087e-08,1.4667706133009162e-08,4.178311531766177e-07,,,,,,,,,
2026-03-22T06:25:38Z,test_cases/pglib_opf_case1354_pegase.mat,pglib_opf_case1354_pegase,oracle_ac_primal_dual_all_bounds__Qg_Vm_Va,oracle_ac_primal_dual_all_bounds,full_all_bounds,ac_true,1,0,Qg+Vm+Va,3,,,optimal,ok,1,10036.02981470248,1248807.9587649575,124.432467999314,0,0.007953882217407227,0.41783809661865234,1.3021221160888672,1.7199602127075195,1.7199602127075195,1.7279140949249268,acopf_acdc_paper_study/cases/pglib_opf_case1354_pegase/logs/oracle_ac_primal_dual_all_bounds__Qg_Vm_Va.log,0,4,1.5848514525624637e-07,7.58743349659613e-09,4.1439383124952656e-07,1.2661414739328378e-07,1.5848514525624637e-07,0.244,,,0.244,False,100.0,1354,1991,260,260,673,1,259,1094,73059.67,13401.44,128738.6,23037.69,256915.08000000002,-220875.43999999997,1991,0,0,2,1,1258843.988579715,74562.51831640536,16060.194291770425,0.9905275995504625,1.1034795773700419,1.0713156274966733,0.02273566409519047,-0.7323826176223429,0.1006188897440244,-0.2534903415831027,0.14143818723528198,2063.994182735792,2022.032008736058,190.53743003528655,190.2880499225727,1.0000000048580535,1.000000004656042,0.25730544813496836,0.2568490435930849,1.9069661902904045e-06,2.6188644710600784e-06,143,102,29,55,0,36,0,,,,,,1,0.0,0.0,0.0,0.0,0.0,1,0.0,0.0,0.0,0.0,0.0,1,0.0,0.0,0.0,0.0,0.0,1,1,1,3.2400982890519607e-07,2.7956693182673575e-07,2.1935290693842986e-09,8.076872504148014e-15,2.7956693182673575e-07,0.00037134785451976713,0.00021496685431996094,3.4926708376973936e-06,3.0036910181330256e-09,0.00021496685431996094,3.0726147653095902e-06,2.256697173130817e-06,7.334019179996327e-09,1.8068169183038663e-10,2.256697173130817e-06,5.72485767150347e-07,4.0778205168123804e-07,2.8460964921067043e-09,2.225725714843918e-09,4.0778205168123804e-07,,,,,,,,,
2026-03-22T06:25:40Z,test_cases/pglib_opf_case1354_pegase.mat,pglib_opf_case1354_pegase,oracle_ac_primal_dual_all_bounds__Pg_Qg_Vm_Va,oracle_ac_primal_dual_all_bounds,full_all_bounds,ac_true,1,0,Pg+Qg+Vm+Va,4,,,optimal,ok,1,10036.029814692603,1248807.958763719,124.4324679991906,0,0.007953882217407227,0.4169197082519531,1.30696702003479,1.7238867282867432,1.7238867282867432,1.7318406105041504,acopf_acdc_paper_study/cases/pglib_opf_case1354_pegase/logs/oracle_ac_primal_dual_all_bounds__Pg_Qg_Vm_Va.log,0,4,1.9484417910880803e-07,1.1187152571499881e-08,4.1439383124952656e-07,1.4813987921558578e-07,1.9484417910880803e-07,0.239,,,0.239,False,100.0,1354,1991,260,260,673,1,259,1094,73059.67,13401.44,128738.6,23037.69,256915.08000000002,-220875.43999999997,1991,0,0,2,1,1258843.9885784765,74562.51831629223,16060.194233282518,0.990527599553623,1.1034795778286606,1.0713156277339944,0.022735663795565145,-0.7323826186001262,0.10061888961217544,-0.2534903420062781,0.14143818765626814,2063.994182722491,2022.0320087360317,190.53743896335638,190.28805885965326,1.0000000048580546,1.0000000046555635,0.2573054647454981,0.25684906023160653,1.906953087882357e-06,2.6185952606283536e-06,143,102,29,55,0,36,1,0.0,0.0,0.0,0.0,0.0,1,0.0,0.0,0.0,0.0,0.0,1,0.0,0.0,0.0,0.0,0.0,1,0.0,0.0,0.0,0.0,0.0,1,1,1,3.5446701843406416e-07,3.061299768125636e-07,2.399666432789347e-09,9.603429163007604e-15,3.061299768125636e-07,0.0005483412943420037,0.00030524840302512753,4.7900987601960126e-06,3.881645962988678e-09,0.00030524840302512753,4.575808247011667e-06,3.6449968388030385e-06,6.682567427286613e-09,2.625195616445808e-10,3.6449968388030385e-06,8.571866368101696e-07,6.57348072113928e-07,2.5536405343517277e-09,1.6876204600446698e-09,6.57348072113928e-07,,,,,,,,,
2026-03-22T06:25:49Z,test_cases/pglib_opf_case1354_pegase.mat,pglib_opf_case1354_pegase,oracle_ac_dual_only_constraint__none,oracle_ac_dual_only_constraint,constraint_only,ac_true,1,0,,0,,,optimal,ok,1,10036.029814714195,1248807.9587664274,124.43246799946046,0,0.007953882217407227,0.3953828811645508,8.83771800994873,9.233100891113281,9.233100891113281,9.241054773330688,acopf_acdc_paper_study/cases/pglib_opf_case1354_pegase/logs/oracle_ac_dual_only_constraint__none.log,0,171,1.488126867196047e-07,6.714103949895245e-09,4.1439383124952656e-07,1.196608748330748e-07,1.488126867196047e-07,7.743,,,7.743,True,100.0,1354,1991,260,260,673,1,259,1094,73059.67,13401.44,128738.6,23037.69,256915.08000000002,-220875.43999999997,1991,0,0,2,1,1258843.9885811848,74562.51831646095,16060.194238302434,0.9905275995392284,1.1034795776173991,1.0713156299159075,0.022735666554098345,-0.7323826186375252,0.10061888959624435,-0.2534903425357993,0.14143818724295673,2063.9941827249254,2022.0320087360765,190.53742656069423,190.28804645967506,1.0000000048580497,1.0000000046562634,0.25730544066444144,0.256849036154398,1.907008680746003e-06,2.6189889581473835e-06,143,102,29,55,0,36,0,,,,,,0,,,,,,0,,,,,,0,,,,,,1,1,0,3.064313852536904e-07,2.6446771395072233e-07,2.074935086234507e-09,7.66053886991358e-15,2.6446771395072233e-07,0.0003050130850192754,0.00016993891241413807,2.928877694382175e-06,3.2996592264078473e-09,0.00016993891241413807,2.501897066579734e-06,1.936423386972308e-06,4.339840622270721e-09,2.2800672461187332e-10,1.936423386972308e-06,4.6925568144827584e-07,3.496207583164601e-07,1.9352455831138818e-09,1.4590617047893772e-09,3.496207583164601e-07,,,,,,,,,
2026-03-22T06:26:00Z,test_cases/pglib_opf_case1354_pegase.mat,pglib_opf_case1354_pegase,oracle_ac_dual_only_bounds__none,oracle_ac_dual_only_bounds,all_bounds_only,ac_true,1,0,,0,,,optimal,ok,1,10036.029814714193,1248807.9587664271,124.43246799946044,0,0.007953882217407227,0.20754599571228027,9.918048858642578,10.125594854354858,10.125594854354858,10.133548736572266,acopf_acdc_paper_study/cases/pglib_opf_case1354_pegase/logs/oracle_ac_dual_only_bounds__none.log,0,209,1.491607672263673e-07,6.714048356019388e-09,4.1439383124952656e-07,1.1966130932344875e-07,1.491607672263673e-07,8.855,,,8.855,True,100.0,1354,1991,260,260,673,1,259,1094,73059.67,13401.44,128738.6,23037.69,256915.08000000002,-220875.43999999997,1991,0,0,2,1,1258843.9885811845,74562.51831646095,16060.19423847608,0.9905275995393656,1.1034795776139683,1.071315629907896,0.022735666545921063,-0.7323826186312398,0.10061888959560565,-0.2534903425316996,0.14143818724266013,2063.9941827249863,2022.032008736077,190.53742656212583,190.28804646095963,1.0000000048580513,1.0000000046562814,0.25730544066457894,0.25684903615429083,1.9070143935095984e-06,2.6189990762759408e-06,143,102,29,55,0,36,0,,,,,,0,,,,,,0,,,,,,0,,,,,,0,0,1,3.058733620512939e-07,2.639817467953165e-07,2.0711097543218506e-09,7.66053886991358e-15,2.639817467953165e-07,0.00030500514778654305,0.0001699388381921341,2.928621976273898e-06,3.3002596211417767e-09,0.0001699388381921341,2.502000180358008e-06,1.9364472352290107e-06,4.348069028082353e-09,2.2713964042964108e-10,1.9364472352290107e-06,4.692516275583499e-07,3.496264694979878e-07,1.935541876747746e-09,1.4619770116741648e-09,3.496264694979878e-07,,,,,,,,,
2026-03-22T06:26:09Z,test_cases/pglib_opf_case1354_pegase.mat,pglib_opf_case1354_pegase,oracle_ac_dual_only_full__none,oracle_ac_dual_only_full,full_all_bounds,ac_true,1,0,,0,,,optimal,ok,1,10036.029814714075,1248807.9587664122,124.43246799945895,0,0.007953882217407227,0.3962240219116211,8.907124996185303,9.303349018096924,9.303349018096924,9.311302900314331,acopf_acdc_paper_study/cases/pglib_opf_case1354_pegase/logs/oracle_ac_dual_only_full__none.log,0,180,1.492466860438449e-07,6.71410294440615e-09,4.1439383124952656e-07,1.1966084686855206e-07,1.492466860438449e-07,7.807,,,7.807,False,100.0,1354,1991,260,260,673,1,259,1094,73059.67,13401.44,128738.6,23037.69,256915.08000000002,-220875.43999999997,1991,0,0,2,1,1258843.9885811696,74562.51831646755,16060.194238472724,0.9905275995540996,1.103479577600676,1.0713156299086148,0.02273566653718019,-0.7323826186320255,0.1006188895946993,-0.25349034253403874,0.14143818724349572,2063.9941827219045,2022.0320087360706,190.5374265625523,190.28804646141302,1.000000004858052,1.0000000046562785,0.25730544066506256,0.25684903615456267,1.9070140808707947e-06,2.6189974278167938e-06,143,102,29,55,0,36,0,,,,,,0,,,,,,0,,,,,,0,,,,,,1,1,1,3.0611121208689895e-07,2.6416438736465153e-07,2.0706084256294047e-09,7.66053886991358e-15,2.6416438736465153e-07,0.00030501278651246617,0.00016993890164456404,2.929160118723211e-06,3.4484864963602035e-09,0.00016993890164456404,2.5019391141139835e-06,1.9364208585503917e-06,4.369901690955085e-09,2.3236890189792803e-10,1.9364208585503917e-06,4.6925157092186643e-07,3.496226567145655e-07,1.934045446617831e-09,1.4621466945183292e-09,3.496226567145655e-07,,,,,,,,,
2026-03-22T06:26:12Z,test_cases/pglib_opf_case1354_pegase.mat,pglib_opf_case1354_pegase,dc_seed__Pg,dc_seed,none,dcopf,0,1,Pg,1,,,optimal,ok,1,10036.029814757432,1248807.95877185,124.43246800000078,0,0.007953882217407227,0.38941192626953125,2.8555450439453125,3.2449569702148438,3.4338090419769287,3.441762924194336,acopf_acdc_paper_study/cases/pglib_opf_case1354_pegase/logs/dc_seed__Pg.log,0,42,4.3558158503709254e-09,2.1527840374062357e-09,4.1439383124952656e-07,9.099708915109406e-08,9.099708915109406e-08,1.808,,,1.808,False,100.0,1354,1991,260,260,673,1,259,1094,73059.67,13401.44,128738.6,23037.69,256915.08000000002,-220875.43999999997,1991,0,0,2,1,1258843.9885866074,74562.51831693503,16060.194225766727,0.9905275994739658,1.1034795763622876,1.0713156335256673,0.022735670859760203,-0.7323826188936057,0.10061888943212487,-0.2534903438350009,0.14143818695592636,2063.994182737069,2022.0320087361783,190.53741278128408,190.28803269255718,1.000000004858041,1.0000000046584887,0.25730541275119434,0.2568490082658649,1.9071143526616652e-06,2.6202405933872797e-06,143,102,29,55,0,37,1,6.887649829931884,4.4546998267379525,0.07779387119001109,1.2035626273387834e-08,4.4546998267379525,0,,,,,,0,,,,,,0,,,,,,0,0,0,3.2647743712908035e-11,2.2316593017990272e-11,2.565571376097696e-13,0.0,2.2316593017990272e-11,7.624084658079557e-07,5.092210402235509e-07,5.671560691971852e-09,8.735234757750732e-13,5.092210402235509e-07,5.150054112339333e-09,4.2953733903061675e-09,9.431209547121166e-12,1.6719958750854857e-13,4.2953733903061675e-09,1.0200878655141718e-09,8.89564005790433e-10,2.5774157569754595e-12,1.542960204048427e-12,8.89564005790433e-10,native_only,ipopt,nlp,optimal,ok,0.01570606231689453,0.17314600944519043,0.18885207176208496,1218096.8438010202
2026-03-22T06:26:15Z,test_cases/pglib_opf_case1354_pegase.mat,pglib_opf_case1354_pegase,dc_seed__Va,dc_seed,none,dcopf,0,1,Va,1,,,optimal,ok,1,10036.029814757352,1248807.95877184,124.43246799999977,0,0.007953882217407227,0.4203360080718994,2.629779815673828,3.0501158237457275,3.2389678955078125,3.2469217777252197,acopf_acdc_paper_study/cases/pglib_opf_case1354_pegase/logs/dc_seed__Va.log,0,37,4.330883719358414e-09,2.1571004504101696e-09,4.1439383124952656e-07,9.103409664397726e-08,9.103409664397726e-08,1.581,,,1.581,False,100.0,1354,1991,260,260,673,1,259,1094,73059.67,13401.44,128738.6,23037.69,256915.08000000002,-220875.43999999997,1991,0,0,2,1,1258843.9885865974,74562.51831693467,16060.194225850842,0.990527599473807,1.1034795763610703,1.0713156335239014,0.02273567085853608,-0.7323826188921603,0.10061888943225944,-0.2534903438341395,0.1414381869544789,2063.9941827371395,2022.0320087361793,190.53741276445723,190.28803267571334,1.0000000048580406,1.0000000046584845,0.2573054126758349,0.256849008190455,1.9071142958182463e-06,2.6202382059636875e-06,143,102,29,55,0,37,0,,,,,,0,,,,,,0,,,,,,1,2.0620545886348096,0.17090785128783587,0.0482990592589161,0.051822163467004655,0.17090785128783587,0,0,0,1.4907548095119153e-11,1.2032264073980059e-11,1.1063006844170501e-13,0.0,1.2032264073980059e-11,3.3113681971551742e-09,1.6064105601287793e-09,5.219519620293764e-11,1.3905400268743318e-12,1.6064105601287793e-09,1.7754756306501636e-11,5.377254197469483e-12,2.5079733136802114e-13,1.305622276959184e-13,5.377254197469483e-12,4.402372919295141e-12,8.434503095955392e-13,9.940413523457506e-14,8.366918269331336e-14,8.434503095955392e-13,native_only,ipopt,nlp,optimal,ok,0.01570606231689453,0.17314600944519043,0.18885207176208496,1218096.8438010202
2026-03-22T06:26:18Z,test_cases/pglib_opf_case1354_pegase.mat,pglib_opf_case1354_pegase,dc_seed__Pg_Va,dc_seed,none,dcopf,0,1,Pg+Va,2,,,optimal,ok,1,10036.029814757407,1248807.9587718472,124.4324680000005,0,0.007953882217407227,0.38318705558776855,2.4680891036987305,2.851276159286499,3.040128231048584,3.048082113265991,acopf_acdc_paper_study/cases/pglib_opf_case1354_pegase/logs/dc_seed__Pg_Va.log,0,33,4.3561606179881585e-09,2.152766511061277e-09,4.1439383124952656e-07,9.099689117986406e-08,9.099689117986406e-08,1.417,,,1.417,False,100.0,1354,1991,260,260,673,1,259,1094,73059.67,13401.44,128738.6,23037.69,256915.08000000002,-220875.43999999997,1991,0,0,2,1,1258843.9885866046,74562.51831693486,16060.194225765426,0.9905275994738227,1.103479576361454,1.0713156335256842,0.02273567085981648,-0.7323826188936601,0.10061888943209173,-0.25349034383507746,0.1414381869559523,2063.9941827371117,2022.0320087361774,190.53741278127313,190.2880326925471,1.0000000048580406,1.0000000046584805,0.25730541275151836,0.256849008266188,1.9071141537096992e-06,2.620235932226933e-06,143,102,29,55,0,37,1,6.887649829931884,4.4546998267379525,0.07779387119001109,1.2035626273387834e-08,4.4546998267379525,0,,,,,,0,,,,,,1,2.0620545886348096,0.17090785128783587,0.0482990592589161,0.051822163467004655,0.17090785128783587,0,0,0,4.048449169692802e-11,2.857181158333333e-11,3.0533902256246886e-13,0.0,2.857181158333333e-11,7.654401338209834e-07,5.111555794190537e-07,5.740935428367899e-09,4.077259363466368e-12,5.111555794190537e-07,5.171936807941856e-09,4.311689671965269e-09,9.608725763192145e-12,3.4861002973229915e-13,4.311689671965269e-09,1.0244230151484727e-09,8.928529443563704e-10,2.649619836083828e-12,1.6317919238062473e-12,8.928529443563704e-10,native_only,ipopt,nlp,optimal,ok,0.01570606231689453,0.17314600944519043,0.18885207176208496,1218096.8438010202
